sample_size,replicate_id,sample_mean_weekly_units,population_mean_weekly_units,population_sd_weekly_units,theoretical_se_units,sampling_method
1,1,425.6,1041.901,612.589,612.589,Independent sampling with replacement
1,2,431.2,1041.901,612.589,612.589,Independent sampling with replacement
1,3,860.8,1041.901,612.589,612.589,Independent sampling with replacement
1,4,816.0,1041.901,612.589,612.589,Independent sampling with replacement
1,5,900.8,1041.901,612.589,612.589,Independent sampling with replacement
1,6,1247.9,1041.901,612.589,612.589,Independent sampling with replacement
1,7,904.6,1041.901,612.589,612.589,Independent sampling with replacement
1,8,853.2,1041.901,612.589,612.589,Independent sampling with replacement
1,9,1711.4,1041.901,612.589,612.589,Independent sampling with replacement
1,10,834.2,1041.901,612.589,612.589,Independent sampling with replacement
1,11,574.0,1041.901,612.589,612.589,Independent sampling with replacement
1,12,269.5,1041.901,612.589,612.589,Independent sampling with replacement
1,13,536.3,1041.901,612.589,612.589,Independent sampling with replacement
1,14,2039.7,1041.901,612.589,612.589,Independent sampling with replacement
1,15,1042.5,1041.901,612.589,612.589,Independent sampling with replacement
1,16,1111.4,1041.901,612.589,612.589,Independent sampling with replacement
1,17,1227.6,1041.901,612.589,612.589,Independent sampling with replacement
1,18,1269.1,1041.901,612.589,612.589,Independent sampling with replacement
1,19,784.3,1041.901,612.589,612.589,Independent sampling with replacement
1,20,1002.5,1041.901,612.589,612.589,Independent sampling with replacement
1,21,1072.8,1041.901,612.589,612.589,Independent sampling with replacement
1,22,1063.4,1041.901,612.589,612.589,Independent sampling with replacement
1,23,723.5,1041.901,612.589,612.589,Independent sampling with replacement
1,24,2265.2,1041.901,612.589,612.589,Independent sampling with replacement
1,25,829.4,1041.901,612.589,612.589,Independent sampling with replacement
1,26,1517.9,1041.901,612.589,612.589,Independent sampling with replacement
1,27,600.6,1041.901,612.589,612.589,Independent sampling with replacement
1,28,1068.1,1041.901,612.589,612.589,Independent sampling with replacement
1,29,1380.2,1041.901,612.589,612.589,Independent sampling with replacement
1,30,1118.7,1041.901,612.589,612.589,Independent sampling with replacement
1,31,1240.4,1041.901,612.589,612.589,Independent sampling with replacement
1,32,900.2,1041.901,612.589,612.589,Independent sampling with replacement
1,33,1439.9,1041.901,612.589,612.589,Independent sampling with replacement
1,34,441.9,1041.901,612.589,612.589,Independent sampling with replacement
1,35,666.6,1041.901,612.589,612.589,Independent sampling with replacement
1,36,655.6,1041.901,612.589,612.589,Independent sampling with replacement
1,37,1479.2,1041.901,612.589,612.589,Independent sampling with replacement
1,38,1089.7,1041.901,612.589,612.589,Independent sampling with replacement
1,39,2039.6,1041.901,612.589,612.589,Independent sampling with replacement
1,40,1151.6,1041.901,612.589,612.589,Independent sampling with replacement
1,41,489.7,1041.901,612.589,612.589,Independent sampling with replacement
1,42,680.4,1041.901,612.589,612.589,Independent sampling with replacement
1,43,827.6,1041.901,612.589,612.589,Independent sampling with replacement
1,44,1243.8,1041.901,612.589,612.589,Independent sampling with replacement
1,45,860.6,1041.901,612.589,612.589,Independent sampling with replacement
1,46,917.8,1041.901,612.589,612.589,Independent sampling with replacement
1,47,718.3,1041.901,612.589,612.589,Independent sampling with replacement
1,48,613.3,1041.901,612.589,612.589,Independent sampling with replacement
1,49,2534.3,1041.901,612.589,612.589,Independent sampling with replacement
1,50,1892.2,1041.901,612.589,612.589,Independent sampling with replacement
1,51,2858.5,1041.901,612.589,612.589,Independent sampling with replacement
1,52,480.0,1041.901,612.589,612.589,Independent sampling with replacement
1,53,616.4,1041.901,612.589,612.589,Independent sampling with replacement
1,54,1871.7,1041.901,612.589,612.589,Independent sampling with replacement
1,55,973.6,1041.901,612.589,612.589,Independent sampling with replacement
1,56,1065.5,1041.901,612.589,612.589,Independent sampling with replacement
1,57,749.6,1041.901,612.589,612.589,Independent sampling with replacement
1,58,2079.7,1041.901,612.589,612.589,Independent sampling with replacement
1,59,917.9,1041.901,612.589,612.589,Independent sampling with replacement
1,60,692.1,1041.901,612.589,612.589,Independent sampling with replacement
1,61,871.6,1041.901,612.589,612.589,Independent sampling with replacement
1,62,981.3,1041.901,612.589,612.589,Independent sampling with replacement
1,63,3596.9,1041.901,612.589,612.589,Independent sampling with replacement
1,64,535.7,1041.901,612.589,612.589,Independent sampling with replacement
1,65,921.8,1041.901,612.589,612.589,Independent sampling with replacement
1,66,2421.2,1041.901,612.589,612.589,Independent sampling with replacement
1,67,1060.7,1041.901,612.589,612.589,Independent sampling with replacement
1,68,491.4,1041.901,612.589,612.589,Independent sampling with replacement
1,69,853.3,1041.901,612.589,612.589,Independent sampling with replacement
1,70,2289.0,1041.901,612.589,612.589,Independent sampling with replacement
1,71,1107.7,1041.901,612.589,612.589,Independent sampling with replacement
1,72,3387.3,1041.901,612.589,612.589,Independent sampling with replacement
1,73,1257.1,1041.901,612.589,612.589,Independent sampling with replacement
1,74,1136.2,1041.901,612.589,612.589,Independent sampling with replacement
1,75,954.5,1041.901,612.589,612.589,Independent sampling with replacement
1,76,1176.5,1041.901,612.589,612.589,Independent sampling with replacement
1,77,1104.9,1041.901,612.589,612.589,Independent sampling with replacement
1,78,888.7,1041.901,612.589,612.589,Independent sampling with replacement
1,79,337.3,1041.901,612.589,612.589,Independent sampling with replacement
1,80,2246.3,1041.901,612.589,612.589,Independent sampling with replacement
1,81,528.6,1041.901,612.589,612.589,Independent sampling with replacement
1,82,426.8,1041.901,612.589,612.589,Independent sampling with replacement
1,83,680.4,1041.901,612.589,612.589,Independent sampling with replacement
1,84,787.7,1041.901,612.589,612.589,Independent sampling with replacement
1,85,2166.6,1041.901,612.589,612.589,Independent sampling with replacement
1,86,967.0,1041.901,612.589,612.589,Independent sampling with replacement
1,87,1992.5,1041.901,612.589,612.589,Independent sampling with replacement
1,88,748.6,1041.901,612.589,612.589,Independent sampling with replacement
1,89,1003.4,1041.901,612.589,612.589,Independent sampling with replacement
1,90,1360.9,1041.901,612.589,612.589,Independent sampling with replacement
1,91,1344.7,1041.901,612.589,612.589,Independent sampling with replacement
1,92,602.2,1041.901,612.589,612.589,Independent sampling with replacement
1,93,1943.9,1041.901,612.589,612.589,Independent sampling with replacement
1,94,587.3,1041.901,612.589,612.589,Independent sampling with replacement
1,95,657.5,1041.901,612.589,612.589,Independent sampling with replacement
1,96,1628.3,1041.901,612.589,612.589,Independent sampling with replacement
1,97,1217.1,1041.901,612.589,612.589,Independent sampling with replacement
1,98,783.1,1041.901,612.589,612.589,Independent sampling with replacement
1,99,1286.3,1041.901,612.589,612.589,Independent sampling with replacement
1,100,595.6,1041.901,612.589,612.589,Independent sampling with replacement
1,101,718.7,1041.901,612.589,612.589,Independent sampling with replacement
1,102,832.3,1041.901,612.589,612.589,Independent sampling with replacement
1,103,947.9,1041.901,612.589,612.589,Independent sampling with replacement
1,104,814.8,1041.901,612.589,612.589,Independent sampling with replacement
1,105,744.3,1041.901,612.589,612.589,Independent sampling with replacement
1,106,1221.4,1041.901,612.589,612.589,Independent sampling with replacement
1,107,1400.2,1041.901,612.589,612.589,Independent sampling with replacement
1,108,822.1,1041.901,612.589,612.589,Independent sampling with replacement
1,109,1353.0,1041.901,612.589,612.589,Independent sampling with replacement
1,110,1000.4,1041.901,612.589,612.589,Independent sampling with replacement
1,111,1062.7,1041.901,612.589,612.589,Independent sampling with replacement
1,112,1013.3,1041.901,612.589,612.589,Independent sampling with replacement
1,113,743.4,1041.901,612.589,612.589,Independent sampling with replacement
1,114,368.6,1041.901,612.589,612.589,Independent sampling with replacement
1,115,595.7,1041.901,612.589,612.589,Independent sampling with replacement
1,116,1377.4,1041.901,612.589,612.589,Independent sampling with replacement
1,117,533.4,1041.901,612.589,612.589,Independent sampling with replacement
1,118,2445.8,1041.901,612.589,612.589,Independent sampling with replacement
1,119,1179.2,1041.901,612.589,612.589,Independent sampling with replacement
1,120,1344.3,1041.901,612.589,612.589,Independent sampling with replacement
1,121,596.8,1041.901,612.589,612.589,Independent sampling with replacement
1,122,675.9,1041.901,612.589,612.589,Independent sampling with replacement
1,123,1715.9,1041.901,612.589,612.589,Independent sampling with replacement
1,124,746.7,1041.901,612.589,612.589,Independent sampling with replacement
1,125,371.4,1041.901,612.589,612.589,Independent sampling with replacement
1,126,411.3,1041.901,612.589,612.589,Independent sampling with replacement
1,127,598.5,1041.901,612.589,612.589,Independent sampling with replacement
1,128,386.5,1041.901,612.589,612.589,Independent sampling with replacement
1,129,1171.3,1041.901,612.589,612.589,Independent sampling with replacement
1,130,314.4,1041.901,612.589,612.589,Independent sampling with replacement
1,131,1015.1,1041.901,612.589,612.589,Independent sampling with replacement
1,132,2062.8,1041.901,612.589,612.589,Independent sampling with replacement
1,133,1588.1,1041.901,612.589,612.589,Independent sampling with replacement
1,134,1910.4,1041.901,612.589,612.589,Independent sampling with replacement
1,135,518.0,1041.901,612.589,612.589,Independent sampling with replacement
1,136,1181.6,1041.901,612.589,612.589,Independent sampling with replacement
1,137,1724.9,1041.901,612.589,612.589,Independent sampling with replacement
1,138,1564.8,1041.901,612.589,612.589,Independent sampling with replacement
1,139,562.4,1041.901,612.589,612.589,Independent sampling with replacement
1,140,845.0,1041.901,612.589,612.589,Independent sampling with replacement
1,141,513.4,1041.901,612.589,612.589,Independent sampling with replacement
1,142,861.4,1041.901,612.589,612.589,Independent sampling with replacement
1,143,1892.4,1041.901,612.589,612.589,Independent sampling with replacement
1,144,1016.3,1041.901,612.589,612.589,Independent sampling with replacement
1,145,1406.2,1041.901,612.589,612.589,Independent sampling with replacement
1,146,301.1,1041.901,612.589,612.589,Independent sampling with replacement
1,147,585.8,1041.901,612.589,612.589,Independent sampling with replacement
1,148,1978.2,1041.901,612.589,612.589,Independent sampling with replacement
1,149,1159.2,1041.901,612.589,612.589,Independent sampling with replacement
1,150,500.7,1041.901,612.589,612.589,Independent sampling with replacement
1,151,571.3,1041.901,612.589,612.589,Independent sampling with replacement
1,152,1373.3,1041.901,612.589,612.589,Independent sampling with replacement
1,153,599.9,1041.901,612.589,612.589,Independent sampling with replacement
1,154,925.2,1041.901,612.589,612.589,Independent sampling with replacement
1,155,1073.5,1041.901,612.589,612.589,Independent sampling with replacement
1,156,1333.0,1041.901,612.589,612.589,Independent sampling with replacement
1,157,804.1,1041.901,612.589,612.589,Independent sampling with replacement
1,158,547.0,1041.901,612.589,612.589,Independent sampling with replacement
1,159,902.6,1041.901,612.589,612.589,Independent sampling with replacement
1,160,1816.5,1041.901,612.589,612.589,Independent sampling with replacement
1,161,3839.2,1041.901,612.589,612.589,Independent sampling with replacement
1,162,708.3,1041.901,612.589,612.589,Independent sampling with replacement
1,163,1689.6,1041.901,612.589,612.589,Independent sampling with replacement
1,164,1611.5,1041.901,612.589,612.589,Independent sampling with replacement
1,165,602.9,1041.901,612.589,612.589,Independent sampling with replacement
1,166,1863.1,1041.901,612.589,612.589,Independent sampling with replacement
1,167,1019.2,1041.901,612.589,612.589,Independent sampling with replacement
1,168,824.6,1041.901,612.589,612.589,Independent sampling with replacement
1,169,776.3,1041.901,612.589,612.589,Independent sampling with replacement
1,170,1947.4,1041.901,612.589,612.589,Independent sampling with replacement
1,171,1144.8,1041.901,612.589,612.589,Independent sampling with replacement
1,172,2256.0,1041.901,612.589,612.589,Independent sampling with replacement
1,173,801.3,1041.901,612.589,612.589,Independent sampling with replacement
1,174,870.3,1041.901,612.589,612.589,Independent sampling with replacement
1,175,1739.2,1041.901,612.589,612.589,Independent sampling with replacement
1,176,508.0,1041.901,612.589,612.589,Independent sampling with replacement
1,177,814.9,1041.901,612.589,612.589,Independent sampling with replacement
1,178,451.9,1041.901,612.589,612.589,Independent sampling with replacement
1,179,497.3,1041.901,612.589,612.589,Independent sampling with replacement
1,180,754.3,1041.901,612.589,612.589,Independent sampling with replacement
1,181,2041.4,1041.901,612.589,612.589,Independent sampling with replacement
1,182,667.3,1041.901,612.589,612.589,Independent sampling with replacement
1,183,496.4,1041.901,612.589,612.589,Independent sampling with replacement
1,184,1246.6,1041.901,612.589,612.589,Independent sampling with replacement
1,185,954.5,1041.901,612.589,612.589,Independent sampling with replacement
1,186,1037.4,1041.901,612.589,612.589,Independent sampling with replacement
1,187,752.1,1041.901,612.589,612.589,Independent sampling with replacement
1,188,985.2,1041.901,612.589,612.589,Independent sampling with replacement
1,189,2674.9,1041.901,612.589,612.589,Independent sampling with replacement
1,190,1053.8,1041.901,612.589,612.589,Independent sampling with replacement
1,191,1910.3,1041.901,612.589,612.589,Independent sampling with replacement
1,192,1911.0,1041.901,612.589,612.589,Independent sampling with replacement
1,193,820.5,1041.901,612.589,612.589,Independent sampling with replacement
1,194,650.2,1041.901,612.589,612.589,Independent sampling with replacement
1,195,1604.0,1041.901,612.589,612.589,Independent sampling with replacement
1,196,1770.3,1041.901,612.589,612.589,Independent sampling with replacement
1,197,612.3,1041.901,612.589,612.589,Independent sampling with replacement
1,198,1281.7,1041.901,612.589,612.589,Independent sampling with replacement
1,199,1498.0,1041.901,612.589,612.589,Independent sampling with replacement
1,200,1146.5,1041.901,612.589,612.589,Independent sampling with replacement
1,201,2356.3,1041.901,612.589,612.589,Independent sampling with replacement
1,202,1274.4,1041.901,612.589,612.589,Independent sampling with replacement
1,203,577.5,1041.901,612.589,612.589,Independent sampling with replacement
1,204,2036.7,1041.901,612.589,612.589,Independent sampling with replacement
1,205,1009.6,1041.901,612.589,612.589,Independent sampling with replacement
1,206,558.9,1041.901,612.589,612.589,Independent sampling with replacement
1,207,1696.2,1041.901,612.589,612.589,Independent sampling with replacement
1,208,1034.3,1041.901,612.589,612.589,Independent sampling with replacement
1,209,1049.3,1041.901,612.589,612.589,Independent sampling with replacement
1,210,1082.3,1041.901,612.589,612.589,Independent sampling with replacement
1,211,1905.8,1041.901,612.589,612.589,Independent sampling with replacement
1,212,874.0,1041.901,612.589,612.589,Independent sampling with replacement
1,213,439.5,1041.901,612.589,612.589,Independent sampling with replacement
1,214,1317.7,1041.901,612.589,612.589,Independent sampling with replacement
1,215,836.8,1041.901,612.589,612.589,Independent sampling with replacement
1,216,728.1,1041.901,612.589,612.589,Independent sampling with replacement
1,217,568.9,1041.901,612.589,612.589,Independent sampling with replacement
1,218,593.6,1041.901,612.589,612.589,Independent sampling with replacement
1,219,809.6,1041.901,612.589,612.589,Independent sampling with replacement
1,220,561.3,1041.901,612.589,612.589,Independent sampling with replacement
1,221,638.8,1041.901,612.589,612.589,Independent sampling with replacement
1,222,1037.4,1041.901,612.589,612.589,Independent sampling with replacement
1,223,638.0,1041.901,612.589,612.589,Independent sampling with replacement
1,224,844.3,1041.901,612.589,612.589,Independent sampling with replacement
1,225,426.2,1041.901,612.589,612.589,Independent sampling with replacement
1,226,870.9,1041.901,612.589,612.589,Independent sampling with replacement
1,227,435.3,1041.901,612.589,612.589,Independent sampling with replacement
1,228,1578.5,1041.901,612.589,612.589,Independent sampling with replacement
1,229,474.7,1041.901,612.589,612.589,Independent sampling with replacement
1,230,1160.7,1041.901,612.589,612.589,Independent sampling with replacement
1,231,1090.2,1041.901,612.589,612.589,Independent sampling with replacement
1,232,319.9,1041.901,612.589,612.589,Independent sampling with replacement
1,233,792.2,1041.901,612.589,612.589,Independent sampling with replacement
1,234,1513.8,1041.901,612.589,612.589,Independent sampling with replacement
1,235,998.9,1041.901,612.589,612.589,Independent sampling with replacement
1,236,783.1,1041.901,612.589,612.589,Independent sampling with replacement
1,237,1759.3,1041.901,612.589,612.589,Independent sampling with replacement
1,238,1796.0,1041.901,612.589,612.589,Independent sampling with replacement
1,239,915.6,1041.901,612.589,612.589,Independent sampling with replacement
1,240,1090.1,1041.901,612.589,612.589,Independent sampling with replacement
1,241,1284.0,1041.901,612.589,612.589,Independent sampling with replacement
1,242,1271.6,1041.901,612.589,612.589,Independent sampling with replacement
1,243,1493.6,1041.901,612.589,612.589,Independent sampling with replacement
1,244,1211.6,1041.901,612.589,612.589,Independent sampling with replacement
1,245,748.8,1041.901,612.589,612.589,Independent sampling with replacement
1,246,915.6,1041.901,612.589,612.589,Independent sampling with replacement
1,247,1421.9,1041.901,612.589,612.589,Independent sampling with replacement
1,248,1197.4,1041.901,612.589,612.589,Independent sampling with replacement
1,249,677.8,1041.901,612.589,612.589,Independent sampling with replacement
1,250,1197.9,1041.901,612.589,612.589,Independent sampling with replacement
1,251,1078.9,1041.901,612.589,612.589,Independent sampling with replacement
1,252,1019.2,1041.901,612.589,612.589,Independent sampling with replacement
1,253,1453.8,1041.901,612.589,612.589,Independent sampling with replacement
1,254,265.1,1041.901,612.589,612.589,Independent sampling with replacement
1,255,787.1,1041.901,612.589,612.589,Independent sampling with replacement
1,256,259.6,1041.901,612.589,612.589,Independent sampling with replacement
1,257,735.3,1041.901,612.589,612.589,Independent sampling with replacement
1,258,558.3,1041.901,612.589,612.589,Independent sampling with replacement
1,259,1921.7,1041.901,612.589,612.589,Independent sampling with replacement
1,260,1512.1,1041.901,612.589,612.589,Independent sampling with replacement
1,261,500.7,1041.901,612.589,612.589,Independent sampling with replacement
1,262,1306.9,1041.901,612.589,612.589,Independent sampling with replacement
1,263,723.9,1041.901,612.589,612.589,Independent sampling with replacement
1,264,1108.8,1041.901,612.589,612.589,Independent sampling with replacement
1,265,1160.7,1041.901,612.589,612.589,Independent sampling with replacement
1,266,706.5,1041.901,612.589,612.589,Independent sampling with replacement
1,267,602.2,1041.901,612.589,612.589,Independent sampling with replacement
1,268,720.4,1041.901,612.589,612.589,Independent sampling with replacement
1,269,1270.5,1041.901,612.589,612.589,Independent sampling with replacement
1,270,1956.3,1041.901,612.589,612.589,Independent sampling with replacement
1,271,932.4,1041.901,612.589,612.589,Independent sampling with replacement
1,272,622.0,1041.901,612.589,612.589,Independent sampling with replacement
1,273,664.8,1041.901,612.589,612.589,Independent sampling with replacement
1,274,1265.5,1041.901,612.589,612.589,Independent sampling with replacement
1,275,494.7,1041.901,612.589,612.589,Independent sampling with replacement
1,276,1185.2,1041.901,612.589,612.589,Independent sampling with replacement
1,277,880.8,1041.901,612.589,612.589,Independent sampling with replacement
1,278,1269.8,1041.901,612.589,612.589,Independent sampling with replacement
1,279,1731.5,1041.901,612.589,612.589,Independent sampling with replacement
1,280,1147.1,1041.901,612.589,612.589,Independent sampling with replacement
1,281,790.0,1041.901,612.589,612.589,Independent sampling with replacement
1,282,2509.5,1041.901,612.589,612.589,Independent sampling with replacement
1,283,1263.4,1041.901,612.589,612.589,Independent sampling with replacement
1,284,671.6,1041.901,612.589,612.589,Independent sampling with replacement
1,285,509.3,1041.901,612.589,612.589,Independent sampling with replacement
1,286,2039.6,1041.901,612.589,612.589,Independent sampling with replacement
1,287,402.3,1041.901,612.589,612.589,Independent sampling with replacement
1,288,1118.7,1041.901,612.589,612.589,Independent sampling with replacement
1,289,770.6,1041.901,612.589,612.589,Independent sampling with replacement
1,290,1060.2,1041.901,612.589,612.589,Independent sampling with replacement
1,291,1234.7,1041.901,612.589,612.589,Independent sampling with replacement
1,292,860.8,1041.901,612.589,612.589,Independent sampling with replacement
1,293,855.7,1041.901,612.589,612.589,Independent sampling with replacement
1,294,812.1,1041.901,612.589,612.589,Independent sampling with replacement
1,295,2424.7,1041.901,612.589,612.589,Independent sampling with replacement
1,296,1054.8,1041.901,612.589,612.589,Independent sampling with replacement
1,297,1241.8,1041.901,612.589,612.589,Independent sampling with replacement
1,298,685.2,1041.901,612.589,612.589,Independent sampling with replacement
1,299,468.7,1041.901,612.589,612.589,Independent sampling with replacement
1,300,784.5,1041.901,612.589,612.589,Independent sampling with replacement
1,301,1538.0,1041.901,612.589,612.589,Independent sampling with replacement
1,302,957.3,1041.901,612.589,612.589,Independent sampling with replacement
1,303,818.3,1041.901,612.589,612.589,Independent sampling with replacement
1,304,364.8,1041.901,612.589,612.589,Independent sampling with replacement
1,305,422.0,1041.901,612.589,612.589,Independent sampling with replacement
1,306,1821.7,1041.901,612.589,612.589,Independent sampling with replacement
1,307,646.4,1041.901,612.589,612.589,Independent sampling with replacement
1,308,723.9,1041.901,612.589,612.589,Independent sampling with replacement
1,309,548.4,1041.901,612.589,612.589,Independent sampling with replacement
1,310,1569.6,1041.901,612.589,612.589,Independent sampling with replacement
1,311,966.4,1041.901,612.589,612.589,Independent sampling with replacement
1,312,1413.7,1041.901,612.589,612.589,Independent sampling with replacement
1,313,1512.1,1041.901,612.589,612.589,Independent sampling with replacement
1,314,808.3,1041.901,612.589,612.589,Independent sampling with replacement
1,315,514.2,1041.901,612.589,612.589,Independent sampling with replacement
1,316,492.9,1041.901,612.589,612.589,Independent sampling with replacement
1,317,1155.1,1041.901,612.589,612.589,Independent sampling with replacement
1,318,477.6,1041.901,612.589,612.589,Independent sampling with replacement
1,319,394.9,1041.901,612.589,612.589,Independent sampling with replacement
1,320,269.8,1041.901,612.589,612.589,Independent sampling with replacement
1,321,1004.1,1041.901,612.589,612.589,Independent sampling with replacement
1,322,1198.6,1041.901,612.589,612.589,Independent sampling with replacement
1,323,640.7,1041.901,612.589,612.589,Independent sampling with replacement
1,324,1145.9,1041.901,612.589,612.589,Independent sampling with replacement
1,325,1723.2,1041.901,612.589,612.589,Independent sampling with replacement
1,326,732.9,1041.901,612.589,612.589,Independent sampling with replacement
1,327,1213.8,1041.901,612.589,612.589,Independent sampling with replacement
1,328,1595.8,1041.901,612.589,612.589,Independent sampling with replacement
1,329,743.4,1041.901,612.589,612.589,Independent sampling with replacement
1,330,1634.4,1041.901,612.589,612.589,Independent sampling with replacement
1,331,624.6,1041.901,612.589,612.589,Independent sampling with replacement
1,332,1159.2,1041.901,612.589,612.589,Independent sampling with replacement
1,333,1263.8,1041.901,612.589,612.589,Independent sampling with replacement
1,334,565.5,1041.901,612.589,612.589,Independent sampling with replacement
1,335,752.2,1041.901,612.589,612.589,Independent sampling with replacement
1,336,910.0,1041.901,612.589,612.589,Independent sampling with replacement
1,337,868.4,1041.901,612.589,612.589,Independent sampling with replacement
1,338,2952.8,1041.901,612.589,612.589,Independent sampling with replacement
1,339,625.1,1041.901,612.589,612.589,Independent sampling with replacement
1,340,763.3,1041.901,612.589,612.589,Independent sampling with replacement
1,341,520.7,1041.901,612.589,612.589,Independent sampling with replacement
1,342,800.3,1041.901,612.589,612.589,Independent sampling with replacement
1,343,1073.2,1041.901,612.589,612.589,Independent sampling with replacement
1,344,982.8,1041.901,612.589,612.589,Independent sampling with replacement
1,345,1209.2,1041.901,612.589,612.589,Independent sampling with replacement
1,346,764.3,1041.901,612.589,612.589,Independent sampling with replacement
1,347,512.0,1041.901,612.589,612.589,Independent sampling with replacement
1,348,1301.3,1041.901,612.589,612.589,Independent sampling with replacement
1,349,816.9,1041.901,612.589,612.589,Independent sampling with replacement
1,350,1192.4,1041.901,612.589,612.589,Independent sampling with replacement
1,351,3308.5,1041.901,612.589,612.589,Independent sampling with replacement
1,352,1086.1,1041.901,612.589,612.589,Independent sampling with replacement
1,353,470.6,1041.901,612.589,612.589,Independent sampling with replacement
1,354,877.6,1041.901,612.589,612.589,Independent sampling with replacement
1,355,758.4,1041.901,612.589,612.589,Independent sampling with replacement
1,356,825.6,1041.901,612.589,612.589,Independent sampling with replacement
1,357,1573.0,1041.901,612.589,612.589,Independent sampling with replacement
1,358,850.2,1041.901,612.589,612.589,Independent sampling with replacement
1,359,878.8,1041.901,612.589,612.589,Independent sampling with replacement
1,360,1329.8,1041.901,612.589,612.589,Independent sampling with replacement
1,361,3733.7,1041.901,612.589,612.589,Independent sampling with replacement
1,362,1373.6,1041.901,612.589,612.589,Independent sampling with replacement
1,363,762.2,1041.901,612.589,612.589,Independent sampling with replacement
1,364,612.2,1041.901,612.589,612.589,Independent sampling with replacement
1,365,1034.3,1041.901,612.589,612.589,Independent sampling with replacement
1,366,1862.2,1041.901,612.589,612.589,Independent sampling with replacement
1,367,1437.3,1041.901,612.589,612.589,Independent sampling with replacement
1,368,603.8,1041.901,612.589,612.589,Independent sampling with replacement
1,369,576.5,1041.901,612.589,612.589,Independent sampling with replacement
1,370,1499.5,1041.901,612.589,612.589,Independent sampling with replacement
1,371,612.3,1041.901,612.589,612.589,Independent sampling with replacement
1,372,4109.6,1041.901,612.589,612.589,Independent sampling with replacement
1,373,857.3,1041.901,612.589,612.589,Independent sampling with replacement
1,374,1202.7,1041.901,612.589,612.589,Independent sampling with replacement
1,375,1810.6,1041.901,612.589,612.589,Independent sampling with replacement
1,376,949.7,1041.901,612.589,612.589,Independent sampling with replacement
1,377,1163.9,1041.901,612.589,612.589,Independent sampling with replacement
1,378,390.3,1041.901,612.589,612.589,Independent sampling with replacement
1,379,712.6,1041.901,612.589,612.589,Independent sampling with replacement
1,380,2556.0,1041.901,612.589,612.589,Independent sampling with replacement
1,381,1353.1,1041.901,612.589,612.589,Independent sampling with replacement
1,382,1397.4,1041.901,612.589,612.589,Independent sampling with replacement
1,383,638.0,1041.901,612.589,612.589,Independent sampling with replacement
1,384,3625.4,1041.901,612.589,612.589,Independent sampling with replacement
1,385,718.4,1041.901,612.589,612.589,Independent sampling with replacement
1,386,1067.5,1041.901,612.589,612.589,Independent sampling with replacement
1,387,904.9,1041.901,612.589,612.589,Independent sampling with replacement
1,388,2960.6,1041.901,612.589,612.589,Independent sampling with replacement
1,389,219.5,1041.901,612.589,612.589,Independent sampling with replacement
1,390,1757.8,1041.901,612.589,612.589,Independent sampling with replacement
1,391,630.7,1041.901,612.589,612.589,Independent sampling with replacement
1,392,681.5,1041.901,612.589,612.589,Independent sampling with replacement
1,393,263.9,1041.901,612.589,612.589,Independent sampling with replacement
1,394,3363.7,1041.901,612.589,612.589,Independent sampling with replacement
1,395,1411.7,1041.901,612.589,612.589,Independent sampling with replacement
1,396,1042.3,1041.901,612.589,612.589,Independent sampling with replacement
1,397,408.5,1041.901,612.589,612.589,Independent sampling with replacement
1,398,1708.9,1041.901,612.589,612.589,Independent sampling with replacement
1,399,1143.3,1041.901,612.589,612.589,Independent sampling with replacement
1,400,605.0,1041.901,612.589,612.589,Independent sampling with replacement
1,401,2025.6,1041.901,612.589,612.589,Independent sampling with replacement
1,402,2766.0,1041.901,612.589,612.589,Independent sampling with replacement
1,403,580.0,1041.901,612.589,612.589,Independent sampling with replacement
1,404,1329.3,1041.901,612.589,612.589,Independent sampling with replacement
1,405,904.9,1041.901,612.589,612.589,Independent sampling with replacement
1,406,531.4,1041.901,612.589,612.589,Independent sampling with replacement
1,407,1437.4,1041.901,612.589,612.589,Independent sampling with replacement
1,408,393.6,1041.901,612.589,612.589,Independent sampling with replacement
1,409,217.4,1041.901,612.589,612.589,Independent sampling with replacement
1,410,853.4,1041.901,612.589,612.589,Independent sampling with replacement
1,411,299.4,1041.901,612.589,612.589,Independent sampling with replacement
1,412,638.0,1041.901,612.589,612.589,Independent sampling with replacement
1,413,299.0,1041.901,612.589,612.589,Independent sampling with replacement
1,414,860.7,1041.901,612.589,612.589,Independent sampling with replacement
1,415,1003.3,1041.901,612.589,612.589,Independent sampling with replacement
1,416,376.9,1041.901,612.589,612.589,Independent sampling with replacement
1,417,1050.7,1041.901,612.589,612.589,Independent sampling with replacement
1,418,517.1,1041.901,612.589,612.589,Independent sampling with replacement
1,419,1287.6,1041.901,612.589,612.589,Independent sampling with replacement
1,420,1643.3,1041.901,612.589,612.589,Independent sampling with replacement
1,421,986.7,1041.901,612.589,612.589,Independent sampling with replacement
1,422,818.4,1041.901,612.589,612.589,Independent sampling with replacement
1,423,953.6,1041.901,612.589,612.589,Independent sampling with replacement
1,424,1846.1,1041.901,612.589,612.589,Independent sampling with replacement
1,425,3255.0,1041.901,612.589,612.589,Independent sampling with replacement
1,426,777.6,1041.901,612.589,612.589,Independent sampling with replacement
1,427,2254.1,1041.901,612.589,612.589,Independent sampling with replacement
1,428,1440.9,1041.901,612.589,612.589,Independent sampling with replacement
1,429,790.7,1041.901,612.589,612.589,Independent sampling with replacement
1,430,698.3,1041.901,612.589,612.589,Independent sampling with replacement
1,431,1854.0,1041.901,612.589,612.589,Independent sampling with replacement
1,432,1311.2,1041.901,612.589,612.589,Independent sampling with replacement
1,433,669.8,1041.901,612.589,612.589,Independent sampling with replacement
1,434,844.0,1041.901,612.589,612.589,Independent sampling with replacement
1,435,661.2,1041.901,612.589,612.589,Independent sampling with replacement
1,436,640.8,1041.901,612.589,612.589,Independent sampling with replacement
1,437,2106.0,1041.901,612.589,612.589,Independent sampling with replacement
1,438,1105.9,1041.901,612.589,612.589,Independent sampling with replacement
1,439,400.8,1041.901,612.589,612.589,Independent sampling with replacement
1,440,275.3,1041.901,612.589,612.589,Independent sampling with replacement
1,441,1204.1,1041.901,612.589,612.589,Independent sampling with replacement
1,442,832.3,1041.901,612.589,612.589,Independent sampling with replacement
1,443,1440.9,1041.901,612.589,612.589,Independent sampling with replacement
1,444,324.1,1041.901,612.589,612.589,Independent sampling with replacement
1,445,263.1,1041.901,612.589,612.589,Independent sampling with replacement
1,446,675.6,1041.901,612.589,612.589,Independent sampling with replacement
1,447,711.9,1041.901,612.589,612.589,Independent sampling with replacement
1,448,3354.4,1041.901,612.589,612.589,Independent sampling with replacement
1,449,439.9,1041.901,612.589,612.589,Independent sampling with replacement
1,450,522.6,1041.901,612.589,612.589,Independent sampling with replacement
1,451,1795.4,1041.901,612.589,612.589,Independent sampling with replacement
1,452,1546.1,1041.901,612.589,612.589,Independent sampling with replacement
1,453,1779.2,1041.901,612.589,612.589,Independent sampling with replacement
1,454,1073.2,1041.901,612.589,612.589,Independent sampling with replacement
1,455,515.0,1041.901,612.589,612.589,Independent sampling with replacement
1,456,778.0,1041.901,612.589,612.589,Independent sampling with replacement
1,457,337.1,1041.901,612.589,612.589,Independent sampling with replacement
1,458,1169.3,1041.901,612.589,612.589,Independent sampling with replacement
1,459,1767.2,1041.901,612.589,612.589,Independent sampling with replacement
1,460,1201.2,1041.901,612.589,612.589,Independent sampling with replacement
1,461,1660.2,1041.901,612.589,612.589,Independent sampling with replacement
1,462,1222.4,1041.901,612.589,612.589,Independent sampling with replacement
1,463,2514.3,1041.901,612.589,612.589,Independent sampling with replacement
1,464,3520.0,1041.901,612.589,612.589,Independent sampling with replacement
1,465,471.1,1041.901,612.589,612.589,Independent sampling with replacement
1,466,2115.4,1041.901,612.589,612.589,Independent sampling with replacement
1,467,1221.3,1041.901,612.589,612.589,Independent sampling with replacement
1,468,996.6,1041.901,612.589,612.589,Independent sampling with replacement
1,469,592.8,1041.901,612.589,612.589,Independent sampling with replacement
1,470,1250.3,1041.901,612.589,612.589,Independent sampling with replacement
1,471,694.2,1041.901,612.589,612.589,Independent sampling with replacement
1,472,991.6,1041.901,612.589,612.589,Independent sampling with replacement
1,473,600.9,1041.901,612.589,612.589,Independent sampling with replacement
1,474,2006.6,1041.901,612.589,612.589,Independent sampling with replacement
1,475,807.9,1041.901,612.589,612.589,Independent sampling with replacement
1,476,1270.1,1041.901,612.589,612.589,Independent sampling with replacement
1,477,1333.0,1041.901,612.589,612.589,Independent sampling with replacement
1,478,1508.9,1041.901,612.589,612.589,Independent sampling with replacement
1,479,299.1,1041.901,612.589,612.589,Independent sampling with replacement
1,480,1275.7,1041.901,612.589,612.589,Independent sampling with replacement
1,481,433.6,1041.901,612.589,612.589,Independent sampling with replacement
1,482,773.9,1041.901,612.589,612.589,Independent sampling with replacement
1,483,571.3,1041.901,612.589,612.589,Independent sampling with replacement
1,484,1834.5,1041.901,612.589,612.589,Independent sampling with replacement
1,485,369.0,1041.901,612.589,612.589,Independent sampling with replacement
1,486,752.8,1041.901,612.589,612.589,Independent sampling with replacement
1,487,523.7,1041.901,612.589,612.589,Independent sampling with replacement
1,488,360.6,1041.901,612.589,612.589,Independent sampling with replacement
1,489,2384.9,1041.901,612.589,612.589,Independent sampling with replacement
1,490,736.5,1041.901,612.589,612.589,Independent sampling with replacement
1,491,2287.9,1041.901,612.589,612.589,Independent sampling with replacement
1,492,2710.6,1041.901,612.589,612.589,Independent sampling with replacement
1,493,729.5,1041.901,612.589,612.589,Independent sampling with replacement
1,494,833.7,1041.901,612.589,612.589,Independent sampling with replacement
1,495,439.5,1041.901,612.589,612.589,Independent sampling with replacement
1,496,972.6,1041.901,612.589,612.589,Independent sampling with replacement
1,497,1397.4,1041.901,612.589,612.589,Independent sampling with replacement
1,498,2639.5,1041.901,612.589,612.589,Independent sampling with replacement
1,499,1373.6,1041.901,612.589,612.589,Independent sampling with replacement
1,500,402.9,1041.901,612.589,612.589,Independent sampling with replacement
1,501,2005.9,1041.901,612.589,612.589,Independent sampling with replacement
1,502,1759.2,1041.901,612.589,612.589,Independent sampling with replacement
1,503,3228.1,1041.901,612.589,612.589,Independent sampling with replacement
1,504,786.0,1041.901,612.589,612.589,Independent sampling with replacement
1,505,1176.5,1041.901,612.589,612.589,Independent sampling with replacement
1,506,2486.7,1041.901,612.589,612.589,Independent sampling with replacement
1,507,968.9,1041.901,612.589,612.589,Independent sampling with replacement
1,508,735.3,1041.901,612.589,612.589,Independent sampling with replacement
1,509,445.7,1041.901,612.589,612.589,Independent sampling with replacement
1,510,571.2,1041.901,612.589,612.589,Independent sampling with replacement
1,511,1158.1,1041.901,612.589,612.589,Independent sampling with replacement
1,512,337.3,1041.901,612.589,612.589,Independent sampling with replacement
1,513,544.5,1041.901,612.589,612.589,Independent sampling with replacement
1,514,784.3,1041.901,612.589,612.589,Independent sampling with replacement
1,515,561.0,1041.901,612.589,612.589,Independent sampling with replacement
1,516,323.6,1041.901,612.589,612.589,Independent sampling with replacement
1,517,1493.6,1041.901,612.589,612.589,Independent sampling with replacement
1,518,1049.6,1041.901,612.589,612.589,Independent sampling with replacement
1,519,3733.7,1041.901,612.589,612.589,Independent sampling with replacement
1,520,871.3,1041.901,612.589,612.589,Independent sampling with replacement
1,521,2375.8,1041.901,612.589,612.589,Independent sampling with replacement
1,522,303.1,1041.901,612.589,612.589,Independent sampling with replacement
1,523,1458.2,1041.901,612.589,612.589,Independent sampling with replacement
1,524,452.9,1041.901,612.589,612.589,Independent sampling with replacement
1,525,2471.5,1041.901,612.589,612.589,Independent sampling with replacement
1,526,2656.8,1041.901,612.589,612.589,Independent sampling with replacement
1,527,1114.2,1041.901,612.589,612.589,Independent sampling with replacement
1,528,729.3,1041.901,612.589,612.589,Independent sampling with replacement
1,529,1012.0,1041.901,612.589,612.589,Independent sampling with replacement
1,530,1697.7,1041.901,612.589,612.589,Independent sampling with replacement
1,531,269.8,1041.901,612.589,612.589,Independent sampling with replacement
1,532,1715.9,1041.901,612.589,612.589,Independent sampling with replacement
1,533,1517.5,1041.901,612.589,612.589,Independent sampling with replacement
1,534,722.2,1041.901,612.589,612.589,Independent sampling with replacement
1,535,732.2,1041.901,612.589,612.589,Independent sampling with replacement
1,536,741.9,1041.901,612.589,612.589,Independent sampling with replacement
1,537,931.8,1041.901,612.589,612.589,Independent sampling with replacement
1,538,812.2,1041.901,612.589,612.589,Independent sampling with replacement
1,539,426.2,1041.901,612.589,612.589,Independent sampling with replacement
1,540,725.3,1041.901,612.589,612.589,Independent sampling with replacement
1,541,1603.6,1041.901,612.589,612.589,Independent sampling with replacement
1,542,443.2,1041.901,612.589,612.589,Independent sampling with replacement
1,543,393.9,1041.901,612.589,612.589,Independent sampling with replacement
1,544,3128.4,1041.901,612.589,612.589,Independent sampling with replacement
1,545,646.2,1041.901,612.589,612.589,Independent sampling with replacement
1,546,764.4,1041.901,612.589,612.589,Independent sampling with replacement
1,547,1838.3,1041.901,612.589,612.589,Independent sampling with replacement
1,548,522.6,1041.901,612.589,612.589,Independent sampling with replacement
1,549,1287.6,1041.901,612.589,612.589,Independent sampling with replacement
1,550,1220.7,1041.901,612.589,612.589,Independent sampling with replacement
1,551,1296.6,1041.901,612.589,612.589,Independent sampling with replacement
1,552,1794.8,1041.901,612.589,612.589,Independent sampling with replacement
1,553,1513.6,1041.901,612.589,612.589,Independent sampling with replacement
1,554,544.7,1041.901,612.589,612.589,Independent sampling with replacement
1,555,375.5,1041.901,612.589,612.589,Independent sampling with replacement
1,556,1056.7,1041.901,612.589,612.589,Independent sampling with replacement
1,557,660.7,1041.901,612.589,612.589,Independent sampling with replacement
1,558,669.8,1041.901,612.589,612.589,Independent sampling with replacement
1,559,838.1,1041.901,612.589,612.589,Independent sampling with replacement
1,560,585.1,1041.901,612.589,612.589,Independent sampling with replacement
1,561,947.1,1041.901,612.589,612.589,Independent sampling with replacement
1,562,729.3,1041.901,612.589,612.589,Independent sampling with replacement
1,563,665.9,1041.901,612.589,612.589,Independent sampling with replacement
1,564,1184.4,1041.901,612.589,612.589,Independent sampling with replacement
1,565,369.6,1041.901,612.589,612.589,Independent sampling with replacement
1,566,1253.8,1041.901,612.589,612.589,Independent sampling with replacement
1,567,1240.8,1041.901,612.589,612.589,Independent sampling with replacement
1,568,1053.4,1041.901,612.589,612.589,Independent sampling with replacement
1,569,378.9,1041.901,612.589,612.589,Independent sampling with replacement
1,570,484.6,1041.901,612.589,612.589,Independent sampling with replacement
1,571,587.2,1041.901,612.589,612.589,Independent sampling with replacement
1,572,857.9,1041.901,612.589,612.589,Independent sampling with replacement
1,573,851.5,1041.901,612.589,612.589,Independent sampling with replacement
1,574,750.9,1041.901,612.589,612.589,Independent sampling with replacement
1,575,637.6,1041.901,612.589,612.589,Independent sampling with replacement
1,576,394.5,1041.901,612.589,612.589,Independent sampling with replacement
1,577,1511.5,1041.901,612.589,612.589,Independent sampling with replacement
1,578,868.4,1041.901,612.589,612.589,Independent sampling with replacement
1,579,497.3,1041.901,612.589,612.589,Independent sampling with replacement
1,580,663.0,1041.901,612.589,612.589,Independent sampling with replacement
1,581,520.7,1041.901,612.589,612.589,Independent sampling with replacement
1,582,558.5,1041.901,612.589,612.589,Independent sampling with replacement
1,583,475.4,1041.901,612.589,612.589,Independent sampling with replacement
1,584,1013.9,1041.901,612.589,612.589,Independent sampling with replacement
1,585,2157.4,1041.901,612.589,612.589,Independent sampling with replacement
1,586,599.9,1041.901,612.589,612.589,Independent sampling with replacement
1,587,1687.6,1041.901,612.589,612.589,Independent sampling with replacement
1,588,617.9,1041.901,612.589,612.589,Independent sampling with replacement
1,589,966.4,1041.901,612.589,612.589,Independent sampling with replacement
1,590,341.5,1041.901,612.589,612.589,Independent sampling with replacement
1,591,353.6,1041.901,612.589,612.589,Independent sampling with replacement
1,592,320.3,1041.901,612.589,612.589,Independent sampling with replacement
1,593,868.4,1041.901,612.589,612.589,Independent sampling with replacement
1,594,1207.9,1041.901,612.589,612.589,Independent sampling with replacement
1,595,1232.2,1041.901,612.589,612.589,Independent sampling with replacement
1,596,1318.1,1041.901,612.589,612.589,Independent sampling with replacement
1,597,574.6,1041.901,612.589,612.589,Independent sampling with replacement
1,598,465.0,1041.901,612.589,612.589,Independent sampling with replacement
1,599,352.3,1041.901,612.589,612.589,Independent sampling with replacement
1,600,938.4,1041.901,612.589,612.589,Independent sampling with replacement
1,601,1348.3,1041.901,612.589,612.589,Independent sampling with replacement
1,602,742.6,1041.901,612.589,612.589,Independent sampling with replacement
1,603,477.0,1041.901,612.589,612.589,Independent sampling with replacement
1,604,600.9,1041.901,612.589,612.589,Independent sampling with replacement
1,605,812.2,1041.901,612.589,612.589,Independent sampling with replacement
1,606,1181.7,1041.901,612.589,612.589,Independent sampling with replacement
1,607,897.3,1041.901,612.589,612.589,Independent sampling with replacement
1,608,520.7,1041.901,612.589,612.589,Independent sampling with replacement
1,609,573.5,1041.901,612.589,612.589,Independent sampling with replacement
1,610,1152.7,1041.901,612.589,612.589,Independent sampling with replacement
1,611,341.5,1041.901,612.589,612.589,Independent sampling with replacement
1,612,980.6,1041.901,612.589,612.589,Independent sampling with replacement
1,613,785.0,1041.901,612.589,612.589,Independent sampling with replacement
1,614,536.3,1041.901,612.589,612.589,Independent sampling with replacement
1,615,540.2,1041.901,612.589,612.589,Independent sampling with replacement
1,616,509.4,1041.901,612.589,612.589,Independent sampling with replacement
1,617,323.6,1041.901,612.589,612.589,Independent sampling with replacement
1,618,1177.9,1041.901,612.589,612.589,Independent sampling with replacement
1,619,1263.5,1041.901,612.589,612.589,Independent sampling with replacement
1,620,604.8,1041.901,612.589,612.589,Independent sampling with replacement
1,621,528.6,1041.901,612.589,612.589,Independent sampling with replacement
1,622,1164.1,1041.901,612.589,612.589,Independent sampling with replacement
1,623,782.8,1041.901,612.589,612.589,Independent sampling with replacement
1,624,735.6,1041.901,612.589,612.589,Independent sampling with replacement
1,625,863.4,1041.901,612.589,612.589,Independent sampling with replacement
1,626,1538.2,1041.901,612.589,612.589,Independent sampling with replacement
1,627,614.0,1041.901,612.589,612.589,Independent sampling with replacement
1,628,581.1,1041.901,612.589,612.589,Independent sampling with replacement
1,629,1012.5,1041.901,612.589,612.589,Independent sampling with replacement
1,630,1246.6,1041.901,612.589,612.589,Independent sampling with replacement
1,631,583.5,1041.901,612.589,612.589,Independent sampling with replacement
1,632,220.5,1041.901,612.589,612.589,Independent sampling with replacement
1,633,1041.9,1041.901,612.589,612.589,Independent sampling with replacement
1,634,1637.2,1041.901,612.589,612.589,Independent sampling with replacement
1,635,465.7,1041.901,612.589,612.589,Independent sampling with replacement
1,636,227.6,1041.901,612.589,612.589,Independent sampling with replacement
1,637,1007.5,1041.901,612.589,612.589,Independent sampling with replacement
1,638,1112.8,1041.901,612.589,612.589,Independent sampling with replacement
1,639,282.7,1041.901,612.589,612.589,Independent sampling with replacement
1,640,413.3,1041.901,612.589,612.589,Independent sampling with replacement
1,641,718.4,1041.901,612.589,612.589,Independent sampling with replacement
1,642,1106.3,1041.901,612.589,612.589,Independent sampling with replacement
1,643,649.8,1041.901,612.589,612.589,Independent sampling with replacement
1,644,954.6,1041.901,612.589,612.589,Independent sampling with replacement
1,645,1910.8,1041.901,612.589,612.589,Independent sampling with replacement
1,646,683.3,1041.901,612.589,612.589,Independent sampling with replacement
1,647,561.2,1041.901,612.589,612.589,Independent sampling with replacement
1,648,447.7,1041.901,612.589,612.589,Independent sampling with replacement
1,649,1723.6,1041.901,612.589,612.589,Independent sampling with replacement
1,650,403.3,1041.901,612.589,612.589,Independent sampling with replacement
1,651,595.4,1041.901,612.589,612.589,Independent sampling with replacement
1,652,156.9,1041.901,612.589,612.589,Independent sampling with replacement
1,653,831.0,1041.901,612.589,612.589,Independent sampling with replacement
1,654,988.4,1041.901,612.589,612.589,Independent sampling with replacement
1,655,607.7,1041.901,612.589,612.589,Independent sampling with replacement
1,656,1810.6,1041.901,612.589,612.589,Independent sampling with replacement
1,657,1374.1,1041.901,612.589,612.589,Independent sampling with replacement
1,658,295.6,1041.901,612.589,612.589,Independent sampling with replacement
1,659,2122.4,1041.901,612.589,612.589,Independent sampling with replacement
1,660,1054.8,1041.901,612.589,612.589,Independent sampling with replacement
1,661,265.1,1041.901,612.589,612.589,Independent sampling with replacement
1,662,928.7,1041.901,612.589,612.589,Independent sampling with replacement
1,663,614.6,1041.901,612.589,612.589,Independent sampling with replacement
1,664,439.9,1041.901,612.589,612.589,Independent sampling with replacement
1,665,769.6,1041.901,612.589,612.589,Independent sampling with replacement
1,666,1837.4,1041.901,612.589,612.589,Independent sampling with replacement
1,667,564.1,1041.901,612.589,612.589,Independent sampling with replacement
1,668,698.3,1041.901,612.589,612.589,Independent sampling with replacement
1,669,644.7,1041.901,612.589,612.589,Independent sampling with replacement
1,670,1087.7,1041.901,612.589,612.589,Independent sampling with replacement
1,671,797.9,1041.901,612.589,612.589,Independent sampling with replacement
1,672,1224.8,1041.901,612.589,612.589,Independent sampling with replacement
1,673,861.4,1041.901,612.589,612.589,Independent sampling with replacement
1,674,1067.5,1041.901,612.589,612.589,Independent sampling with replacement
1,675,1409.2,1041.901,612.589,612.589,Independent sampling with replacement
1,676,1179.2,1041.901,612.589,612.589,Independent sampling with replacement
1,677,468.9,1041.901,612.589,612.589,Independent sampling with replacement
1,678,877.8,1041.901,612.589,612.589,Independent sampling with replacement
1,679,646.4,1041.901,612.589,612.589,Independent sampling with replacement
1,680,2521.9,1041.901,612.589,612.589,Independent sampling with replacement
1,681,2039.7,1041.901,612.589,612.589,Independent sampling with replacement
1,682,708.3,1041.901,612.589,612.589,Independent sampling with replacement
1,683,2521.9,1041.901,612.589,612.589,Independent sampling with replacement
1,684,1691.5,1041.901,612.589,612.589,Independent sampling with replacement
1,685,1570.0,1041.901,612.589,612.589,Independent sampling with replacement
1,686,572.6,1041.901,612.589,612.589,Independent sampling with replacement
1,687,1963.2,1041.901,612.589,612.589,Independent sampling with replacement
1,688,646.4,1041.901,612.589,612.589,Independent sampling with replacement
1,689,2062.5,1041.901,612.589,612.589,Independent sampling with replacement
1,690,264.5,1041.901,612.589,612.589,Independent sampling with replacement
1,691,370.8,1041.901,612.589,612.589,Independent sampling with replacement
1,692,588.9,1041.901,612.589,612.589,Independent sampling with replacement
1,693,602.3,1041.901,612.589,612.589,Independent sampling with replacement
1,694,1223.1,1041.901,612.589,612.589,Independent sampling with replacement
1,695,1288.3,1041.901,612.589,612.589,Independent sampling with replacement
1,696,955.5,1041.901,612.589,612.589,Independent sampling with replacement
1,697,2134.1,1041.901,612.589,612.589,Independent sampling with replacement
1,698,645.6,1041.901,612.589,612.589,Independent sampling with replacement
1,699,2246.3,1041.901,612.589,612.589,Independent sampling with replacement
1,700,809.2,1041.901,612.589,612.589,Independent sampling with replacement
1,701,565.5,1041.901,612.589,612.589,Independent sampling with replacement
1,702,1522.8,1041.901,612.589,612.589,Independent sampling with replacement
1,703,773.5,1041.901,612.589,612.589,Independent sampling with replacement
1,704,750.7,1041.901,612.589,612.589,Independent sampling with replacement
1,705,1628.3,1041.901,612.589,612.589,Independent sampling with replacement
1,706,1707.9,1041.901,612.589,612.589,Independent sampling with replacement
1,707,882.9,1041.901,612.589,612.589,Independent sampling with replacement
1,708,594.8,1041.901,612.589,612.589,Independent sampling with replacement
1,709,316.9,1041.901,612.589,612.589,Independent sampling with replacement
1,710,1516.7,1041.901,612.589,612.589,Independent sampling with replacement
1,711,1294.0,1041.901,612.589,612.589,Independent sampling with replacement
1,712,643.4,1041.901,612.589,612.589,Independent sampling with replacement
1,713,656.6,1041.901,612.589,612.589,Independent sampling with replacement
1,714,1864.1,1041.901,612.589,612.589,Independent sampling with replacement
1,715,1178.8,1041.901,612.589,612.589,Independent sampling with replacement
1,716,445.0,1041.901,612.589,612.589,Independent sampling with replacement
1,717,731.5,1041.901,612.589,612.589,Independent sampling with replacement
1,718,877.8,1041.901,612.589,612.589,Independent sampling with replacement
1,719,961.2,1041.901,612.589,612.589,Independent sampling with replacement
1,720,886.0,1041.901,612.589,612.589,Independent sampling with replacement
1,721,1009.9,1041.901,612.589,612.589,Independent sampling with replacement
1,722,760.6,1041.901,612.589,612.589,Independent sampling with replacement
1,723,359.0,1041.901,612.589,612.589,Independent sampling with replacement
1,724,1534.3,1041.901,612.589,612.589,Independent sampling with replacement
1,725,996.1,1041.901,612.589,612.589,Independent sampling with replacement
1,726,1154.7,1041.901,612.589,612.589,Independent sampling with replacement
1,727,767.7,1041.901,612.589,612.589,Independent sampling with replacement
1,728,545.2,1041.901,612.589,612.589,Independent sampling with replacement
1,729,1035.1,1041.901,612.589,612.589,Independent sampling with replacement
1,730,312.6,1041.901,612.589,612.589,Independent sampling with replacement
1,731,1482.1,1041.901,612.589,612.589,Independent sampling with replacement
1,732,2693.6,1041.901,612.589,612.589,Independent sampling with replacement
1,733,1431.9,1041.901,612.589,612.589,Independent sampling with replacement
1,734,1210.9,1041.901,612.589,612.589,Independent sampling with replacement
1,735,2298.0,1041.901,612.589,612.589,Independent sampling with replacement
1,736,1031.9,1041.901,612.589,612.589,Independent sampling with replacement
1,737,758.8,1041.901,612.589,612.589,Independent sampling with replacement
1,738,686.6,1041.901,612.589,612.589,Independent sampling with replacement
1,739,3016.3,1041.901,612.589,612.589,Independent sampling with replacement
1,740,539.7,1041.901,612.589,612.589,Independent sampling with replacement
1,741,1006.0,1041.901,612.589,612.589,Independent sampling with replacement
1,742,1050.7,1041.901,612.589,612.589,Independent sampling with replacement
1,743,448.8,1041.901,612.589,612.589,Independent sampling with replacement
1,744,1227.6,1041.901,612.589,612.589,Independent sampling with replacement
1,745,339.0,1041.901,612.589,612.589,Independent sampling with replacement
1,746,1337.4,1041.901,612.589,612.589,Independent sampling with replacement
1,747,447.7,1041.901,612.589,612.589,Independent sampling with replacement
1,748,1483.7,1041.901,612.589,612.589,Independent sampling with replacement
1,749,2710.6,1041.901,612.589,612.589,Independent sampling with replacement
1,750,2501.2,1041.901,612.589,612.589,Independent sampling with replacement
1,751,2352.0,1041.901,612.589,612.589,Independent sampling with replacement
1,752,663.0,1041.901,612.589,612.589,Independent sampling with replacement
1,753,978.5,1041.901,612.589,612.589,Independent sampling with replacement
1,754,2514.3,1041.901,612.589,612.589,Independent sampling with replacement
1,755,1023.7,1041.901,612.589,612.589,Independent sampling with replacement
1,756,1155.9,1041.901,612.589,612.589,Independent sampling with replacement
1,757,710.9,1041.901,612.589,612.589,Independent sampling with replacement
1,758,1477.7,1041.901,612.589,612.589,Independent sampling with replacement
1,759,1075.2,1041.901,612.589,612.589,Independent sampling with replacement
1,760,1864.1,1041.901,612.589,612.589,Independent sampling with replacement
1,761,3437.9,1041.901,612.589,612.589,Independent sampling with replacement
1,762,1999.8,1041.901,612.589,612.589,Independent sampling with replacement
1,763,1664.3,1041.901,612.589,612.589,Independent sampling with replacement
1,764,897.0,1041.901,612.589,612.589,Independent sampling with replacement
1,765,2315.8,1041.901,612.589,612.589,Independent sampling with replacement
1,766,2450.1,1041.901,612.589,612.589,Independent sampling with replacement
1,767,1182.3,1041.901,612.589,612.589,Independent sampling with replacement
1,768,637.4,1041.901,612.589,612.589,Independent sampling with replacement
1,769,528.0,1041.901,612.589,612.589,Independent sampling with replacement
1,770,789.3,1041.901,612.589,612.589,Independent sampling with replacement
1,771,331.0,1041.901,612.589,612.589,Independent sampling with replacement
1,772,1131.6,1041.901,612.589,612.589,Independent sampling with replacement
1,773,820.2,1041.901,612.589,612.589,Independent sampling with replacement
1,774,923.1,1041.901,612.589,612.589,Independent sampling with replacement
1,775,823.3,1041.901,612.589,612.589,Independent sampling with replacement
1,776,812.6,1041.901,612.589,612.589,Independent sampling with replacement
1,777,1795.3,1041.901,612.589,612.589,Independent sampling with replacement
1,778,1142.3,1041.901,612.589,612.589,Independent sampling with replacement
1,779,424.1,1041.901,612.589,612.589,Independent sampling with replacement
1,780,2025.9,1041.901,612.589,612.589,Independent sampling with replacement
1,781,786.2,1041.901,612.589,612.589,Independent sampling with replacement
1,782,550.9,1041.901,612.589,612.589,Independent sampling with replacement
1,783,2779.7,1041.901,612.589,612.589,Independent sampling with replacement
1,784,377.0,1041.901,612.589,612.589,Independent sampling with replacement
1,785,849.3,1041.901,612.589,612.589,Independent sampling with replacement
1,786,1117.8,1041.901,612.589,612.589,Independent sampling with replacement
1,787,1106.8,1041.901,612.589,612.589,Independent sampling with replacement
1,788,1195.8,1041.901,612.589,612.589,Independent sampling with replacement
1,789,620.8,1041.901,612.589,612.589,Independent sampling with replacement
1,790,1220.2,1041.901,612.589,612.589,Independent sampling with replacement
1,791,504.0,1041.901,612.589,612.589,Independent sampling with replacement
1,792,1003.2,1041.901,612.589,612.589,Independent sampling with replacement
1,793,2097.0,1041.901,612.589,612.589,Independent sampling with replacement
1,794,1031.6,1041.901,612.589,612.589,Independent sampling with replacement
1,795,907.8,1041.901,612.589,612.589,Independent sampling with replacement
1,796,594.7,1041.901,612.589,612.589,Independent sampling with replacement
1,797,577.7,1041.901,612.589,612.589,Independent sampling with replacement
1,798,2134.1,1041.901,612.589,612.589,Independent sampling with replacement
1,799,926.9,1041.901,612.589,612.589,Independent sampling with replacement
1,800,2012.9,1041.901,612.589,612.589,Independent sampling with replacement
1,801,392.0,1041.901,612.589,612.589,Independent sampling with replacement
1,802,447.5,1041.901,612.589,612.589,Independent sampling with replacement
1,803,1132.3,1041.901,612.589,612.589,Independent sampling with replacement
1,804,697.2,1041.901,612.589,612.589,Independent sampling with replacement
1,805,1004.5,1041.901,612.589,612.589,Independent sampling with replacement
1,806,1220.7,1041.901,612.589,612.589,Independent sampling with replacement
1,807,721.1,1041.901,612.589,612.589,Independent sampling with replacement
1,808,400.8,1041.901,612.589,612.589,Independent sampling with replacement
1,809,777.0,1041.901,612.589,612.589,Independent sampling with replacement
1,810,1776.5,1041.901,612.589,612.589,Independent sampling with replacement
1,811,1184.1,1041.901,612.589,612.589,Independent sampling with replacement
1,812,439.9,1041.901,612.589,612.589,Independent sampling with replacement
1,813,736.7,1041.901,612.589,612.589,Independent sampling with replacement
1,814,1024.9,1041.901,612.589,612.589,Independent sampling with replacement
1,815,524.6,1041.901,612.589,612.589,Independent sampling with replacement
1,816,896.2,1041.901,612.589,612.589,Independent sampling with replacement
1,817,993.3,1041.901,612.589,612.589,Independent sampling with replacement
1,818,1341.5,1041.901,612.589,612.589,Independent sampling with replacement
1,819,631.2,1041.901,612.589,612.589,Independent sampling with replacement
1,820,622.1,1041.901,612.589,612.589,Independent sampling with replacement
1,821,715.7,1041.901,612.589,612.589,Independent sampling with replacement
1,822,2550.9,1041.901,612.589,612.589,Independent sampling with replacement
1,823,897.5,1041.901,612.589,612.589,Independent sampling with replacement
1,824,666.2,1041.901,612.589,612.589,Independent sampling with replacement
1,825,462.5,1041.901,612.589,612.589,Independent sampling with replacement
1,826,882.0,1041.901,612.589,612.589,Independent sampling with replacement
1,827,1744.9,1041.901,612.589,612.589,Independent sampling with replacement
1,828,993.3,1041.901,612.589,612.589,Independent sampling with replacement
1,829,1750.0,1041.901,612.589,612.589,Independent sampling with replacement
1,830,877.3,1041.901,612.589,612.589,Independent sampling with replacement
1,831,592.1,1041.901,612.589,612.589,Independent sampling with replacement
1,832,755.8,1041.901,612.589,612.589,Independent sampling with replacement
1,833,825.6,1041.901,612.589,612.589,Independent sampling with replacement
1,834,1363.4,1041.901,612.589,612.589,Independent sampling with replacement
1,835,443.2,1041.901,612.589,612.589,Independent sampling with replacement
1,836,1246.5,1041.901,612.589,612.589,Independent sampling with replacement
1,837,731.5,1041.901,612.589,612.589,Independent sampling with replacement
1,838,1089.7,1041.901,612.589,612.589,Independent sampling with replacement
1,839,762.4,1041.901,612.589,612.589,Independent sampling with replacement
1,840,931.7,1041.901,612.589,612.589,Independent sampling with replacement
1,841,649.9,1041.901,612.589,612.589,Independent sampling with replacement
1,842,783.6,1041.901,612.589,612.589,Independent sampling with replacement
1,843,536.2,1041.901,612.589,612.589,Independent sampling with replacement
1,844,836.8,1041.901,612.589,612.589,Independent sampling with replacement
1,845,707.6,1041.901,612.589,612.589,Independent sampling with replacement
1,846,1079.9,1041.901,612.589,612.589,Independent sampling with replacement
1,847,1292.4,1041.901,612.589,612.589,Independent sampling with replacement
1,848,581.1,1041.901,612.589,612.589,Independent sampling with replacement
1,849,1086.1,1041.901,612.589,612.589,Independent sampling with replacement
1,850,823.9,1041.901,612.589,612.589,Independent sampling with replacement
1,851,1576.2,1041.901,612.589,612.589,Independent sampling with replacement
1,852,860.8,1041.901,612.589,612.589,Independent sampling with replacement
1,853,1019.3,1041.901,612.589,612.589,Independent sampling with replacement
1,854,1609.7,1041.901,612.589,612.589,Independent sampling with replacement
1,855,785.0,1041.901,612.589,612.589,Independent sampling with replacement
1,856,337.1,1041.901,612.589,612.589,Independent sampling with replacement
1,857,1120.9,1041.901,612.589,612.589,Independent sampling with replacement
1,858,1597.5,1041.901,612.589,612.589,Independent sampling with replacement
1,859,1106.8,1041.901,612.589,612.589,Independent sampling with replacement
1,860,871.2,1041.901,612.589,612.589,Independent sampling with replacement
1,861,734.6,1041.901,612.589,612.589,Independent sampling with replacement
1,862,573.9,1041.901,612.589,612.589,Independent sampling with replacement
1,863,1288.3,1041.901,612.589,612.589,Independent sampling with replacement
1,864,1188.0,1041.901,612.589,612.589,Independent sampling with replacement
1,865,1399.4,1041.901,612.589,612.589,Independent sampling with replacement
1,866,348.0,1041.901,612.589,612.589,Independent sampling with replacement
1,867,424.7,1041.901,612.589,612.589,Independent sampling with replacement
1,868,675.6,1041.901,612.589,612.589,Independent sampling with replacement
1,869,396.3,1041.901,612.589,612.589,Independent sampling with replacement
1,870,551.6,1041.901,612.589,612.589,Independent sampling with replacement
1,871,511.8,1041.901,612.589,612.589,Independent sampling with replacement
1,872,846.7,1041.901,612.589,612.589,Independent sampling with replacement
1,873,855.2,1041.901,612.589,612.589,Independent sampling with replacement
1,874,1672.1,1041.901,612.589,612.589,Independent sampling with replacement
1,875,1066.1,1041.901,612.589,612.589,Independent sampling with replacement
1,876,821.5,1041.901,612.589,612.589,Independent sampling with replacement
1,877,321.1,1041.901,612.589,612.589,Independent sampling with replacement
1,878,296.6,1041.901,612.589,612.589,Independent sampling with replacement
1,879,972.5,1041.901,612.589,612.589,Independent sampling with replacement
1,880,1248.7,1041.901,612.589,612.589,Independent sampling with replacement
1,881,873.0,1041.901,612.589,612.589,Independent sampling with replacement
1,882,2456.6,1041.901,612.589,612.589,Independent sampling with replacement
1,883,807.9,1041.901,612.589,612.589,Independent sampling with replacement
1,884,783.3,1041.901,612.589,612.589,Independent sampling with replacement
1,885,1734.6,1041.901,612.589,612.589,Independent sampling with replacement
1,886,550.2,1041.901,612.589,612.589,Independent sampling with replacement
1,887,3722.7,1041.901,612.589,612.589,Independent sampling with replacement
1,888,984.2,1041.901,612.589,612.589,Independent sampling with replacement
1,889,671.6,1041.901,612.589,612.589,Independent sampling with replacement
1,890,856.4,1041.901,612.589,612.589,Independent sampling with replacement
1,891,439.5,1041.901,612.589,612.589,Independent sampling with replacement
1,892,498.4,1041.901,612.589,612.589,Independent sampling with replacement
1,893,626.6,1041.901,612.589,612.589,Independent sampling with replacement
1,894,833.8,1041.901,612.589,612.589,Independent sampling with replacement
1,895,1643.9,1041.901,612.589,612.589,Independent sampling with replacement
1,896,468.5,1041.901,612.589,612.589,Independent sampling with replacement
1,897,1303.7,1041.901,612.589,612.589,Independent sampling with replacement
1,898,739.4,1041.901,612.589,612.589,Independent sampling with replacement
1,899,783.3,1041.901,612.589,612.589,Independent sampling with replacement
1,900,1568.2,1041.901,612.589,612.589,Independent sampling with replacement
1,901,1155.1,1041.901,612.589,612.589,Independent sampling with replacement
1,902,680.4,1041.901,612.589,612.589,Independent sampling with replacement
1,903,1263.4,1041.901,612.589,612.589,Independent sampling with replacement
1,904,1158.1,1041.901,612.589,612.589,Independent sampling with replacement
1,905,585.1,1041.901,612.589,612.589,Independent sampling with replacement
1,906,1030.8,1041.901,612.589,612.589,Independent sampling with replacement
1,907,2393.6,1041.901,612.589,612.589,Independent sampling with replacement
1,908,2154.2,1041.901,612.589,612.589,Independent sampling with replacement
1,909,451.2,1041.901,612.589,612.589,Independent sampling with replacement
1,910,561.3,1041.901,612.589,612.589,Independent sampling with replacement
1,911,480.5,1041.901,612.589,612.589,Independent sampling with replacement
1,912,916.3,1041.901,612.589,612.589,Independent sampling with replacement
1,913,422.7,1041.901,612.589,612.589,Independent sampling with replacement
1,914,390.8,1041.901,612.589,612.589,Independent sampling with replacement
1,915,1643.3,1041.901,612.589,612.589,Independent sampling with replacement
1,916,1884.0,1041.901,612.589,612.589,Independent sampling with replacement
1,917,1612.2,1041.901,612.589,612.589,Independent sampling with replacement
1,918,1068.3,1041.901,612.589,612.589,Independent sampling with replacement
1,919,757.1,1041.901,612.589,612.589,Independent sampling with replacement
1,920,659.5,1041.901,612.589,612.589,Independent sampling with replacement
1,921,1284.5,1041.901,612.589,612.589,Independent sampling with replacement
1,922,438.7,1041.901,612.589,612.589,Independent sampling with replacement
1,923,375.0,1041.901,612.589,612.589,Independent sampling with replacement
1,924,857.1,1041.901,612.589,612.589,Independent sampling with replacement
1,925,570.0,1041.901,612.589,612.589,Independent sampling with replacement
1,926,543.7,1041.901,612.589,612.589,Independent sampling with replacement
1,927,1431.9,1041.901,612.589,612.589,Independent sampling with replacement
1,928,559.4,1041.901,612.589,612.589,Independent sampling with replacement
1,929,1225.3,1041.901,612.589,612.589,Independent sampling with replacement
1,930,984.4,1041.901,612.589,612.589,Independent sampling with replacement
1,931,1293.1,1041.901,612.589,612.589,Independent sampling with replacement
1,932,759.1,1041.901,612.589,612.589,Independent sampling with replacement
1,933,859.5,1041.901,612.589,612.589,Independent sampling with replacement
1,934,1405.2,1041.901,612.589,612.589,Independent sampling with replacement
1,935,852.5,1041.901,612.589,612.589,Independent sampling with replacement
1,936,818.4,1041.901,612.589,612.589,Independent sampling with replacement
1,937,1009.1,1041.901,612.589,612.589,Independent sampling with replacement
1,938,951.2,1041.901,612.589,612.589,Independent sampling with replacement
1,939,681.3,1041.901,612.589,612.589,Independent sampling with replacement
1,940,572.1,1041.901,612.589,612.589,Independent sampling with replacement
1,941,2226.7,1041.901,612.589,612.589,Independent sampling with replacement
1,942,981.5,1041.901,612.589,612.589,Independent sampling with replacement
1,943,1065.5,1041.901,612.589,612.589,Independent sampling with replacement
1,944,913.3,1041.901,612.589,612.589,Independent sampling with replacement
1,945,1311.2,1041.901,612.589,612.589,Independent sampling with replacement
1,946,604.4,1041.901,612.589,612.589,Independent sampling with replacement
1,947,677.0,1041.901,612.589,612.589,Independent sampling with replacement
1,948,2226.7,1041.901,612.589,612.589,Independent sampling with replacement
1,949,1152.3,1041.901,612.589,612.589,Independent sampling with replacement
1,950,1811.5,1041.901,612.589,612.589,Independent sampling with replacement
1,951,428.2,1041.901,612.589,612.589,Independent sampling with replacement
1,952,1576.2,1041.901,612.589,612.589,Independent sampling with replacement
1,953,1104.0,1041.901,612.589,612.589,Independent sampling with replacement
1,954,576.6,1041.901,612.589,612.589,Independent sampling with replacement
1,955,1097.1,1041.901,612.589,612.589,Independent sampling with replacement
1,956,1259.3,1041.901,612.589,612.589,Independent sampling with replacement
1,957,714.6,1041.901,612.589,612.589,Independent sampling with replacement
1,958,1223.3,1041.901,612.589,612.589,Independent sampling with replacement
1,959,1323.1,1041.901,612.589,612.589,Independent sampling with replacement
1,960,741.3,1041.901,612.589,612.589,Independent sampling with replacement
1,961,1452.4,1041.901,612.589,612.589,Independent sampling with replacement
1,962,817.3,1041.901,612.589,612.589,Independent sampling with replacement
1,963,803.7,1041.901,612.589,612.589,Independent sampling with replacement
1,964,1393.4,1041.901,612.589,612.589,Independent sampling with replacement
1,965,1389.5,1041.901,612.589,612.589,Independent sampling with replacement
1,966,1395.9,1041.901,612.589,612.589,Independent sampling with replacement
1,967,1120.7,1041.901,612.589,612.589,Independent sampling with replacement
1,968,770.6,1041.901,612.589,612.589,Independent sampling with replacement
1,969,1081.1,1041.901,612.589,612.589,Independent sampling with replacement
1,970,1943.9,1041.901,612.589,612.589,Independent sampling with replacement
1,971,323.6,1041.901,612.589,612.589,Independent sampling with replacement
1,972,916.4,1041.901,612.589,612.589,Independent sampling with replacement
1,973,470.9,1041.901,612.589,612.589,Independent sampling with replacement
1,974,1196.8,1041.901,612.589,612.589,Independent sampling with replacement
1,975,337.8,1041.901,612.589,612.589,Independent sampling with replacement
1,976,2861.4,1041.901,612.589,612.589,Independent sampling with replacement
1,977,1118.7,1041.901,612.589,612.589,Independent sampling with replacement
1,978,555.7,1041.901,612.589,612.589,Independent sampling with replacement
1,979,1355.4,1041.901,612.589,612.589,Independent sampling with replacement
1,980,1717.7,1041.901,612.589,612.589,Independent sampling with replacement
1,981,3255.0,1041.901,612.589,612.589,Independent sampling with replacement
1,982,669.6,1041.901,612.589,612.589,Independent sampling with replacement
1,983,1917.8,1041.901,612.589,612.589,Independent sampling with replacement
1,984,405.3,1041.901,612.589,612.589,Independent sampling with replacement
1,985,3437.9,1041.901,612.589,612.589,Independent sampling with replacement
1,986,533.4,1041.901,612.589,612.589,Independent sampling with replacement
1,987,887.8,1041.901,612.589,612.589,Independent sampling with replacement
1,988,5623.4,1041.901,612.589,612.589,Independent sampling with replacement
1,989,600.4,1041.901,612.589,612.589,Independent sampling with replacement
1,990,496.2,1041.901,612.589,612.589,Independent sampling with replacement
1,991,897.5,1041.901,612.589,612.589,Independent sampling with replacement
1,992,535.7,1041.901,612.589,612.589,Independent sampling with replacement
1,993,1400.2,1041.901,612.589,612.589,Independent sampling with replacement
1,994,1227.6,1041.901,612.589,612.589,Independent sampling with replacement
1,995,880.8,1041.901,612.589,612.589,Independent sampling with replacement
1,996,622.1,1041.901,612.589,612.589,Independent sampling with replacement
1,997,1314.0,1041.901,612.589,612.589,Independent sampling with replacement
1,998,561.5,1041.901,612.589,612.589,Independent sampling with replacement
1,999,2039.6,1041.901,612.589,612.589,Independent sampling with replacement
1,1000,298.5,1041.901,612.589,612.589,Independent sampling with replacement
5,1,914.3,1041.901,612.589,273.958,Independent sampling with replacement
5,2,1055.7,1041.901,612.589,273.958,Independent sampling with replacement
5,3,1156.68,1041.901,612.589,273.958,Independent sampling with replacement
5,4,1817.46,1041.901,612.589,273.958,Independent sampling with replacement
5,5,1087.62,1041.901,612.589,273.958,Independent sampling with replacement
5,6,1404.34,1041.901,612.589,273.958,Independent sampling with replacement
5,7,849.54,1041.901,612.589,273.958,Independent sampling with replacement
5,8,761.08,1041.901,612.589,273.958,Independent sampling with replacement
5,9,1126.6,1041.901,612.589,273.958,Independent sampling with replacement
5,10,1204.4,1041.901,612.589,273.958,Independent sampling with replacement
5,11,518.4,1041.901,612.589,273.958,Independent sampling with replacement
5,12,1051.66,1041.901,612.589,273.958,Independent sampling with replacement
5,13,723.02,1041.901,612.589,273.958,Independent sampling with replacement
5,14,891.8,1041.901,612.589,273.958,Independent sampling with replacement
5,15,846.68,1041.901,612.589,273.958,Independent sampling with replacement
5,16,997.44,1041.901,612.589,273.958,Independent sampling with replacement
5,17,914.78,1041.901,612.589,273.958,Independent sampling with replacement
5,18,761.44,1041.901,612.589,273.958,Independent sampling with replacement
5,19,671.52,1041.901,612.589,273.958,Independent sampling with replacement
5,20,1369.14,1041.901,612.589,273.958,Independent sampling with replacement
5,21,780.68,1041.901,612.589,273.958,Independent sampling with replacement
5,22,856.5,1041.901,612.589,273.958,Independent sampling with replacement
5,23,1041.34,1041.901,612.589,273.958,Independent sampling with replacement
5,24,680.22,1041.901,612.589,273.958,Independent sampling with replacement
5,25,1379.02,1041.901,612.589,273.958,Independent sampling with replacement
5,26,1039.02,1041.901,612.589,273.958,Independent sampling with replacement
5,27,895.12,1041.901,612.589,273.958,Independent sampling with replacement
5,28,851.66,1041.901,612.589,273.958,Independent sampling with replacement
5,29,977.3,1041.901,612.589,273.958,Independent sampling with replacement
5,30,849.86,1041.901,612.589,273.958,Independent sampling with replacement
5,31,1344.82,1041.901,612.589,273.958,Independent sampling with replacement
5,32,983.8,1041.901,612.589,273.958,Independent sampling with replacement
5,33,987.02,1041.901,612.589,273.958,Independent sampling with replacement
5,34,873.26,1041.901,612.589,273.958,Independent sampling with replacement
5,35,1017.78,1041.901,612.589,273.958,Independent sampling with replacement
5,36,833.98,1041.901,612.589,273.958,Independent sampling with replacement
5,37,673.28,1041.901,612.589,273.958,Independent sampling with replacement
5,38,1256.48,1041.901,612.589,273.958,Independent sampling with replacement
5,39,787.94,1041.901,612.589,273.958,Independent sampling with replacement
5,40,627.58,1041.901,612.589,273.958,Independent sampling with replacement
5,41,1220.92,1041.901,612.589,273.958,Independent sampling with replacement
5,42,1056.14,1041.901,612.589,273.958,Independent sampling with replacement
5,43,852.92,1041.901,612.589,273.958,Independent sampling with replacement
5,44,809.84,1041.901,612.589,273.958,Independent sampling with replacement
5,45,911.64,1041.901,612.589,273.958,Independent sampling with replacement
5,46,1454.84,1041.901,612.589,273.958,Independent sampling with replacement
5,47,1711.74,1041.901,612.589,273.958,Independent sampling with replacement
5,48,1787.12,1041.901,612.589,273.958,Independent sampling with replacement
5,49,924.6,1041.901,612.589,273.958,Independent sampling with replacement
5,50,1017.3,1041.901,612.589,273.958,Independent sampling with replacement
5,51,849.94,1041.901,612.589,273.958,Independent sampling with replacement
5,52,904.46,1041.901,612.589,273.958,Independent sampling with replacement
5,53,595.64,1041.901,612.589,273.958,Independent sampling with replacement
5,54,1150.72,1041.901,612.589,273.958,Independent sampling with replacement
5,55,1453.98,1041.901,612.589,273.958,Independent sampling with replacement
5,56,1412.04,1041.901,612.589,273.958,Independent sampling with replacement
5,57,724.38,1041.901,612.589,273.958,Independent sampling with replacement
5,58,1419.58,1041.901,612.589,273.958,Independent sampling with replacement
5,59,1087.86,1041.901,612.589,273.958,Independent sampling with replacement
5,60,1102.78,1041.901,612.589,273.958,Independent sampling with replacement
5,61,1122.48,1041.901,612.589,273.958,Independent sampling with replacement
5,62,1042.6,1041.901,612.589,273.958,Independent sampling with replacement
5,63,775.18,1041.901,612.589,273.958,Independent sampling with replacement
5,64,812.92,1041.901,612.589,273.958,Independent sampling with replacement
5,65,1201.08,1041.901,612.589,273.958,Independent sampling with replacement
5,66,975.68,1041.901,612.589,273.958,Independent sampling with replacement
5,67,1237.6,1041.901,612.589,273.958,Independent sampling with replacement
5,68,652.7,1041.901,612.589,273.958,Independent sampling with replacement
5,69,882.44,1041.901,612.589,273.958,Independent sampling with replacement
5,70,1598.64,1041.901,612.589,273.958,Independent sampling with replacement
5,71,903.68,1041.901,612.589,273.958,Independent sampling with replacement
5,72,1418.94,1041.901,612.589,273.958,Independent sampling with replacement
5,73,1194.72,1041.901,612.589,273.958,Independent sampling with replacement
5,74,1668.18,1041.901,612.589,273.958,Independent sampling with replacement
5,75,950.12,1041.901,612.589,273.958,Independent sampling with replacement
5,76,957.88,1041.901,612.589,273.958,Independent sampling with replacement
5,77,1211.92,1041.901,612.589,273.958,Independent sampling with replacement
5,78,1377.2,1041.901,612.589,273.958,Independent sampling with replacement
5,79,492.8,1041.901,612.589,273.958,Independent sampling with replacement
5,80,655.76,1041.901,612.589,273.958,Independent sampling with replacement
5,81,1020.92,1041.901,612.589,273.958,Independent sampling with replacement
5,82,952.0,1041.901,612.589,273.958,Independent sampling with replacement
5,83,893.0,1041.901,612.589,273.958,Independent sampling with replacement
5,84,852.92,1041.901,612.589,273.958,Independent sampling with replacement
5,85,1047.4,1041.901,612.589,273.958,Independent sampling with replacement
5,86,1445.86,1041.901,612.589,273.958,Independent sampling with replacement
5,87,1255.82,1041.901,612.589,273.958,Independent sampling with replacement
5,88,701.34,1041.901,612.589,273.958,Independent sampling with replacement
5,89,955.98,1041.901,612.589,273.958,Independent sampling with replacement
5,90,1506.38,1041.901,612.589,273.958,Independent sampling with replacement
5,91,881.94,1041.901,612.589,273.958,Independent sampling with replacement
5,92,932.96,1041.901,612.589,273.958,Independent sampling with replacement
5,93,1117.48,1041.901,612.589,273.958,Independent sampling with replacement
5,94,1130.82,1041.901,612.589,273.958,Independent sampling with replacement
5,95,915.12,1041.901,612.589,273.958,Independent sampling with replacement
5,96,755.54,1041.901,612.589,273.958,Independent sampling with replacement
5,97,638.48,1041.901,612.589,273.958,Independent sampling with replacement
5,98,1534.44,1041.901,612.589,273.958,Independent sampling with replacement
5,99,833.64,1041.901,612.589,273.958,Independent sampling with replacement
5,100,1183.08,1041.901,612.589,273.958,Independent sampling with replacement
5,101,1163.04,1041.901,612.589,273.958,Independent sampling with replacement
5,102,945.76,1041.901,612.589,273.958,Independent sampling with replacement
5,103,1269.8,1041.901,612.589,273.958,Independent sampling with replacement
5,104,925.06,1041.901,612.589,273.958,Independent sampling with replacement
5,105,1022.94,1041.901,612.589,273.958,Independent sampling with replacement
5,106,694.94,1041.901,612.589,273.958,Independent sampling with replacement
5,107,691.62,1041.901,612.589,273.958,Independent sampling with replacement
5,108,1119.72,1041.901,612.589,273.958,Independent sampling with replacement
5,109,903.62,1041.901,612.589,273.958,Independent sampling with replacement
5,110,500.66,1041.901,612.589,273.958,Independent sampling with replacement
5,111,948.44,1041.901,612.589,273.958,Independent sampling with replacement
5,112,909.36,1041.901,612.589,273.958,Independent sampling with replacement
5,113,980.56,1041.901,612.589,273.958,Independent sampling with replacement
5,114,1024.74,1041.901,612.589,273.958,Independent sampling with replacement
5,115,948.68,1041.901,612.589,273.958,Independent sampling with replacement
5,116,938.08,1041.901,612.589,273.958,Independent sampling with replacement
5,117,1758.94,1041.901,612.589,273.958,Independent sampling with replacement
5,118,1034.26,1041.901,612.589,273.958,Independent sampling with replacement
5,119,1064.98,1041.901,612.589,273.958,Independent sampling with replacement
5,120,920.88,1041.901,612.589,273.958,Independent sampling with replacement
5,121,864.48,1041.901,612.589,273.958,Independent sampling with replacement
5,122,949.16,1041.901,612.589,273.958,Independent sampling with replacement
5,123,1202.28,1041.901,612.589,273.958,Independent sampling with replacement
5,124,895.68,1041.901,612.589,273.958,Independent sampling with replacement
5,125,995.1,1041.901,612.589,273.958,Independent sampling with replacement
5,126,805.9,1041.901,612.589,273.958,Independent sampling with replacement
5,127,976.74,1041.901,612.589,273.958,Independent sampling with replacement
5,128,1401.16,1041.901,612.589,273.958,Independent sampling with replacement
5,129,1326.2,1041.901,612.589,273.958,Independent sampling with replacement
5,130,785.98,1041.901,612.589,273.958,Independent sampling with replacement
5,131,932.02,1041.901,612.589,273.958,Independent sampling with replacement
5,132,667.72,1041.901,612.589,273.958,Independent sampling with replacement
5,133,1310.66,1041.901,612.589,273.958,Independent sampling with replacement
5,134,1166.82,1041.901,612.589,273.958,Independent sampling with replacement
5,135,843.98,1041.901,612.589,273.958,Independent sampling with replacement
5,136,1288.88,1041.901,612.589,273.958,Independent sampling with replacement
5,137,845.56,1041.901,612.589,273.958,Independent sampling with replacement
5,138,977.46,1041.901,612.589,273.958,Independent sampling with replacement
5,139,945.26,1041.901,612.589,273.958,Independent sampling with replacement
5,140,588.18,1041.901,612.589,273.958,Independent sampling with replacement
5,141,1216.48,1041.901,612.589,273.958,Independent sampling with replacement
5,142,925.9,1041.901,612.589,273.958,Independent sampling with replacement
5,143,1358.2,1041.901,612.589,273.958,Independent sampling with replacement
5,144,1026.44,1041.901,612.589,273.958,Independent sampling with replacement
5,145,607.1,1041.901,612.589,273.958,Independent sampling with replacement
5,146,1549.16,1041.901,612.589,273.958,Independent sampling with replacement
5,147,719.58,1041.901,612.589,273.958,Independent sampling with replacement
5,148,1163.64,1041.901,612.589,273.958,Independent sampling with replacement
5,149,838.6,1041.901,612.589,273.958,Independent sampling with replacement
5,150,925.52,1041.901,612.589,273.958,Independent sampling with replacement
5,151,1383.76,1041.901,612.589,273.958,Independent sampling with replacement
5,152,1745.0,1041.901,612.589,273.958,Independent sampling with replacement
5,153,1258.4,1041.901,612.589,273.958,Independent sampling with replacement
5,154,1607.74,1041.901,612.589,273.958,Independent sampling with replacement
5,155,1665.8,1041.901,612.589,273.958,Independent sampling with replacement
5,156,1361.5,1041.901,612.589,273.958,Independent sampling with replacement
5,157,1323.22,1041.901,612.589,273.958,Independent sampling with replacement
5,158,697.1,1041.901,612.589,273.958,Independent sampling with replacement
5,159,1363.48,1041.901,612.589,273.958,Independent sampling with replacement
5,160,1019.08,1041.901,612.589,273.958,Independent sampling with replacement
5,161,985.7,1041.901,612.589,273.958,Independent sampling with replacement
5,162,655.46,1041.901,612.589,273.958,Independent sampling with replacement
5,163,1145.82,1041.901,612.589,273.958,Independent sampling with replacement
5,164,859.94,1041.901,612.589,273.958,Independent sampling with replacement
5,165,780.66,1041.901,612.589,273.958,Independent sampling with replacement
5,166,1057.76,1041.901,612.589,273.958,Independent sampling with replacement
5,167,698.64,1041.901,612.589,273.958,Independent sampling with replacement
5,168,1137.1,1041.901,612.589,273.958,Independent sampling with replacement
5,169,1153.08,1041.901,612.589,273.958,Independent sampling with replacement
5,170,1289.2,1041.901,612.589,273.958,Independent sampling with replacement
5,171,1275.62,1041.901,612.589,273.958,Independent sampling with replacement
5,172,523.08,1041.901,612.589,273.958,Independent sampling with replacement
5,173,1054.7,1041.901,612.589,273.958,Independent sampling with replacement
5,174,643.74,1041.901,612.589,273.958,Independent sampling with replacement
5,175,1615.88,1041.901,612.589,273.958,Independent sampling with replacement
5,176,789.46,1041.901,612.589,273.958,Independent sampling with replacement
5,177,717.48,1041.901,612.589,273.958,Independent sampling with replacement
5,178,953.24,1041.901,612.589,273.958,Independent sampling with replacement
5,179,1152.98,1041.901,612.589,273.958,Independent sampling with replacement
5,180,832.18,1041.901,612.589,273.958,Independent sampling with replacement
5,181,1163.06,1041.901,612.589,273.958,Independent sampling with replacement
5,182,725.64,1041.901,612.589,273.958,Independent sampling with replacement
5,183,828.34,1041.901,612.589,273.958,Independent sampling with replacement
5,184,936.48,1041.901,612.589,273.958,Independent sampling with replacement
5,185,1305.58,1041.901,612.589,273.958,Independent sampling with replacement
5,186,826.6,1041.901,612.589,273.958,Independent sampling with replacement
5,187,1116.56,1041.901,612.589,273.958,Independent sampling with replacement
5,188,1225.08,1041.901,612.589,273.958,Independent sampling with replacement
5,189,500.38,1041.901,612.589,273.958,Independent sampling with replacement
5,190,1516.86,1041.901,612.589,273.958,Independent sampling with replacement
5,191,1819.86,1041.901,612.589,273.958,Independent sampling with replacement
5,192,1020.3,1041.901,612.589,273.958,Independent sampling with replacement
5,193,1155.14,1041.901,612.589,273.958,Independent sampling with replacement
5,194,967.9,1041.901,612.589,273.958,Independent sampling with replacement
5,195,1581.92,1041.901,612.589,273.958,Independent sampling with replacement
5,196,1777.68,1041.901,612.589,273.958,Independent sampling with replacement
5,197,1030.26,1041.901,612.589,273.958,Independent sampling with replacement
5,198,940.26,1041.901,612.589,273.958,Independent sampling with replacement
5,199,760.44,1041.901,612.589,273.958,Independent sampling with replacement
5,200,1878.32,1041.901,612.589,273.958,Independent sampling with replacement
5,201,1297.46,1041.901,612.589,273.958,Independent sampling with replacement
5,202,596.38,1041.901,612.589,273.958,Independent sampling with replacement
5,203,947.52,1041.901,612.589,273.958,Independent sampling with replacement
5,204,946.88,1041.901,612.589,273.958,Independent sampling with replacement
5,205,1021.52,1041.901,612.589,273.958,Independent sampling with replacement
5,206,745.0,1041.901,612.589,273.958,Independent sampling with replacement
5,207,1102.28,1041.901,612.589,273.958,Independent sampling with replacement
5,208,701.52,1041.901,612.589,273.958,Independent sampling with replacement
5,209,1077.66,1041.901,612.589,273.958,Independent sampling with replacement
5,210,993.58,1041.901,612.589,273.958,Independent sampling with replacement
5,211,911.24,1041.901,612.589,273.958,Independent sampling with replacement
5,212,880.9,1041.901,612.589,273.958,Independent sampling with replacement
5,213,1217.52,1041.901,612.589,273.958,Independent sampling with replacement
5,214,1097.2,1041.901,612.589,273.958,Independent sampling with replacement
5,215,835.6,1041.901,612.589,273.958,Independent sampling with replacement
5,216,1091.78,1041.901,612.589,273.958,Independent sampling with replacement
5,217,903.32,1041.901,612.589,273.958,Independent sampling with replacement
5,218,1515.66,1041.901,612.589,273.958,Independent sampling with replacement
5,219,1078.42,1041.901,612.589,273.958,Independent sampling with replacement
5,220,1562.24,1041.901,612.589,273.958,Independent sampling with replacement
5,221,841.42,1041.901,612.589,273.958,Independent sampling with replacement
5,222,750.24,1041.901,612.589,273.958,Independent sampling with replacement
5,223,1307.96,1041.901,612.589,273.958,Independent sampling with replacement
5,224,901.78,1041.901,612.589,273.958,Independent sampling with replacement
5,225,882.86,1041.901,612.589,273.958,Independent sampling with replacement
5,226,658.4,1041.901,612.589,273.958,Independent sampling with replacement
5,227,846.3,1041.901,612.589,273.958,Independent sampling with replacement
5,228,901.5,1041.901,612.589,273.958,Independent sampling with replacement
5,229,809.02,1041.901,612.589,273.958,Independent sampling with replacement
5,230,954.18,1041.901,612.589,273.958,Independent sampling with replacement
5,231,1742.12,1041.901,612.589,273.958,Independent sampling with replacement
5,232,1100.54,1041.901,612.589,273.958,Independent sampling with replacement
5,233,931.48,1041.901,612.589,273.958,Independent sampling with replacement
5,234,796.84,1041.901,612.589,273.958,Independent sampling with replacement
5,235,954.62,1041.901,612.589,273.958,Independent sampling with replacement
5,236,698.76,1041.901,612.589,273.958,Independent sampling with replacement
5,237,1218.64,1041.901,612.589,273.958,Independent sampling with replacement
5,238,657.66,1041.901,612.589,273.958,Independent sampling with replacement
5,239,1190.18,1041.901,612.589,273.958,Independent sampling with replacement
5,240,1046.8,1041.901,612.589,273.958,Independent sampling with replacement
5,241,1309.4,1041.901,612.589,273.958,Independent sampling with replacement
5,242,986.9,1041.901,612.589,273.958,Independent sampling with replacement
5,243,602.4,1041.901,612.589,273.958,Independent sampling with replacement
5,244,1003.12,1041.901,612.589,273.958,Independent sampling with replacement
5,245,1338.9,1041.901,612.589,273.958,Independent sampling with replacement
5,246,753.5,1041.901,612.589,273.958,Independent sampling with replacement
5,247,1044.02,1041.901,612.589,273.958,Independent sampling with replacement
5,248,757.26,1041.901,612.589,273.958,Independent sampling with replacement
5,249,663.38,1041.901,612.589,273.958,Independent sampling with replacement
5,250,1382.64,1041.901,612.589,273.958,Independent sampling with replacement
5,251,1283.46,1041.901,612.589,273.958,Independent sampling with replacement
5,252,965.76,1041.901,612.589,273.958,Independent sampling with replacement
5,253,920.34,1041.901,612.589,273.958,Independent sampling with replacement
5,254,1046.62,1041.901,612.589,273.958,Independent sampling with replacement
5,255,1661.82,1041.901,612.589,273.958,Independent sampling with replacement
5,256,1161.74,1041.901,612.589,273.958,Independent sampling with replacement
5,257,1081.04,1041.901,612.589,273.958,Independent sampling with replacement
5,258,932.92,1041.901,612.589,273.958,Independent sampling with replacement
5,259,1094.34,1041.901,612.589,273.958,Independent sampling with replacement
5,260,671.2,1041.901,612.589,273.958,Independent sampling with replacement
5,261,765.74,1041.901,612.589,273.958,Independent sampling with replacement
5,262,903.54,1041.901,612.589,273.958,Independent sampling with replacement
5,263,1220.66,1041.901,612.589,273.958,Independent sampling with replacement
5,264,1184.08,1041.901,612.589,273.958,Independent sampling with replacement
5,265,945.98,1041.901,612.589,273.958,Independent sampling with replacement
5,266,510.3,1041.901,612.589,273.958,Independent sampling with replacement
5,267,941.4,1041.901,612.589,273.958,Independent sampling with replacement
5,268,857.52,1041.901,612.589,273.958,Independent sampling with replacement
5,269,1076.96,1041.901,612.589,273.958,Independent sampling with replacement
5,270,1010.98,1041.901,612.589,273.958,Independent sampling with replacement
5,271,1065.08,1041.901,612.589,273.958,Independent sampling with replacement
5,272,889.98,1041.901,612.589,273.958,Independent sampling with replacement
5,273,773.0,1041.901,612.589,273.958,Independent sampling with replacement
5,274,1089.62,1041.901,612.589,273.958,Independent sampling with replacement
5,275,944.68,1041.901,612.589,273.958,Independent sampling with replacement
5,276,1600.6,1041.901,612.589,273.958,Independent sampling with replacement
5,277,919.56,1041.901,612.589,273.958,Independent sampling with replacement
5,278,1078.56,1041.901,612.589,273.958,Independent sampling with replacement
5,279,762.74,1041.901,612.589,273.958,Independent sampling with replacement
5,280,1133.46,1041.901,612.589,273.958,Independent sampling with replacement
5,281,984.72,1041.901,612.589,273.958,Independent sampling with replacement
5,282,887.58,1041.901,612.589,273.958,Independent sampling with replacement
5,283,887.52,1041.901,612.589,273.958,Independent sampling with replacement
5,284,1555.12,1041.901,612.589,273.958,Independent sampling with replacement
5,285,1423.82,1041.901,612.589,273.958,Independent sampling with replacement
5,286,1034.24,1041.901,612.589,273.958,Independent sampling with replacement
5,287,1026.68,1041.901,612.589,273.958,Independent sampling with replacement
5,288,1552.6,1041.901,612.589,273.958,Independent sampling with replacement
5,289,839.54,1041.901,612.589,273.958,Independent sampling with replacement
5,290,1686.2,1041.901,612.589,273.958,Independent sampling with replacement
5,291,846.14,1041.901,612.589,273.958,Independent sampling with replacement
5,292,1084.8,1041.901,612.589,273.958,Independent sampling with replacement
5,293,1022.06,1041.901,612.589,273.958,Independent sampling with replacement
5,294,1524.56,1041.901,612.589,273.958,Independent sampling with replacement
5,295,1224.86,1041.901,612.589,273.958,Independent sampling with replacement
5,296,1351.82,1041.901,612.589,273.958,Independent sampling with replacement
5,297,1077.88,1041.901,612.589,273.958,Independent sampling with replacement
5,298,1606.26,1041.901,612.589,273.958,Independent sampling with replacement
5,299,1290.52,1041.901,612.589,273.958,Independent sampling with replacement
5,300,969.54,1041.901,612.589,273.958,Independent sampling with replacement
5,301,943.72,1041.901,612.589,273.958,Independent sampling with replacement
5,302,918.58,1041.901,612.589,273.958,Independent sampling with replacement
5,303,1101.5,1041.901,612.589,273.958,Independent sampling with replacement
5,304,997.64,1041.901,612.589,273.958,Independent sampling with replacement
5,305,1022.44,1041.901,612.589,273.958,Independent sampling with replacement
5,306,1122.08,1041.901,612.589,273.958,Independent sampling with replacement
5,307,674.04,1041.901,612.589,273.958,Independent sampling with replacement
5,308,1141.78,1041.901,612.589,273.958,Independent sampling with replacement
5,309,1225.64,1041.901,612.589,273.958,Independent sampling with replacement
5,310,1046.22,1041.901,612.589,273.958,Independent sampling with replacement
5,311,683.52,1041.901,612.589,273.958,Independent sampling with replacement
5,312,1197.5,1041.901,612.589,273.958,Independent sampling with replacement
5,313,1530.78,1041.901,612.589,273.958,Independent sampling with replacement
5,314,1555.58,1041.901,612.589,273.958,Independent sampling with replacement
5,315,690.82,1041.901,612.589,273.958,Independent sampling with replacement
5,316,862.22,1041.901,612.589,273.958,Independent sampling with replacement
5,317,751.46,1041.901,612.589,273.958,Independent sampling with replacement
5,318,990.66,1041.901,612.589,273.958,Independent sampling with replacement
5,319,961.68,1041.901,612.589,273.958,Independent sampling with replacement
5,320,745.04,1041.901,612.589,273.958,Independent sampling with replacement
5,321,915.56,1041.901,612.589,273.958,Independent sampling with replacement
5,322,1202.82,1041.901,612.589,273.958,Independent sampling with replacement
5,323,869.86,1041.901,612.589,273.958,Independent sampling with replacement
5,324,1284.54,1041.901,612.589,273.958,Independent sampling with replacement
5,325,889.72,1041.901,612.589,273.958,Independent sampling with replacement
5,326,800.26,1041.901,612.589,273.958,Independent sampling with replacement
5,327,990.86,1041.901,612.589,273.958,Independent sampling with replacement
5,328,977.6,1041.901,612.589,273.958,Independent sampling with replacement
5,329,867.6,1041.901,612.589,273.958,Independent sampling with replacement
5,330,1442.16,1041.901,612.589,273.958,Independent sampling with replacement
5,331,1415.64,1041.901,612.589,273.958,Independent sampling with replacement
5,332,647.26,1041.901,612.589,273.958,Independent sampling with replacement
5,333,1325.48,1041.901,612.589,273.958,Independent sampling with replacement
5,334,745.24,1041.901,612.589,273.958,Independent sampling with replacement
5,335,786.14,1041.901,612.589,273.958,Independent sampling with replacement
5,336,656.24,1041.901,612.589,273.958,Independent sampling with replacement
5,337,929.32,1041.901,612.589,273.958,Independent sampling with replacement
5,338,762.28,1041.901,612.589,273.958,Independent sampling with replacement
5,339,1427.98,1041.901,612.589,273.958,Independent sampling with replacement
5,340,896.82,1041.901,612.589,273.958,Independent sampling with replacement
5,341,670.36,1041.901,612.589,273.958,Independent sampling with replacement
5,342,1120.78,1041.901,612.589,273.958,Independent sampling with replacement
5,343,934.86,1041.901,612.589,273.958,Independent sampling with replacement
5,344,660.48,1041.901,612.589,273.958,Independent sampling with replacement
5,345,1285.18,1041.901,612.589,273.958,Independent sampling with replacement
5,346,1174.62,1041.901,612.589,273.958,Independent sampling with replacement
5,347,1077.68,1041.901,612.589,273.958,Independent sampling with replacement
5,348,1285.16,1041.901,612.589,273.958,Independent sampling with replacement
5,349,1009.92,1041.901,612.589,273.958,Independent sampling with replacement
5,350,1079.32,1041.901,612.589,273.958,Independent sampling with replacement
5,351,734.28,1041.901,612.589,273.958,Independent sampling with replacement
5,352,753.4,1041.901,612.589,273.958,Independent sampling with replacement
5,353,1628.72,1041.901,612.589,273.958,Independent sampling with replacement
5,354,1104.26,1041.901,612.589,273.958,Independent sampling with replacement
5,355,876.32,1041.901,612.589,273.958,Independent sampling with replacement
5,356,1073.18,1041.901,612.589,273.958,Independent sampling with replacement
5,357,1172.58,1041.901,612.589,273.958,Independent sampling with replacement
5,358,1072.56,1041.901,612.589,273.958,Independent sampling with replacement
5,359,1090.12,1041.901,612.589,273.958,Independent sampling with replacement
5,360,1028.98,1041.901,612.589,273.958,Independent sampling with replacement
5,361,834.12,1041.901,612.589,273.958,Independent sampling with replacement
5,362,1108.24,1041.901,612.589,273.958,Independent sampling with replacement
5,363,980.34,1041.901,612.589,273.958,Independent sampling with replacement
5,364,1053.48,1041.901,612.589,273.958,Independent sampling with replacement
5,365,1008.76,1041.901,612.589,273.958,Independent sampling with replacement
5,366,739.78,1041.901,612.589,273.958,Independent sampling with replacement
5,367,567.4,1041.901,612.589,273.958,Independent sampling with replacement
5,368,1425.16,1041.901,612.589,273.958,Independent sampling with replacement
5,369,879.78,1041.901,612.589,273.958,Independent sampling with replacement
5,370,1243.66,1041.901,612.589,273.958,Independent sampling with replacement
5,371,960.28,1041.901,612.589,273.958,Independent sampling with replacement
5,372,679.54,1041.901,612.589,273.958,Independent sampling with replacement
5,373,861.6,1041.901,612.589,273.958,Independent sampling with replacement
5,374,829.5,1041.901,612.589,273.958,Independent sampling with replacement
5,375,1426.26,1041.901,612.589,273.958,Independent sampling with replacement
5,376,1189.48,1041.901,612.589,273.958,Independent sampling with replacement
5,377,730.48,1041.901,612.589,273.958,Independent sampling with replacement
5,378,935.14,1041.901,612.589,273.958,Independent sampling with replacement
5,379,1356.98,1041.901,612.589,273.958,Independent sampling with replacement
5,380,1185.32,1041.901,612.589,273.958,Independent sampling with replacement
5,381,1243.3,1041.901,612.589,273.958,Independent sampling with replacement
5,382,799.74,1041.901,612.589,273.958,Independent sampling with replacement
5,383,757.1,1041.901,612.589,273.958,Independent sampling with replacement
5,384,919.68,1041.901,612.589,273.958,Independent sampling with replacement
5,385,949.46,1041.901,612.589,273.958,Independent sampling with replacement
5,386,1477.34,1041.901,612.589,273.958,Independent sampling with replacement
5,387,901.42,1041.901,612.589,273.958,Independent sampling with replacement
5,388,911.92,1041.901,612.589,273.958,Independent sampling with replacement
5,389,970.92,1041.901,612.589,273.958,Independent sampling with replacement
5,390,1348.46,1041.901,612.589,273.958,Independent sampling with replacement
5,391,992.94,1041.901,612.589,273.958,Independent sampling with replacement
5,392,1061.4,1041.901,612.589,273.958,Independent sampling with replacement
5,393,894.14,1041.901,612.589,273.958,Independent sampling with replacement
5,394,992.44,1041.901,612.589,273.958,Independent sampling with replacement
5,395,1209.62,1041.901,612.589,273.958,Independent sampling with replacement
5,396,1587.32,1041.901,612.589,273.958,Independent sampling with replacement
5,397,1164.94,1041.901,612.589,273.958,Independent sampling with replacement
5,398,1348.66,1041.901,612.589,273.958,Independent sampling with replacement
5,399,1211.42,1041.901,612.589,273.958,Independent sampling with replacement
5,400,942.88,1041.901,612.589,273.958,Independent sampling with replacement
5,401,993.92,1041.901,612.589,273.958,Independent sampling with replacement
5,402,944.58,1041.901,612.589,273.958,Independent sampling with replacement
5,403,810.9,1041.901,612.589,273.958,Independent sampling with replacement
5,404,1015.18,1041.901,612.589,273.958,Independent sampling with replacement
5,405,925.26,1041.901,612.589,273.958,Independent sampling with replacement
5,406,1307.18,1041.901,612.589,273.958,Independent sampling with replacement
5,407,1158.8,1041.901,612.589,273.958,Independent sampling with replacement
5,408,917.46,1041.901,612.589,273.958,Independent sampling with replacement
5,409,750.56,1041.901,612.589,273.958,Independent sampling with replacement
5,410,608.2,1041.901,612.589,273.958,Independent sampling with replacement
5,411,865.14,1041.901,612.589,273.958,Independent sampling with replacement
5,412,1706.14,1041.901,612.589,273.958,Independent sampling with replacement
5,413,1033.12,1041.901,612.589,273.958,Independent sampling with replacement
5,414,959.36,1041.901,612.589,273.958,Independent sampling with replacement
5,415,801.7,1041.901,612.589,273.958,Independent sampling with replacement
5,416,763.72,1041.901,612.589,273.958,Independent sampling with replacement
5,417,1306.16,1041.901,612.589,273.958,Independent sampling with replacement
5,418,1059.66,1041.901,612.589,273.958,Independent sampling with replacement
5,419,784.0,1041.901,612.589,273.958,Independent sampling with replacement
5,420,1104.4,1041.901,612.589,273.958,Independent sampling with replacement
5,421,1089.68,1041.901,612.589,273.958,Independent sampling with replacement
5,422,942.4,1041.901,612.589,273.958,Independent sampling with replacement
5,423,1443.58,1041.901,612.589,273.958,Independent sampling with replacement
5,424,962.7,1041.901,612.589,273.958,Independent sampling with replacement
5,425,934.98,1041.901,612.589,273.958,Independent sampling with replacement
5,426,1133.02,1041.901,612.589,273.958,Independent sampling with replacement
5,427,750.2,1041.901,612.589,273.958,Independent sampling with replacement
5,428,1894.82,1041.901,612.589,273.958,Independent sampling with replacement
5,429,1152.18,1041.901,612.589,273.958,Independent sampling with replacement
5,430,1179.94,1041.901,612.589,273.958,Independent sampling with replacement
5,431,508.66,1041.901,612.589,273.958,Independent sampling with replacement
5,432,1444.58,1041.901,612.589,273.958,Independent sampling with replacement
5,433,866.32,1041.901,612.589,273.958,Independent sampling with replacement
5,434,967.74,1041.901,612.589,273.958,Independent sampling with replacement
5,435,1422.52,1041.901,612.589,273.958,Independent sampling with replacement
5,436,898.96,1041.901,612.589,273.958,Independent sampling with replacement
5,437,933.84,1041.901,612.589,273.958,Independent sampling with replacement
5,438,934.26,1041.901,612.589,273.958,Independent sampling with replacement
5,439,1670.32,1041.901,612.589,273.958,Independent sampling with replacement
5,440,959.6,1041.901,612.589,273.958,Independent sampling with replacement
5,441,1499.98,1041.901,612.589,273.958,Independent sampling with replacement
5,442,1317.78,1041.901,612.589,273.958,Independent sampling with replacement
5,443,742.14,1041.901,612.589,273.958,Independent sampling with replacement
5,444,788.98,1041.901,612.589,273.958,Independent sampling with replacement
5,445,1275.8,1041.901,612.589,273.958,Independent sampling with replacement
5,446,689.38,1041.901,612.589,273.958,Independent sampling with replacement
5,447,655.66,1041.901,612.589,273.958,Independent sampling with replacement
5,448,1038.66,1041.901,612.589,273.958,Independent sampling with replacement
5,449,578.58,1041.901,612.589,273.958,Independent sampling with replacement
5,450,1043.88,1041.901,612.589,273.958,Independent sampling with replacement
5,451,1042.92,1041.901,612.589,273.958,Independent sampling with replacement
5,452,1293.96,1041.901,612.589,273.958,Independent sampling with replacement
5,453,1154.48,1041.901,612.589,273.958,Independent sampling with replacement
5,454,1449.44,1041.901,612.589,273.958,Independent sampling with replacement
5,455,675.54,1041.901,612.589,273.958,Independent sampling with replacement
5,456,1782.72,1041.901,612.589,273.958,Independent sampling with replacement
5,457,1100.06,1041.901,612.589,273.958,Independent sampling with replacement
5,458,879.72,1041.901,612.589,273.958,Independent sampling with replacement
5,459,967.12,1041.901,612.589,273.958,Independent sampling with replacement
5,460,1063.28,1041.901,612.589,273.958,Independent sampling with replacement
5,461,1006.06,1041.901,612.589,273.958,Independent sampling with replacement
5,462,1483.06,1041.901,612.589,273.958,Independent sampling with replacement
5,463,729.5,1041.901,612.589,273.958,Independent sampling with replacement
5,464,712.26,1041.901,612.589,273.958,Independent sampling with replacement
5,465,987.26,1041.901,612.589,273.958,Independent sampling with replacement
5,466,813.96,1041.901,612.589,273.958,Independent sampling with replacement
5,467,1029.34,1041.901,612.589,273.958,Independent sampling with replacement
5,468,1050.88,1041.901,612.589,273.958,Independent sampling with replacement
5,469,1016.04,1041.901,612.589,273.958,Independent sampling with replacement
5,470,647.7,1041.901,612.589,273.958,Independent sampling with replacement
5,471,916.48,1041.901,612.589,273.958,Independent sampling with replacement
5,472,702.76,1041.901,612.589,273.958,Independent sampling with replacement
5,473,849.88,1041.901,612.589,273.958,Independent sampling with replacement
5,474,1313.58,1041.901,612.589,273.958,Independent sampling with replacement
5,475,1214.08,1041.901,612.589,273.958,Independent sampling with replacement
5,476,1548.1,1041.901,612.589,273.958,Independent sampling with replacement
5,477,1385.7,1041.901,612.589,273.958,Independent sampling with replacement
5,478,1019.58,1041.901,612.589,273.958,Independent sampling with replacement
5,479,1037.62,1041.901,612.589,273.958,Independent sampling with replacement
5,480,1302.54,1041.901,612.589,273.958,Independent sampling with replacement
5,481,1076.44,1041.901,612.589,273.958,Independent sampling with replacement
5,482,1033.78,1041.901,612.589,273.958,Independent sampling with replacement
5,483,732.26,1041.901,612.589,273.958,Independent sampling with replacement
5,484,1161.34,1041.901,612.589,273.958,Independent sampling with replacement
5,485,1208.98,1041.901,612.589,273.958,Independent sampling with replacement
5,486,964.14,1041.901,612.589,273.958,Independent sampling with replacement
5,487,957.76,1041.901,612.589,273.958,Independent sampling with replacement
5,488,546.6,1041.901,612.589,273.958,Independent sampling with replacement
5,489,1203.96,1041.901,612.589,273.958,Independent sampling with replacement
5,490,1383.58,1041.901,612.589,273.958,Independent sampling with replacement
5,491,1309.56,1041.901,612.589,273.958,Independent sampling with replacement
5,492,862.2,1041.901,612.589,273.958,Independent sampling with replacement
5,493,743.82,1041.901,612.589,273.958,Independent sampling with replacement
5,494,921.88,1041.901,612.589,273.958,Independent sampling with replacement
5,495,822.96,1041.901,612.589,273.958,Independent sampling with replacement
5,496,983.18,1041.901,612.589,273.958,Independent sampling with replacement
5,497,1458.7,1041.901,612.589,273.958,Independent sampling with replacement
5,498,1256.9,1041.901,612.589,273.958,Independent sampling with replacement
5,499,1142.08,1041.901,612.589,273.958,Independent sampling with replacement
5,500,1177.52,1041.901,612.589,273.958,Independent sampling with replacement
5,501,1388.1,1041.901,612.589,273.958,Independent sampling with replacement
5,502,700.46,1041.901,612.589,273.958,Independent sampling with replacement
5,503,1069.4,1041.901,612.589,273.958,Independent sampling with replacement
5,504,839.98,1041.901,612.589,273.958,Independent sampling with replacement
5,505,868.78,1041.901,612.589,273.958,Independent sampling with replacement
5,506,1366.7,1041.901,612.589,273.958,Independent sampling with replacement
5,507,1350.92,1041.901,612.589,273.958,Independent sampling with replacement
5,508,1126.12,1041.901,612.589,273.958,Independent sampling with replacement
5,509,1092.98,1041.901,612.589,273.958,Independent sampling with replacement
5,510,691.5,1041.901,612.589,273.958,Independent sampling with replacement
5,511,1673.38,1041.901,612.589,273.958,Independent sampling with replacement
5,512,697.7,1041.901,612.589,273.958,Independent sampling with replacement
5,513,1062.44,1041.901,612.589,273.958,Independent sampling with replacement
5,514,801.02,1041.901,612.589,273.958,Independent sampling with replacement
5,515,1116.24,1041.901,612.589,273.958,Independent sampling with replacement
5,516,1332.7,1041.901,612.589,273.958,Independent sampling with replacement
5,517,989.7,1041.901,612.589,273.958,Independent sampling with replacement
5,518,1304.2,1041.901,612.589,273.958,Independent sampling with replacement
5,519,1129.52,1041.901,612.589,273.958,Independent sampling with replacement
5,520,1349.6,1041.901,612.589,273.958,Independent sampling with replacement
5,521,1191.46,1041.901,612.589,273.958,Independent sampling with replacement
5,522,922.3,1041.901,612.589,273.958,Independent sampling with replacement
5,523,1123.28,1041.901,612.589,273.958,Independent sampling with replacement
5,524,923.38,1041.901,612.589,273.958,Independent sampling with replacement
5,525,846.9,1041.901,612.589,273.958,Independent sampling with replacement
5,526,1042.82,1041.901,612.589,273.958,Independent sampling with replacement
5,527,1051.68,1041.901,612.589,273.958,Independent sampling with replacement
5,528,1276.2,1041.901,612.589,273.958,Independent sampling with replacement
5,529,1055.32,1041.901,612.589,273.958,Independent sampling with replacement
5,530,1331.1,1041.901,612.589,273.958,Independent sampling with replacement
5,531,737.04,1041.901,612.589,273.958,Independent sampling with replacement
5,532,1100.8,1041.901,612.589,273.958,Independent sampling with replacement
5,533,741.72,1041.901,612.589,273.958,Independent sampling with replacement
5,534,1251.86,1041.901,612.589,273.958,Independent sampling with replacement
5,535,731.92,1041.901,612.589,273.958,Independent sampling with replacement
5,536,796.02,1041.901,612.589,273.958,Independent sampling with replacement
5,537,1029.2,1041.901,612.589,273.958,Independent sampling with replacement
5,538,916.54,1041.901,612.589,273.958,Independent sampling with replacement
5,539,1274.86,1041.901,612.589,273.958,Independent sampling with replacement
5,540,716.42,1041.901,612.589,273.958,Independent sampling with replacement
5,541,1148.84,1041.901,612.589,273.958,Independent sampling with replacement
5,542,679.38,1041.901,612.589,273.958,Independent sampling with replacement
5,543,613.86,1041.901,612.589,273.958,Independent sampling with replacement
5,544,1275.86,1041.901,612.589,273.958,Independent sampling with replacement
5,545,1145.48,1041.901,612.589,273.958,Independent sampling with replacement
5,546,708.44,1041.901,612.589,273.958,Independent sampling with replacement
5,547,638.98,1041.901,612.589,273.958,Independent sampling with replacement
5,548,466.34,1041.901,612.589,273.958,Independent sampling with replacement
5,549,1234.3,1041.901,612.589,273.958,Independent sampling with replacement
5,550,1227.8,1041.901,612.589,273.958,Independent sampling with replacement
5,551,904.44,1041.901,612.589,273.958,Independent sampling with replacement
5,552,1150.88,1041.901,612.589,273.958,Independent sampling with replacement
5,553,1296.26,1041.901,612.589,273.958,Independent sampling with replacement
5,554,909.34,1041.901,612.589,273.958,Independent sampling with replacement
5,555,766.12,1041.901,612.589,273.958,Independent sampling with replacement
5,556,924.96,1041.901,612.589,273.958,Independent sampling with replacement
5,557,934.94,1041.901,612.589,273.958,Independent sampling with replacement
5,558,1119.48,1041.901,612.589,273.958,Independent sampling with replacement
5,559,775.58,1041.901,612.589,273.958,Independent sampling with replacement
5,560,996.38,1041.901,612.589,273.958,Independent sampling with replacement
5,561,878.64,1041.901,612.589,273.958,Independent sampling with replacement
5,562,926.08,1041.901,612.589,273.958,Independent sampling with replacement
5,563,1339.7,1041.901,612.589,273.958,Independent sampling with replacement
5,564,893.08,1041.901,612.589,273.958,Independent sampling with replacement
5,565,819.56,1041.901,612.589,273.958,Independent sampling with replacement
5,566,1065.12,1041.901,612.589,273.958,Independent sampling with replacement
5,567,1179.32,1041.901,612.589,273.958,Independent sampling with replacement
5,568,1741.36,1041.901,612.589,273.958,Independent sampling with replacement
5,569,1369.48,1041.901,612.589,273.958,Independent sampling with replacement
5,570,942.56,1041.901,612.589,273.958,Independent sampling with replacement
5,571,1332.64,1041.901,612.589,273.958,Independent sampling with replacement
5,572,1427.8,1041.901,612.589,273.958,Independent sampling with replacement
5,573,997.16,1041.901,612.589,273.958,Independent sampling with replacement
5,574,1429.82,1041.901,612.589,273.958,Independent sampling with replacement
5,575,1381.76,1041.901,612.589,273.958,Independent sampling with replacement
5,576,1158.06,1041.901,612.589,273.958,Independent sampling with replacement
5,577,709.88,1041.901,612.589,273.958,Independent sampling with replacement
5,578,839.74,1041.901,612.589,273.958,Independent sampling with replacement
5,579,863.4,1041.901,612.589,273.958,Independent sampling with replacement
5,580,909.66,1041.901,612.589,273.958,Independent sampling with replacement
5,581,1625.48,1041.901,612.589,273.958,Independent sampling with replacement
5,582,1466.76,1041.901,612.589,273.958,Independent sampling with replacement
5,583,1206.52,1041.901,612.589,273.958,Independent sampling with replacement
5,584,920.74,1041.901,612.589,273.958,Independent sampling with replacement
5,585,1045.48,1041.901,612.589,273.958,Independent sampling with replacement
5,586,953.34,1041.901,612.589,273.958,Independent sampling with replacement
5,587,1161.56,1041.901,612.589,273.958,Independent sampling with replacement
5,588,1191.38,1041.901,612.589,273.958,Independent sampling with replacement
5,589,871.72,1041.901,612.589,273.958,Independent sampling with replacement
5,590,771.6,1041.901,612.589,273.958,Independent sampling with replacement
5,591,1109.26,1041.901,612.589,273.958,Independent sampling with replacement
5,592,928.74,1041.901,612.589,273.958,Independent sampling with replacement
5,593,1355.08,1041.901,612.589,273.958,Independent sampling with replacement
5,594,1317.62,1041.901,612.589,273.958,Independent sampling with replacement
5,595,1355.2,1041.901,612.589,273.958,Independent sampling with replacement
5,596,1814.46,1041.901,612.589,273.958,Independent sampling with replacement
5,597,1531.94,1041.901,612.589,273.958,Independent sampling with replacement
5,598,672.28,1041.901,612.589,273.958,Independent sampling with replacement
5,599,956.32,1041.901,612.589,273.958,Independent sampling with replacement
5,600,542.5,1041.901,612.589,273.958,Independent sampling with replacement
5,601,1001.04,1041.901,612.589,273.958,Independent sampling with replacement
5,602,1061.64,1041.901,612.589,273.958,Independent sampling with replacement
5,603,1007.3,1041.901,612.589,273.958,Independent sampling with replacement
5,604,1232.42,1041.901,612.589,273.958,Independent sampling with replacement
5,605,876.46,1041.901,612.589,273.958,Independent sampling with replacement
5,606,1100.54,1041.901,612.589,273.958,Independent sampling with replacement
5,607,1273.38,1041.901,612.589,273.958,Independent sampling with replacement
5,608,802.04,1041.901,612.589,273.958,Independent sampling with replacement
5,609,1057.42,1041.901,612.589,273.958,Independent sampling with replacement
5,610,1333.84,1041.901,612.589,273.958,Independent sampling with replacement
5,611,911.18,1041.901,612.589,273.958,Independent sampling with replacement
5,612,1278.94,1041.901,612.589,273.958,Independent sampling with replacement
5,613,741.56,1041.901,612.589,273.958,Independent sampling with replacement
5,614,911.38,1041.901,612.589,273.958,Independent sampling with replacement
5,615,880.06,1041.901,612.589,273.958,Independent sampling with replacement
5,616,1175.86,1041.901,612.589,273.958,Independent sampling with replacement
5,617,702.3,1041.901,612.589,273.958,Independent sampling with replacement
5,618,1314.08,1041.901,612.589,273.958,Independent sampling with replacement
5,619,1061.18,1041.901,612.589,273.958,Independent sampling with replacement
5,620,1693.92,1041.901,612.589,273.958,Independent sampling with replacement
5,621,1146.34,1041.901,612.589,273.958,Independent sampling with replacement
5,622,1089.28,1041.901,612.589,273.958,Independent sampling with replacement
5,623,920.72,1041.901,612.589,273.958,Independent sampling with replacement
5,624,1084.48,1041.901,612.589,273.958,Independent sampling with replacement
5,625,814.12,1041.901,612.589,273.958,Independent sampling with replacement
5,626,1224.7,1041.901,612.589,273.958,Independent sampling with replacement
5,627,1042.72,1041.901,612.589,273.958,Independent sampling with replacement
5,628,1450.32,1041.901,612.589,273.958,Independent sampling with replacement
5,629,1139.04,1041.901,612.589,273.958,Independent sampling with replacement
5,630,875.44,1041.901,612.589,273.958,Independent sampling with replacement
5,631,1837.68,1041.901,612.589,273.958,Independent sampling with replacement
5,632,778.68,1041.901,612.589,273.958,Independent sampling with replacement
5,633,725.38,1041.901,612.589,273.958,Independent sampling with replacement
5,634,1199.76,1041.901,612.589,273.958,Independent sampling with replacement
5,635,792.72,1041.901,612.589,273.958,Independent sampling with replacement
5,636,1062.98,1041.901,612.589,273.958,Independent sampling with replacement
5,637,1151.82,1041.901,612.589,273.958,Independent sampling with replacement
5,638,981.16,1041.901,612.589,273.958,Independent sampling with replacement
5,639,1671.22,1041.901,612.589,273.958,Independent sampling with replacement
5,640,985.3,1041.901,612.589,273.958,Independent sampling with replacement
5,641,984.92,1041.901,612.589,273.958,Independent sampling with replacement
5,642,1590.18,1041.901,612.589,273.958,Independent sampling with replacement
5,643,1106.68,1041.901,612.589,273.958,Independent sampling with replacement
5,644,1093.94,1041.901,612.589,273.958,Independent sampling with replacement
5,645,1777.2,1041.901,612.589,273.958,Independent sampling with replacement
5,646,1062.26,1041.901,612.589,273.958,Independent sampling with replacement
5,647,899.44,1041.901,612.589,273.958,Independent sampling with replacement
5,648,1083.4,1041.901,612.589,273.958,Independent sampling with replacement
5,649,1036.92,1041.901,612.589,273.958,Independent sampling with replacement
5,650,1155.2,1041.901,612.589,273.958,Independent sampling with replacement
5,651,1050.78,1041.901,612.589,273.958,Independent sampling with replacement
5,652,1471.4,1041.901,612.589,273.958,Independent sampling with replacement
5,653,1491.64,1041.901,612.589,273.958,Independent sampling with replacement
5,654,722.96,1041.901,612.589,273.958,Independent sampling with replacement
5,655,922.42,1041.901,612.589,273.958,Independent sampling with replacement
5,656,1073.74,1041.901,612.589,273.958,Independent sampling with replacement
5,657,706.1,1041.901,612.589,273.958,Independent sampling with replacement
5,658,745.38,1041.901,612.589,273.958,Independent sampling with replacement
5,659,758.16,1041.901,612.589,273.958,Independent sampling with replacement
5,660,1466.76,1041.901,612.589,273.958,Independent sampling with replacement
5,661,1006.96,1041.901,612.589,273.958,Independent sampling with replacement
5,662,1157.46,1041.901,612.589,273.958,Independent sampling with replacement
5,663,1369.48,1041.901,612.589,273.958,Independent sampling with replacement
5,664,1244.6,1041.901,612.589,273.958,Independent sampling with replacement
5,665,1108.28,1041.901,612.589,273.958,Independent sampling with replacement
5,666,1104.32,1041.901,612.589,273.958,Independent sampling with replacement
5,667,561.9,1041.901,612.589,273.958,Independent sampling with replacement
5,668,1019.42,1041.901,612.589,273.958,Independent sampling with replacement
5,669,975.56,1041.901,612.589,273.958,Independent sampling with replacement
5,670,680.24,1041.901,612.589,273.958,Independent sampling with replacement
5,671,885.26,1041.901,612.589,273.958,Independent sampling with replacement
5,672,845.34,1041.901,612.589,273.958,Independent sampling with replacement
5,673,843.04,1041.901,612.589,273.958,Independent sampling with replacement
5,674,1559.74,1041.901,612.589,273.958,Independent sampling with replacement
5,675,1205.4,1041.901,612.589,273.958,Independent sampling with replacement
5,676,1123.24,1041.901,612.589,273.958,Independent sampling with replacement
5,677,1222.1,1041.901,612.589,273.958,Independent sampling with replacement
5,678,1579.54,1041.901,612.589,273.958,Independent sampling with replacement
5,679,1645.1,1041.901,612.589,273.958,Independent sampling with replacement
5,680,1226.26,1041.901,612.589,273.958,Independent sampling with replacement
5,681,932.36,1041.901,612.589,273.958,Independent sampling with replacement
5,682,1039.26,1041.901,612.589,273.958,Independent sampling with replacement
5,683,945.0,1041.901,612.589,273.958,Independent sampling with replacement
5,684,981.82,1041.901,612.589,273.958,Independent sampling with replacement
5,685,866.66,1041.901,612.589,273.958,Independent sampling with replacement
5,686,1217.68,1041.901,612.589,273.958,Independent sampling with replacement
5,687,945.42,1041.901,612.589,273.958,Independent sampling with replacement
5,688,1413.98,1041.901,612.589,273.958,Independent sampling with replacement
5,689,910.7,1041.901,612.589,273.958,Independent sampling with replacement
5,690,1020.04,1041.901,612.589,273.958,Independent sampling with replacement
5,691,1003.26,1041.901,612.589,273.958,Independent sampling with replacement
5,692,1028.96,1041.901,612.589,273.958,Independent sampling with replacement
5,693,746.88,1041.901,612.589,273.958,Independent sampling with replacement
5,694,1385.14,1041.901,612.589,273.958,Independent sampling with replacement
5,695,1206.26,1041.901,612.589,273.958,Independent sampling with replacement
5,696,1426.76,1041.901,612.589,273.958,Independent sampling with replacement
5,697,707.18,1041.901,612.589,273.958,Independent sampling with replacement
5,698,1319.34,1041.901,612.589,273.958,Independent sampling with replacement
5,699,784.88,1041.901,612.589,273.958,Independent sampling with replacement
5,700,895.5,1041.901,612.589,273.958,Independent sampling with replacement
5,701,1242.76,1041.901,612.589,273.958,Independent sampling with replacement
5,702,1125.92,1041.901,612.589,273.958,Independent sampling with replacement
5,703,1087.8,1041.901,612.589,273.958,Independent sampling with replacement
5,704,1008.08,1041.901,612.589,273.958,Independent sampling with replacement
5,705,695.56,1041.901,612.589,273.958,Independent sampling with replacement
5,706,878.36,1041.901,612.589,273.958,Independent sampling with replacement
5,707,1007.66,1041.901,612.589,273.958,Independent sampling with replacement
5,708,917.54,1041.901,612.589,273.958,Independent sampling with replacement
5,709,1101.6,1041.901,612.589,273.958,Independent sampling with replacement
5,710,992.9,1041.901,612.589,273.958,Independent sampling with replacement
5,711,915.58,1041.901,612.589,273.958,Independent sampling with replacement
5,712,1348.84,1041.901,612.589,273.958,Independent sampling with replacement
5,713,1470.18,1041.901,612.589,273.958,Independent sampling with replacement
5,714,961.66,1041.901,612.589,273.958,Independent sampling with replacement
5,715,1561.24,1041.901,612.589,273.958,Independent sampling with replacement
5,716,1213.32,1041.901,612.589,273.958,Independent sampling with replacement
5,717,879.2,1041.901,612.589,273.958,Independent sampling with replacement
5,718,907.14,1041.901,612.589,273.958,Independent sampling with replacement
5,719,1008.44,1041.901,612.589,273.958,Independent sampling with replacement
5,720,628.24,1041.901,612.589,273.958,Independent sampling with replacement
5,721,1032.68,1041.901,612.589,273.958,Independent sampling with replacement
5,722,1005.3,1041.901,612.589,273.958,Independent sampling with replacement
5,723,771.02,1041.901,612.589,273.958,Independent sampling with replacement
5,724,919.72,1041.901,612.589,273.958,Independent sampling with replacement
5,725,577.54,1041.901,612.589,273.958,Independent sampling with replacement
5,726,1028.74,1041.901,612.589,273.958,Independent sampling with replacement
5,727,1061.18,1041.901,612.589,273.958,Independent sampling with replacement
5,728,1684.4,1041.901,612.589,273.958,Independent sampling with replacement
5,729,1232.68,1041.901,612.589,273.958,Independent sampling with replacement
5,730,1652.3,1041.901,612.589,273.958,Independent sampling with replacement
5,731,797.72,1041.901,612.589,273.958,Independent sampling with replacement
5,732,1120.96,1041.901,612.589,273.958,Independent sampling with replacement
5,733,937.4,1041.901,612.589,273.958,Independent sampling with replacement
5,734,1043.6,1041.901,612.589,273.958,Independent sampling with replacement
5,735,699.2,1041.901,612.589,273.958,Independent sampling with replacement
5,736,1038.38,1041.901,612.589,273.958,Independent sampling with replacement
5,737,1108.7,1041.901,612.589,273.958,Independent sampling with replacement
5,738,979.88,1041.901,612.589,273.958,Independent sampling with replacement
5,739,705.54,1041.901,612.589,273.958,Independent sampling with replacement
5,740,857.64,1041.901,612.589,273.958,Independent sampling with replacement
5,741,557.58,1041.901,612.589,273.958,Independent sampling with replacement
5,742,945.98,1041.901,612.589,273.958,Independent sampling with replacement
5,743,799.6,1041.901,612.589,273.958,Independent sampling with replacement
5,744,907.56,1041.901,612.589,273.958,Independent sampling with replacement
5,745,1069.96,1041.901,612.589,273.958,Independent sampling with replacement
5,746,1035.04,1041.901,612.589,273.958,Independent sampling with replacement
5,747,628.8,1041.901,612.589,273.958,Independent sampling with replacement
5,748,937.34,1041.901,612.589,273.958,Independent sampling with replacement
5,749,1008.24,1041.901,612.589,273.958,Independent sampling with replacement
5,750,1135.44,1041.901,612.589,273.958,Independent sampling with replacement
5,751,724.24,1041.901,612.589,273.958,Independent sampling with replacement
5,752,1710.84,1041.901,612.589,273.958,Independent sampling with replacement
5,753,1344.88,1041.901,612.589,273.958,Independent sampling with replacement
5,754,1106.4,1041.901,612.589,273.958,Independent sampling with replacement
5,755,1090.56,1041.901,612.589,273.958,Independent sampling with replacement
5,756,970.56,1041.901,612.589,273.958,Independent sampling with replacement
5,757,673.92,1041.901,612.589,273.958,Independent sampling with replacement
5,758,997.46,1041.901,612.589,273.958,Independent sampling with replacement
5,759,1284.76,1041.901,612.589,273.958,Independent sampling with replacement
5,760,960.38,1041.901,612.589,273.958,Independent sampling with replacement
5,761,873.36,1041.901,612.589,273.958,Independent sampling with replacement
5,762,983.22,1041.901,612.589,273.958,Independent sampling with replacement
5,763,1344.72,1041.901,612.589,273.958,Independent sampling with replacement
5,764,940.34,1041.901,612.589,273.958,Independent sampling with replacement
5,765,1041.6,1041.901,612.589,273.958,Independent sampling with replacement
5,766,1502.52,1041.901,612.589,273.958,Independent sampling with replacement
5,767,1328.72,1041.901,612.589,273.958,Independent sampling with replacement
5,768,790.96,1041.901,612.589,273.958,Independent sampling with replacement
5,769,802.34,1041.901,612.589,273.958,Independent sampling with replacement
5,770,1364.18,1041.901,612.589,273.958,Independent sampling with replacement
5,771,771.78,1041.901,612.589,273.958,Independent sampling with replacement
5,772,1026.18,1041.901,612.589,273.958,Independent sampling with replacement
5,773,1115.74,1041.901,612.589,273.958,Independent sampling with replacement
5,774,1133.1,1041.901,612.589,273.958,Independent sampling with replacement
5,775,714.28,1041.901,612.589,273.958,Independent sampling with replacement
5,776,1111.08,1041.901,612.589,273.958,Independent sampling with replacement
5,777,773.82,1041.901,612.589,273.958,Independent sampling with replacement
5,778,962.94,1041.901,612.589,273.958,Independent sampling with replacement
5,779,1126.0,1041.901,612.589,273.958,Independent sampling with replacement
5,780,835.78,1041.901,612.589,273.958,Independent sampling with replacement
5,781,1031.42,1041.901,612.589,273.958,Independent sampling with replacement
5,782,1223.18,1041.901,612.589,273.958,Independent sampling with replacement
5,783,1395.02,1041.901,612.589,273.958,Independent sampling with replacement
5,784,1008.92,1041.901,612.589,273.958,Independent sampling with replacement
5,785,1428.12,1041.901,612.589,273.958,Independent sampling with replacement
5,786,1493.74,1041.901,612.589,273.958,Independent sampling with replacement
5,787,983.76,1041.901,612.589,273.958,Independent sampling with replacement
5,788,932.42,1041.901,612.589,273.958,Independent sampling with replacement
5,789,1143.62,1041.901,612.589,273.958,Independent sampling with replacement
5,790,1155.76,1041.901,612.589,273.958,Independent sampling with replacement
5,791,814.66,1041.901,612.589,273.958,Independent sampling with replacement
5,792,1339.28,1041.901,612.589,273.958,Independent sampling with replacement
5,793,541.7,1041.901,612.589,273.958,Independent sampling with replacement
5,794,1435.18,1041.901,612.589,273.958,Independent sampling with replacement
5,795,961.4,1041.901,612.589,273.958,Independent sampling with replacement
5,796,1163.86,1041.901,612.589,273.958,Independent sampling with replacement
5,797,1000.84,1041.901,612.589,273.958,Independent sampling with replacement
5,798,702.36,1041.901,612.589,273.958,Independent sampling with replacement
5,799,1068.42,1041.901,612.589,273.958,Independent sampling with replacement
5,800,873.46,1041.901,612.589,273.958,Independent sampling with replacement
5,801,1114.92,1041.901,612.589,273.958,Independent sampling with replacement
5,802,557.62,1041.901,612.589,273.958,Independent sampling with replacement
5,803,949.44,1041.901,612.589,273.958,Independent sampling with replacement
5,804,929.82,1041.901,612.589,273.958,Independent sampling with replacement
5,805,1474.78,1041.901,612.589,273.958,Independent sampling with replacement
5,806,752.36,1041.901,612.589,273.958,Independent sampling with replacement
5,807,598.24,1041.901,612.589,273.958,Independent sampling with replacement
5,808,1165.22,1041.901,612.589,273.958,Independent sampling with replacement
5,809,827.12,1041.901,612.589,273.958,Independent sampling with replacement
5,810,1134.6,1041.901,612.589,273.958,Independent sampling with replacement
5,811,1313.34,1041.901,612.589,273.958,Independent sampling with replacement
5,812,866.66,1041.901,612.589,273.958,Independent sampling with replacement
5,813,1236.4,1041.901,612.589,273.958,Independent sampling with replacement
5,814,1017.66,1041.901,612.589,273.958,Independent sampling with replacement
5,815,1177.58,1041.901,612.589,273.958,Independent sampling with replacement
5,816,1067.94,1041.901,612.589,273.958,Independent sampling with replacement
5,817,683.16,1041.901,612.589,273.958,Independent sampling with replacement
5,818,1035.74,1041.901,612.589,273.958,Independent sampling with replacement
5,819,1053.02,1041.901,612.589,273.958,Independent sampling with replacement
5,820,927.4,1041.901,612.589,273.958,Independent sampling with replacement
5,821,680.14,1041.901,612.589,273.958,Independent sampling with replacement
5,822,1426.34,1041.901,612.589,273.958,Independent sampling with replacement
5,823,1311.46,1041.901,612.589,273.958,Independent sampling with replacement
5,824,1139.18,1041.901,612.589,273.958,Independent sampling with replacement
5,825,864.98,1041.901,612.589,273.958,Independent sampling with replacement
5,826,881.2,1041.901,612.589,273.958,Independent sampling with replacement
5,827,692.74,1041.901,612.589,273.958,Independent sampling with replacement
5,828,1188.36,1041.901,612.589,273.958,Independent sampling with replacement
5,829,1294.52,1041.901,612.589,273.958,Independent sampling with replacement
5,830,946.04,1041.901,612.589,273.958,Independent sampling with replacement
5,831,722.36,1041.901,612.589,273.958,Independent sampling with replacement
5,832,1660.78,1041.901,612.589,273.958,Independent sampling with replacement
5,833,687.56,1041.901,612.589,273.958,Independent sampling with replacement
5,834,1010.04,1041.901,612.589,273.958,Independent sampling with replacement
5,835,1526.62,1041.901,612.589,273.958,Independent sampling with replacement
5,836,981.84,1041.901,612.589,273.958,Independent sampling with replacement
5,837,1036.7,1041.901,612.589,273.958,Independent sampling with replacement
5,838,808.18,1041.901,612.589,273.958,Independent sampling with replacement
5,839,826.3,1041.901,612.589,273.958,Independent sampling with replacement
5,840,1212.8,1041.901,612.589,273.958,Independent sampling with replacement
5,841,788.4,1041.901,612.589,273.958,Independent sampling with replacement
5,842,1121.36,1041.901,612.589,273.958,Independent sampling with replacement
5,843,1116.28,1041.901,612.589,273.958,Independent sampling with replacement
5,844,1003.22,1041.901,612.589,273.958,Independent sampling with replacement
5,845,964.66,1041.901,612.589,273.958,Independent sampling with replacement
5,846,890.28,1041.901,612.589,273.958,Independent sampling with replacement
5,847,784.9,1041.901,612.589,273.958,Independent sampling with replacement
5,848,906.16,1041.901,612.589,273.958,Independent sampling with replacement
5,849,870.08,1041.901,612.589,273.958,Independent sampling with replacement
5,850,1052.14,1041.901,612.589,273.958,Independent sampling with replacement
5,851,1275.24,1041.901,612.589,273.958,Independent sampling with replacement
5,852,847.02,1041.901,612.589,273.958,Independent sampling with replacement
5,853,738.24,1041.901,612.589,273.958,Independent sampling with replacement
5,854,1081.2,1041.901,612.589,273.958,Independent sampling with replacement
5,855,1117.58,1041.901,612.589,273.958,Independent sampling with replacement
5,856,1447.02,1041.901,612.589,273.958,Independent sampling with replacement
5,857,1008.24,1041.901,612.589,273.958,Independent sampling with replacement
5,858,1029.54,1041.901,612.589,273.958,Independent sampling with replacement
5,859,945.82,1041.901,612.589,273.958,Independent sampling with replacement
5,860,872.36,1041.901,612.589,273.958,Independent sampling with replacement
5,861,1500.18,1041.901,612.589,273.958,Independent sampling with replacement
5,862,1284.64,1041.901,612.589,273.958,Independent sampling with replacement
5,863,916.36,1041.901,612.589,273.958,Independent sampling with replacement
5,864,1715.08,1041.901,612.589,273.958,Independent sampling with replacement
5,865,1802.2,1041.901,612.589,273.958,Independent sampling with replacement
5,866,626.48,1041.901,612.589,273.958,Independent sampling with replacement
5,867,886.3,1041.901,612.589,273.958,Independent sampling with replacement
5,868,885.48,1041.901,612.589,273.958,Independent sampling with replacement
5,869,901.76,1041.901,612.589,273.958,Independent sampling with replacement
5,870,1457.3,1041.901,612.589,273.958,Independent sampling with replacement
5,871,1056.08,1041.901,612.589,273.958,Independent sampling with replacement
5,872,1082.76,1041.901,612.589,273.958,Independent sampling with replacement
5,873,1197.32,1041.901,612.589,273.958,Independent sampling with replacement
5,874,1539.5,1041.901,612.589,273.958,Independent sampling with replacement
5,875,877.58,1041.901,612.589,273.958,Independent sampling with replacement
5,876,1368.94,1041.901,612.589,273.958,Independent sampling with replacement
5,877,943.88,1041.901,612.589,273.958,Independent sampling with replacement
5,878,900.04,1041.901,612.589,273.958,Independent sampling with replacement
5,879,942.84,1041.901,612.589,273.958,Independent sampling with replacement
5,880,958.74,1041.901,612.589,273.958,Independent sampling with replacement
5,881,864.66,1041.901,612.589,273.958,Independent sampling with replacement
5,882,1036.06,1041.901,612.589,273.958,Independent sampling with replacement
5,883,1069.7,1041.901,612.589,273.958,Independent sampling with replacement
5,884,1773.92,1041.901,612.589,273.958,Independent sampling with replacement
5,885,1173.0,1041.901,612.589,273.958,Independent sampling with replacement
5,886,957.22,1041.901,612.589,273.958,Independent sampling with replacement
5,887,725.08,1041.901,612.589,273.958,Independent sampling with replacement
5,888,940.72,1041.901,612.589,273.958,Independent sampling with replacement
5,889,1282.68,1041.901,612.589,273.958,Independent sampling with replacement
5,890,1371.8,1041.901,612.589,273.958,Independent sampling with replacement
5,891,1287.6,1041.901,612.589,273.958,Independent sampling with replacement
5,892,1218.06,1041.901,612.589,273.958,Independent sampling with replacement
5,893,753.88,1041.901,612.589,273.958,Independent sampling with replacement
5,894,826.74,1041.901,612.589,273.958,Independent sampling with replacement
5,895,698.36,1041.901,612.589,273.958,Independent sampling with replacement
5,896,1876.8,1041.901,612.589,273.958,Independent sampling with replacement
5,897,1088.86,1041.901,612.589,273.958,Independent sampling with replacement
5,898,1042.76,1041.901,612.589,273.958,Independent sampling with replacement
5,899,1262.0,1041.901,612.589,273.958,Independent sampling with replacement
5,900,1004.02,1041.901,612.589,273.958,Independent sampling with replacement
5,901,827.06,1041.901,612.589,273.958,Independent sampling with replacement
5,902,1370.62,1041.901,612.589,273.958,Independent sampling with replacement
5,903,1269.56,1041.901,612.589,273.958,Independent sampling with replacement
5,904,1233.34,1041.901,612.589,273.958,Independent sampling with replacement
5,905,1390.54,1041.901,612.589,273.958,Independent sampling with replacement
5,906,1102.64,1041.901,612.589,273.958,Independent sampling with replacement
5,907,732.04,1041.901,612.589,273.958,Independent sampling with replacement
5,908,981.8,1041.901,612.589,273.958,Independent sampling with replacement
5,909,886.64,1041.901,612.589,273.958,Independent sampling with replacement
5,910,1373.68,1041.901,612.589,273.958,Independent sampling with replacement
5,911,1722.6,1041.901,612.589,273.958,Independent sampling with replacement
5,912,810.94,1041.901,612.589,273.958,Independent sampling with replacement
5,913,1674.86,1041.901,612.589,273.958,Independent sampling with replacement
5,914,877.38,1041.901,612.589,273.958,Independent sampling with replacement
5,915,1976.78,1041.901,612.589,273.958,Independent sampling with replacement
5,916,1336.78,1041.901,612.589,273.958,Independent sampling with replacement
5,917,777.96,1041.901,612.589,273.958,Independent sampling with replacement
5,918,1342.1,1041.901,612.589,273.958,Independent sampling with replacement
5,919,1112.78,1041.901,612.589,273.958,Independent sampling with replacement
5,920,701.22,1041.901,612.589,273.958,Independent sampling with replacement
5,921,1622.72,1041.901,612.589,273.958,Independent sampling with replacement
5,922,1862.0,1041.901,612.589,273.958,Independent sampling with replacement
5,923,805.74,1041.901,612.589,273.958,Independent sampling with replacement
5,924,794.78,1041.901,612.589,273.958,Independent sampling with replacement
5,925,817.22,1041.901,612.589,273.958,Independent sampling with replacement
5,926,1382.06,1041.901,612.589,273.958,Independent sampling with replacement
5,927,1098.84,1041.901,612.589,273.958,Independent sampling with replacement
5,928,940.76,1041.901,612.589,273.958,Independent sampling with replacement
5,929,1097.66,1041.901,612.589,273.958,Independent sampling with replacement
5,930,1348.28,1041.901,612.589,273.958,Independent sampling with replacement
5,931,1144.0,1041.901,612.589,273.958,Independent sampling with replacement
5,932,1543.76,1041.901,612.589,273.958,Independent sampling with replacement
5,933,965.24,1041.901,612.589,273.958,Independent sampling with replacement
5,934,1260.68,1041.901,612.589,273.958,Independent sampling with replacement
5,935,1431.52,1041.901,612.589,273.958,Independent sampling with replacement
5,936,1102.94,1041.901,612.589,273.958,Independent sampling with replacement
5,937,1427.2,1041.901,612.589,273.958,Independent sampling with replacement
5,938,1135.9,1041.901,612.589,273.958,Independent sampling with replacement
5,939,767.72,1041.901,612.589,273.958,Independent sampling with replacement
5,940,936.58,1041.901,612.589,273.958,Independent sampling with replacement
5,941,1131.44,1041.901,612.589,273.958,Independent sampling with replacement
5,942,754.24,1041.901,612.589,273.958,Independent sampling with replacement
5,943,1411.58,1041.901,612.589,273.958,Independent sampling with replacement
5,944,964.78,1041.901,612.589,273.958,Independent sampling with replacement
5,945,1082.86,1041.901,612.589,273.958,Independent sampling with replacement
5,946,1280.7,1041.901,612.589,273.958,Independent sampling with replacement
5,947,1214.88,1041.901,612.589,273.958,Independent sampling with replacement
5,948,639.44,1041.901,612.589,273.958,Independent sampling with replacement
5,949,1234.34,1041.901,612.589,273.958,Independent sampling with replacement
5,950,625.68,1041.901,612.589,273.958,Independent sampling with replacement
5,951,971.8,1041.901,612.589,273.958,Independent sampling with replacement
5,952,1211.88,1041.901,612.589,273.958,Independent sampling with replacement
5,953,1384.52,1041.901,612.589,273.958,Independent sampling with replacement
5,954,842.38,1041.901,612.589,273.958,Independent sampling with replacement
5,955,940.44,1041.901,612.589,273.958,Independent sampling with replacement
5,956,1774.78,1041.901,612.589,273.958,Independent sampling with replacement
5,957,890.36,1041.901,612.589,273.958,Independent sampling with replacement
5,958,1181.08,1041.901,612.589,273.958,Independent sampling with replacement
5,959,964.22,1041.901,612.589,273.958,Independent sampling with replacement
5,960,850.92,1041.901,612.589,273.958,Independent sampling with replacement
5,961,1168.88,1041.901,612.589,273.958,Independent sampling with replacement
5,962,1518.64,1041.901,612.589,273.958,Independent sampling with replacement
5,963,967.7,1041.901,612.589,273.958,Independent sampling with replacement
5,964,899.28,1041.901,612.589,273.958,Independent sampling with replacement
5,965,1316.76,1041.901,612.589,273.958,Independent sampling with replacement
5,966,1191.52,1041.901,612.589,273.958,Independent sampling with replacement
5,967,912.62,1041.901,612.589,273.958,Independent sampling with replacement
5,968,1184.8,1041.901,612.589,273.958,Independent sampling with replacement
5,969,1009.6,1041.901,612.589,273.958,Independent sampling with replacement
5,970,744.12,1041.901,612.589,273.958,Independent sampling with replacement
5,971,974.58,1041.901,612.589,273.958,Independent sampling with replacement
5,972,2414.06,1041.901,612.589,273.958,Independent sampling with replacement
5,973,938.38,1041.901,612.589,273.958,Independent sampling with replacement
5,974,1187.48,1041.901,612.589,273.958,Independent sampling with replacement
5,975,1547.86,1041.901,612.589,273.958,Independent sampling with replacement
5,976,862.46,1041.901,612.589,273.958,Independent sampling with replacement
5,977,784.8,1041.901,612.589,273.958,Independent sampling with replacement
5,978,1009.46,1041.901,612.589,273.958,Independent sampling with replacement
5,979,923.64,1041.901,612.589,273.958,Independent sampling with replacement
5,980,1306.32,1041.901,612.589,273.958,Independent sampling with replacement
5,981,899.0,1041.901,612.589,273.958,Independent sampling with replacement
5,982,782.46,1041.901,612.589,273.958,Independent sampling with replacement
5,983,910.48,1041.901,612.589,273.958,Independent sampling with replacement
5,984,1448.1,1041.901,612.589,273.958,Independent sampling with replacement
5,985,808.36,1041.901,612.589,273.958,Independent sampling with replacement
5,986,906.86,1041.901,612.589,273.958,Independent sampling with replacement
5,987,1496.42,1041.901,612.589,273.958,Independent sampling with replacement
5,988,1113.78,1041.901,612.589,273.958,Independent sampling with replacement
5,989,1113.4,1041.901,612.589,273.958,Independent sampling with replacement
5,990,1282.2,1041.901,612.589,273.958,Independent sampling with replacement
5,991,1287.84,1041.901,612.589,273.958,Independent sampling with replacement
5,992,1365.8,1041.901,612.589,273.958,Independent sampling with replacement
5,993,1067.44,1041.901,612.589,273.958,Independent sampling with replacement
5,994,897.54,1041.901,612.589,273.958,Independent sampling with replacement
5,995,1366.1,1041.901,612.589,273.958,Independent sampling with replacement
5,996,928.96,1041.901,612.589,273.958,Independent sampling with replacement
5,997,1261.38,1041.901,612.589,273.958,Independent sampling with replacement
5,998,644.34,1041.901,612.589,273.958,Independent sampling with replacement
5,999,1090.92,1041.901,612.589,273.958,Independent sampling with replacement
5,1000,976.8,1041.901,612.589,273.958,Independent sampling with replacement
30,1,1113.63,1041.901,612.589,111.843,Independent sampling with replacement
30,2,1151.67,1041.901,612.589,111.843,Independent sampling with replacement
30,3,890.883,1041.901,612.589,111.843,Independent sampling with replacement
30,4,1041.41,1041.901,612.589,111.843,Independent sampling with replacement
30,5,965.247,1041.901,612.589,111.843,Independent sampling with replacement
30,6,871.987,1041.901,612.589,111.843,Independent sampling with replacement
30,7,1087.127,1041.901,612.589,111.843,Independent sampling with replacement
30,8,1121.277,1041.901,612.589,111.843,Independent sampling with replacement
30,9,1188.743,1041.901,612.589,111.843,Independent sampling with replacement
30,10,901.183,1041.901,612.589,111.843,Independent sampling with replacement
30,11,1129.343,1041.901,612.589,111.843,Independent sampling with replacement
30,12,1043.987,1041.901,612.589,111.843,Independent sampling with replacement
30,13,851.15,1041.901,612.589,111.843,Independent sampling with replacement
30,14,1145.1,1041.901,612.589,111.843,Independent sampling with replacement
30,15,829.577,1041.901,612.589,111.843,Independent sampling with replacement
30,16,1235.283,1041.901,612.589,111.843,Independent sampling with replacement
30,17,960.633,1041.901,612.589,111.843,Independent sampling with replacement
30,18,964.443,1041.901,612.589,111.843,Independent sampling with replacement
30,19,1004.007,1041.901,612.589,111.843,Independent sampling with replacement
30,20,927.103,1041.901,612.589,111.843,Independent sampling with replacement
30,21,1295.947,1041.901,612.589,111.843,Independent sampling with replacement
30,22,1164.603,1041.901,612.589,111.843,Independent sampling with replacement
30,23,1330.17,1041.901,612.589,111.843,Independent sampling with replacement
30,24,1142.24,1041.901,612.589,111.843,Independent sampling with replacement
30,25,1179.16,1041.901,612.589,111.843,Independent sampling with replacement
30,26,1019.733,1041.901,612.589,111.843,Independent sampling with replacement
30,27,1112.143,1041.901,612.589,111.843,Independent sampling with replacement
30,28,1020.2,1041.901,612.589,111.843,Independent sampling with replacement
30,29,1167.47,1041.901,612.589,111.843,Independent sampling with replacement
30,30,1019.307,1041.901,612.589,111.843,Independent sampling with replacement
30,31,973.38,1041.901,612.589,111.843,Independent sampling with replacement
30,32,1051.963,1041.901,612.589,111.843,Independent sampling with replacement
30,33,1173.13,1041.901,612.589,111.843,Independent sampling with replacement
30,34,1196.853,1041.901,612.589,111.843,Independent sampling with replacement
30,35,1212.78,1041.901,612.589,111.843,Independent sampling with replacement
30,36,894.55,1041.901,612.589,111.843,Independent sampling with replacement
30,37,984.717,1041.901,612.589,111.843,Independent sampling with replacement
30,38,1196.233,1041.901,612.589,111.843,Independent sampling with replacement
30,39,994.317,1041.901,612.589,111.843,Independent sampling with replacement
30,40,962.557,1041.901,612.589,111.843,Independent sampling with replacement
30,41,953.573,1041.901,612.589,111.843,Independent sampling with replacement
30,42,937.42,1041.901,612.589,111.843,Independent sampling with replacement
30,43,1136.707,1041.901,612.589,111.843,Independent sampling with replacement
30,44,935.557,1041.901,612.589,111.843,Independent sampling with replacement
30,45,1151.17,1041.901,612.589,111.843,Independent sampling with replacement
30,46,938.487,1041.901,612.589,111.843,Independent sampling with replacement
30,47,960.557,1041.901,612.589,111.843,Independent sampling with replacement
30,48,1239.613,1041.901,612.589,111.843,Independent sampling with replacement
30,49,1079.677,1041.901,612.589,111.843,Independent sampling with replacement
30,50,1073.767,1041.901,612.589,111.843,Independent sampling with replacement
30,51,1013.667,1041.901,612.589,111.843,Independent sampling with replacement
30,52,1106.377,1041.901,612.589,111.843,Independent sampling with replacement
30,53,996.067,1041.901,612.589,111.843,Independent sampling with replacement
30,54,965.393,1041.901,612.589,111.843,Independent sampling with replacement
30,55,1123.623,1041.901,612.589,111.843,Independent sampling with replacement
30,56,931.237,1041.901,612.589,111.843,Independent sampling with replacement
30,57,1046.293,1041.901,612.589,111.843,Independent sampling with replacement
30,58,874.763,1041.901,612.589,111.843,Independent sampling with replacement
30,59,1057.89,1041.901,612.589,111.843,Independent sampling with replacement
30,60,1130.287,1041.901,612.589,111.843,Independent sampling with replacement
30,61,935.55,1041.901,612.589,111.843,Independent sampling with replacement
30,62,1241.843,1041.901,612.589,111.843,Independent sampling with replacement
30,63,975.92,1041.901,612.589,111.843,Independent sampling with replacement
30,64,1282.017,1041.901,612.589,111.843,Independent sampling with replacement
30,65,985.547,1041.901,612.589,111.843,Independent sampling with replacement
30,66,1421.227,1041.901,612.589,111.843,Independent sampling with replacement
30,67,1066.31,1041.901,612.589,111.843,Independent sampling with replacement
30,68,1098.84,1041.901,612.589,111.843,Independent sampling with replacement
30,69,1263.643,1041.901,612.589,111.843,Independent sampling with replacement
30,70,983.82,1041.901,612.589,111.843,Independent sampling with replacement
30,71,860.057,1041.901,612.589,111.843,Independent sampling with replacement
30,72,1145.22,1041.901,612.589,111.843,Independent sampling with replacement
30,73,1133.323,1041.901,612.589,111.843,Independent sampling with replacement
30,74,933.713,1041.901,612.589,111.843,Independent sampling with replacement
30,75,1029.653,1041.901,612.589,111.843,Independent sampling with replacement
30,76,1123.107,1041.901,612.589,111.843,Independent sampling with replacement
30,77,963.28,1041.901,612.589,111.843,Independent sampling with replacement
30,78,1097.747,1041.901,612.589,111.843,Independent sampling with replacement
30,79,1197.68,1041.901,612.589,111.843,Independent sampling with replacement
30,80,1043.56,1041.901,612.589,111.843,Independent sampling with replacement
30,81,995.407,1041.901,612.589,111.843,Independent sampling with replacement
30,82,1006.11,1041.901,612.589,111.843,Independent sampling with replacement
30,83,1033.78,1041.901,612.589,111.843,Independent sampling with replacement
30,84,953.673,1041.901,612.589,111.843,Independent sampling with replacement
30,85,1101.95,1041.901,612.589,111.843,Independent sampling with replacement
30,86,917.943,1041.901,612.589,111.843,Independent sampling with replacement
30,87,1110.483,1041.901,612.589,111.843,Independent sampling with replacement
30,88,753.63,1041.901,612.589,111.843,Independent sampling with replacement
30,89,1056.593,1041.901,612.589,111.843,Independent sampling with replacement
30,90,1018.323,1041.901,612.589,111.843,Independent sampling with replacement
30,91,1173.52,1041.901,612.589,111.843,Independent sampling with replacement
30,92,934.833,1041.901,612.589,111.843,Independent sampling with replacement
30,93,1146.35,1041.901,612.589,111.843,Independent sampling with replacement
30,94,1137.583,1041.901,612.589,111.843,Independent sampling with replacement
30,95,1373.813,1041.901,612.589,111.843,Independent sampling with replacement
30,96,884.33,1041.901,612.589,111.843,Independent sampling with replacement
30,97,1217.53,1041.901,612.589,111.843,Independent sampling with replacement
30,98,1073.777,1041.901,612.589,111.843,Independent sampling with replacement
30,99,961.043,1041.901,612.589,111.843,Independent sampling with replacement
30,100,1193.07,1041.901,612.589,111.843,Independent sampling with replacement
30,101,964.567,1041.901,612.589,111.843,Independent sampling with replacement
30,102,1067.757,1041.901,612.589,111.843,Independent sampling with replacement
30,103,1159.633,1041.901,612.589,111.843,Independent sampling with replacement
30,104,980.647,1041.901,612.589,111.843,Independent sampling with replacement
30,105,1335.837,1041.901,612.589,111.843,Independent sampling with replacement
30,106,1024.413,1041.901,612.589,111.843,Independent sampling with replacement
30,107,815.387,1041.901,612.589,111.843,Independent sampling with replacement
30,108,1017.117,1041.901,612.589,111.843,Independent sampling with replacement
30,109,1098.437,1041.901,612.589,111.843,Independent sampling with replacement
30,110,767.347,1041.901,612.589,111.843,Independent sampling with replacement
30,111,897.077,1041.901,612.589,111.843,Independent sampling with replacement
30,112,938.793,1041.901,612.589,111.843,Independent sampling with replacement
30,113,966.687,1041.901,612.589,111.843,Independent sampling with replacement
30,114,1176.903,1041.901,612.589,111.843,Independent sampling with replacement
30,115,969.89,1041.901,612.589,111.843,Independent sampling with replacement
30,116,1206.75,1041.901,612.589,111.843,Independent sampling with replacement
30,117,1023.477,1041.901,612.589,111.843,Independent sampling with replacement
30,118,1040.6,1041.901,612.589,111.843,Independent sampling with replacement
30,119,1037.933,1041.901,612.589,111.843,Independent sampling with replacement
30,120,1131.423,1041.901,612.589,111.843,Independent sampling with replacement
30,121,832.32,1041.901,612.589,111.843,Independent sampling with replacement
30,122,868.92,1041.901,612.589,111.843,Independent sampling with replacement
30,123,1077.037,1041.901,612.589,111.843,Independent sampling with replacement
30,124,1097.07,1041.901,612.589,111.843,Independent sampling with replacement
30,125,951.5,1041.901,612.589,111.843,Independent sampling with replacement
30,126,1105.047,1041.901,612.589,111.843,Independent sampling with replacement
30,127,899.127,1041.901,612.589,111.843,Independent sampling with replacement
30,128,844.613,1041.901,612.589,111.843,Independent sampling with replacement
30,129,916.0,1041.901,612.589,111.843,Independent sampling with replacement
30,130,984.483,1041.901,612.589,111.843,Independent sampling with replacement
30,131,1199.0,1041.901,612.589,111.843,Independent sampling with replacement
30,132,1278.173,1041.901,612.589,111.843,Independent sampling with replacement
30,133,878.743,1041.901,612.589,111.843,Independent sampling with replacement
30,134,1023.603,1041.901,612.589,111.843,Independent sampling with replacement
30,135,1129.77,1041.901,612.589,111.843,Independent sampling with replacement
30,136,888.623,1041.901,612.589,111.843,Independent sampling with replacement
30,137,1037.743,1041.901,612.589,111.843,Independent sampling with replacement
30,138,1111.613,1041.901,612.589,111.843,Independent sampling with replacement
30,139,1106.157,1041.901,612.589,111.843,Independent sampling with replacement
30,140,1070.623,1041.901,612.589,111.843,Independent sampling with replacement
30,141,989.597,1041.901,612.589,111.843,Independent sampling with replacement
30,142,1000.907,1041.901,612.589,111.843,Independent sampling with replacement
30,143,1013.883,1041.901,612.589,111.843,Independent sampling with replacement
30,144,887.96,1041.901,612.589,111.843,Independent sampling with replacement
30,145,965.897,1041.901,612.589,111.843,Independent sampling with replacement
30,146,836.16,1041.901,612.589,111.843,Independent sampling with replacement
30,147,1021.367,1041.901,612.589,111.843,Independent sampling with replacement
30,148,1187.913,1041.901,612.589,111.843,Independent sampling with replacement
30,149,1029.343,1041.901,612.589,111.843,Independent sampling with replacement
30,150,955.823,1041.901,612.589,111.843,Independent sampling with replacement
30,151,1005.963,1041.901,612.589,111.843,Independent sampling with replacement
30,152,1030.277,1041.901,612.589,111.843,Independent sampling with replacement
30,153,1079.693,1041.901,612.589,111.843,Independent sampling with replacement
30,154,1294.917,1041.901,612.589,111.843,Independent sampling with replacement
30,155,1030.13,1041.901,612.589,111.843,Independent sampling with replacement
30,156,936.797,1041.901,612.589,111.843,Independent sampling with replacement
30,157,1212.1,1041.901,612.589,111.843,Independent sampling with replacement
30,158,1094.727,1041.901,612.589,111.843,Independent sampling with replacement
30,159,1014.273,1041.901,612.589,111.843,Independent sampling with replacement
30,160,972.913,1041.901,612.589,111.843,Independent sampling with replacement
30,161,986.02,1041.901,612.589,111.843,Independent sampling with replacement
30,162,928.593,1041.901,612.589,111.843,Independent sampling with replacement
30,163,1087.53,1041.901,612.589,111.843,Independent sampling with replacement
30,164,959.41,1041.901,612.589,111.843,Independent sampling with replacement
30,165,943.917,1041.901,612.589,111.843,Independent sampling with replacement
30,166,1052.073,1041.901,612.589,111.843,Independent sampling with replacement
30,167,1026.05,1041.901,612.589,111.843,Independent sampling with replacement
30,168,1034.377,1041.901,612.589,111.843,Independent sampling with replacement
30,169,1009.107,1041.901,612.589,111.843,Independent sampling with replacement
30,170,1184.99,1041.901,612.589,111.843,Independent sampling with replacement
30,171,902.057,1041.901,612.589,111.843,Independent sampling with replacement
30,172,1062.56,1041.901,612.589,111.843,Independent sampling with replacement
30,173,1019.08,1041.901,612.589,111.843,Independent sampling with replacement
30,174,1333.163,1041.901,612.589,111.843,Independent sampling with replacement
30,175,785.64,1041.901,612.589,111.843,Independent sampling with replacement
30,176,1054.253,1041.901,612.589,111.843,Independent sampling with replacement
30,177,1071.873,1041.901,612.589,111.843,Independent sampling with replacement
30,178,978.357,1041.901,612.589,111.843,Independent sampling with replacement
30,179,1003.36,1041.901,612.589,111.843,Independent sampling with replacement
30,180,1037.64,1041.901,612.589,111.843,Independent sampling with replacement
30,181,990.093,1041.901,612.589,111.843,Independent sampling with replacement
30,182,1015.873,1041.901,612.589,111.843,Independent sampling with replacement
30,183,895.953,1041.901,612.589,111.843,Independent sampling with replacement
30,184,1226.647,1041.901,612.589,111.843,Independent sampling with replacement
30,185,1030.86,1041.901,612.589,111.843,Independent sampling with replacement
30,186,978.73,1041.901,612.589,111.843,Independent sampling with replacement
30,187,1086.283,1041.901,612.589,111.843,Independent sampling with replacement
30,188,1022.74,1041.901,612.589,111.843,Independent sampling with replacement
30,189,909.317,1041.901,612.589,111.843,Independent sampling with replacement
30,190,1152.23,1041.901,612.589,111.843,Independent sampling with replacement
30,191,935.09,1041.901,612.589,111.843,Independent sampling with replacement
30,192,1121.577,1041.901,612.589,111.843,Independent sampling with replacement
30,193,1282.66,1041.901,612.589,111.843,Independent sampling with replacement
30,194,1038.18,1041.901,612.589,111.843,Independent sampling with replacement
30,195,1163.65,1041.901,612.589,111.843,Independent sampling with replacement
30,196,964.49,1041.901,612.589,111.843,Independent sampling with replacement
30,197,1011.87,1041.901,612.589,111.843,Independent sampling with replacement
30,198,993.47,1041.901,612.589,111.843,Independent sampling with replacement
30,199,1190.003,1041.901,612.589,111.843,Independent sampling with replacement
30,200,1175.923,1041.901,612.589,111.843,Independent sampling with replacement
30,201,1006.213,1041.901,612.589,111.843,Independent sampling with replacement
30,202,1009.44,1041.901,612.589,111.843,Independent sampling with replacement
30,203,892.97,1041.901,612.589,111.843,Independent sampling with replacement
30,204,1220.877,1041.901,612.589,111.843,Independent sampling with replacement
30,205,1023.387,1041.901,612.589,111.843,Independent sampling with replacement
30,206,930.18,1041.901,612.589,111.843,Independent sampling with replacement
30,207,941.917,1041.901,612.589,111.843,Independent sampling with replacement
30,208,1381.657,1041.901,612.589,111.843,Independent sampling with replacement
30,209,1218.223,1041.901,612.589,111.843,Independent sampling with replacement
30,210,998.3,1041.901,612.589,111.843,Independent sampling with replacement
30,211,1022.32,1041.901,612.589,111.843,Independent sampling with replacement
30,212,1092.393,1041.901,612.589,111.843,Independent sampling with replacement
30,213,1157.223,1041.901,612.589,111.843,Independent sampling with replacement
30,214,1090.453,1041.901,612.589,111.843,Independent sampling with replacement
30,215,1089.707,1041.901,612.589,111.843,Independent sampling with replacement
30,216,992.797,1041.901,612.589,111.843,Independent sampling with replacement
30,217,1015.493,1041.901,612.589,111.843,Independent sampling with replacement
30,218,1107.06,1041.901,612.589,111.843,Independent sampling with replacement
30,219,1036.95,1041.901,612.589,111.843,Independent sampling with replacement
30,220,961.913,1041.901,612.589,111.843,Independent sampling with replacement
30,221,926.977,1041.901,612.589,111.843,Independent sampling with replacement
30,222,924.503,1041.901,612.589,111.843,Independent sampling with replacement
30,223,1020.67,1041.901,612.589,111.843,Independent sampling with replacement
30,224,987.663,1041.901,612.589,111.843,Independent sampling with replacement
30,225,1052.05,1041.901,612.589,111.843,Independent sampling with replacement
30,226,983.57,1041.901,612.589,111.843,Independent sampling with replacement
30,227,1139.33,1041.901,612.589,111.843,Independent sampling with replacement
30,228,1228.067,1041.901,612.589,111.843,Independent sampling with replacement
30,229,973.74,1041.901,612.589,111.843,Independent sampling with replacement
30,230,1119.393,1041.901,612.589,111.843,Independent sampling with replacement
30,231,1184.833,1041.901,612.589,111.843,Independent sampling with replacement
30,232,940.42,1041.901,612.589,111.843,Independent sampling with replacement
30,233,934.307,1041.901,612.589,111.843,Independent sampling with replacement
30,234,1159.557,1041.901,612.589,111.843,Independent sampling with replacement
30,235,1002.473,1041.901,612.589,111.843,Independent sampling with replacement
30,236,1025.727,1041.901,612.589,111.843,Independent sampling with replacement
30,237,1221.103,1041.901,612.589,111.843,Independent sampling with replacement
30,238,964.79,1041.901,612.589,111.843,Independent sampling with replacement
30,239,1025.787,1041.901,612.589,111.843,Independent sampling with replacement
30,240,1001.203,1041.901,612.589,111.843,Independent sampling with replacement
30,241,1254.017,1041.901,612.589,111.843,Independent sampling with replacement
30,242,1004.603,1041.901,612.589,111.843,Independent sampling with replacement
30,243,1147.047,1041.901,612.589,111.843,Independent sampling with replacement
30,244,802.41,1041.901,612.589,111.843,Independent sampling with replacement
30,245,1038.4,1041.901,612.589,111.843,Independent sampling with replacement
30,246,1097.11,1041.901,612.589,111.843,Independent sampling with replacement
30,247,1240.52,1041.901,612.589,111.843,Independent sampling with replacement
30,248,967.91,1041.901,612.589,111.843,Independent sampling with replacement
30,249,1106.95,1041.901,612.589,111.843,Independent sampling with replacement
30,250,1313.257,1041.901,612.589,111.843,Independent sampling with replacement
30,251,833.153,1041.901,612.589,111.843,Independent sampling with replacement
30,252,1173.263,1041.901,612.589,111.843,Independent sampling with replacement
30,253,1058.973,1041.901,612.589,111.843,Independent sampling with replacement
30,254,1041.243,1041.901,612.589,111.843,Independent sampling with replacement
30,255,1104.48,1041.901,612.589,111.843,Independent sampling with replacement
30,256,1030.017,1041.901,612.589,111.843,Independent sampling with replacement
30,257,915.96,1041.901,612.589,111.843,Independent sampling with replacement
30,258,862.363,1041.901,612.589,111.843,Independent sampling with replacement
30,259,1038.183,1041.901,612.589,111.843,Independent sampling with replacement
30,260,1087.053,1041.901,612.589,111.843,Independent sampling with replacement
30,261,1067.75,1041.901,612.589,111.843,Independent sampling with replacement
30,262,1153.26,1041.901,612.589,111.843,Independent sampling with replacement
30,263,1047.953,1041.901,612.589,111.843,Independent sampling with replacement
30,264,981.113,1041.901,612.589,111.843,Independent sampling with replacement
30,265,1236.703,1041.901,612.589,111.843,Independent sampling with replacement
30,266,902.583,1041.901,612.589,111.843,Independent sampling with replacement
30,267,976.643,1041.901,612.589,111.843,Independent sampling with replacement
30,268,1108.503,1041.901,612.589,111.843,Independent sampling with replacement
30,269,1065.097,1041.901,612.589,111.843,Independent sampling with replacement
30,270,850.14,1041.901,612.589,111.843,Independent sampling with replacement
30,271,833.387,1041.901,612.589,111.843,Independent sampling with replacement
30,272,1041.48,1041.901,612.589,111.843,Independent sampling with replacement
30,273,900.19,1041.901,612.589,111.843,Independent sampling with replacement
30,274,1085.127,1041.901,612.589,111.843,Independent sampling with replacement
30,275,978.977,1041.901,612.589,111.843,Independent sampling with replacement
30,276,1009.837,1041.901,612.589,111.843,Independent sampling with replacement
30,277,939.633,1041.901,612.589,111.843,Independent sampling with replacement
30,278,975.607,1041.901,612.589,111.843,Independent sampling with replacement
30,279,1096.907,1041.901,612.589,111.843,Independent sampling with replacement
30,280,1057.037,1041.901,612.589,111.843,Independent sampling with replacement
30,281,1150.197,1041.901,612.589,111.843,Independent sampling with replacement
30,282,993.043,1041.901,612.589,111.843,Independent sampling with replacement
30,283,1028.66,1041.901,612.589,111.843,Independent sampling with replacement
30,284,989.513,1041.901,612.589,111.843,Independent sampling with replacement
30,285,926.083,1041.901,612.589,111.843,Independent sampling with replacement
30,286,1118.2,1041.901,612.589,111.843,Independent sampling with replacement
30,287,901.693,1041.901,612.589,111.843,Independent sampling with replacement
30,288,936.72,1041.901,612.589,111.843,Independent sampling with replacement
30,289,985.68,1041.901,612.589,111.843,Independent sampling with replacement
30,290,973.077,1041.901,612.589,111.843,Independent sampling with replacement
30,291,968.113,1041.901,612.589,111.843,Independent sampling with replacement
30,292,893.103,1041.901,612.589,111.843,Independent sampling with replacement
30,293,1128.783,1041.901,612.589,111.843,Independent sampling with replacement
30,294,1039.153,1041.901,612.589,111.843,Independent sampling with replacement
30,295,1188.337,1041.901,612.589,111.843,Independent sampling with replacement
30,296,878.44,1041.901,612.589,111.843,Independent sampling with replacement
30,297,1026.357,1041.901,612.589,111.843,Independent sampling with replacement
30,298,1223.337,1041.901,612.589,111.843,Independent sampling with replacement
30,299,1184.963,1041.901,612.589,111.843,Independent sampling with replacement
30,300,995.13,1041.901,612.589,111.843,Independent sampling with replacement
30,301,914.06,1041.901,612.589,111.843,Independent sampling with replacement
30,302,1142.71,1041.901,612.589,111.843,Independent sampling with replacement
30,303,911.547,1041.901,612.589,111.843,Independent sampling with replacement
30,304,1229.363,1041.901,612.589,111.843,Independent sampling with replacement
30,305,981.793,1041.901,612.589,111.843,Independent sampling with replacement
30,306,913.453,1041.901,612.589,111.843,Independent sampling with replacement
30,307,1071.717,1041.901,612.589,111.843,Independent sampling with replacement
30,308,1072.953,1041.901,612.589,111.843,Independent sampling with replacement
30,309,1117.78,1041.901,612.589,111.843,Independent sampling with replacement
30,310,799.897,1041.901,612.589,111.843,Independent sampling with replacement
30,311,1051.91,1041.901,612.589,111.843,Independent sampling with replacement
30,312,988.867,1041.901,612.589,111.843,Independent sampling with replacement
30,313,810.707,1041.901,612.589,111.843,Independent sampling with replacement
30,314,1107.867,1041.901,612.589,111.843,Independent sampling with replacement
30,315,1189.393,1041.901,612.589,111.843,Independent sampling with replacement
30,316,974.543,1041.901,612.589,111.843,Independent sampling with replacement
30,317,1048.073,1041.901,612.589,111.843,Independent sampling with replacement
30,318,925.117,1041.901,612.589,111.843,Independent sampling with replacement
30,319,1068.92,1041.901,612.589,111.843,Independent sampling with replacement
30,320,1062.623,1041.901,612.589,111.843,Independent sampling with replacement
30,321,1260.713,1041.901,612.589,111.843,Independent sampling with replacement
30,322,1081.107,1041.901,612.589,111.843,Independent sampling with replacement
30,323,978.59,1041.901,612.589,111.843,Independent sampling with replacement
30,324,1192.273,1041.901,612.589,111.843,Independent sampling with replacement
30,325,861.47,1041.901,612.589,111.843,Independent sampling with replacement
30,326,925.497,1041.901,612.589,111.843,Independent sampling with replacement
30,327,1081.847,1041.901,612.589,111.843,Independent sampling with replacement
30,328,948.453,1041.901,612.589,111.843,Independent sampling with replacement
30,329,1053.353,1041.901,612.589,111.843,Independent sampling with replacement
30,330,981.137,1041.901,612.589,111.843,Independent sampling with replacement
30,331,1081.683,1041.901,612.589,111.843,Independent sampling with replacement
30,332,1126.103,1041.901,612.589,111.843,Independent sampling with replacement
30,333,966.293,1041.901,612.589,111.843,Independent sampling with replacement
30,334,1079.56,1041.901,612.589,111.843,Independent sampling with replacement
30,335,930.83,1041.901,612.589,111.843,Independent sampling with replacement
30,336,1200.777,1041.901,612.589,111.843,Independent sampling with replacement
30,337,1051.8,1041.901,612.589,111.843,Independent sampling with replacement
30,338,1010.5,1041.901,612.589,111.843,Independent sampling with replacement
30,339,1166.947,1041.901,612.589,111.843,Independent sampling with replacement
30,340,1109.59,1041.901,612.589,111.843,Independent sampling with replacement
30,341,1018.057,1041.901,612.589,111.843,Independent sampling with replacement
30,342,1041.517,1041.901,612.589,111.843,Independent sampling with replacement
30,343,934.61,1041.901,612.589,111.843,Independent sampling with replacement
30,344,1055.487,1041.901,612.589,111.843,Independent sampling with replacement
30,345,1249.027,1041.901,612.589,111.843,Independent sampling with replacement
30,346,1169.46,1041.901,612.589,111.843,Independent sampling with replacement
30,347,980.8,1041.901,612.589,111.843,Independent sampling with replacement
30,348,908.757,1041.901,612.589,111.843,Independent sampling with replacement
30,349,1124.707,1041.901,612.589,111.843,Independent sampling with replacement
30,350,940.253,1041.901,612.589,111.843,Independent sampling with replacement
30,351,1149.367,1041.901,612.589,111.843,Independent sampling with replacement
30,352,1314.89,1041.901,612.589,111.843,Independent sampling with replacement
30,353,940.537,1041.901,612.589,111.843,Independent sampling with replacement
30,354,1119.267,1041.901,612.589,111.843,Independent sampling with replacement
30,355,1025.773,1041.901,612.589,111.843,Independent sampling with replacement
30,356,1022.567,1041.901,612.589,111.843,Independent sampling with replacement
30,357,1104.18,1041.901,612.589,111.843,Independent sampling with replacement
30,358,1049.64,1041.901,612.589,111.843,Independent sampling with replacement
30,359,1146.633,1041.901,612.589,111.843,Independent sampling with replacement
30,360,1270.187,1041.901,612.589,111.843,Independent sampling with replacement
30,361,1058.36,1041.901,612.589,111.843,Independent sampling with replacement
30,362,1107.137,1041.901,612.589,111.843,Independent sampling with replacement
30,363,1047.553,1041.901,612.589,111.843,Independent sampling with replacement
30,364,986.247,1041.901,612.589,111.843,Independent sampling with replacement
30,365,957.3,1041.901,612.589,111.843,Independent sampling with replacement
30,366,991.6,1041.901,612.589,111.843,Independent sampling with replacement
30,367,1211.623,1041.901,612.589,111.843,Independent sampling with replacement
30,368,1035.69,1041.901,612.589,111.843,Independent sampling with replacement
30,369,1432.253,1041.901,612.589,111.843,Independent sampling with replacement
30,370,1081.093,1041.901,612.589,111.843,Independent sampling with replacement
30,371,959.08,1041.901,612.589,111.843,Independent sampling with replacement
30,372,1000.84,1041.901,612.589,111.843,Independent sampling with replacement
30,373,991.987,1041.901,612.589,111.843,Independent sampling with replacement
30,374,1183.25,1041.901,612.589,111.843,Independent sampling with replacement
30,375,1112.227,1041.901,612.589,111.843,Independent sampling with replacement
30,376,810.373,1041.901,612.589,111.843,Independent sampling with replacement
30,377,906.537,1041.901,612.589,111.843,Independent sampling with replacement
30,378,1097.203,1041.901,612.589,111.843,Independent sampling with replacement
30,379,886.903,1041.901,612.589,111.843,Independent sampling with replacement
30,380,1088.867,1041.901,612.589,111.843,Independent sampling with replacement
30,381,971.46,1041.901,612.589,111.843,Independent sampling with replacement
30,382,870.89,1041.901,612.589,111.843,Independent sampling with replacement
30,383,962.577,1041.901,612.589,111.843,Independent sampling with replacement
30,384,1162.917,1041.901,612.589,111.843,Independent sampling with replacement
30,385,924.593,1041.901,612.589,111.843,Independent sampling with replacement
30,386,1145.587,1041.901,612.589,111.843,Independent sampling with replacement
30,387,962.113,1041.901,612.589,111.843,Independent sampling with replacement
30,388,1046.85,1041.901,612.589,111.843,Independent sampling with replacement
30,389,953.427,1041.901,612.589,111.843,Independent sampling with replacement
30,390,1014.787,1041.901,612.589,111.843,Independent sampling with replacement
30,391,988.123,1041.901,612.589,111.843,Independent sampling with replacement
30,392,916.093,1041.901,612.589,111.843,Independent sampling with replacement
30,393,1205.367,1041.901,612.589,111.843,Independent sampling with replacement
30,394,779.053,1041.901,612.589,111.843,Independent sampling with replacement
30,395,985.713,1041.901,612.589,111.843,Independent sampling with replacement
30,396,884.473,1041.901,612.589,111.843,Independent sampling with replacement
30,397,1218.623,1041.901,612.589,111.843,Independent sampling with replacement
30,398,923.073,1041.901,612.589,111.843,Independent sampling with replacement
30,399,850.71,1041.901,612.589,111.843,Independent sampling with replacement
30,400,848.58,1041.901,612.589,111.843,Independent sampling with replacement
30,401,1012.343,1041.901,612.589,111.843,Independent sampling with replacement
30,402,1033.303,1041.901,612.589,111.843,Independent sampling with replacement
30,403,1038.447,1041.901,612.589,111.843,Independent sampling with replacement
30,404,992.923,1041.901,612.589,111.843,Independent sampling with replacement
30,405,981.37,1041.901,612.589,111.843,Independent sampling with replacement
30,406,1085.683,1041.901,612.589,111.843,Independent sampling with replacement
30,407,1059.61,1041.901,612.589,111.843,Independent sampling with replacement
30,408,1050.693,1041.901,612.589,111.843,Independent sampling with replacement
30,409,1101.69,1041.901,612.589,111.843,Independent sampling with replacement
30,410,918.893,1041.901,612.589,111.843,Independent sampling with replacement
30,411,825.373,1041.901,612.589,111.843,Independent sampling with replacement
30,412,953.553,1041.901,612.589,111.843,Independent sampling with replacement
30,413,879.667,1041.901,612.589,111.843,Independent sampling with replacement
30,414,1048.187,1041.901,612.589,111.843,Independent sampling with replacement
30,415,965.413,1041.901,612.589,111.843,Independent sampling with replacement
30,416,1023.707,1041.901,612.589,111.843,Independent sampling with replacement
30,417,1185.793,1041.901,612.589,111.843,Independent sampling with replacement
30,418,946.073,1041.901,612.589,111.843,Independent sampling with replacement
30,419,1079.43,1041.901,612.589,111.843,Independent sampling with replacement
30,420,887.43,1041.901,612.589,111.843,Independent sampling with replacement
30,421,1086.813,1041.901,612.589,111.843,Independent sampling with replacement
30,422,1069.197,1041.901,612.589,111.843,Independent sampling with replacement
30,423,986.703,1041.901,612.589,111.843,Independent sampling with replacement
30,424,917.2,1041.901,612.589,111.843,Independent sampling with replacement
30,425,1323.917,1041.901,612.589,111.843,Independent sampling with replacement
30,426,964.113,1041.901,612.589,111.843,Independent sampling with replacement
30,427,888.407,1041.901,612.589,111.843,Independent sampling with replacement
30,428,929.363,1041.901,612.589,111.843,Independent sampling with replacement
30,429,1378.92,1041.901,612.589,111.843,Independent sampling with replacement
30,430,1198.04,1041.901,612.589,111.843,Independent sampling with replacement
30,431,1181.263,1041.901,612.589,111.843,Independent sampling with replacement
30,432,1042.49,1041.901,612.589,111.843,Independent sampling with replacement
30,433,954.71,1041.901,612.589,111.843,Independent sampling with replacement
30,434,1139.193,1041.901,612.589,111.843,Independent sampling with replacement
30,435,951.34,1041.901,612.589,111.843,Independent sampling with replacement
30,436,1071.263,1041.901,612.589,111.843,Independent sampling with replacement
30,437,871.453,1041.901,612.589,111.843,Independent sampling with replacement
30,438,874.857,1041.901,612.589,111.843,Independent sampling with replacement
30,439,964.49,1041.901,612.589,111.843,Independent sampling with replacement
30,440,1307.36,1041.901,612.589,111.843,Independent sampling with replacement
30,441,1161.003,1041.901,612.589,111.843,Independent sampling with replacement
30,442,883.04,1041.901,612.589,111.843,Independent sampling with replacement
30,443,1182.047,1041.901,612.589,111.843,Independent sampling with replacement
30,444,1083.567,1041.901,612.589,111.843,Independent sampling with replacement
30,445,880.427,1041.901,612.589,111.843,Independent sampling with replacement
30,446,959.707,1041.901,612.589,111.843,Independent sampling with replacement
30,447,887.88,1041.901,612.589,111.843,Independent sampling with replacement
30,448,1067.22,1041.901,612.589,111.843,Independent sampling with replacement
30,449,1070.033,1041.901,612.589,111.843,Independent sampling with replacement
30,450,1149.423,1041.901,612.589,111.843,Independent sampling with replacement
30,451,1065.823,1041.901,612.589,111.843,Independent sampling with replacement
30,452,1065.587,1041.901,612.589,111.843,Independent sampling with replacement
30,453,1090.713,1041.901,612.589,111.843,Independent sampling with replacement
30,454,999.68,1041.901,612.589,111.843,Independent sampling with replacement
30,455,1223.897,1041.901,612.589,111.843,Independent sampling with replacement
30,456,1015.137,1041.901,612.589,111.843,Independent sampling with replacement
30,457,908.35,1041.901,612.589,111.843,Independent sampling with replacement
30,458,1129.167,1041.901,612.589,111.843,Independent sampling with replacement
30,459,956.817,1041.901,612.589,111.843,Independent sampling with replacement
30,460,1127.513,1041.901,612.589,111.843,Independent sampling with replacement
30,461,926.06,1041.901,612.589,111.843,Independent sampling with replacement
30,462,1111.077,1041.901,612.589,111.843,Independent sampling with replacement
30,463,1035.93,1041.901,612.589,111.843,Independent sampling with replacement
30,464,1086.44,1041.901,612.589,111.843,Independent sampling with replacement
30,465,1060.877,1041.901,612.589,111.843,Independent sampling with replacement
30,466,952.037,1041.901,612.589,111.843,Independent sampling with replacement
30,467,934.597,1041.901,612.589,111.843,Independent sampling with replacement
30,468,1180.297,1041.901,612.589,111.843,Independent sampling with replacement
30,469,1020.23,1041.901,612.589,111.843,Independent sampling with replacement
30,470,918.37,1041.901,612.589,111.843,Independent sampling with replacement
30,471,975.963,1041.901,612.589,111.843,Independent sampling with replacement
30,472,1053.5,1041.901,612.589,111.843,Independent sampling with replacement
30,473,1014.11,1041.901,612.589,111.843,Independent sampling with replacement
30,474,967.31,1041.901,612.589,111.843,Independent sampling with replacement
30,475,981.993,1041.901,612.589,111.843,Independent sampling with replacement
30,476,1086.86,1041.901,612.589,111.843,Independent sampling with replacement
30,477,1182.107,1041.901,612.589,111.843,Independent sampling with replacement
30,478,997.927,1041.901,612.589,111.843,Independent sampling with replacement
30,479,950.667,1041.901,612.589,111.843,Independent sampling with replacement
30,480,1028.093,1041.901,612.589,111.843,Independent sampling with replacement
30,481,1158.277,1041.901,612.589,111.843,Independent sampling with replacement
30,482,936.77,1041.901,612.589,111.843,Independent sampling with replacement
30,483,1046.747,1041.901,612.589,111.843,Independent sampling with replacement
30,484,929.99,1041.901,612.589,111.843,Independent sampling with replacement
30,485,1118.2,1041.901,612.589,111.843,Independent sampling with replacement
30,486,897.007,1041.901,612.589,111.843,Independent sampling with replacement
30,487,1150.627,1041.901,612.589,111.843,Independent sampling with replacement
30,488,1047.157,1041.901,612.589,111.843,Independent sampling with replacement
30,489,937.713,1041.901,612.589,111.843,Independent sampling with replacement
30,490,954.61,1041.901,612.589,111.843,Independent sampling with replacement
30,491,1150.657,1041.901,612.589,111.843,Independent sampling with replacement
30,492,1285.32,1041.901,612.589,111.843,Independent sampling with replacement
30,493,774.29,1041.901,612.589,111.843,Independent sampling with replacement
30,494,1112.533,1041.901,612.589,111.843,Independent sampling with replacement
30,495,1254.02,1041.901,612.589,111.843,Independent sampling with replacement
30,496,983.25,1041.901,612.589,111.843,Independent sampling with replacement
30,497,1148.137,1041.901,612.589,111.843,Independent sampling with replacement
30,498,1047.087,1041.901,612.589,111.843,Independent sampling with replacement
30,499,922.71,1041.901,612.589,111.843,Independent sampling with replacement
30,500,1114.497,1041.901,612.589,111.843,Independent sampling with replacement
30,501,1075.533,1041.901,612.589,111.843,Independent sampling with replacement
30,502,1069.637,1041.901,612.589,111.843,Independent sampling with replacement
30,503,1206.717,1041.901,612.589,111.843,Independent sampling with replacement
30,504,879.263,1041.901,612.589,111.843,Independent sampling with replacement
30,505,991.743,1041.901,612.589,111.843,Independent sampling with replacement
30,506,1095.997,1041.901,612.589,111.843,Independent sampling with replacement
30,507,1000.053,1041.901,612.589,111.843,Independent sampling with replacement
30,508,1151.35,1041.901,612.589,111.843,Independent sampling with replacement
30,509,1127.717,1041.901,612.589,111.843,Independent sampling with replacement
30,510,1192.417,1041.901,612.589,111.843,Independent sampling with replacement
30,511,781.913,1041.901,612.589,111.843,Independent sampling with replacement
30,512,1116.583,1041.901,612.589,111.843,Independent sampling with replacement
30,513,857.123,1041.901,612.589,111.843,Independent sampling with replacement
30,514,1115.73,1041.901,612.589,111.843,Independent sampling with replacement
30,515,990.28,1041.901,612.589,111.843,Independent sampling with replacement
30,516,1174.87,1041.901,612.589,111.843,Independent sampling with replacement
30,517,918.063,1041.901,612.589,111.843,Independent sampling with replacement
30,518,1076.22,1041.901,612.589,111.843,Independent sampling with replacement
30,519,1066.393,1041.901,612.589,111.843,Independent sampling with replacement
30,520,1037.583,1041.901,612.589,111.843,Independent sampling with replacement
30,521,1359.007,1041.901,612.589,111.843,Independent sampling with replacement
30,522,1030.627,1041.901,612.589,111.843,Independent sampling with replacement
30,523,1054.073,1041.901,612.589,111.843,Independent sampling with replacement
30,524,1152.45,1041.901,612.589,111.843,Independent sampling with replacement
30,525,856.643,1041.901,612.589,111.843,Independent sampling with replacement
30,526,996.223,1041.901,612.589,111.843,Independent sampling with replacement
30,527,899.173,1041.901,612.589,111.843,Independent sampling with replacement
30,528,1208.707,1041.901,612.589,111.843,Independent sampling with replacement
30,529,1025.17,1041.901,612.589,111.843,Independent sampling with replacement
30,530,1138.977,1041.901,612.589,111.843,Independent sampling with replacement
30,531,910.39,1041.901,612.589,111.843,Independent sampling with replacement
30,532,1152.663,1041.901,612.589,111.843,Independent sampling with replacement
30,533,886.637,1041.901,612.589,111.843,Independent sampling with replacement
30,534,1190.153,1041.901,612.589,111.843,Independent sampling with replacement
30,535,962.6,1041.901,612.589,111.843,Independent sampling with replacement
30,536,1304.497,1041.901,612.589,111.843,Independent sampling with replacement
30,537,1036.473,1041.901,612.589,111.843,Independent sampling with replacement
30,538,855.26,1041.901,612.589,111.843,Independent sampling with replacement
30,539,914.29,1041.901,612.589,111.843,Independent sampling with replacement
30,540,914.563,1041.901,612.589,111.843,Independent sampling with replacement
30,541,1271.237,1041.901,612.589,111.843,Independent sampling with replacement
30,542,1076.98,1041.901,612.589,111.843,Independent sampling with replacement
30,543,966.457,1041.901,612.589,111.843,Independent sampling with replacement
30,544,1052.517,1041.901,612.589,111.843,Independent sampling with replacement
30,545,848.337,1041.901,612.589,111.843,Independent sampling with replacement
30,546,991.643,1041.901,612.589,111.843,Independent sampling with replacement
30,547,1026.36,1041.901,612.589,111.843,Independent sampling with replacement
30,548,825.24,1041.901,612.589,111.843,Independent sampling with replacement
30,549,1136.8,1041.901,612.589,111.843,Independent sampling with replacement
30,550,1209.477,1041.901,612.589,111.843,Independent sampling with replacement
30,551,1044.63,1041.901,612.589,111.843,Independent sampling with replacement
30,552,1227.48,1041.901,612.589,111.843,Independent sampling with replacement
30,553,1345.45,1041.901,612.589,111.843,Independent sampling with replacement
30,554,956.057,1041.901,612.589,111.843,Independent sampling with replacement
30,555,1113.18,1041.901,612.589,111.843,Independent sampling with replacement
30,556,1037.337,1041.901,612.589,111.843,Independent sampling with replacement
30,557,1123.313,1041.901,612.589,111.843,Independent sampling with replacement
30,558,940.28,1041.901,612.589,111.843,Independent sampling with replacement
30,559,958.583,1041.901,612.589,111.843,Independent sampling with replacement
30,560,1337.867,1041.901,612.589,111.843,Independent sampling with replacement
30,561,912.213,1041.901,612.589,111.843,Independent sampling with replacement
30,562,1029.727,1041.901,612.589,111.843,Independent sampling with replacement
30,563,1199.203,1041.901,612.589,111.843,Independent sampling with replacement
30,564,1243.633,1041.901,612.589,111.843,Independent sampling with replacement
30,565,1084.587,1041.901,612.589,111.843,Independent sampling with replacement
30,566,984.573,1041.901,612.589,111.843,Independent sampling with replacement
30,567,1064.93,1041.901,612.589,111.843,Independent sampling with replacement
30,568,1137.597,1041.901,612.589,111.843,Independent sampling with replacement
30,569,1208.68,1041.901,612.589,111.843,Independent sampling with replacement
30,570,984.52,1041.901,612.589,111.843,Independent sampling with replacement
30,571,896.317,1041.901,612.589,111.843,Independent sampling with replacement
30,572,983.277,1041.901,612.589,111.843,Independent sampling with replacement
30,573,1164.73,1041.901,612.589,111.843,Independent sampling with replacement
30,574,932.157,1041.901,612.589,111.843,Independent sampling with replacement
30,575,911.42,1041.901,612.589,111.843,Independent sampling with replacement
30,576,1061.883,1041.901,612.589,111.843,Independent sampling with replacement
30,577,981.157,1041.901,612.589,111.843,Independent sampling with replacement
30,578,1104.037,1041.901,612.589,111.843,Independent sampling with replacement
30,579,1109.97,1041.901,612.589,111.843,Independent sampling with replacement
30,580,942.553,1041.901,612.589,111.843,Independent sampling with replacement
30,581,840.497,1041.901,612.589,111.843,Independent sampling with replacement
30,582,894.33,1041.901,612.589,111.843,Independent sampling with replacement
30,583,1033.893,1041.901,612.589,111.843,Independent sampling with replacement
30,584,992.48,1041.901,612.589,111.843,Independent sampling with replacement
30,585,1010.51,1041.901,612.589,111.843,Independent sampling with replacement
30,586,955.797,1041.901,612.589,111.843,Independent sampling with replacement
30,587,988.527,1041.901,612.589,111.843,Independent sampling with replacement
30,588,1006.547,1041.901,612.589,111.843,Independent sampling with replacement
30,589,1016.117,1041.901,612.589,111.843,Independent sampling with replacement
30,590,1033.843,1041.901,612.589,111.843,Independent sampling with replacement
30,591,905.027,1041.901,612.589,111.843,Independent sampling with replacement
30,592,1174.91,1041.901,612.589,111.843,Independent sampling with replacement
30,593,1012.24,1041.901,612.589,111.843,Independent sampling with replacement
30,594,963.65,1041.901,612.589,111.843,Independent sampling with replacement
30,595,1160.413,1041.901,612.589,111.843,Independent sampling with replacement
30,596,1037.653,1041.901,612.589,111.843,Independent sampling with replacement
30,597,1032.43,1041.901,612.589,111.843,Independent sampling with replacement
30,598,1143.923,1041.901,612.589,111.843,Independent sampling with replacement
30,599,1112.613,1041.901,612.589,111.843,Independent sampling with replacement
30,600,963.373,1041.901,612.589,111.843,Independent sampling with replacement
30,601,1049.74,1041.901,612.589,111.843,Independent sampling with replacement
30,602,876.207,1041.901,612.589,111.843,Independent sampling with replacement
30,603,920.5,1041.901,612.589,111.843,Independent sampling with replacement
30,604,1391.637,1041.901,612.589,111.843,Independent sampling with replacement
30,605,976.093,1041.901,612.589,111.843,Independent sampling with replacement
30,606,1161.49,1041.901,612.589,111.843,Independent sampling with replacement
30,607,898.043,1041.901,612.589,111.843,Independent sampling with replacement
30,608,1065.81,1041.901,612.589,111.843,Independent sampling with replacement
30,609,1013.43,1041.901,612.589,111.843,Independent sampling with replacement
30,610,924.85,1041.901,612.589,111.843,Independent sampling with replacement
30,611,1029.417,1041.901,612.589,111.843,Independent sampling with replacement
30,612,1255.073,1041.901,612.589,111.843,Independent sampling with replacement
30,613,1136.017,1041.901,612.589,111.843,Independent sampling with replacement
30,614,1148.697,1041.901,612.589,111.843,Independent sampling with replacement
30,615,902.06,1041.901,612.589,111.843,Independent sampling with replacement
30,616,883.143,1041.901,612.589,111.843,Independent sampling with replacement
30,617,1094.91,1041.901,612.589,111.843,Independent sampling with replacement
30,618,969.963,1041.901,612.589,111.843,Independent sampling with replacement
30,619,867.313,1041.901,612.589,111.843,Independent sampling with replacement
30,620,1058.61,1041.901,612.589,111.843,Independent sampling with replacement
30,621,1054.277,1041.901,612.589,111.843,Independent sampling with replacement
30,622,854.407,1041.901,612.589,111.843,Independent sampling with replacement
30,623,1262.837,1041.901,612.589,111.843,Independent sampling with replacement
30,624,1114.827,1041.901,612.589,111.843,Independent sampling with replacement
30,625,856.417,1041.901,612.589,111.843,Independent sampling with replacement
30,626,1067.773,1041.901,612.589,111.843,Independent sampling with replacement
30,627,1015.293,1041.901,612.589,111.843,Independent sampling with replacement
30,628,911.693,1041.901,612.589,111.843,Independent sampling with replacement
30,629,1056.703,1041.901,612.589,111.843,Independent sampling with replacement
30,630,916.197,1041.901,612.589,111.843,Independent sampling with replacement
30,631,1024.473,1041.901,612.589,111.843,Independent sampling with replacement
30,632,1171.24,1041.901,612.589,111.843,Independent sampling with replacement
30,633,962.517,1041.901,612.589,111.843,Independent sampling with replacement
30,634,862.56,1041.901,612.589,111.843,Independent sampling with replacement
30,635,1118.437,1041.901,612.589,111.843,Independent sampling with replacement
30,636,1332.287,1041.901,612.589,111.843,Independent sampling with replacement
30,637,1138.15,1041.901,612.589,111.843,Independent sampling with replacement
30,638,1124.943,1041.901,612.589,111.843,Independent sampling with replacement
30,639,1038.047,1041.901,612.589,111.843,Independent sampling with replacement
30,640,990.19,1041.901,612.589,111.843,Independent sampling with replacement
30,641,1005.623,1041.901,612.589,111.843,Independent sampling with replacement
30,642,938.293,1041.901,612.589,111.843,Independent sampling with replacement
30,643,992.993,1041.901,612.589,111.843,Independent sampling with replacement
30,644,1196.51,1041.901,612.589,111.843,Independent sampling with replacement
30,645,921.35,1041.901,612.589,111.843,Independent sampling with replacement
30,646,1066.17,1041.901,612.589,111.843,Independent sampling with replacement
30,647,1027.273,1041.901,612.589,111.843,Independent sampling with replacement
30,648,973.883,1041.901,612.589,111.843,Independent sampling with replacement
30,649,924.403,1041.901,612.589,111.843,Independent sampling with replacement
30,650,1061.497,1041.901,612.589,111.843,Independent sampling with replacement
30,651,1141.553,1041.901,612.589,111.843,Independent sampling with replacement
30,652,942.753,1041.901,612.589,111.843,Independent sampling with replacement
30,653,957.343,1041.901,612.589,111.843,Independent sampling with replacement
30,654,1015.063,1041.901,612.589,111.843,Independent sampling with replacement
30,655,959.81,1041.901,612.589,111.843,Independent sampling with replacement
30,656,1002.76,1041.901,612.589,111.843,Independent sampling with replacement
30,657,1037.617,1041.901,612.589,111.843,Independent sampling with replacement
30,658,1199.853,1041.901,612.589,111.843,Independent sampling with replacement
30,659,1164.187,1041.901,612.589,111.843,Independent sampling with replacement
30,660,970.703,1041.901,612.589,111.843,Independent sampling with replacement
30,661,916.73,1041.901,612.589,111.843,Independent sampling with replacement
30,662,1168.2,1041.901,612.589,111.843,Independent sampling with replacement
30,663,1123.377,1041.901,612.589,111.843,Independent sampling with replacement
30,664,850.81,1041.901,612.589,111.843,Independent sampling with replacement
30,665,1024.16,1041.901,612.589,111.843,Independent sampling with replacement
30,666,1006.893,1041.901,612.589,111.843,Independent sampling with replacement
30,667,873.427,1041.901,612.589,111.843,Independent sampling with replacement
30,668,1090.127,1041.901,612.589,111.843,Independent sampling with replacement
30,669,992.15,1041.901,612.589,111.843,Independent sampling with replacement
30,670,899.963,1041.901,612.589,111.843,Independent sampling with replacement
30,671,964.673,1041.901,612.589,111.843,Independent sampling with replacement
30,672,1392.523,1041.901,612.589,111.843,Independent sampling with replacement
30,673,1070.303,1041.901,612.589,111.843,Independent sampling with replacement
30,674,976.327,1041.901,612.589,111.843,Independent sampling with replacement
30,675,1116.823,1041.901,612.589,111.843,Independent sampling with replacement
30,676,1290.713,1041.901,612.589,111.843,Independent sampling with replacement
30,677,1156.74,1041.901,612.589,111.843,Independent sampling with replacement
30,678,1160.03,1041.901,612.589,111.843,Independent sampling with replacement
30,679,1046.18,1041.901,612.589,111.843,Independent sampling with replacement
30,680,1004.783,1041.901,612.589,111.843,Independent sampling with replacement
30,681,911.427,1041.901,612.589,111.843,Independent sampling with replacement
30,682,994.167,1041.901,612.589,111.843,Independent sampling with replacement
30,683,1051.467,1041.901,612.589,111.843,Independent sampling with replacement
30,684,990.333,1041.901,612.589,111.843,Independent sampling with replacement
30,685,941.473,1041.901,612.589,111.843,Independent sampling with replacement
30,686,896.923,1041.901,612.589,111.843,Independent sampling with replacement
30,687,896.027,1041.901,612.589,111.843,Independent sampling with replacement
30,688,1183.127,1041.901,612.589,111.843,Independent sampling with replacement
30,689,871.983,1041.901,612.589,111.843,Independent sampling with replacement
30,690,938.98,1041.901,612.589,111.843,Independent sampling with replacement
30,691,1089.757,1041.901,612.589,111.843,Independent sampling with replacement
30,692,831.517,1041.901,612.589,111.843,Independent sampling with replacement
30,693,1261.577,1041.901,612.589,111.843,Independent sampling with replacement
30,694,1038.07,1041.901,612.589,111.843,Independent sampling with replacement
30,695,1418.9,1041.901,612.589,111.843,Independent sampling with replacement
30,696,1231.727,1041.901,612.589,111.843,Independent sampling with replacement
30,697,1225.67,1041.901,612.589,111.843,Independent sampling with replacement
30,698,1116.253,1041.901,612.589,111.843,Independent sampling with replacement
30,699,858.557,1041.901,612.589,111.843,Independent sampling with replacement
30,700,958.493,1041.901,612.589,111.843,Independent sampling with replacement
30,701,1135.057,1041.901,612.589,111.843,Independent sampling with replacement
30,702,1100.577,1041.901,612.589,111.843,Independent sampling with replacement
30,703,1100.09,1041.901,612.589,111.843,Independent sampling with replacement
30,704,1093.97,1041.901,612.589,111.843,Independent sampling with replacement
30,705,1110.827,1041.901,612.589,111.843,Independent sampling with replacement
30,706,1117.057,1041.901,612.589,111.843,Independent sampling with replacement
30,707,1021.473,1041.901,612.589,111.843,Independent sampling with replacement
30,708,1264.64,1041.901,612.589,111.843,Independent sampling with replacement
30,709,1242.87,1041.901,612.589,111.843,Independent sampling with replacement
30,710,1131.627,1041.901,612.589,111.843,Independent sampling with replacement
30,711,1000.903,1041.901,612.589,111.843,Independent sampling with replacement
30,712,1183.043,1041.901,612.589,111.843,Independent sampling with replacement
30,713,873.397,1041.901,612.589,111.843,Independent sampling with replacement
30,714,1029.7,1041.901,612.589,111.843,Independent sampling with replacement
30,715,1089.887,1041.901,612.589,111.843,Independent sampling with replacement
30,716,848.69,1041.901,612.589,111.843,Independent sampling with replacement
30,717,1212.457,1041.901,612.589,111.843,Independent sampling with replacement
30,718,949.667,1041.901,612.589,111.843,Independent sampling with replacement
30,719,1036.55,1041.901,612.589,111.843,Independent sampling with replacement
30,720,962.98,1041.901,612.589,111.843,Independent sampling with replacement
30,721,1129.527,1041.901,612.589,111.843,Independent sampling with replacement
30,722,1120.47,1041.901,612.589,111.843,Independent sampling with replacement
30,723,1048.07,1041.901,612.589,111.843,Independent sampling with replacement
30,724,1196.793,1041.901,612.589,111.843,Independent sampling with replacement
30,725,1294.397,1041.901,612.589,111.843,Independent sampling with replacement
30,726,916.393,1041.901,612.589,111.843,Independent sampling with replacement
30,727,1142.497,1041.901,612.589,111.843,Independent sampling with replacement
30,728,993.583,1041.901,612.589,111.843,Independent sampling with replacement
30,729,1131.397,1041.901,612.589,111.843,Independent sampling with replacement
30,730,1218.793,1041.901,612.589,111.843,Independent sampling with replacement
30,731,830.437,1041.901,612.589,111.843,Independent sampling with replacement
30,732,1153.31,1041.901,612.589,111.843,Independent sampling with replacement
30,733,1030.04,1041.901,612.589,111.843,Independent sampling with replacement
30,734,986.65,1041.901,612.589,111.843,Independent sampling with replacement
30,735,893.367,1041.901,612.589,111.843,Independent sampling with replacement
30,736,1239.11,1041.901,612.589,111.843,Independent sampling with replacement
30,737,969.133,1041.901,612.589,111.843,Independent sampling with replacement
30,738,1074.463,1041.901,612.589,111.843,Independent sampling with replacement
30,739,1126.277,1041.901,612.589,111.843,Independent sampling with replacement
30,740,1155.943,1041.901,612.589,111.843,Independent sampling with replacement
30,741,892.367,1041.901,612.589,111.843,Independent sampling with replacement
30,742,1162.667,1041.901,612.589,111.843,Independent sampling with replacement
30,743,1125.82,1041.901,612.589,111.843,Independent sampling with replacement
30,744,1100.387,1041.901,612.589,111.843,Independent sampling with replacement
30,745,1095.173,1041.901,612.589,111.843,Independent sampling with replacement
30,746,999.983,1041.901,612.589,111.843,Independent sampling with replacement
30,747,1173.4,1041.901,612.589,111.843,Independent sampling with replacement
30,748,962.153,1041.901,612.589,111.843,Independent sampling with replacement
30,749,948.367,1041.901,612.589,111.843,Independent sampling with replacement
30,750,959.597,1041.901,612.589,111.843,Independent sampling with replacement
30,751,1148.42,1041.901,612.589,111.843,Independent sampling with replacement
30,752,1106.76,1041.901,612.589,111.843,Independent sampling with replacement
30,753,1057.427,1041.901,612.589,111.843,Independent sampling with replacement
30,754,1008.387,1041.901,612.589,111.843,Independent sampling with replacement
30,755,1240.057,1041.901,612.589,111.843,Independent sampling with replacement
30,756,1050.05,1041.901,612.589,111.843,Independent sampling with replacement
30,757,973.53,1041.901,612.589,111.843,Independent sampling with replacement
30,758,940.777,1041.901,612.589,111.843,Independent sampling with replacement
30,759,834.423,1041.901,612.589,111.843,Independent sampling with replacement
30,760,1028.833,1041.901,612.589,111.843,Independent sampling with replacement
30,761,964.237,1041.901,612.589,111.843,Independent sampling with replacement
30,762,1031.61,1041.901,612.589,111.843,Independent sampling with replacement
30,763,1115.513,1041.901,612.589,111.843,Independent sampling with replacement
30,764,981.923,1041.901,612.589,111.843,Independent sampling with replacement
30,765,1048.08,1041.901,612.589,111.843,Independent sampling with replacement
30,766,885.797,1041.901,612.589,111.843,Independent sampling with replacement
30,767,1012.493,1041.901,612.589,111.843,Independent sampling with replacement
30,768,846.243,1041.901,612.589,111.843,Independent sampling with replacement
30,769,967.327,1041.901,612.589,111.843,Independent sampling with replacement
30,770,1078.317,1041.901,612.589,111.843,Independent sampling with replacement
30,771,1067.54,1041.901,612.589,111.843,Independent sampling with replacement
30,772,1015.05,1041.901,612.589,111.843,Independent sampling with replacement
30,773,972.537,1041.901,612.589,111.843,Independent sampling with replacement
30,774,1013.15,1041.901,612.589,111.843,Independent sampling with replacement
30,775,1148.503,1041.901,612.589,111.843,Independent sampling with replacement
30,776,1013.227,1041.901,612.589,111.843,Independent sampling with replacement
30,777,1198.76,1041.901,612.589,111.843,Independent sampling with replacement
30,778,1189.66,1041.901,612.589,111.843,Independent sampling with replacement
30,779,951.833,1041.901,612.589,111.843,Independent sampling with replacement
30,780,938.153,1041.901,612.589,111.843,Independent sampling with replacement
30,781,957.073,1041.901,612.589,111.843,Independent sampling with replacement
30,782,1170.043,1041.901,612.589,111.843,Independent sampling with replacement
30,783,1132.347,1041.901,612.589,111.843,Independent sampling with replacement
30,784,1174.753,1041.901,612.589,111.843,Independent sampling with replacement
30,785,1119.35,1041.901,612.589,111.843,Independent sampling with replacement
30,786,1138.037,1041.901,612.589,111.843,Independent sampling with replacement
30,787,944.98,1041.901,612.589,111.843,Independent sampling with replacement
30,788,956.077,1041.901,612.589,111.843,Independent sampling with replacement
30,789,1042.543,1041.901,612.589,111.843,Independent sampling with replacement
30,790,1052.387,1041.901,612.589,111.843,Independent sampling with replacement
30,791,1178.333,1041.901,612.589,111.843,Independent sampling with replacement
30,792,1011.847,1041.901,612.589,111.843,Independent sampling with replacement
30,793,949.26,1041.901,612.589,111.843,Independent sampling with replacement
30,794,966.933,1041.901,612.589,111.843,Independent sampling with replacement
30,795,1004.537,1041.901,612.589,111.843,Independent sampling with replacement
30,796,962.863,1041.901,612.589,111.843,Independent sampling with replacement
30,797,960.677,1041.901,612.589,111.843,Independent sampling with replacement
30,798,916.47,1041.901,612.589,111.843,Independent sampling with replacement
30,799,1102.573,1041.901,612.589,111.843,Independent sampling with replacement
30,800,853.047,1041.901,612.589,111.843,Independent sampling with replacement
30,801,1143.283,1041.901,612.589,111.843,Independent sampling with replacement
30,802,984.43,1041.901,612.589,111.843,Independent sampling with replacement
30,803,944.567,1041.901,612.589,111.843,Independent sampling with replacement
30,804,980.727,1041.901,612.589,111.843,Independent sampling with replacement
30,805,1175.287,1041.901,612.589,111.843,Independent sampling with replacement
30,806,1002.327,1041.901,612.589,111.843,Independent sampling with replacement
30,807,985.273,1041.901,612.589,111.843,Independent sampling with replacement
30,808,1081.817,1041.901,612.589,111.843,Independent sampling with replacement
30,809,1242.173,1041.901,612.589,111.843,Independent sampling with replacement
30,810,917.583,1041.901,612.589,111.843,Independent sampling with replacement
30,811,1060.703,1041.901,612.589,111.843,Independent sampling with replacement
30,812,943.563,1041.901,612.589,111.843,Independent sampling with replacement
30,813,1045.623,1041.901,612.589,111.843,Independent sampling with replacement
30,814,1100.76,1041.901,612.589,111.843,Independent sampling with replacement
30,815,1002.803,1041.901,612.589,111.843,Independent sampling with replacement
30,816,1129.303,1041.901,612.589,111.843,Independent sampling with replacement
30,817,1157.22,1041.901,612.589,111.843,Independent sampling with replacement
30,818,999.997,1041.901,612.589,111.843,Independent sampling with replacement
30,819,1058.167,1041.901,612.589,111.843,Independent sampling with replacement
30,820,1061.427,1041.901,612.589,111.843,Independent sampling with replacement
30,821,1004.47,1041.901,612.589,111.843,Independent sampling with replacement
30,822,1131.337,1041.901,612.589,111.843,Independent sampling with replacement
30,823,1029.977,1041.901,612.589,111.843,Independent sampling with replacement
30,824,1087.953,1041.901,612.589,111.843,Independent sampling with replacement
30,825,877.223,1041.901,612.589,111.843,Independent sampling with replacement
30,826,1096.8,1041.901,612.589,111.843,Independent sampling with replacement
30,827,953.347,1041.901,612.589,111.843,Independent sampling with replacement
30,828,1003.293,1041.901,612.589,111.843,Independent sampling with replacement
30,829,1149.58,1041.901,612.589,111.843,Independent sampling with replacement
30,830,1467.097,1041.901,612.589,111.843,Independent sampling with replacement
30,831,972.66,1041.901,612.589,111.843,Independent sampling with replacement
30,832,882.18,1041.901,612.589,111.843,Independent sampling with replacement
30,833,1117.663,1041.901,612.589,111.843,Independent sampling with replacement
30,834,1039.817,1041.901,612.589,111.843,Independent sampling with replacement
30,835,1209.233,1041.901,612.589,111.843,Independent sampling with replacement
30,836,1100.577,1041.901,612.589,111.843,Independent sampling with replacement
30,837,952.063,1041.901,612.589,111.843,Independent sampling with replacement
30,838,992.253,1041.901,612.589,111.843,Independent sampling with replacement
30,839,966.437,1041.901,612.589,111.843,Independent sampling with replacement
30,840,871.897,1041.901,612.589,111.843,Independent sampling with replacement
30,841,1111.66,1041.901,612.589,111.843,Independent sampling with replacement
30,842,1095.457,1041.901,612.589,111.843,Independent sampling with replacement
30,843,958.823,1041.901,612.589,111.843,Independent sampling with replacement
30,844,913.133,1041.901,612.589,111.843,Independent sampling with replacement
30,845,1121.707,1041.901,612.589,111.843,Independent sampling with replacement
30,846,981.317,1041.901,612.589,111.843,Independent sampling with replacement
30,847,1031.437,1041.901,612.589,111.843,Independent sampling with replacement
30,848,1205.283,1041.901,612.589,111.843,Independent sampling with replacement
30,849,880.783,1041.901,612.589,111.843,Independent sampling with replacement
30,850,1078.08,1041.901,612.589,111.843,Independent sampling with replacement
30,851,939.09,1041.901,612.589,111.843,Independent sampling with replacement
30,852,946.083,1041.901,612.589,111.843,Independent sampling with replacement
30,853,1006.493,1041.901,612.589,111.843,Independent sampling with replacement
30,854,1112.577,1041.901,612.589,111.843,Independent sampling with replacement
30,855,1217.523,1041.901,612.589,111.843,Independent sampling with replacement
30,856,1130.783,1041.901,612.589,111.843,Independent sampling with replacement
30,857,1016.223,1041.901,612.589,111.843,Independent sampling with replacement
30,858,1159.573,1041.901,612.589,111.843,Independent sampling with replacement
30,859,884.617,1041.901,612.589,111.843,Independent sampling with replacement
30,860,1131.66,1041.901,612.589,111.843,Independent sampling with replacement
30,861,1013.64,1041.901,612.589,111.843,Independent sampling with replacement
30,862,1161.36,1041.901,612.589,111.843,Independent sampling with replacement
30,863,910.27,1041.901,612.589,111.843,Independent sampling with replacement
30,864,1054.447,1041.901,612.589,111.843,Independent sampling with replacement
30,865,1053.827,1041.901,612.589,111.843,Independent sampling with replacement
30,866,1016.727,1041.901,612.589,111.843,Independent sampling with replacement
30,867,1033.347,1041.901,612.589,111.843,Independent sampling with replacement
30,868,989.767,1041.901,612.589,111.843,Independent sampling with replacement
30,869,1197.97,1041.901,612.589,111.843,Independent sampling with replacement
30,870,960.37,1041.901,612.589,111.843,Independent sampling with replacement
30,871,1036.153,1041.901,612.589,111.843,Independent sampling with replacement
30,872,1062.667,1041.901,612.589,111.843,Independent sampling with replacement
30,873,823.237,1041.901,612.589,111.843,Independent sampling with replacement
30,874,1056.47,1041.901,612.589,111.843,Independent sampling with replacement
30,875,1153.637,1041.901,612.589,111.843,Independent sampling with replacement
30,876,1115.553,1041.901,612.589,111.843,Independent sampling with replacement
30,877,1046.74,1041.901,612.589,111.843,Independent sampling with replacement
30,878,1085.167,1041.901,612.589,111.843,Independent sampling with replacement
30,879,1152.077,1041.901,612.589,111.843,Independent sampling with replacement
30,880,867.507,1041.901,612.589,111.843,Independent sampling with replacement
30,881,999.883,1041.901,612.589,111.843,Independent sampling with replacement
30,882,980.603,1041.901,612.589,111.843,Independent sampling with replacement
30,883,1011.067,1041.901,612.589,111.843,Independent sampling with replacement
30,884,1124.577,1041.901,612.589,111.843,Independent sampling with replacement
30,885,1319.073,1041.901,612.589,111.843,Independent sampling with replacement
30,886,1201.513,1041.901,612.589,111.843,Independent sampling with replacement
30,887,1152.353,1041.901,612.589,111.843,Independent sampling with replacement
30,888,1089.073,1041.901,612.589,111.843,Independent sampling with replacement
30,889,1056.12,1041.901,612.589,111.843,Independent sampling with replacement
30,890,1063.253,1041.901,612.589,111.843,Independent sampling with replacement
30,891,1137.48,1041.901,612.589,111.843,Independent sampling with replacement
30,892,1039.577,1041.901,612.589,111.843,Independent sampling with replacement
30,893,897.593,1041.901,612.589,111.843,Independent sampling with replacement
30,894,1209.977,1041.901,612.589,111.843,Independent sampling with replacement
30,895,958.907,1041.901,612.589,111.843,Independent sampling with replacement
30,896,1118.303,1041.901,612.589,111.843,Independent sampling with replacement
30,897,1097.107,1041.901,612.589,111.843,Independent sampling with replacement
30,898,994.357,1041.901,612.589,111.843,Independent sampling with replacement
30,899,991.227,1041.901,612.589,111.843,Independent sampling with replacement
30,900,1159.84,1041.901,612.589,111.843,Independent sampling with replacement
30,901,1004.807,1041.901,612.589,111.843,Independent sampling with replacement
30,902,980.823,1041.901,612.589,111.843,Independent sampling with replacement
30,903,894.763,1041.901,612.589,111.843,Independent sampling with replacement
30,904,1052.297,1041.901,612.589,111.843,Independent sampling with replacement
30,905,1001.35,1041.901,612.589,111.843,Independent sampling with replacement
30,906,1008.593,1041.901,612.589,111.843,Independent sampling with replacement
30,907,1070.047,1041.901,612.589,111.843,Independent sampling with replacement
30,908,972.823,1041.901,612.589,111.843,Independent sampling with replacement
30,909,1183.437,1041.901,612.589,111.843,Independent sampling with replacement
30,910,1038.79,1041.901,612.589,111.843,Independent sampling with replacement
30,911,849.31,1041.901,612.589,111.843,Independent sampling with replacement
30,912,888.7,1041.901,612.589,111.843,Independent sampling with replacement
30,913,939.567,1041.901,612.589,111.843,Independent sampling with replacement
30,914,1092.453,1041.901,612.589,111.843,Independent sampling with replacement
30,915,1288.607,1041.901,612.589,111.843,Independent sampling with replacement
30,916,927.993,1041.901,612.589,111.843,Independent sampling with replacement
30,917,834.387,1041.901,612.589,111.843,Independent sampling with replacement
30,918,1280.55,1041.901,612.589,111.843,Independent sampling with replacement
30,919,1062.497,1041.901,612.589,111.843,Independent sampling with replacement
30,920,1018.997,1041.901,612.589,111.843,Independent sampling with replacement
30,921,1149.51,1041.901,612.589,111.843,Independent sampling with replacement
30,922,859.52,1041.901,612.589,111.843,Independent sampling with replacement
30,923,803.28,1041.901,612.589,111.843,Independent sampling with replacement
30,924,1097.003,1041.901,612.589,111.843,Independent sampling with replacement
30,925,1057.75,1041.901,612.589,111.843,Independent sampling with replacement
30,926,970.897,1041.901,612.589,111.843,Independent sampling with replacement
30,927,1081.607,1041.901,612.589,111.843,Independent sampling with replacement
30,928,995.09,1041.901,612.589,111.843,Independent sampling with replacement
30,929,865.9,1041.901,612.589,111.843,Independent sampling with replacement
30,930,1187.337,1041.901,612.589,111.843,Independent sampling with replacement
30,931,1219.303,1041.901,612.589,111.843,Independent sampling with replacement
30,932,961.443,1041.901,612.589,111.843,Independent sampling with replacement
30,933,1021.947,1041.901,612.589,111.843,Independent sampling with replacement
30,934,1232.937,1041.901,612.589,111.843,Independent sampling with replacement
30,935,1214.453,1041.901,612.589,111.843,Independent sampling with replacement
30,936,1040.55,1041.901,612.589,111.843,Independent sampling with replacement
30,937,1009.637,1041.901,612.589,111.843,Independent sampling with replacement
30,938,1105.26,1041.901,612.589,111.843,Independent sampling with replacement
30,939,1053.657,1041.901,612.589,111.843,Independent sampling with replacement
30,940,881.42,1041.901,612.589,111.843,Independent sampling with replacement
30,941,989.187,1041.901,612.589,111.843,Independent sampling with replacement
30,942,1160.287,1041.901,612.589,111.843,Independent sampling with replacement
30,943,1094.88,1041.901,612.589,111.843,Independent sampling with replacement
30,944,1044.107,1041.901,612.589,111.843,Independent sampling with replacement
30,945,867.153,1041.901,612.589,111.843,Independent sampling with replacement
30,946,1160.677,1041.901,612.589,111.843,Independent sampling with replacement
30,947,810.717,1041.901,612.589,111.843,Independent sampling with replacement
30,948,894.14,1041.901,612.589,111.843,Independent sampling with replacement
30,949,1181.32,1041.901,612.589,111.843,Independent sampling with replacement
30,950,997.63,1041.901,612.589,111.843,Independent sampling with replacement
30,951,947.273,1041.901,612.589,111.843,Independent sampling with replacement
30,952,882.77,1041.901,612.589,111.843,Independent sampling with replacement
30,953,906.427,1041.901,612.589,111.843,Independent sampling with replacement
30,954,1195.157,1041.901,612.589,111.843,Independent sampling with replacement
30,955,1126.407,1041.901,612.589,111.843,Independent sampling with replacement
30,956,880.57,1041.901,612.589,111.843,Independent sampling with replacement
30,957,982.907,1041.901,612.589,111.843,Independent sampling with replacement
30,958,1100.35,1041.901,612.589,111.843,Independent sampling with replacement
30,959,940.963,1041.901,612.589,111.843,Independent sampling with replacement
30,960,1291.223,1041.901,612.589,111.843,Independent sampling with replacement
30,961,1180.613,1041.901,612.589,111.843,Independent sampling with replacement
30,962,1082.48,1041.901,612.589,111.843,Independent sampling with replacement
30,963,961.843,1041.901,612.589,111.843,Independent sampling with replacement
30,964,1321.453,1041.901,612.589,111.843,Independent sampling with replacement
30,965,1156.127,1041.901,612.589,111.843,Independent sampling with replacement
30,966,948.693,1041.901,612.589,111.843,Independent sampling with replacement
30,967,940.803,1041.901,612.589,111.843,Independent sampling with replacement
30,968,1281.333,1041.901,612.589,111.843,Independent sampling with replacement
30,969,983.383,1041.901,612.589,111.843,Independent sampling with replacement
30,970,1045.863,1041.901,612.589,111.843,Independent sampling with replacement
30,971,1087.133,1041.901,612.589,111.843,Independent sampling with replacement
30,972,1074.917,1041.901,612.589,111.843,Independent sampling with replacement
30,973,918.227,1041.901,612.589,111.843,Independent sampling with replacement
30,974,1092.183,1041.901,612.589,111.843,Independent sampling with replacement
30,975,959.3,1041.901,612.589,111.843,Independent sampling with replacement
30,976,999.63,1041.901,612.589,111.843,Independent sampling with replacement
30,977,916.63,1041.901,612.589,111.843,Independent sampling with replacement
30,978,1066.477,1041.901,612.589,111.843,Independent sampling with replacement
30,979,1074.86,1041.901,612.589,111.843,Independent sampling with replacement
30,980,949.217,1041.901,612.589,111.843,Independent sampling with replacement
30,981,959.807,1041.901,612.589,111.843,Independent sampling with replacement
30,982,1140.793,1041.901,612.589,111.843,Independent sampling with replacement
30,983,1056.72,1041.901,612.589,111.843,Independent sampling with replacement
30,984,976.447,1041.901,612.589,111.843,Independent sampling with replacement
30,985,1022.327,1041.901,612.589,111.843,Independent sampling with replacement
30,986,948.483,1041.901,612.589,111.843,Independent sampling with replacement
30,987,916.623,1041.901,612.589,111.843,Independent sampling with replacement
30,988,877.503,1041.901,612.589,111.843,Independent sampling with replacement
30,989,1073.763,1041.901,612.589,111.843,Independent sampling with replacement
30,990,1082.607,1041.901,612.589,111.843,Independent sampling with replacement
30,991,1042.1,1041.901,612.589,111.843,Independent sampling with replacement
30,992,1248.943,1041.901,612.589,111.843,Independent sampling with replacement
30,993,925.77,1041.901,612.589,111.843,Independent sampling with replacement
30,994,1028.527,1041.901,612.589,111.843,Independent sampling with replacement
30,995,1208.77,1041.901,612.589,111.843,Independent sampling with replacement
30,996,1027.697,1041.901,612.589,111.843,Independent sampling with replacement
30,997,882.497,1041.901,612.589,111.843,Independent sampling with replacement
30,998,1234.833,1041.901,612.589,111.843,Independent sampling with replacement
30,999,1210.097,1041.901,612.589,111.843,Independent sampling with replacement
30,1000,944.217,1041.901,612.589,111.843,Independent sampling with replacement
