scenario,permutation_id,null_effect_units,observed_effect_units,standard_error_units,practical_threshold_units,as_or_more_extreme,simulated_two_sided_p_value,practically_meaningful
Precise small effect,1,0.0936,0.8,0.2,2.0,No,0.0005,No
Precise small effect,2,-0.262,0.8,0.2,2.0,No,0.0005,No
Precise small effect,3,0.1864,0.8,0.2,2.0,No,0.0005,No
Precise small effect,4,0.0393,0.8,0.2,2.0,No,0.0005,No
Precise small effect,5,0.1052,0.8,0.2,2.0,No,0.0005,No
Precise small effect,6,-0.0976,0.8,0.2,2.0,No,0.0005,No
Precise small effect,7,-0.0041,0.8,0.2,2.0,No,0.0005,No
Precise small effect,8,0.0626,0.8,0.2,2.0,No,0.0005,No
Precise small effect,9,-0.1416,0.8,0.2,2.0,No,0.0005,No
Precise small effect,10,0.0268,0.8,0.2,2.0,No,0.0005,No
Precise small effect,11,0.0095,0.8,0.2,2.0,No,0.0005,No
Precise small effect,12,0.0076,0.8,0.2,2.0,No,0.0005,No
Precise small effect,13,0.1801,0.8,0.2,2.0,No,0.0005,No
Precise small effect,14,-0.2022,0.8,0.2,2.0,No,0.0005,No
Precise small effect,15,0.1402,0.8,0.2,2.0,No,0.0005,No
Precise small effect,16,0.2137,0.8,0.2,2.0,No,0.0005,No
Precise small effect,17,-0.1579,0.8,0.2,2.0,No,0.0005,No
Precise small effect,18,0.07,0.8,0.2,2.0,No,0.0005,No
Precise small effect,19,-0.089,0.8,0.2,2.0,No,0.0005,No
Precise small effect,20,0.0336,0.8,0.2,2.0,No,0.0005,No
Precise small effect,21,0.284,0.8,0.2,2.0,No,0.0005,No
Precise small effect,22,0.0317,0.8,0.2,2.0,No,0.0005,No
Precise small effect,23,-0.2723,0.8,0.2,2.0,No,0.0005,No
Precise small effect,24,-0.0597,0.8,0.2,2.0,No,0.0005,No
Precise small effect,25,0.0925,0.8,0.2,2.0,No,0.0005,No
Precise small effect,26,0.1609,0.8,0.2,2.0,No,0.0005,No
Precise small effect,27,0.1098,0.8,0.2,2.0,No,0.0005,No
Precise small effect,28,-0.0588,0.8,0.2,2.0,No,0.0005,No
Precise small effect,29,-0.2708,0.8,0.2,2.0,No,0.0005,No
Precise small effect,30,0.0491,0.8,0.2,2.0,No,0.0005,No
Precise small effect,31,-0.2558,0.8,0.2,2.0,No,0.0005,No
Precise small effect,32,-0.1209,0.8,0.2,2.0,No,0.0005,No
Precise small effect,33,-0.2687,0.8,0.2,2.0,No,0.0005,No
Precise small effect,34,-0.118,0.8,0.2,2.0,No,0.0005,No
Precise small effect,35,0.0434,0.8,0.2,2.0,No,0.0005,No
Precise small effect,36,0.2073,0.8,0.2,2.0,No,0.0005,No
Precise small effect,37,0.1623,0.8,0.2,2.0,No,0.0005,No
Precise small effect,38,-0.0778,0.8,0.2,2.0,No,0.0005,No
Precise small effect,39,-0.2811,0.8,0.2,2.0,No,0.0005,No
Precise small effect,40,-0.0297,0.8,0.2,2.0,No,0.0005,No
Precise small effect,41,-0.0328,0.8,0.2,2.0,No,0.0005,No
Precise small effect,42,-0.0504,0.8,0.2,2.0,No,0.0005,No
Precise small effect,43,-0.3049,0.8,0.2,2.0,No,0.0005,No
Precise small effect,44,0.1465,0.8,0.2,2.0,No,0.0005,No
Precise small effect,45,-0.1953,0.8,0.2,2.0,No,0.0005,No
Precise small effect,46,0.2423,0.8,0.2,2.0,No,0.0005,No
Precise small effect,47,-0.0008,0.8,0.2,2.0,No,0.0005,No
Precise small effect,48,0.0081,0.8,0.2,2.0,No,0.0005,No
Precise small effect,49,0.1834,0.8,0.2,2.0,No,0.0005,No
Precise small effect,50,-0.0919,0.8,0.2,2.0,No,0.0005,No
Precise small effect,51,0.0067,0.8,0.2,2.0,No,0.0005,No
Precise small effect,52,0.1222,0.8,0.2,2.0,No,0.0005,No
Precise small effect,53,-0.0231,0.8,0.2,2.0,No,0.0005,No
Precise small effect,54,-0.0507,0.8,0.2,2.0,No,0.0005,No
Precise small effect,55,-0.2124,0.8,0.2,2.0,No,0.0005,No
Precise small effect,56,0.159,0.8,0.2,2.0,No,0.0005,No
Precise small effect,57,-0.0786,0.8,0.2,2.0,No,0.0005,No
Precise small effect,58,-0.1418,0.8,0.2,2.0,No,0.0005,No
Precise small effect,59,-0.129,0.8,0.2,2.0,No,0.0005,No
Precise small effect,60,-0.4677,0.8,0.2,2.0,No,0.0005,No
Precise small effect,61,-0.0105,0.8,0.2,2.0,No,0.0005,No
Precise small effect,62,-0.1926,0.8,0.2,2.0,No,0.0005,No
Precise small effect,63,0.2953,0.8,0.2,2.0,No,0.0005,No
Precise small effect,64,0.004,0.8,0.2,2.0,No,0.0005,No
Precise small effect,65,-0.1565,0.8,0.2,2.0,No,0.0005,No
Precise small effect,66,-0.2696,0.8,0.2,2.0,No,0.0005,No
Precise small effect,67,0.1417,0.8,0.2,2.0,No,0.0005,No
Precise small effect,68,-0.1115,0.8,0.2,2.0,No,0.0005,No
Precise small effect,69,0.2185,0.8,0.2,2.0,No,0.0005,No
Precise small effect,70,-0.1379,0.8,0.2,2.0,No,0.0005,No
Precise small effect,71,0.2356,0.8,0.2,2.0,No,0.0005,No
Precise small effect,72,-0.112,0.8,0.2,2.0,No,0.0005,No
Precise small effect,73,-0.2427,0.8,0.2,2.0,No,0.0005,No
Precise small effect,74,-0.2296,0.8,0.2,2.0,No,0.0005,No
Precise small effect,75,0.0559,0.8,0.2,2.0,No,0.0005,No
Precise small effect,76,0.0418,0.8,0.2,2.0,No,0.0005,No
Precise small effect,77,-0.0528,0.8,0.2,2.0,No,0.0005,No
Precise small effect,78,-0.0179,0.8,0.2,2.0,No,0.0005,No
Precise small effect,79,0.3485,0.8,0.2,2.0,No,0.0005,No
Precise small effect,80,0.1201,0.8,0.2,2.0,No,0.0005,No
Precise small effect,81,-0.0429,0.8,0.2,2.0,No,0.0005,No
Precise small effect,82,0.0857,0.8,0.2,2.0,No,0.0005,No
Precise small effect,83,0.024,0.8,0.2,2.0,No,0.0005,No
Precise small effect,84,0.0002,0.8,0.2,2.0,No,0.0005,No
Precise small effect,85,0.194,0.8,0.2,2.0,No,0.0005,No
Precise small effect,86,0.1885,0.8,0.2,2.0,No,0.0005,No
Precise small effect,87,0.2285,0.8,0.2,2.0,No,0.0005,No
Precise small effect,88,0.1553,0.8,0.2,2.0,No,0.0005,No
Precise small effect,89,-0.0796,0.8,0.2,2.0,No,0.0005,No
Precise small effect,90,-0.023,0.8,0.2,2.0,No,0.0005,No
Precise small effect,91,0.2229,0.8,0.2,2.0,No,0.0005,No
Precise small effect,92,-0.1538,0.8,0.2,2.0,No,0.0005,No
Precise small effect,93,-0.1246,0.8,0.2,2.0,No,0.0005,No
Precise small effect,94,0.2437,0.8,0.2,2.0,No,0.0005,No
Precise small effect,95,0.2322,0.8,0.2,2.0,No,0.0005,No
Precise small effect,96,-0.0737,0.8,0.2,2.0,No,0.0005,No
Precise small effect,97,0.2683,0.8,0.2,2.0,No,0.0005,No
Precise small effect,98,-0.0282,0.8,0.2,2.0,No,0.0005,No
Precise small effect,99,-0.1569,0.8,0.2,2.0,No,0.0005,No
Precise small effect,100,-0.0487,0.8,0.2,2.0,No,0.0005,No
Precise small effect,101,-0.1362,0.8,0.2,2.0,No,0.0005,No
Precise small effect,102,0.0733,0.8,0.2,2.0,No,0.0005,No
Precise small effect,103,-0.0809,0.8,0.2,2.0,No,0.0005,No
Precise small effect,104,-0.288,0.8,0.2,2.0,No,0.0005,No
Precise small effect,105,-0.1068,0.8,0.2,2.0,No,0.0005,No
Precise small effect,106,-0.0445,0.8,0.2,2.0,No,0.0005,No
Precise small effect,107,-0.0557,0.8,0.2,2.0,No,0.0005,No
Precise small effect,108,-0.1319,0.8,0.2,2.0,No,0.0005,No
Precise small effect,109,0.0957,0.8,0.2,2.0,No,0.0005,No
Precise small effect,110,0.0577,0.8,0.2,2.0,No,0.0005,No
Precise small effect,111,-0.2773,0.8,0.2,2.0,No,0.0005,No
Precise small effect,112,0.0485,0.8,0.2,2.0,No,0.0005,No
Precise small effect,113,0.0699,0.8,0.2,2.0,No,0.0005,No
Precise small effect,114,0.0735,0.8,0.2,2.0,No,0.0005,No
Precise small effect,115,-0.1266,0.8,0.2,2.0,No,0.0005,No
Precise small effect,116,0.0829,0.8,0.2,2.0,No,0.0005,No
Precise small effect,117,-0.2299,0.8,0.2,2.0,No,0.0005,No
Precise small effect,118,-0.1933,0.8,0.2,2.0,No,0.0005,No
Precise small effect,119,0.0851,0.8,0.2,2.0,No,0.0005,No
Precise small effect,120,0.2801,0.8,0.2,2.0,No,0.0005,No
Precise small effect,121,0.3191,0.8,0.2,2.0,No,0.0005,No
Precise small effect,122,-0.0313,0.8,0.2,2.0,No,0.0005,No
Precise small effect,123,-0.3105,0.8,0.2,2.0,No,0.0005,No
Precise small effect,124,-0.3832,0.8,0.2,2.0,No,0.0005,No
Precise small effect,125,-0.0459,0.8,0.2,2.0,No,0.0005,No
Precise small effect,126,-0.4374,0.8,0.2,2.0,No,0.0005,No
Precise small effect,127,-0.1363,0.8,0.2,2.0,No,0.0005,No
Precise small effect,128,0.0976,0.8,0.2,2.0,No,0.0005,No
Precise small effect,129,0.1501,0.8,0.2,2.0,No,0.0005,No
Precise small effect,130,-0.2117,0.8,0.2,2.0,No,0.0005,No
Precise small effect,131,0.1924,0.8,0.2,2.0,No,0.0005,No
Precise small effect,132,0.1114,0.8,0.2,2.0,No,0.0005,No
Precise small effect,133,0.0305,0.8,0.2,2.0,No,0.0005,No
Precise small effect,134,-0.1566,0.8,0.2,2.0,No,0.0005,No
Precise small effect,135,-0.1645,0.8,0.2,2.0,No,0.0005,No
Precise small effect,136,0.1806,0.8,0.2,2.0,No,0.0005,No
Precise small effect,137,-0.0006,0.8,0.2,2.0,No,0.0005,No
Precise small effect,138,-0.056,0.8,0.2,2.0,No,0.0005,No
Precise small effect,139,0.0108,0.8,0.2,2.0,No,0.0005,No
Precise small effect,140,0.159,0.8,0.2,2.0,No,0.0005,No
Precise small effect,141,0.1905,0.8,0.2,2.0,No,0.0005,No
Precise small effect,142,-0.1483,0.8,0.2,2.0,No,0.0005,No
Precise small effect,143,-0.2925,0.8,0.2,2.0,No,0.0005,No
Precise small effect,144,0.0596,0.8,0.2,2.0,No,0.0005,No
Precise small effect,145,-0.1952,0.8,0.2,2.0,No,0.0005,No
Precise small effect,146,-0.4367,0.8,0.2,2.0,No,0.0005,No
Precise small effect,147,0.0295,0.8,0.2,2.0,No,0.0005,No
Precise small effect,148,-0.203,0.8,0.2,2.0,No,0.0005,No
Precise small effect,149,0.017,0.8,0.2,2.0,No,0.0005,No
Precise small effect,150,-0.1154,0.8,0.2,2.0,No,0.0005,No
Precise small effect,151,0.1102,0.8,0.2,2.0,No,0.0005,No
Precise small effect,152,0.2293,0.8,0.2,2.0,No,0.0005,No
Precise small effect,153,0.0749,0.8,0.2,2.0,No,0.0005,No
Precise small effect,154,-0.2453,0.8,0.2,2.0,No,0.0005,No
Precise small effect,155,0.2247,0.8,0.2,2.0,No,0.0005,No
Precise small effect,156,-0.1662,0.8,0.2,2.0,No,0.0005,No
Precise small effect,157,-0.0397,0.8,0.2,2.0,No,0.0005,No
Precise small effect,158,-0.1367,0.8,0.2,2.0,No,0.0005,No
Precise small effect,159,-0.1811,0.8,0.2,2.0,No,0.0005,No
Precise small effect,160,0.0076,0.8,0.2,2.0,No,0.0005,No
Precise small effect,161,-0.3219,0.8,0.2,2.0,No,0.0005,No
Precise small effect,162,0.2118,0.8,0.2,2.0,No,0.0005,No
Precise small effect,163,-0.1217,0.8,0.2,2.0,No,0.0005,No
Precise small effect,164,0.1331,0.8,0.2,2.0,No,0.0005,No
Precise small effect,165,0.1036,0.8,0.2,2.0,No,0.0005,No
Precise small effect,166,-0.1437,0.8,0.2,2.0,No,0.0005,No
Precise small effect,167,-0.3215,0.8,0.2,2.0,No,0.0005,No
Precise small effect,168,-0.1825,0.8,0.2,2.0,No,0.0005,No
Precise small effect,169,0.4367,0.8,0.2,2.0,No,0.0005,No
Precise small effect,170,0.0088,0.8,0.2,2.0,No,0.0005,No
Precise small effect,171,0.0219,0.8,0.2,2.0,No,0.0005,No
Precise small effect,172,0.2635,0.8,0.2,2.0,No,0.0005,No
Precise small effect,173,-0.2374,0.8,0.2,2.0,No,0.0005,No
Precise small effect,174,-0.0839,0.8,0.2,2.0,No,0.0005,No
Precise small effect,175,-0.3473,0.8,0.2,2.0,No,0.0005,No
Precise small effect,176,-0.1519,0.8,0.2,2.0,No,0.0005,No
Precise small effect,177,-0.145,0.8,0.2,2.0,No,0.0005,No
Precise small effect,178,-0.1627,0.8,0.2,2.0,No,0.0005,No
Precise small effect,179,0.0371,0.8,0.2,2.0,No,0.0005,No
Precise small effect,180,-0.2291,0.8,0.2,2.0,No,0.0005,No
Precise small effect,181,-0.0092,0.8,0.2,2.0,No,0.0005,No
Precise small effect,182,0.2439,0.8,0.2,2.0,No,0.0005,No
Precise small effect,183,-0.3934,0.8,0.2,2.0,No,0.0005,No
Precise small effect,184,-0.286,0.8,0.2,2.0,No,0.0005,No
Precise small effect,185,-0.1455,0.8,0.2,2.0,No,0.0005,No
Precise small effect,186,0.1932,0.8,0.2,2.0,No,0.0005,No
Precise small effect,187,-0.1819,0.8,0.2,2.0,No,0.0005,No
Precise small effect,188,-0.1452,0.8,0.2,2.0,No,0.0005,No
Precise small effect,189,-0.0933,0.8,0.2,2.0,No,0.0005,No
Precise small effect,190,-0.0313,0.8,0.2,2.0,No,0.0005,No
Precise small effect,191,-0.1274,0.8,0.2,2.0,No,0.0005,No
Precise small effect,192,0.0438,0.8,0.2,2.0,No,0.0005,No
Precise small effect,193,-0.2733,0.8,0.2,2.0,No,0.0005,No
Precise small effect,194,-0.0944,0.8,0.2,2.0,No,0.0005,No
Precise small effect,195,-0.0902,0.8,0.2,2.0,No,0.0005,No
Precise small effect,196,-0.0448,0.8,0.2,2.0,No,0.0005,No
Precise small effect,197,0.3139,0.8,0.2,2.0,No,0.0005,No
Precise small effect,198,0.152,0.8,0.2,2.0,No,0.0005,No
Precise small effect,199,-0.0858,0.8,0.2,2.0,No,0.0005,No
Precise small effect,200,-0.1626,0.8,0.2,2.0,No,0.0005,No
Precise small effect,201,-0.0531,0.8,0.2,2.0,No,0.0005,No
Precise small effect,202,0.1865,0.8,0.2,2.0,No,0.0005,No
Precise small effect,203,-0.1036,0.8,0.2,2.0,No,0.0005,No
Precise small effect,204,0.0323,0.8,0.2,2.0,No,0.0005,No
Precise small effect,205,0.2501,0.8,0.2,2.0,No,0.0005,No
Precise small effect,206,-0.0906,0.8,0.2,2.0,No,0.0005,No
Precise small effect,207,-0.0376,0.8,0.2,2.0,No,0.0005,No
Precise small effect,208,0.2734,0.8,0.2,2.0,No,0.0005,No
Precise small effect,209,0.173,0.8,0.2,2.0,No,0.0005,No
Precise small effect,210,-0.1734,0.8,0.2,2.0,No,0.0005,No
Precise small effect,211,0.3986,0.8,0.2,2.0,No,0.0005,No
Precise small effect,212,-0.273,0.8,0.2,2.0,No,0.0005,No
Precise small effect,213,-0.0542,0.8,0.2,2.0,No,0.0005,No
Precise small effect,214,0.0137,0.8,0.2,2.0,No,0.0005,No
Precise small effect,215,0.0344,0.8,0.2,2.0,No,0.0005,No
Precise small effect,216,-0.1384,0.8,0.2,2.0,No,0.0005,No
Precise small effect,217,-0.1808,0.8,0.2,2.0,No,0.0005,No
Precise small effect,218,0.0054,0.8,0.2,2.0,No,0.0005,No
Precise small effect,219,0.0004,0.8,0.2,2.0,No,0.0005,No
Precise small effect,220,0.1014,0.8,0.2,2.0,No,0.0005,No
Precise small effect,221,-0.2194,0.8,0.2,2.0,No,0.0005,No
Precise small effect,222,-0.1929,0.8,0.2,2.0,No,0.0005,No
Precise small effect,223,0.2775,0.8,0.2,2.0,No,0.0005,No
Precise small effect,224,-0.1833,0.8,0.2,2.0,No,0.0005,No
Precise small effect,225,0.337,0.8,0.2,2.0,No,0.0005,No
Precise small effect,226,0.0337,0.8,0.2,2.0,No,0.0005,No
Precise small effect,227,0.2653,0.8,0.2,2.0,No,0.0005,No
Precise small effect,228,-0.327,0.8,0.2,2.0,No,0.0005,No
Precise small effect,229,0.2461,0.8,0.2,2.0,No,0.0005,No
Precise small effect,230,-0.2546,0.8,0.2,2.0,No,0.0005,No
Precise small effect,231,0.1816,0.8,0.2,2.0,No,0.0005,No
Precise small effect,232,0.2314,0.8,0.2,2.0,No,0.0005,No
Precise small effect,233,0.0387,0.8,0.2,2.0,No,0.0005,No
Precise small effect,234,-0.1716,0.8,0.2,2.0,No,0.0005,No
Precise small effect,235,-0.0968,0.8,0.2,2.0,No,0.0005,No
Precise small effect,236,-0.0113,0.8,0.2,2.0,No,0.0005,No
Precise small effect,237,-0.12,0.8,0.2,2.0,No,0.0005,No
Precise small effect,238,0.3198,0.8,0.2,2.0,No,0.0005,No
Precise small effect,239,0.0037,0.8,0.2,2.0,No,0.0005,No
Precise small effect,240,-0.0409,0.8,0.2,2.0,No,0.0005,No
Precise small effect,241,-0.3503,0.8,0.2,2.0,No,0.0005,No
Precise small effect,242,0.0351,0.8,0.2,2.0,No,0.0005,No
Precise small effect,243,0.0781,0.8,0.2,2.0,No,0.0005,No
Precise small effect,244,0.0913,0.8,0.2,2.0,No,0.0005,No
Precise small effect,245,-0.5766,0.8,0.2,2.0,No,0.0005,No
Precise small effect,246,0.1262,0.8,0.2,2.0,No,0.0005,No
Precise small effect,247,0.2012,0.8,0.2,2.0,No,0.0005,No
Precise small effect,248,0.3018,0.8,0.2,2.0,No,0.0005,No
Precise small effect,249,0.1964,0.8,0.2,2.0,No,0.0005,No
Precise small effect,250,-0.2661,0.8,0.2,2.0,No,0.0005,No
Precise small effect,251,-0.1225,0.8,0.2,2.0,No,0.0005,No
Precise small effect,252,0.2635,0.8,0.2,2.0,No,0.0005,No
Precise small effect,253,-0.168,0.8,0.2,2.0,No,0.0005,No
Precise small effect,254,-0.0388,0.8,0.2,2.0,No,0.0005,No
Precise small effect,255,0.144,0.8,0.2,2.0,No,0.0005,No
Precise small effect,256,-0.1971,0.8,0.2,2.0,No,0.0005,No
Precise small effect,257,0.1845,0.8,0.2,2.0,No,0.0005,No
Precise small effect,258,-0.0675,0.8,0.2,2.0,No,0.0005,No
Precise small effect,259,-0.3285,0.8,0.2,2.0,No,0.0005,No
Precise small effect,260,0.2606,0.8,0.2,2.0,No,0.0005,No
Precise small effect,261,-0.2033,0.8,0.2,2.0,No,0.0005,No
Precise small effect,262,-0.0769,0.8,0.2,2.0,No,0.0005,No
Precise small effect,263,0.0667,0.8,0.2,2.0,No,0.0005,No
Precise small effect,264,-0.0924,0.8,0.2,2.0,No,0.0005,No
Precise small effect,265,-0.3843,0.8,0.2,2.0,No,0.0005,No
Precise small effect,266,0.1346,0.8,0.2,2.0,No,0.0005,No
Precise small effect,267,0.032,0.8,0.2,2.0,No,0.0005,No
Precise small effect,268,-0.1948,0.8,0.2,2.0,No,0.0005,No
Precise small effect,269,-0.2849,0.8,0.2,2.0,No,0.0005,No
Precise small effect,270,0.197,0.8,0.2,2.0,No,0.0005,No
Precise small effect,271,-0.1049,0.8,0.2,2.0,No,0.0005,No
Precise small effect,272,-0.4412,0.8,0.2,2.0,No,0.0005,No
Precise small effect,273,-0.0872,0.8,0.2,2.0,No,0.0005,No
Precise small effect,274,0.0683,0.8,0.2,2.0,No,0.0005,No
Precise small effect,275,0.0664,0.8,0.2,2.0,No,0.0005,No
Precise small effect,276,0.1731,0.8,0.2,2.0,No,0.0005,No
Precise small effect,277,-0.1421,0.8,0.2,2.0,No,0.0005,No
Precise small effect,278,-0.2088,0.8,0.2,2.0,No,0.0005,No
Precise small effect,279,-0.4952,0.8,0.2,2.0,No,0.0005,No
Precise small effect,280,0.0586,0.8,0.2,2.0,No,0.0005,No
Precise small effect,281,-0.2296,0.8,0.2,2.0,No,0.0005,No
Precise small effect,282,-0.1294,0.8,0.2,2.0,No,0.0005,No
Precise small effect,283,0.0698,0.8,0.2,2.0,No,0.0005,No
Precise small effect,284,0.0228,0.8,0.2,2.0,No,0.0005,No
Precise small effect,285,0.2174,0.8,0.2,2.0,No,0.0005,No
Precise small effect,286,-0.2339,0.8,0.2,2.0,No,0.0005,No
Precise small effect,287,0.014,0.8,0.2,2.0,No,0.0005,No
Precise small effect,288,0.2281,0.8,0.2,2.0,No,0.0005,No
Precise small effect,289,0.0388,0.8,0.2,2.0,No,0.0005,No
Precise small effect,290,-0.0402,0.8,0.2,2.0,No,0.0005,No
Precise small effect,291,0.0331,0.8,0.2,2.0,No,0.0005,No
Precise small effect,292,-0.0821,0.8,0.2,2.0,No,0.0005,No
Precise small effect,293,0.0694,0.8,0.2,2.0,No,0.0005,No
Precise small effect,294,-0.0119,0.8,0.2,2.0,No,0.0005,No
Precise small effect,295,-0.3245,0.8,0.2,2.0,No,0.0005,No
Precise small effect,296,-0.0045,0.8,0.2,2.0,No,0.0005,No
Precise small effect,297,-0.1741,0.8,0.2,2.0,No,0.0005,No
Precise small effect,298,-0.1068,0.8,0.2,2.0,No,0.0005,No
Precise small effect,299,0.0497,0.8,0.2,2.0,No,0.0005,No
Precise small effect,300,0.1933,0.8,0.2,2.0,No,0.0005,No
Precise small effect,301,0.1101,0.8,0.2,2.0,No,0.0005,No
Precise small effect,302,-0.1625,0.8,0.2,2.0,No,0.0005,No
Precise small effect,303,-0.2348,0.8,0.2,2.0,No,0.0005,No
Precise small effect,304,0.2564,0.8,0.2,2.0,No,0.0005,No
Precise small effect,305,-0.1248,0.8,0.2,2.0,No,0.0005,No
Precise small effect,306,-0.3588,0.8,0.2,2.0,No,0.0005,No
Precise small effect,307,0.1233,0.8,0.2,2.0,No,0.0005,No
Precise small effect,308,-0.0512,0.8,0.2,2.0,No,0.0005,No
Precise small effect,309,-0.0522,0.8,0.2,2.0,No,0.0005,No
Precise small effect,310,-0.1577,0.8,0.2,2.0,No,0.0005,No
Precise small effect,311,0.2319,0.8,0.2,2.0,No,0.0005,No
Precise small effect,312,-0.2004,0.8,0.2,2.0,No,0.0005,No
Precise small effect,313,-0.0651,0.8,0.2,2.0,No,0.0005,No
Precise small effect,314,0.2001,0.8,0.2,2.0,No,0.0005,No
Precise small effect,315,-0.1022,0.8,0.2,2.0,No,0.0005,No
Precise small effect,316,-0.033,0.8,0.2,2.0,No,0.0005,No
Precise small effect,317,0.3573,0.8,0.2,2.0,No,0.0005,No
Precise small effect,318,-0.2496,0.8,0.2,2.0,No,0.0005,No
Precise small effect,319,0.4696,0.8,0.2,2.0,No,0.0005,No
Precise small effect,320,0.0735,0.8,0.2,2.0,No,0.0005,No
Precise small effect,321,0.4065,0.8,0.2,2.0,No,0.0005,No
Precise small effect,322,-0.0394,0.8,0.2,2.0,No,0.0005,No
Precise small effect,323,0.2024,0.8,0.2,2.0,No,0.0005,No
Precise small effect,324,0.1463,0.8,0.2,2.0,No,0.0005,No
Precise small effect,325,-0.1384,0.8,0.2,2.0,No,0.0005,No
Precise small effect,326,-0.0179,0.8,0.2,2.0,No,0.0005,No
Precise small effect,327,-0.1158,0.8,0.2,2.0,No,0.0005,No
Precise small effect,328,-0.0094,0.8,0.2,2.0,No,0.0005,No
Precise small effect,329,0.1282,0.8,0.2,2.0,No,0.0005,No
Precise small effect,330,0.0427,0.8,0.2,2.0,No,0.0005,No
Precise small effect,331,0.1623,0.8,0.2,2.0,No,0.0005,No
Precise small effect,332,0.0399,0.8,0.2,2.0,No,0.0005,No
Precise small effect,333,0.2235,0.8,0.2,2.0,No,0.0005,No
Precise small effect,334,-0.0113,0.8,0.2,2.0,No,0.0005,No
Precise small effect,335,0.3895,0.8,0.2,2.0,No,0.0005,No
Precise small effect,336,-0.2452,0.8,0.2,2.0,No,0.0005,No
Precise small effect,337,-0.06,0.8,0.2,2.0,No,0.0005,No
Precise small effect,338,-0.3041,0.8,0.2,2.0,No,0.0005,No
Precise small effect,339,-0.1265,0.8,0.2,2.0,No,0.0005,No
Precise small effect,340,-0.2513,0.8,0.2,2.0,No,0.0005,No
Precise small effect,341,0.0405,0.8,0.2,2.0,No,0.0005,No
Precise small effect,342,0.0134,0.8,0.2,2.0,No,0.0005,No
Precise small effect,343,0.0843,0.8,0.2,2.0,No,0.0005,No
Precise small effect,344,0.0659,0.8,0.2,2.0,No,0.0005,No
Precise small effect,345,-0.0105,0.8,0.2,2.0,No,0.0005,No
Precise small effect,346,-0.2877,0.8,0.2,2.0,No,0.0005,No
Precise small effect,347,0.0494,0.8,0.2,2.0,No,0.0005,No
Precise small effect,348,-0.0782,0.8,0.2,2.0,No,0.0005,No
Precise small effect,349,0.1618,0.8,0.2,2.0,No,0.0005,No
Precise small effect,350,0.0489,0.8,0.2,2.0,No,0.0005,No
Precise small effect,351,-0.2217,0.8,0.2,2.0,No,0.0005,No
Precise small effect,352,-0.5267,0.8,0.2,2.0,No,0.0005,No
Precise small effect,353,-0.0819,0.8,0.2,2.0,No,0.0005,No
Precise small effect,354,-0.0044,0.8,0.2,2.0,No,0.0005,No
Precise small effect,355,-0.0665,0.8,0.2,2.0,No,0.0005,No
Precise small effect,356,-0.2479,0.8,0.2,2.0,No,0.0005,No
Precise small effect,357,-0.1128,0.8,0.2,2.0,No,0.0005,No
Precise small effect,358,0.1395,0.8,0.2,2.0,No,0.0005,No
Precise small effect,359,-0.1516,0.8,0.2,2.0,No,0.0005,No
Precise small effect,360,-0.0783,0.8,0.2,2.0,No,0.0005,No
Precise small effect,361,-0.0195,0.8,0.2,2.0,No,0.0005,No
Precise small effect,362,0.0018,0.8,0.2,2.0,No,0.0005,No
Precise small effect,363,0.135,0.8,0.2,2.0,No,0.0005,No
Precise small effect,364,0.0087,0.8,0.2,2.0,No,0.0005,No
Precise small effect,365,0.033,0.8,0.2,2.0,No,0.0005,No
Precise small effect,366,0.3419,0.8,0.2,2.0,No,0.0005,No
Precise small effect,367,-0.0186,0.8,0.2,2.0,No,0.0005,No
Precise small effect,368,0.3256,0.8,0.2,2.0,No,0.0005,No
Precise small effect,369,-0.3295,0.8,0.2,2.0,No,0.0005,No
Precise small effect,370,0.2239,0.8,0.2,2.0,No,0.0005,No
Precise small effect,371,0.0613,0.8,0.2,2.0,No,0.0005,No
Precise small effect,372,-0.0148,0.8,0.2,2.0,No,0.0005,No
Precise small effect,373,-0.0568,0.8,0.2,2.0,No,0.0005,No
Precise small effect,374,-0.1257,0.8,0.2,2.0,No,0.0005,No
Precise small effect,375,0.2243,0.8,0.2,2.0,No,0.0005,No
Precise small effect,376,0.1037,0.8,0.2,2.0,No,0.0005,No
Precise small effect,377,0.0428,0.8,0.2,2.0,No,0.0005,No
Precise small effect,378,0.1571,0.8,0.2,2.0,No,0.0005,No
Precise small effect,379,-0.0375,0.8,0.2,2.0,No,0.0005,No
Precise small effect,380,0.3674,0.8,0.2,2.0,No,0.0005,No
Precise small effect,381,0.2283,0.8,0.2,2.0,No,0.0005,No
Precise small effect,382,-0.3105,0.8,0.2,2.0,No,0.0005,No
Precise small effect,383,-0.0122,0.8,0.2,2.0,No,0.0005,No
Precise small effect,384,-0.0359,0.8,0.2,2.0,No,0.0005,No
Precise small effect,385,-0.0497,0.8,0.2,2.0,No,0.0005,No
Precise small effect,386,-0.1129,0.8,0.2,2.0,No,0.0005,No
Precise small effect,387,-0.0775,0.8,0.2,2.0,No,0.0005,No
Precise small effect,388,-0.1152,0.8,0.2,2.0,No,0.0005,No
Precise small effect,389,-0.4159,0.8,0.2,2.0,No,0.0005,No
Precise small effect,390,0.0627,0.8,0.2,2.0,No,0.0005,No
Precise small effect,391,-0.3011,0.8,0.2,2.0,No,0.0005,No
Precise small effect,392,-0.1074,0.8,0.2,2.0,No,0.0005,No
Precise small effect,393,-0.115,0.8,0.2,2.0,No,0.0005,No
Precise small effect,394,0.0874,0.8,0.2,2.0,No,0.0005,No
Precise small effect,395,-0.0778,0.8,0.2,2.0,No,0.0005,No
Precise small effect,396,0.2835,0.8,0.2,2.0,No,0.0005,No
Precise small effect,397,-0.0366,0.8,0.2,2.0,No,0.0005,No
Precise small effect,398,-0.094,0.8,0.2,2.0,No,0.0005,No
Precise small effect,399,0.2227,0.8,0.2,2.0,No,0.0005,No
Precise small effect,400,-0.2238,0.8,0.2,2.0,No,0.0005,No
Precise small effect,401,-0.1973,0.8,0.2,2.0,No,0.0005,No
Precise small effect,402,0.4303,0.8,0.2,2.0,No,0.0005,No
Precise small effect,403,0.1561,0.8,0.2,2.0,No,0.0005,No
Precise small effect,404,0.0512,0.8,0.2,2.0,No,0.0005,No
Precise small effect,405,0.2214,0.8,0.2,2.0,No,0.0005,No
Precise small effect,406,0.1332,0.8,0.2,2.0,No,0.0005,No
Precise small effect,407,0.1086,0.8,0.2,2.0,No,0.0005,No
Precise small effect,408,-0.5221,0.8,0.2,2.0,No,0.0005,No
Precise small effect,409,0.0926,0.8,0.2,2.0,No,0.0005,No
Precise small effect,410,-0.1119,0.8,0.2,2.0,No,0.0005,No
Precise small effect,411,0.1566,0.8,0.2,2.0,No,0.0005,No
Precise small effect,412,0.2138,0.8,0.2,2.0,No,0.0005,No
Precise small effect,413,-0.4898,0.8,0.2,2.0,No,0.0005,No
Precise small effect,414,-0.176,0.8,0.2,2.0,No,0.0005,No
Precise small effect,415,0.1611,0.8,0.2,2.0,No,0.0005,No
Precise small effect,416,-0.0004,0.8,0.2,2.0,No,0.0005,No
Precise small effect,417,-0.2497,0.8,0.2,2.0,No,0.0005,No
Precise small effect,418,-0.0475,0.8,0.2,2.0,No,0.0005,No
Precise small effect,419,0.0244,0.8,0.2,2.0,No,0.0005,No
Precise small effect,420,0.1101,0.8,0.2,2.0,No,0.0005,No
Precise small effect,421,0.3362,0.8,0.2,2.0,No,0.0005,No
Precise small effect,422,0.558,0.8,0.2,2.0,No,0.0005,No
Precise small effect,423,-0.0355,0.8,0.2,2.0,No,0.0005,No
Precise small effect,424,-0.0629,0.8,0.2,2.0,No,0.0005,No
Precise small effect,425,-0.163,0.8,0.2,2.0,No,0.0005,No
Precise small effect,426,0.0251,0.8,0.2,2.0,No,0.0005,No
Precise small effect,427,0.0222,0.8,0.2,2.0,No,0.0005,No
Precise small effect,428,-0.0097,0.8,0.2,2.0,No,0.0005,No
Precise small effect,429,-0.0991,0.8,0.2,2.0,No,0.0005,No
Precise small effect,430,0.4234,0.8,0.2,2.0,No,0.0005,No
Precise small effect,431,-0.3894,0.8,0.2,2.0,No,0.0005,No
Precise small effect,432,0.3056,0.8,0.2,2.0,No,0.0005,No
Precise small effect,433,-0.2126,0.8,0.2,2.0,No,0.0005,No
Precise small effect,434,-0.0067,0.8,0.2,2.0,No,0.0005,No
Precise small effect,435,-0.1705,0.8,0.2,2.0,No,0.0005,No
Precise small effect,436,-0.148,0.8,0.2,2.0,No,0.0005,No
Precise small effect,437,-0.1256,0.8,0.2,2.0,No,0.0005,No
Precise small effect,438,-0.0486,0.8,0.2,2.0,No,0.0005,No
Precise small effect,439,-0.0779,0.8,0.2,2.0,No,0.0005,No
Precise small effect,440,0.1219,0.8,0.2,2.0,No,0.0005,No
Precise small effect,441,0.0091,0.8,0.2,2.0,No,0.0005,No
Precise small effect,442,-0.3335,0.8,0.2,2.0,No,0.0005,No
Precise small effect,443,-0.0962,0.8,0.2,2.0,No,0.0005,No
Precise small effect,444,0.0667,0.8,0.2,2.0,No,0.0005,No
Precise small effect,445,0.017,0.8,0.2,2.0,No,0.0005,No
Precise small effect,446,0.1404,0.8,0.2,2.0,No,0.0005,No
Precise small effect,447,0.0919,0.8,0.2,2.0,No,0.0005,No
Precise small effect,448,-0.2268,0.8,0.2,2.0,No,0.0005,No
Precise small effect,449,-0.09,0.8,0.2,2.0,No,0.0005,No
Precise small effect,450,-0.1386,0.8,0.2,2.0,No,0.0005,No
Precise small effect,451,-0.0985,0.8,0.2,2.0,No,0.0005,No
Precise small effect,452,0.1132,0.8,0.2,2.0,No,0.0005,No
Precise small effect,453,-0.0809,0.8,0.2,2.0,No,0.0005,No
Precise small effect,454,0.077,0.8,0.2,2.0,No,0.0005,No
Precise small effect,455,0.1205,0.8,0.2,2.0,No,0.0005,No
Precise small effect,456,-0.0942,0.8,0.2,2.0,No,0.0005,No
Precise small effect,457,-0.0252,0.8,0.2,2.0,No,0.0005,No
Precise small effect,458,-0.2048,0.8,0.2,2.0,No,0.0005,No
Precise small effect,459,0.0228,0.8,0.2,2.0,No,0.0005,No
Precise small effect,460,0.0738,0.8,0.2,2.0,No,0.0005,No
Precise small effect,461,-0.0333,0.8,0.2,2.0,No,0.0005,No
Precise small effect,462,-0.4283,0.8,0.2,2.0,No,0.0005,No
Precise small effect,463,-0.1539,0.8,0.2,2.0,No,0.0005,No
Precise small effect,464,-0.3948,0.8,0.2,2.0,No,0.0005,No
Precise small effect,465,0.1664,0.8,0.2,2.0,No,0.0005,No
Precise small effect,466,0.0716,0.8,0.2,2.0,No,0.0005,No
Precise small effect,467,0.0367,0.8,0.2,2.0,No,0.0005,No
Precise small effect,468,-0.027,0.8,0.2,2.0,No,0.0005,No
Precise small effect,469,0.2477,0.8,0.2,2.0,No,0.0005,No
Precise small effect,470,-0.273,0.8,0.2,2.0,No,0.0005,No
Precise small effect,471,-0.1011,0.8,0.2,2.0,No,0.0005,No
Precise small effect,472,0.1607,0.8,0.2,2.0,No,0.0005,No
Precise small effect,473,-0.4508,0.8,0.2,2.0,No,0.0005,No
Precise small effect,474,-0.2552,0.8,0.2,2.0,No,0.0005,No
Precise small effect,475,0.2359,0.8,0.2,2.0,No,0.0005,No
Precise small effect,476,0.1068,0.8,0.2,2.0,No,0.0005,No
Precise small effect,477,0.0486,0.8,0.2,2.0,No,0.0005,No
Precise small effect,478,-0.0782,0.8,0.2,2.0,No,0.0005,No
Precise small effect,479,-0.0661,0.8,0.2,2.0,No,0.0005,No
Precise small effect,480,0.4268,0.8,0.2,2.0,No,0.0005,No
Precise small effect,481,-0.0524,0.8,0.2,2.0,No,0.0005,No
Precise small effect,482,0.0124,0.8,0.2,2.0,No,0.0005,No
Precise small effect,483,0.0274,0.8,0.2,2.0,No,0.0005,No
Precise small effect,484,-0.2842,0.8,0.2,2.0,No,0.0005,No
Precise small effect,485,0.2754,0.8,0.2,2.0,No,0.0005,No
Precise small effect,486,0.0348,0.8,0.2,2.0,No,0.0005,No
Precise small effect,487,-0.1731,0.8,0.2,2.0,No,0.0005,No
Precise small effect,488,0.4744,0.8,0.2,2.0,No,0.0005,No
Precise small effect,489,-0.1649,0.8,0.2,2.0,No,0.0005,No
Precise small effect,490,0.2612,0.8,0.2,2.0,No,0.0005,No
Precise small effect,491,-0.0343,0.8,0.2,2.0,No,0.0005,No
Precise small effect,492,-0.0381,0.8,0.2,2.0,No,0.0005,No
Precise small effect,493,0.0832,0.8,0.2,2.0,No,0.0005,No
Precise small effect,494,0.0759,0.8,0.2,2.0,No,0.0005,No
Precise small effect,495,-0.1976,0.8,0.2,2.0,No,0.0005,No
Precise small effect,496,-0.1549,0.8,0.2,2.0,No,0.0005,No
Precise small effect,497,0.4178,0.8,0.2,2.0,No,0.0005,No
Precise small effect,498,0.4268,0.8,0.2,2.0,No,0.0005,No
Precise small effect,499,0.3047,0.8,0.2,2.0,No,0.0005,No
Precise small effect,500,0.1803,0.8,0.2,2.0,No,0.0005,No
Precise small effect,501,-0.2171,0.8,0.2,2.0,No,0.0005,No
Precise small effect,502,-0.1288,0.8,0.2,2.0,No,0.0005,No
Precise small effect,503,0.2425,0.8,0.2,2.0,No,0.0005,No
Precise small effect,504,0.1009,0.8,0.2,2.0,No,0.0005,No
Precise small effect,505,-0.233,0.8,0.2,2.0,No,0.0005,No
Precise small effect,506,-0.0452,0.8,0.2,2.0,No,0.0005,No
Precise small effect,507,0.1184,0.8,0.2,2.0,No,0.0005,No
Precise small effect,508,-0.4109,0.8,0.2,2.0,No,0.0005,No
Precise small effect,509,0.079,0.8,0.2,2.0,No,0.0005,No
Precise small effect,510,0.0042,0.8,0.2,2.0,No,0.0005,No
Precise small effect,511,-0.1452,0.8,0.2,2.0,No,0.0005,No
Precise small effect,512,0.2823,0.8,0.2,2.0,No,0.0005,No
Precise small effect,513,-0.054,0.8,0.2,2.0,No,0.0005,No
Precise small effect,514,-0.0921,0.8,0.2,2.0,No,0.0005,No
Precise small effect,515,0.0178,0.8,0.2,2.0,No,0.0005,No
Precise small effect,516,0.3461,0.8,0.2,2.0,No,0.0005,No
Precise small effect,517,0.0697,0.8,0.2,2.0,No,0.0005,No
Precise small effect,518,-0.1748,0.8,0.2,2.0,No,0.0005,No
Precise small effect,519,0.1209,0.8,0.2,2.0,No,0.0005,No
Precise small effect,520,-0.1821,0.8,0.2,2.0,No,0.0005,No
Precise small effect,521,-0.1758,0.8,0.2,2.0,No,0.0005,No
Precise small effect,522,0.1517,0.8,0.2,2.0,No,0.0005,No
Precise small effect,523,0.008,0.8,0.2,2.0,No,0.0005,No
Precise small effect,524,-0.1949,0.8,0.2,2.0,No,0.0005,No
Precise small effect,525,0.2253,0.8,0.2,2.0,No,0.0005,No
Precise small effect,526,-0.0954,0.8,0.2,2.0,No,0.0005,No
Precise small effect,527,0.0644,0.8,0.2,2.0,No,0.0005,No
Precise small effect,528,0.1851,0.8,0.2,2.0,No,0.0005,No
Precise small effect,529,0.2227,0.8,0.2,2.0,No,0.0005,No
Precise small effect,530,0.0855,0.8,0.2,2.0,No,0.0005,No
Precise small effect,531,-0.0662,0.8,0.2,2.0,No,0.0005,No
Precise small effect,532,0.1936,0.8,0.2,2.0,No,0.0005,No
Precise small effect,533,0.0326,0.8,0.2,2.0,No,0.0005,No
Precise small effect,534,-0.0142,0.8,0.2,2.0,No,0.0005,No
Precise small effect,535,0.0513,0.8,0.2,2.0,No,0.0005,No
Precise small effect,536,-0.0185,0.8,0.2,2.0,No,0.0005,No
Precise small effect,537,-0.1536,0.8,0.2,2.0,No,0.0005,No
Precise small effect,538,0.2824,0.8,0.2,2.0,No,0.0005,No
Precise small effect,539,0.0773,0.8,0.2,2.0,No,0.0005,No
Precise small effect,540,-0.2802,0.8,0.2,2.0,No,0.0005,No
Precise small effect,541,0.3325,0.8,0.2,2.0,No,0.0005,No
Precise small effect,542,0.2758,0.8,0.2,2.0,No,0.0005,No
Precise small effect,543,-0.2813,0.8,0.2,2.0,No,0.0005,No
Precise small effect,544,-0.0773,0.8,0.2,2.0,No,0.0005,No
Precise small effect,545,-0.0876,0.8,0.2,2.0,No,0.0005,No
Precise small effect,546,0.1357,0.8,0.2,2.0,No,0.0005,No
Precise small effect,547,-0.049,0.8,0.2,2.0,No,0.0005,No
Precise small effect,548,-0.0523,0.8,0.2,2.0,No,0.0005,No
Precise small effect,549,0.4515,0.8,0.2,2.0,No,0.0005,No
Precise small effect,550,0.0509,0.8,0.2,2.0,No,0.0005,No
Precise small effect,551,-0.0778,0.8,0.2,2.0,No,0.0005,No
Precise small effect,552,-0.0121,0.8,0.2,2.0,No,0.0005,No
Precise small effect,553,0.2887,0.8,0.2,2.0,No,0.0005,No
Precise small effect,554,0.3159,0.8,0.2,2.0,No,0.0005,No
Precise small effect,555,0.3076,0.8,0.2,2.0,No,0.0005,No
Precise small effect,556,-0.0604,0.8,0.2,2.0,No,0.0005,No
Precise small effect,557,-0.2389,0.8,0.2,2.0,No,0.0005,No
Precise small effect,558,0.1739,0.8,0.2,2.0,No,0.0005,No
Precise small effect,559,0.2901,0.8,0.2,2.0,No,0.0005,No
Precise small effect,560,0.3355,0.8,0.2,2.0,No,0.0005,No
Precise small effect,561,-0.0406,0.8,0.2,2.0,No,0.0005,No
Precise small effect,562,-0.2222,0.8,0.2,2.0,No,0.0005,No
Precise small effect,563,0.2212,0.8,0.2,2.0,No,0.0005,No
Precise small effect,564,0.2247,0.8,0.2,2.0,No,0.0005,No
Precise small effect,565,-0.3745,0.8,0.2,2.0,No,0.0005,No
Precise small effect,566,-0.0362,0.8,0.2,2.0,No,0.0005,No
Precise small effect,567,-0.0144,0.8,0.2,2.0,No,0.0005,No
Precise small effect,568,0.2721,0.8,0.2,2.0,No,0.0005,No
Precise small effect,569,-0.0982,0.8,0.2,2.0,No,0.0005,No
Precise small effect,570,0.0871,0.8,0.2,2.0,No,0.0005,No
Precise small effect,571,0.3942,0.8,0.2,2.0,No,0.0005,No
Precise small effect,572,-0.3242,0.8,0.2,2.0,No,0.0005,No
Precise small effect,573,0.1626,0.8,0.2,2.0,No,0.0005,No
Precise small effect,574,-0.217,0.8,0.2,2.0,No,0.0005,No
Precise small effect,575,-0.0918,0.8,0.2,2.0,No,0.0005,No
Precise small effect,576,-0.0201,0.8,0.2,2.0,No,0.0005,No
Precise small effect,577,-0.1082,0.8,0.2,2.0,No,0.0005,No
Precise small effect,578,-0.1141,0.8,0.2,2.0,No,0.0005,No
Precise small effect,579,0.0328,0.8,0.2,2.0,No,0.0005,No
Precise small effect,580,-0.0288,0.8,0.2,2.0,No,0.0005,No
Precise small effect,581,0.071,0.8,0.2,2.0,No,0.0005,No
Precise small effect,582,0.1473,0.8,0.2,2.0,No,0.0005,No
Precise small effect,583,-0.2521,0.8,0.2,2.0,No,0.0005,No
Precise small effect,584,-0.1229,0.8,0.2,2.0,No,0.0005,No
Precise small effect,585,0.0053,0.8,0.2,2.0,No,0.0005,No
Precise small effect,586,0.0601,0.8,0.2,2.0,No,0.0005,No
Precise small effect,587,-0.2405,0.8,0.2,2.0,No,0.0005,No
Precise small effect,588,-0.1421,0.8,0.2,2.0,No,0.0005,No
Precise small effect,589,-0.2262,0.8,0.2,2.0,No,0.0005,No
Precise small effect,590,-0.2694,0.8,0.2,2.0,No,0.0005,No
Precise small effect,591,0.018,0.8,0.2,2.0,No,0.0005,No
Precise small effect,592,0.0639,0.8,0.2,2.0,No,0.0005,No
Precise small effect,593,0.1855,0.8,0.2,2.0,No,0.0005,No
Precise small effect,594,-0.0353,0.8,0.2,2.0,No,0.0005,No
Precise small effect,595,-0.261,0.8,0.2,2.0,No,0.0005,No
Precise small effect,596,-0.1217,0.8,0.2,2.0,No,0.0005,No
Precise small effect,597,-0.1689,0.8,0.2,2.0,No,0.0005,No
Precise small effect,598,0.322,0.8,0.2,2.0,No,0.0005,No
Precise small effect,599,-0.0993,0.8,0.2,2.0,No,0.0005,No
Precise small effect,600,-0.2227,0.8,0.2,2.0,No,0.0005,No
Precise small effect,601,-0.0067,0.8,0.2,2.0,No,0.0005,No
Precise small effect,602,-0.0098,0.8,0.2,2.0,No,0.0005,No
Precise small effect,603,-0.062,0.8,0.2,2.0,No,0.0005,No
Precise small effect,604,-0.0416,0.8,0.2,2.0,No,0.0005,No
Precise small effect,605,-0.0478,0.8,0.2,2.0,No,0.0005,No
Precise small effect,606,0.0339,0.8,0.2,2.0,No,0.0005,No
Precise small effect,607,-0.0288,0.8,0.2,2.0,No,0.0005,No
Precise small effect,608,-0.2188,0.8,0.2,2.0,No,0.0005,No
Precise small effect,609,0.036,0.8,0.2,2.0,No,0.0005,No
Precise small effect,610,-0.2161,0.8,0.2,2.0,No,0.0005,No
Precise small effect,611,-0.1289,0.8,0.2,2.0,No,0.0005,No
Precise small effect,612,-0.1142,0.8,0.2,2.0,No,0.0005,No
Precise small effect,613,-0.1534,0.8,0.2,2.0,No,0.0005,No
Precise small effect,614,-0.0499,0.8,0.2,2.0,No,0.0005,No
Precise small effect,615,0.0201,0.8,0.2,2.0,No,0.0005,No
Precise small effect,616,-0.2624,0.8,0.2,2.0,No,0.0005,No
Precise small effect,617,0.2259,0.8,0.2,2.0,No,0.0005,No
Precise small effect,618,0.1641,0.8,0.2,2.0,No,0.0005,No
Precise small effect,619,-0.0288,0.8,0.2,2.0,No,0.0005,No
Precise small effect,620,-0.0954,0.8,0.2,2.0,No,0.0005,No
Precise small effect,621,-0.1893,0.8,0.2,2.0,No,0.0005,No
Precise small effect,622,0.0089,0.8,0.2,2.0,No,0.0005,No
Precise small effect,623,-0.1342,0.8,0.2,2.0,No,0.0005,No
Precise small effect,624,0.3921,0.8,0.2,2.0,No,0.0005,No
Precise small effect,625,-0.1633,0.8,0.2,2.0,No,0.0005,No
Precise small effect,626,-0.1627,0.8,0.2,2.0,No,0.0005,No
Precise small effect,627,-0.2589,0.8,0.2,2.0,No,0.0005,No
Precise small effect,628,-0.0347,0.8,0.2,2.0,No,0.0005,No
Precise small effect,629,0.2242,0.8,0.2,2.0,No,0.0005,No
Precise small effect,630,0.1226,0.8,0.2,2.0,No,0.0005,No
Precise small effect,631,-0.1282,0.8,0.2,2.0,No,0.0005,No
Precise small effect,632,-0.6724,0.8,0.2,2.0,No,0.0005,No
Precise small effect,633,-0.2311,0.8,0.2,2.0,No,0.0005,No
Precise small effect,634,-0.283,0.8,0.2,2.0,No,0.0005,No
Precise small effect,635,-0.2296,0.8,0.2,2.0,No,0.0005,No
Precise small effect,636,-0.371,0.8,0.2,2.0,No,0.0005,No
Precise small effect,637,-0.0465,0.8,0.2,2.0,No,0.0005,No
Precise small effect,638,-0.1494,0.8,0.2,2.0,No,0.0005,No
Precise small effect,639,0.1366,0.8,0.2,2.0,No,0.0005,No
Precise small effect,640,0.1696,0.8,0.2,2.0,No,0.0005,No
Precise small effect,641,-0.112,0.8,0.2,2.0,No,0.0005,No
Precise small effect,642,0.2539,0.8,0.2,2.0,No,0.0005,No
Precise small effect,643,0.3051,0.8,0.2,2.0,No,0.0005,No
Precise small effect,644,0.0328,0.8,0.2,2.0,No,0.0005,No
Precise small effect,645,0.0211,0.8,0.2,2.0,No,0.0005,No
Precise small effect,646,0.4038,0.8,0.2,2.0,No,0.0005,No
Precise small effect,647,0.2762,0.8,0.2,2.0,No,0.0005,No
Precise small effect,648,-0.1481,0.8,0.2,2.0,No,0.0005,No
Precise small effect,649,-0.1035,0.8,0.2,2.0,No,0.0005,No
Precise small effect,650,-0.278,0.8,0.2,2.0,No,0.0005,No
Precise small effect,651,0.1116,0.8,0.2,2.0,No,0.0005,No
Precise small effect,652,0.1023,0.8,0.2,2.0,No,0.0005,No
Precise small effect,653,-0.1007,0.8,0.2,2.0,No,0.0005,No
Precise small effect,654,-0.0884,0.8,0.2,2.0,No,0.0005,No
Precise small effect,655,-0.0713,0.8,0.2,2.0,No,0.0005,No
Precise small effect,656,0.1685,0.8,0.2,2.0,No,0.0005,No
Precise small effect,657,-0.1696,0.8,0.2,2.0,No,0.0005,No
Precise small effect,658,0.1234,0.8,0.2,2.0,No,0.0005,No
Precise small effect,659,-0.0989,0.8,0.2,2.0,No,0.0005,No
Precise small effect,660,-0.2915,0.8,0.2,2.0,No,0.0005,No
Precise small effect,661,-0.253,0.8,0.2,2.0,No,0.0005,No
Precise small effect,662,-0.0895,0.8,0.2,2.0,No,0.0005,No
Precise small effect,663,-0.0804,0.8,0.2,2.0,No,0.0005,No
Precise small effect,664,0.146,0.8,0.2,2.0,No,0.0005,No
Precise small effect,665,-0.0239,0.8,0.2,2.0,No,0.0005,No
Precise small effect,666,-0.4384,0.8,0.2,2.0,No,0.0005,No
Precise small effect,667,-0.0288,0.8,0.2,2.0,No,0.0005,No
Precise small effect,668,-0.128,0.8,0.2,2.0,No,0.0005,No
Precise small effect,669,-0.0607,0.8,0.2,2.0,No,0.0005,No
Precise small effect,670,-0.1242,0.8,0.2,2.0,No,0.0005,No
Precise small effect,671,-0.1319,0.8,0.2,2.0,No,0.0005,No
Precise small effect,672,-0.2331,0.8,0.2,2.0,No,0.0005,No
Precise small effect,673,0.1927,0.8,0.2,2.0,No,0.0005,No
Precise small effect,674,-0.287,0.8,0.2,2.0,No,0.0005,No
Precise small effect,675,-0.1269,0.8,0.2,2.0,No,0.0005,No
Precise small effect,676,-0.1775,0.8,0.2,2.0,No,0.0005,No
Precise small effect,677,0.1045,0.8,0.2,2.0,No,0.0005,No
Precise small effect,678,-0.1729,0.8,0.2,2.0,No,0.0005,No
Precise small effect,679,0.1409,0.8,0.2,2.0,No,0.0005,No
Precise small effect,680,0.4347,0.8,0.2,2.0,No,0.0005,No
Precise small effect,681,0.389,0.8,0.2,2.0,No,0.0005,No
Precise small effect,682,-0.0215,0.8,0.2,2.0,No,0.0005,No
Precise small effect,683,-0.1455,0.8,0.2,2.0,No,0.0005,No
Precise small effect,684,-0.2197,0.8,0.2,2.0,No,0.0005,No
Precise small effect,685,0.1295,0.8,0.2,2.0,No,0.0005,No
Precise small effect,686,-0.1368,0.8,0.2,2.0,No,0.0005,No
Precise small effect,687,0.1775,0.8,0.2,2.0,No,0.0005,No
Precise small effect,688,-0.1058,0.8,0.2,2.0,No,0.0005,No
Precise small effect,689,0.4273,0.8,0.2,2.0,No,0.0005,No
Precise small effect,690,-0.3537,0.8,0.2,2.0,No,0.0005,No
Precise small effect,691,0.2162,0.8,0.2,2.0,No,0.0005,No
Precise small effect,692,-0.0274,0.8,0.2,2.0,No,0.0005,No
Precise small effect,693,0.0658,0.8,0.2,2.0,No,0.0005,No
Precise small effect,694,0.1327,0.8,0.2,2.0,No,0.0005,No
Precise small effect,695,0.1288,0.8,0.2,2.0,No,0.0005,No
Precise small effect,696,-0.0492,0.8,0.2,2.0,No,0.0005,No
Precise small effect,697,-0.1833,0.8,0.2,2.0,No,0.0005,No
Precise small effect,698,-0.2868,0.8,0.2,2.0,No,0.0005,No
Precise small effect,699,-0.1168,0.8,0.2,2.0,No,0.0005,No
Precise small effect,700,-0.044,0.8,0.2,2.0,No,0.0005,No
Precise small effect,701,0.2262,0.8,0.2,2.0,No,0.0005,No
Precise small effect,702,-0.1769,0.8,0.2,2.0,No,0.0005,No
Precise small effect,703,0.2067,0.8,0.2,2.0,No,0.0005,No
Precise small effect,704,-0.2139,0.8,0.2,2.0,No,0.0005,No
Precise small effect,705,0.0977,0.8,0.2,2.0,No,0.0005,No
Precise small effect,706,0.3042,0.8,0.2,2.0,No,0.0005,No
Precise small effect,707,0.1771,0.8,0.2,2.0,No,0.0005,No
Precise small effect,708,0.2062,0.8,0.2,2.0,No,0.0005,No
Precise small effect,709,0.1535,0.8,0.2,2.0,No,0.0005,No
Precise small effect,710,0.0914,0.8,0.2,2.0,No,0.0005,No
Precise small effect,711,0.2637,0.8,0.2,2.0,No,0.0005,No
Precise small effect,712,0.1062,0.8,0.2,2.0,No,0.0005,No
Precise small effect,713,0.0151,0.8,0.2,2.0,No,0.0005,No
Precise small effect,714,-0.1641,0.8,0.2,2.0,No,0.0005,No
Precise small effect,715,0.3655,0.8,0.2,2.0,No,0.0005,No
Precise small effect,716,-0.0211,0.8,0.2,2.0,No,0.0005,No
Precise small effect,717,0.0686,0.8,0.2,2.0,No,0.0005,No
Precise small effect,718,-0.3767,0.8,0.2,2.0,No,0.0005,No
Precise small effect,719,0.1912,0.8,0.2,2.0,No,0.0005,No
Precise small effect,720,-0.2117,0.8,0.2,2.0,No,0.0005,No
Precise small effect,721,0.1442,0.8,0.2,2.0,No,0.0005,No
Precise small effect,722,-0.1221,0.8,0.2,2.0,No,0.0005,No
Precise small effect,723,-0.1485,0.8,0.2,2.0,No,0.0005,No
Precise small effect,724,-0.1314,0.8,0.2,2.0,No,0.0005,No
Precise small effect,725,-0.0605,0.8,0.2,2.0,No,0.0005,No
Precise small effect,726,0.1552,0.8,0.2,2.0,No,0.0005,No
Precise small effect,727,0.1519,0.8,0.2,2.0,No,0.0005,No
Precise small effect,728,0.3557,0.8,0.2,2.0,No,0.0005,No
Precise small effect,729,0.0366,0.8,0.2,2.0,No,0.0005,No
Precise small effect,730,-0.1833,0.8,0.2,2.0,No,0.0005,No
Precise small effect,731,0.1421,0.8,0.2,2.0,No,0.0005,No
Precise small effect,732,-0.1749,0.8,0.2,2.0,No,0.0005,No
Precise small effect,733,-0.232,0.8,0.2,2.0,No,0.0005,No
Precise small effect,734,0.1746,0.8,0.2,2.0,No,0.0005,No
Precise small effect,735,0.0104,0.8,0.2,2.0,No,0.0005,No
Precise small effect,736,0.108,0.8,0.2,2.0,No,0.0005,No
Precise small effect,737,-0.1745,0.8,0.2,2.0,No,0.0005,No
Precise small effect,738,0.172,0.8,0.2,2.0,No,0.0005,No
Precise small effect,739,0.0158,0.8,0.2,2.0,No,0.0005,No
Precise small effect,740,0.0581,0.8,0.2,2.0,No,0.0005,No
Precise small effect,741,-0.1885,0.8,0.2,2.0,No,0.0005,No
Precise small effect,742,-0.2705,0.8,0.2,2.0,No,0.0005,No
Precise small effect,743,0.064,0.8,0.2,2.0,No,0.0005,No
Precise small effect,744,-0.1298,0.8,0.2,2.0,No,0.0005,No
Precise small effect,745,-0.0165,0.8,0.2,2.0,No,0.0005,No
Precise small effect,746,-0.0178,0.8,0.2,2.0,No,0.0005,No
Precise small effect,747,0.0742,0.8,0.2,2.0,No,0.0005,No
Precise small effect,748,-0.0591,0.8,0.2,2.0,No,0.0005,No
Precise small effect,749,-0.2373,0.8,0.2,2.0,No,0.0005,No
Precise small effect,750,0.0025,0.8,0.2,2.0,No,0.0005,No
Precise small effect,751,0.0921,0.8,0.2,2.0,No,0.0005,No
Precise small effect,752,-0.0506,0.8,0.2,2.0,No,0.0005,No
Precise small effect,753,0.0606,0.8,0.2,2.0,No,0.0005,No
Precise small effect,754,-0.0982,0.8,0.2,2.0,No,0.0005,No
Precise small effect,755,-0.1681,0.8,0.2,2.0,No,0.0005,No
Precise small effect,756,0.3087,0.8,0.2,2.0,No,0.0005,No
Precise small effect,757,0.2351,0.8,0.2,2.0,No,0.0005,No
Precise small effect,758,-0.2845,0.8,0.2,2.0,No,0.0005,No
Precise small effect,759,-0.2107,0.8,0.2,2.0,No,0.0005,No
Precise small effect,760,0.0188,0.8,0.2,2.0,No,0.0005,No
Precise small effect,761,-0.0978,0.8,0.2,2.0,No,0.0005,No
Precise small effect,762,-0.0608,0.8,0.2,2.0,No,0.0005,No
Precise small effect,763,-0.085,0.8,0.2,2.0,No,0.0005,No
Precise small effect,764,0.0349,0.8,0.2,2.0,No,0.0005,No
Precise small effect,765,-0.0236,0.8,0.2,2.0,No,0.0005,No
Precise small effect,766,-0.3281,0.8,0.2,2.0,No,0.0005,No
Precise small effect,767,0.279,0.8,0.2,2.0,No,0.0005,No
Precise small effect,768,-0.0092,0.8,0.2,2.0,No,0.0005,No
Precise small effect,769,-0.0626,0.8,0.2,2.0,No,0.0005,No
Precise small effect,770,0.2809,0.8,0.2,2.0,No,0.0005,No
Precise small effect,771,-0.1834,0.8,0.2,2.0,No,0.0005,No
Precise small effect,772,-0.0527,0.8,0.2,2.0,No,0.0005,No
Precise small effect,773,0.24,0.8,0.2,2.0,No,0.0005,No
Precise small effect,774,0.0456,0.8,0.2,2.0,No,0.0005,No
Precise small effect,775,-0.0901,0.8,0.2,2.0,No,0.0005,No
Precise small effect,776,0.1293,0.8,0.2,2.0,No,0.0005,No
Precise small effect,777,0.1827,0.8,0.2,2.0,No,0.0005,No
Precise small effect,778,0.1581,0.8,0.2,2.0,No,0.0005,No
Precise small effect,779,0.0256,0.8,0.2,2.0,No,0.0005,No
Precise small effect,780,-0.0401,0.8,0.2,2.0,No,0.0005,No
Precise small effect,781,-0.4236,0.8,0.2,2.0,No,0.0005,No
Precise small effect,782,0.2463,0.8,0.2,2.0,No,0.0005,No
Precise small effect,783,0.1117,0.8,0.2,2.0,No,0.0005,No
Precise small effect,784,-0.4244,0.8,0.2,2.0,No,0.0005,No
Precise small effect,785,-0.4619,0.8,0.2,2.0,No,0.0005,No
Precise small effect,786,0.1399,0.8,0.2,2.0,No,0.0005,No
Precise small effect,787,-0.0292,0.8,0.2,2.0,No,0.0005,No
Precise small effect,788,0.1179,0.8,0.2,2.0,No,0.0005,No
Precise small effect,789,-0.0303,0.8,0.2,2.0,No,0.0005,No
Precise small effect,790,-0.0855,0.8,0.2,2.0,No,0.0005,No
Precise small effect,791,0.2355,0.8,0.2,2.0,No,0.0005,No
Precise small effect,792,0.2455,0.8,0.2,2.0,No,0.0005,No
Precise small effect,793,-0.197,0.8,0.2,2.0,No,0.0005,No
Precise small effect,794,-0.2004,0.8,0.2,2.0,No,0.0005,No
Precise small effect,795,-0.1677,0.8,0.2,2.0,No,0.0005,No
Precise small effect,796,-0.115,0.8,0.2,2.0,No,0.0005,No
Precise small effect,797,-0.3071,0.8,0.2,2.0,No,0.0005,No
Precise small effect,798,0.245,0.8,0.2,2.0,No,0.0005,No
Precise small effect,799,0.2333,0.8,0.2,2.0,No,0.0005,No
Precise small effect,800,0.0507,0.8,0.2,2.0,No,0.0005,No
Precise small effect,801,-0.2825,0.8,0.2,2.0,No,0.0005,No
Precise small effect,802,-0.0838,0.8,0.2,2.0,No,0.0005,No
Precise small effect,803,-0.1736,0.8,0.2,2.0,No,0.0005,No
Precise small effect,804,-0.1038,0.8,0.2,2.0,No,0.0005,No
Precise small effect,805,0.1938,0.8,0.2,2.0,No,0.0005,No
Precise small effect,806,0.0413,0.8,0.2,2.0,No,0.0005,No
Precise small effect,807,0.279,0.8,0.2,2.0,No,0.0005,No
Precise small effect,808,-0.3208,0.8,0.2,2.0,No,0.0005,No
Precise small effect,809,0.1229,0.8,0.2,2.0,No,0.0005,No
Precise small effect,810,0.1705,0.8,0.2,2.0,No,0.0005,No
Precise small effect,811,0.4135,0.8,0.2,2.0,No,0.0005,No
Precise small effect,812,-0.1732,0.8,0.2,2.0,No,0.0005,No
Precise small effect,813,0.0114,0.8,0.2,2.0,No,0.0005,No
Precise small effect,814,-0.2393,0.8,0.2,2.0,No,0.0005,No
Precise small effect,815,-0.0734,0.8,0.2,2.0,No,0.0005,No
Precise small effect,816,0.0889,0.8,0.2,2.0,No,0.0005,No
Precise small effect,817,-0.2031,0.8,0.2,2.0,No,0.0005,No
Precise small effect,818,0.2013,0.8,0.2,2.0,No,0.0005,No
Precise small effect,819,0.1506,0.8,0.2,2.0,No,0.0005,No
Precise small effect,820,-0.1765,0.8,0.2,2.0,No,0.0005,No
Precise small effect,821,-0.162,0.8,0.2,2.0,No,0.0005,No
Precise small effect,822,0.1412,0.8,0.2,2.0,No,0.0005,No
Precise small effect,823,-0.202,0.8,0.2,2.0,No,0.0005,No
Precise small effect,824,-0.1236,0.8,0.2,2.0,No,0.0005,No
Precise small effect,825,0.1254,0.8,0.2,2.0,No,0.0005,No
Precise small effect,826,-0.1664,0.8,0.2,2.0,No,0.0005,No
Precise small effect,827,0.0571,0.8,0.2,2.0,No,0.0005,No
Precise small effect,828,0.0171,0.8,0.2,2.0,No,0.0005,No
Precise small effect,829,0.1865,0.8,0.2,2.0,No,0.0005,No
Precise small effect,830,0.2131,0.8,0.2,2.0,No,0.0005,No
Precise small effect,831,-0.084,0.8,0.2,2.0,No,0.0005,No
Precise small effect,832,-0.1336,0.8,0.2,2.0,No,0.0005,No
Precise small effect,833,-0.047,0.8,0.2,2.0,No,0.0005,No
Precise small effect,834,0.005,0.8,0.2,2.0,No,0.0005,No
Precise small effect,835,-0.2256,0.8,0.2,2.0,No,0.0005,No
Precise small effect,836,0.4181,0.8,0.2,2.0,No,0.0005,No
Precise small effect,837,-0.3688,0.8,0.2,2.0,No,0.0005,No
Precise small effect,838,0.1108,0.8,0.2,2.0,No,0.0005,No
Precise small effect,839,-0.047,0.8,0.2,2.0,No,0.0005,No
Precise small effect,840,0.2413,0.8,0.2,2.0,No,0.0005,No
Precise small effect,841,-0.0201,0.8,0.2,2.0,No,0.0005,No
Precise small effect,842,0.181,0.8,0.2,2.0,No,0.0005,No
Precise small effect,843,0.0834,0.8,0.2,2.0,No,0.0005,No
Precise small effect,844,-0.3189,0.8,0.2,2.0,No,0.0005,No
Precise small effect,845,0.0094,0.8,0.2,2.0,No,0.0005,No
Precise small effect,846,0.0865,0.8,0.2,2.0,No,0.0005,No
Precise small effect,847,-0.0484,0.8,0.2,2.0,No,0.0005,No
Precise small effect,848,-0.0331,0.8,0.2,2.0,No,0.0005,No
Precise small effect,849,0.178,0.8,0.2,2.0,No,0.0005,No
Precise small effect,850,-0.0183,0.8,0.2,2.0,No,0.0005,No
Precise small effect,851,-0.3131,0.8,0.2,2.0,No,0.0005,No
Precise small effect,852,0.1148,0.8,0.2,2.0,No,0.0005,No
Precise small effect,853,-0.4716,0.8,0.2,2.0,No,0.0005,No
Precise small effect,854,-0.0283,0.8,0.2,2.0,No,0.0005,No
Precise small effect,855,-0.1951,0.8,0.2,2.0,No,0.0005,No
Precise small effect,856,0.2823,0.8,0.2,2.0,No,0.0005,No
Precise small effect,857,-0.1867,0.8,0.2,2.0,No,0.0005,No
Precise small effect,858,0.192,0.8,0.2,2.0,No,0.0005,No
Precise small effect,859,0.2063,0.8,0.2,2.0,No,0.0005,No
Precise small effect,860,-0.1404,0.8,0.2,2.0,No,0.0005,No
Precise small effect,861,0.0522,0.8,0.2,2.0,No,0.0005,No
Precise small effect,862,0.2763,0.8,0.2,2.0,No,0.0005,No
Precise small effect,863,-0.1889,0.8,0.2,2.0,No,0.0005,No
Precise small effect,864,0.0916,0.8,0.2,2.0,No,0.0005,No
Precise small effect,865,0.0603,0.8,0.2,2.0,No,0.0005,No
Precise small effect,866,-0.172,0.8,0.2,2.0,No,0.0005,No
Precise small effect,867,-0.0059,0.8,0.2,2.0,No,0.0005,No
Precise small effect,868,-0.1323,0.8,0.2,2.0,No,0.0005,No
Precise small effect,869,-0.0604,0.8,0.2,2.0,No,0.0005,No
Precise small effect,870,-0.0671,0.8,0.2,2.0,No,0.0005,No
Precise small effect,871,0.1363,0.8,0.2,2.0,No,0.0005,No
Precise small effect,872,0.109,0.8,0.2,2.0,No,0.0005,No
Precise small effect,873,-0.021,0.8,0.2,2.0,No,0.0005,No
Precise small effect,874,0.1648,0.8,0.2,2.0,No,0.0005,No
Precise small effect,875,-0.0262,0.8,0.2,2.0,No,0.0005,No
Precise small effect,876,-0.1949,0.8,0.2,2.0,No,0.0005,No
Precise small effect,877,0.355,0.8,0.2,2.0,No,0.0005,No
Precise small effect,878,0.1419,0.8,0.2,2.0,No,0.0005,No
Precise small effect,879,0.1632,0.8,0.2,2.0,No,0.0005,No
Precise small effect,880,0.0548,0.8,0.2,2.0,No,0.0005,No
Precise small effect,881,0.0056,0.8,0.2,2.0,No,0.0005,No
Precise small effect,882,-0.3696,0.8,0.2,2.0,No,0.0005,No
Precise small effect,883,-0.0066,0.8,0.2,2.0,No,0.0005,No
Precise small effect,884,0.065,0.8,0.2,2.0,No,0.0005,No
Precise small effect,885,0.0652,0.8,0.2,2.0,No,0.0005,No
Precise small effect,886,0.005,0.8,0.2,2.0,No,0.0005,No
Precise small effect,887,-0.1096,0.8,0.2,2.0,No,0.0005,No
Precise small effect,888,0.2107,0.8,0.2,2.0,No,0.0005,No
Precise small effect,889,-0.1822,0.8,0.2,2.0,No,0.0005,No
Precise small effect,890,-0.1886,0.8,0.2,2.0,No,0.0005,No
Precise small effect,891,0.074,0.8,0.2,2.0,No,0.0005,No
Precise small effect,892,0.1152,0.8,0.2,2.0,No,0.0005,No
Precise small effect,893,0.3098,0.8,0.2,2.0,No,0.0005,No
Precise small effect,894,0.2198,0.8,0.2,2.0,No,0.0005,No
Precise small effect,895,-0.2157,0.8,0.2,2.0,No,0.0005,No
Precise small effect,896,-0.2429,0.8,0.2,2.0,No,0.0005,No
Precise small effect,897,-0.063,0.8,0.2,2.0,No,0.0005,No
Precise small effect,898,0.0172,0.8,0.2,2.0,No,0.0005,No
Precise small effect,899,0.1142,0.8,0.2,2.0,No,0.0005,No
Precise small effect,900,0.2583,0.8,0.2,2.0,No,0.0005,No
Precise small effect,901,0.031,0.8,0.2,2.0,No,0.0005,No
Precise small effect,902,-0.4212,0.8,0.2,2.0,No,0.0005,No
Precise small effect,903,-0.1711,0.8,0.2,2.0,No,0.0005,No
Precise small effect,904,-0.1479,0.8,0.2,2.0,No,0.0005,No
Precise small effect,905,0.0961,0.8,0.2,2.0,No,0.0005,No
Precise small effect,906,0.1555,0.8,0.2,2.0,No,0.0005,No
Precise small effect,907,0.3853,0.8,0.2,2.0,No,0.0005,No
Precise small effect,908,-0.1153,0.8,0.2,2.0,No,0.0005,No
Precise small effect,909,0.0687,0.8,0.2,2.0,No,0.0005,No
Precise small effect,910,0.0414,0.8,0.2,2.0,No,0.0005,No
Precise small effect,911,-0.1277,0.8,0.2,2.0,No,0.0005,No
Precise small effect,912,-0.2546,0.8,0.2,2.0,No,0.0005,No
Precise small effect,913,0.1057,0.8,0.2,2.0,No,0.0005,No
Precise small effect,914,-0.0965,0.8,0.2,2.0,No,0.0005,No
Precise small effect,915,0.3505,0.8,0.2,2.0,No,0.0005,No
Precise small effect,916,0.1843,0.8,0.2,2.0,No,0.0005,No
Precise small effect,917,-0.0555,0.8,0.2,2.0,No,0.0005,No
Precise small effect,918,-0.0434,0.8,0.2,2.0,No,0.0005,No
Precise small effect,919,-0.2621,0.8,0.2,2.0,No,0.0005,No
Precise small effect,920,0.0908,0.8,0.2,2.0,No,0.0005,No
Precise small effect,921,0.2854,0.8,0.2,2.0,No,0.0005,No
Precise small effect,922,0.0014,0.8,0.2,2.0,No,0.0005,No
Precise small effect,923,0.0811,0.8,0.2,2.0,No,0.0005,No
Precise small effect,924,0.3862,0.8,0.2,2.0,No,0.0005,No
Precise small effect,925,0.2694,0.8,0.2,2.0,No,0.0005,No
Precise small effect,926,0.2346,0.8,0.2,2.0,No,0.0005,No
Precise small effect,927,0.0913,0.8,0.2,2.0,No,0.0005,No
Precise small effect,928,0.0556,0.8,0.2,2.0,No,0.0005,No
Precise small effect,929,0.2495,0.8,0.2,2.0,No,0.0005,No
Precise small effect,930,0.1697,0.8,0.2,2.0,No,0.0005,No
Precise small effect,931,-0.2409,0.8,0.2,2.0,No,0.0005,No
Precise small effect,932,-0.3724,0.8,0.2,2.0,No,0.0005,No
Precise small effect,933,0.1232,0.8,0.2,2.0,No,0.0005,No
Precise small effect,934,0.3313,0.8,0.2,2.0,No,0.0005,No
Precise small effect,935,0.006,0.8,0.2,2.0,No,0.0005,No
Precise small effect,936,-0.2524,0.8,0.2,2.0,No,0.0005,No
Precise small effect,937,-0.3926,0.8,0.2,2.0,No,0.0005,No
Precise small effect,938,0.1759,0.8,0.2,2.0,No,0.0005,No
Precise small effect,939,-0.4684,0.8,0.2,2.0,No,0.0005,No
Precise small effect,940,-0.0814,0.8,0.2,2.0,No,0.0005,No
Precise small effect,941,0.5032,0.8,0.2,2.0,No,0.0005,No
Precise small effect,942,-0.2663,0.8,0.2,2.0,No,0.0005,No
Precise small effect,943,0.1203,0.8,0.2,2.0,No,0.0005,No
Precise small effect,944,0.1059,0.8,0.2,2.0,No,0.0005,No
Precise small effect,945,-0.1774,0.8,0.2,2.0,No,0.0005,No
Precise small effect,946,0.0923,0.8,0.2,2.0,No,0.0005,No
Precise small effect,947,-0.3973,0.8,0.2,2.0,No,0.0005,No
Precise small effect,948,0.0159,0.8,0.2,2.0,No,0.0005,No
Precise small effect,949,-0.3053,0.8,0.2,2.0,No,0.0005,No
Precise small effect,950,0.157,0.8,0.2,2.0,No,0.0005,No
Precise small effect,951,0.0958,0.8,0.2,2.0,No,0.0005,No
Precise small effect,952,0.0075,0.8,0.2,2.0,No,0.0005,No
Precise small effect,953,0.0329,0.8,0.2,2.0,No,0.0005,No
Precise small effect,954,0.1955,0.8,0.2,2.0,No,0.0005,No
Precise small effect,955,-0.1668,0.8,0.2,2.0,No,0.0005,No
Precise small effect,956,0.2245,0.8,0.2,2.0,No,0.0005,No
Precise small effect,957,-0.2895,0.8,0.2,2.0,No,0.0005,No
Precise small effect,958,0.0887,0.8,0.2,2.0,No,0.0005,No
Precise small effect,959,-0.011,0.8,0.2,2.0,No,0.0005,No
Precise small effect,960,0.1533,0.8,0.2,2.0,No,0.0005,No
Precise small effect,961,-0.1545,0.8,0.2,2.0,No,0.0005,No
Precise small effect,962,0.1322,0.8,0.2,2.0,No,0.0005,No
Precise small effect,963,0.5384,0.8,0.2,2.0,No,0.0005,No
Precise small effect,964,-0.0639,0.8,0.2,2.0,No,0.0005,No
Precise small effect,965,0.327,0.8,0.2,2.0,No,0.0005,No
Precise small effect,966,-0.2839,0.8,0.2,2.0,No,0.0005,No
Precise small effect,967,-0.4057,0.8,0.2,2.0,No,0.0005,No
Precise small effect,968,0.0799,0.8,0.2,2.0,No,0.0005,No
Precise small effect,969,-0.2282,0.8,0.2,2.0,No,0.0005,No
Precise small effect,970,-0.3587,0.8,0.2,2.0,No,0.0005,No
Precise small effect,971,0.2467,0.8,0.2,2.0,No,0.0005,No
Precise small effect,972,-0.0863,0.8,0.2,2.0,No,0.0005,No
Precise small effect,973,0.0884,0.8,0.2,2.0,No,0.0005,No
Precise small effect,974,-0.2391,0.8,0.2,2.0,No,0.0005,No
Precise small effect,975,-0.0727,0.8,0.2,2.0,No,0.0005,No
Precise small effect,976,-0.1086,0.8,0.2,2.0,No,0.0005,No
Precise small effect,977,-0.0636,0.8,0.2,2.0,No,0.0005,No
Precise small effect,978,-0.354,0.8,0.2,2.0,No,0.0005,No
Precise small effect,979,0.2482,0.8,0.2,2.0,No,0.0005,No
Precise small effect,980,-0.1926,0.8,0.2,2.0,No,0.0005,No
Precise small effect,981,-0.0674,0.8,0.2,2.0,No,0.0005,No
Precise small effect,982,-0.3994,0.8,0.2,2.0,No,0.0005,No
Precise small effect,983,0.0955,0.8,0.2,2.0,No,0.0005,No
Precise small effect,984,-0.0176,0.8,0.2,2.0,No,0.0005,No
Precise small effect,985,-0.1999,0.8,0.2,2.0,No,0.0005,No
Precise small effect,986,-0.1392,0.8,0.2,2.0,No,0.0005,No
Precise small effect,987,-0.2431,0.8,0.2,2.0,No,0.0005,No
Precise small effect,988,-0.245,0.8,0.2,2.0,No,0.0005,No
Precise small effect,989,-0.575,0.8,0.2,2.0,No,0.0005,No
Precise small effect,990,-0.3514,0.8,0.2,2.0,No,0.0005,No
Precise small effect,991,-0.0897,0.8,0.2,2.0,No,0.0005,No
Precise small effect,992,0.106,0.8,0.2,2.0,No,0.0005,No
Precise small effect,993,0.1123,0.8,0.2,2.0,No,0.0005,No
Precise small effect,994,0.0692,0.8,0.2,2.0,No,0.0005,No
Precise small effect,995,-0.0126,0.8,0.2,2.0,No,0.0005,No
Precise small effect,996,0.0596,0.8,0.2,2.0,No,0.0005,No
Precise small effect,997,-0.1916,0.8,0.2,2.0,No,0.0005,No
Precise small effect,998,0.0694,0.8,0.2,2.0,No,0.0005,No
Precise small effect,999,0.0249,0.8,0.2,2.0,No,0.0005,No
Precise small effect,1000,0.2388,0.8,0.2,2.0,No,0.0005,No
Precise small effect,1001,0.428,0.8,0.2,2.0,No,0.0005,No
Precise small effect,1002,-0.1164,0.8,0.2,2.0,No,0.0005,No
Precise small effect,1003,-0.1596,0.8,0.2,2.0,No,0.0005,No
Precise small effect,1004,-0.0366,0.8,0.2,2.0,No,0.0005,No
Precise small effect,1005,-0.0296,0.8,0.2,2.0,No,0.0005,No
Precise small effect,1006,0.2283,0.8,0.2,2.0,No,0.0005,No
Precise small effect,1007,0.2003,0.8,0.2,2.0,No,0.0005,No
Precise small effect,1008,0.1209,0.8,0.2,2.0,No,0.0005,No
Precise small effect,1009,0.3364,0.8,0.2,2.0,No,0.0005,No
Precise small effect,1010,0.0229,0.8,0.2,2.0,No,0.0005,No
Precise small effect,1011,0.013,0.8,0.2,2.0,No,0.0005,No
Precise small effect,1012,0.1842,0.8,0.2,2.0,No,0.0005,No
Precise small effect,1013,0.1156,0.8,0.2,2.0,No,0.0005,No
Precise small effect,1014,0.1625,0.8,0.2,2.0,No,0.0005,No
Precise small effect,1015,0.0694,0.8,0.2,2.0,No,0.0005,No
Precise small effect,1016,0.0275,0.8,0.2,2.0,No,0.0005,No
Precise small effect,1017,0.2373,0.8,0.2,2.0,No,0.0005,No
Precise small effect,1018,-0.0231,0.8,0.2,2.0,No,0.0005,No
Precise small effect,1019,0.0803,0.8,0.2,2.0,No,0.0005,No
Precise small effect,1020,0.1436,0.8,0.2,2.0,No,0.0005,No
Precise small effect,1021,-0.0252,0.8,0.2,2.0,No,0.0005,No
Precise small effect,1022,-0.1498,0.8,0.2,2.0,No,0.0005,No
Precise small effect,1023,-0.1313,0.8,0.2,2.0,No,0.0005,No
Precise small effect,1024,-0.0173,0.8,0.2,2.0,No,0.0005,No
Precise small effect,1025,-0.0474,0.8,0.2,2.0,No,0.0005,No
Precise small effect,1026,-0.375,0.8,0.2,2.0,No,0.0005,No
Precise small effect,1027,0.2065,0.8,0.2,2.0,No,0.0005,No
Precise small effect,1028,0.0389,0.8,0.2,2.0,No,0.0005,No
Precise small effect,1029,0.3205,0.8,0.2,2.0,No,0.0005,No
Precise small effect,1030,-0.1976,0.8,0.2,2.0,No,0.0005,No
Precise small effect,1031,0.0259,0.8,0.2,2.0,No,0.0005,No
Precise small effect,1032,0.1271,0.8,0.2,2.0,No,0.0005,No
Precise small effect,1033,-0.5546,0.8,0.2,2.0,No,0.0005,No
Precise small effect,1034,-0.0276,0.8,0.2,2.0,No,0.0005,No
Precise small effect,1035,0.0416,0.8,0.2,2.0,No,0.0005,No
Precise small effect,1036,0.1154,0.8,0.2,2.0,No,0.0005,No
Precise small effect,1037,0.1752,0.8,0.2,2.0,No,0.0005,No
Precise small effect,1038,-0.003,0.8,0.2,2.0,No,0.0005,No
Precise small effect,1039,-0.1609,0.8,0.2,2.0,No,0.0005,No
Precise small effect,1040,0.0855,0.8,0.2,2.0,No,0.0005,No
Precise small effect,1041,0.165,0.8,0.2,2.0,No,0.0005,No
Precise small effect,1042,-0.0925,0.8,0.2,2.0,No,0.0005,No
Precise small effect,1043,-0.2431,0.8,0.2,2.0,No,0.0005,No
Precise small effect,1044,-0.222,0.8,0.2,2.0,No,0.0005,No
Precise small effect,1045,0.2029,0.8,0.2,2.0,No,0.0005,No
Precise small effect,1046,-0.0369,0.8,0.2,2.0,No,0.0005,No
Precise small effect,1047,-0.1003,0.8,0.2,2.0,No,0.0005,No
Precise small effect,1048,-0.154,0.8,0.2,2.0,No,0.0005,No
Precise small effect,1049,-0.03,0.8,0.2,2.0,No,0.0005,No
Precise small effect,1050,0.2694,0.8,0.2,2.0,No,0.0005,No
Precise small effect,1051,0.3452,0.8,0.2,2.0,No,0.0005,No
Precise small effect,1052,0.5142,0.8,0.2,2.0,No,0.0005,No
Precise small effect,1053,0.265,0.8,0.2,2.0,No,0.0005,No
Precise small effect,1054,-0.2211,0.8,0.2,2.0,No,0.0005,No
Precise small effect,1055,0.0444,0.8,0.2,2.0,No,0.0005,No
Precise small effect,1056,0.0853,0.8,0.2,2.0,No,0.0005,No
Precise small effect,1057,0.1139,0.8,0.2,2.0,No,0.0005,No
Precise small effect,1058,-0.1168,0.8,0.2,2.0,No,0.0005,No
Precise small effect,1059,-0.0463,0.8,0.2,2.0,No,0.0005,No
Precise small effect,1060,0.1247,0.8,0.2,2.0,No,0.0005,No
Precise small effect,1061,-0.0834,0.8,0.2,2.0,No,0.0005,No
Precise small effect,1062,-0.267,0.8,0.2,2.0,No,0.0005,No
Precise small effect,1063,-0.0415,0.8,0.2,2.0,No,0.0005,No
Precise small effect,1064,0.0955,0.8,0.2,2.0,No,0.0005,No
Precise small effect,1065,-0.1209,0.8,0.2,2.0,No,0.0005,No
Precise small effect,1066,-0.0975,0.8,0.2,2.0,No,0.0005,No
Precise small effect,1067,0.3399,0.8,0.2,2.0,No,0.0005,No
Precise small effect,1068,0.2566,0.8,0.2,2.0,No,0.0005,No
Precise small effect,1069,0.3173,0.8,0.2,2.0,No,0.0005,No
Precise small effect,1070,-0.1131,0.8,0.2,2.0,No,0.0005,No
Precise small effect,1071,0.1478,0.8,0.2,2.0,No,0.0005,No
Precise small effect,1072,-0.1079,0.8,0.2,2.0,No,0.0005,No
Precise small effect,1073,-0.4186,0.8,0.2,2.0,No,0.0005,No
Precise small effect,1074,0.2097,0.8,0.2,2.0,No,0.0005,No
Precise small effect,1075,0.2394,0.8,0.2,2.0,No,0.0005,No
Precise small effect,1076,0.1771,0.8,0.2,2.0,No,0.0005,No
Precise small effect,1077,-0.3324,0.8,0.2,2.0,No,0.0005,No
Precise small effect,1078,-0.2869,0.8,0.2,2.0,No,0.0005,No
Precise small effect,1079,0.185,0.8,0.2,2.0,No,0.0005,No
Precise small effect,1080,0.3037,0.8,0.2,2.0,No,0.0005,No
Precise small effect,1081,0.2152,0.8,0.2,2.0,No,0.0005,No
Precise small effect,1082,-0.2487,0.8,0.2,2.0,No,0.0005,No
Precise small effect,1083,-0.0128,0.8,0.2,2.0,No,0.0005,No
Precise small effect,1084,0.0246,0.8,0.2,2.0,No,0.0005,No
Precise small effect,1085,0.1157,0.8,0.2,2.0,No,0.0005,No
Precise small effect,1086,-0.1287,0.8,0.2,2.0,No,0.0005,No
Precise small effect,1087,0.1363,0.8,0.2,2.0,No,0.0005,No
Precise small effect,1088,0.4355,0.8,0.2,2.0,No,0.0005,No
Precise small effect,1089,-0.1606,0.8,0.2,2.0,No,0.0005,No
Precise small effect,1090,-0.3702,0.8,0.2,2.0,No,0.0005,No
Precise small effect,1091,0.1338,0.8,0.2,2.0,No,0.0005,No
Precise small effect,1092,0.2945,0.8,0.2,2.0,No,0.0005,No
Precise small effect,1093,-0.1774,0.8,0.2,2.0,No,0.0005,No
Precise small effect,1094,-0.1484,0.8,0.2,2.0,No,0.0005,No
Precise small effect,1095,-0.127,0.8,0.2,2.0,No,0.0005,No
Precise small effect,1096,0.0674,0.8,0.2,2.0,No,0.0005,No
Precise small effect,1097,-0.0932,0.8,0.2,2.0,No,0.0005,No
Precise small effect,1098,0.1969,0.8,0.2,2.0,No,0.0005,No
Precise small effect,1099,0.2292,0.8,0.2,2.0,No,0.0005,No
Precise small effect,1100,-0.1091,0.8,0.2,2.0,No,0.0005,No
Precise small effect,1101,-0.3089,0.8,0.2,2.0,No,0.0005,No
Precise small effect,1102,-0.1494,0.8,0.2,2.0,No,0.0005,No
Precise small effect,1103,0.444,0.8,0.2,2.0,No,0.0005,No
Precise small effect,1104,0.3006,0.8,0.2,2.0,No,0.0005,No
Precise small effect,1105,-0.0143,0.8,0.2,2.0,No,0.0005,No
Precise small effect,1106,0.0191,0.8,0.2,2.0,No,0.0005,No
Precise small effect,1107,0.2587,0.8,0.2,2.0,No,0.0005,No
Precise small effect,1108,-0.0359,0.8,0.2,2.0,No,0.0005,No
Precise small effect,1109,0.0,0.8,0.2,2.0,No,0.0005,No
Precise small effect,1110,-0.3502,0.8,0.2,2.0,No,0.0005,No
Precise small effect,1111,0.0645,0.8,0.2,2.0,No,0.0005,No
Precise small effect,1112,-0.062,0.8,0.2,2.0,No,0.0005,No
Precise small effect,1113,-0.204,0.8,0.2,2.0,No,0.0005,No
Precise small effect,1114,0.0928,0.8,0.2,2.0,No,0.0005,No
Precise small effect,1115,-0.0843,0.8,0.2,2.0,No,0.0005,No
Precise small effect,1116,-0.3218,0.8,0.2,2.0,No,0.0005,No
Precise small effect,1117,0.2972,0.8,0.2,2.0,No,0.0005,No
Precise small effect,1118,0.2224,0.8,0.2,2.0,No,0.0005,No
Precise small effect,1119,0.1142,0.8,0.2,2.0,No,0.0005,No
Precise small effect,1120,0.0652,0.8,0.2,2.0,No,0.0005,No
Precise small effect,1121,-0.1907,0.8,0.2,2.0,No,0.0005,No
Precise small effect,1122,-0.0365,0.8,0.2,2.0,No,0.0005,No
Precise small effect,1123,-0.186,0.8,0.2,2.0,No,0.0005,No
Precise small effect,1124,0.0364,0.8,0.2,2.0,No,0.0005,No
Precise small effect,1125,0.0381,0.8,0.2,2.0,No,0.0005,No
Precise small effect,1126,0.21,0.8,0.2,2.0,No,0.0005,No
Precise small effect,1127,-0.1194,0.8,0.2,2.0,No,0.0005,No
Precise small effect,1128,0.027,0.8,0.2,2.0,No,0.0005,No
Precise small effect,1129,0.0977,0.8,0.2,2.0,No,0.0005,No
Precise small effect,1130,-0.1344,0.8,0.2,2.0,No,0.0005,No
Precise small effect,1131,-0.0469,0.8,0.2,2.0,No,0.0005,No
Precise small effect,1132,0.0502,0.8,0.2,2.0,No,0.0005,No
Precise small effect,1133,0.074,0.8,0.2,2.0,No,0.0005,No
Precise small effect,1134,0.0088,0.8,0.2,2.0,No,0.0005,No
Precise small effect,1135,0.2194,0.8,0.2,2.0,No,0.0005,No
Precise small effect,1136,0.1731,0.8,0.2,2.0,No,0.0005,No
Precise small effect,1137,0.1059,0.8,0.2,2.0,No,0.0005,No
Precise small effect,1138,0.0839,0.8,0.2,2.0,No,0.0005,No
Precise small effect,1139,-0.1406,0.8,0.2,2.0,No,0.0005,No
Precise small effect,1140,-0.1888,0.8,0.2,2.0,No,0.0005,No
Precise small effect,1141,-0.1675,0.8,0.2,2.0,No,0.0005,No
Precise small effect,1142,-0.0626,0.8,0.2,2.0,No,0.0005,No
Precise small effect,1143,-0.1602,0.8,0.2,2.0,No,0.0005,No
Precise small effect,1144,-0.2333,0.8,0.2,2.0,No,0.0005,No
Precise small effect,1145,0.0185,0.8,0.2,2.0,No,0.0005,No
Precise small effect,1146,-0.029,0.8,0.2,2.0,No,0.0005,No
Precise small effect,1147,0.0037,0.8,0.2,2.0,No,0.0005,No
Precise small effect,1148,-0.1076,0.8,0.2,2.0,No,0.0005,No
Precise small effect,1149,0.2972,0.8,0.2,2.0,No,0.0005,No
Precise small effect,1150,0.572,0.8,0.2,2.0,No,0.0005,No
Precise small effect,1151,0.323,0.8,0.2,2.0,No,0.0005,No
Precise small effect,1152,-0.0204,0.8,0.2,2.0,No,0.0005,No
Precise small effect,1153,-0.3455,0.8,0.2,2.0,No,0.0005,No
Precise small effect,1154,0.0611,0.8,0.2,2.0,No,0.0005,No
Precise small effect,1155,0.0703,0.8,0.2,2.0,No,0.0005,No
Precise small effect,1156,-0.0527,0.8,0.2,2.0,No,0.0005,No
Precise small effect,1157,0.0381,0.8,0.2,2.0,No,0.0005,No
Precise small effect,1158,0.0745,0.8,0.2,2.0,No,0.0005,No
Precise small effect,1159,-0.2051,0.8,0.2,2.0,No,0.0005,No
Precise small effect,1160,0.0166,0.8,0.2,2.0,No,0.0005,No
Precise small effect,1161,0.1897,0.8,0.2,2.0,No,0.0005,No
Precise small effect,1162,-0.0379,0.8,0.2,2.0,No,0.0005,No
Precise small effect,1163,0.1702,0.8,0.2,2.0,No,0.0005,No
Precise small effect,1164,0.0343,0.8,0.2,2.0,No,0.0005,No
Precise small effect,1165,-0.16,0.8,0.2,2.0,No,0.0005,No
Precise small effect,1166,0.1647,0.8,0.2,2.0,No,0.0005,No
Precise small effect,1167,-0.0631,0.8,0.2,2.0,No,0.0005,No
Precise small effect,1168,0.0797,0.8,0.2,2.0,No,0.0005,No
Precise small effect,1169,0.3398,0.8,0.2,2.0,No,0.0005,No
Precise small effect,1170,0.5974,0.8,0.2,2.0,No,0.0005,No
Precise small effect,1171,0.0238,0.8,0.2,2.0,No,0.0005,No
Precise small effect,1172,-0.0971,0.8,0.2,2.0,No,0.0005,No
Precise small effect,1173,-0.0152,0.8,0.2,2.0,No,0.0005,No
Precise small effect,1174,0.0884,0.8,0.2,2.0,No,0.0005,No
Precise small effect,1175,-0.3708,0.8,0.2,2.0,No,0.0005,No
Precise small effect,1176,-0.1679,0.8,0.2,2.0,No,0.0005,No
Precise small effect,1177,-0.1333,0.8,0.2,2.0,No,0.0005,No
Precise small effect,1178,-0.084,0.8,0.2,2.0,No,0.0005,No
Precise small effect,1179,-0.203,0.8,0.2,2.0,No,0.0005,No
Precise small effect,1180,0.355,0.8,0.2,2.0,No,0.0005,No
Precise small effect,1181,-0.0903,0.8,0.2,2.0,No,0.0005,No
Precise small effect,1182,0.0222,0.8,0.2,2.0,No,0.0005,No
Precise small effect,1183,0.0664,0.8,0.2,2.0,No,0.0005,No
Precise small effect,1184,0.0415,0.8,0.2,2.0,No,0.0005,No
Precise small effect,1185,-0.0816,0.8,0.2,2.0,No,0.0005,No
Precise small effect,1186,0.3192,0.8,0.2,2.0,No,0.0005,No
Precise small effect,1187,-0.2505,0.8,0.2,2.0,No,0.0005,No
Precise small effect,1188,-0.0082,0.8,0.2,2.0,No,0.0005,No
Precise small effect,1189,0.1627,0.8,0.2,2.0,No,0.0005,No
Precise small effect,1190,0.0496,0.8,0.2,2.0,No,0.0005,No
Precise small effect,1191,-0.2281,0.8,0.2,2.0,No,0.0005,No
Precise small effect,1192,-0.0196,0.8,0.2,2.0,No,0.0005,No
Precise small effect,1193,-0.0056,0.8,0.2,2.0,No,0.0005,No
Precise small effect,1194,0.1384,0.8,0.2,2.0,No,0.0005,No
Precise small effect,1195,0.1193,0.8,0.2,2.0,No,0.0005,No
Precise small effect,1196,0.1142,0.8,0.2,2.0,No,0.0005,No
Precise small effect,1197,-0.1931,0.8,0.2,2.0,No,0.0005,No
Precise small effect,1198,0.1706,0.8,0.2,2.0,No,0.0005,No
Precise small effect,1199,0.0878,0.8,0.2,2.0,No,0.0005,No
Precise small effect,1200,-0.088,0.8,0.2,2.0,No,0.0005,No
Precise small effect,1201,0.347,0.8,0.2,2.0,No,0.0005,No
Precise small effect,1202,0.051,0.8,0.2,2.0,No,0.0005,No
Precise small effect,1203,-0.2795,0.8,0.2,2.0,No,0.0005,No
Precise small effect,1204,-0.3298,0.8,0.2,2.0,No,0.0005,No
Precise small effect,1205,-0.0256,0.8,0.2,2.0,No,0.0005,No
Precise small effect,1206,0.083,0.8,0.2,2.0,No,0.0005,No
Precise small effect,1207,0.1068,0.8,0.2,2.0,No,0.0005,No
Precise small effect,1208,0.1173,0.8,0.2,2.0,No,0.0005,No
Precise small effect,1209,-0.3862,0.8,0.2,2.0,No,0.0005,No
Precise small effect,1210,-0.2049,0.8,0.2,2.0,No,0.0005,No
Precise small effect,1211,-0.0555,0.8,0.2,2.0,No,0.0005,No
Precise small effect,1212,-0.4248,0.8,0.2,2.0,No,0.0005,No
Precise small effect,1213,-0.0985,0.8,0.2,2.0,No,0.0005,No
Precise small effect,1214,-0.0418,0.8,0.2,2.0,No,0.0005,No
Precise small effect,1215,-0.3045,0.8,0.2,2.0,No,0.0005,No
Precise small effect,1216,0.1078,0.8,0.2,2.0,No,0.0005,No
Precise small effect,1217,-0.0902,0.8,0.2,2.0,No,0.0005,No
Precise small effect,1218,-0.0649,0.8,0.2,2.0,No,0.0005,No
Precise small effect,1219,-0.1571,0.8,0.2,2.0,No,0.0005,No
Precise small effect,1220,-0.1464,0.8,0.2,2.0,No,0.0005,No
Precise small effect,1221,0.1669,0.8,0.2,2.0,No,0.0005,No
Precise small effect,1222,0.2941,0.8,0.2,2.0,No,0.0005,No
Precise small effect,1223,-0.3374,0.8,0.2,2.0,No,0.0005,No
Precise small effect,1224,-0.2038,0.8,0.2,2.0,No,0.0005,No
Precise small effect,1225,0.0295,0.8,0.2,2.0,No,0.0005,No
Precise small effect,1226,-0.0913,0.8,0.2,2.0,No,0.0005,No
Precise small effect,1227,0.2259,0.8,0.2,2.0,No,0.0005,No
Precise small effect,1228,0.1124,0.8,0.2,2.0,No,0.0005,No
Precise small effect,1229,0.1559,0.8,0.2,2.0,No,0.0005,No
Precise small effect,1230,-0.1249,0.8,0.2,2.0,No,0.0005,No
Precise small effect,1231,0.0921,0.8,0.2,2.0,No,0.0005,No
Precise small effect,1232,-0.1083,0.8,0.2,2.0,No,0.0005,No
Precise small effect,1233,0.2515,0.8,0.2,2.0,No,0.0005,No
Precise small effect,1234,0.1313,0.8,0.2,2.0,No,0.0005,No
Precise small effect,1235,-0.073,0.8,0.2,2.0,No,0.0005,No
Precise small effect,1236,-0.2043,0.8,0.2,2.0,No,0.0005,No
Precise small effect,1237,0.1352,0.8,0.2,2.0,No,0.0005,No
Precise small effect,1238,0.0819,0.8,0.2,2.0,No,0.0005,No
Precise small effect,1239,0.351,0.8,0.2,2.0,No,0.0005,No
Precise small effect,1240,-0.183,0.8,0.2,2.0,No,0.0005,No
Precise small effect,1241,0.1731,0.8,0.2,2.0,No,0.0005,No
Precise small effect,1242,-0.1595,0.8,0.2,2.0,No,0.0005,No
Precise small effect,1243,-0.136,0.8,0.2,2.0,No,0.0005,No
Precise small effect,1244,0.1203,0.8,0.2,2.0,No,0.0005,No
Precise small effect,1245,0.2865,0.8,0.2,2.0,No,0.0005,No
Precise small effect,1246,0.2603,0.8,0.2,2.0,No,0.0005,No
Precise small effect,1247,0.079,0.8,0.2,2.0,No,0.0005,No
Precise small effect,1248,0.16,0.8,0.2,2.0,No,0.0005,No
Precise small effect,1249,-0.0258,0.8,0.2,2.0,No,0.0005,No
Precise small effect,1250,-0.0728,0.8,0.2,2.0,No,0.0005,No
Precise small effect,1251,0.1266,0.8,0.2,2.0,No,0.0005,No
Precise small effect,1252,0.3242,0.8,0.2,2.0,No,0.0005,No
Precise small effect,1253,-0.4012,0.8,0.2,2.0,No,0.0005,No
Precise small effect,1254,-0.3434,0.8,0.2,2.0,No,0.0005,No
Precise small effect,1255,-0.0042,0.8,0.2,2.0,No,0.0005,No
Precise small effect,1256,-0.0574,0.8,0.2,2.0,No,0.0005,No
Precise small effect,1257,0.1284,0.8,0.2,2.0,No,0.0005,No
Precise small effect,1258,-0.3826,0.8,0.2,2.0,No,0.0005,No
Precise small effect,1259,-0.034,0.8,0.2,2.0,No,0.0005,No
Precise small effect,1260,0.008,0.8,0.2,2.0,No,0.0005,No
Precise small effect,1261,0.1127,0.8,0.2,2.0,No,0.0005,No
Precise small effect,1262,0.0463,0.8,0.2,2.0,No,0.0005,No
Precise small effect,1263,-0.0117,0.8,0.2,2.0,No,0.0005,No
Precise small effect,1264,0.0205,0.8,0.2,2.0,No,0.0005,No
Precise small effect,1265,0.1965,0.8,0.2,2.0,No,0.0005,No
Precise small effect,1266,0.0198,0.8,0.2,2.0,No,0.0005,No
Precise small effect,1267,-0.1817,0.8,0.2,2.0,No,0.0005,No
Precise small effect,1268,-0.1357,0.8,0.2,2.0,No,0.0005,No
Precise small effect,1269,0.3924,0.8,0.2,2.0,No,0.0005,No
Precise small effect,1270,0.2949,0.8,0.2,2.0,No,0.0005,No
Precise small effect,1271,0.4865,0.8,0.2,2.0,No,0.0005,No
Precise small effect,1272,0.4108,0.8,0.2,2.0,No,0.0005,No
Precise small effect,1273,0.167,0.8,0.2,2.0,No,0.0005,No
Precise small effect,1274,0.4001,0.8,0.2,2.0,No,0.0005,No
Precise small effect,1275,-0.126,0.8,0.2,2.0,No,0.0005,No
Precise small effect,1276,0.0994,0.8,0.2,2.0,No,0.0005,No
Precise small effect,1277,-0.2286,0.8,0.2,2.0,No,0.0005,No
Precise small effect,1278,0.1543,0.8,0.2,2.0,No,0.0005,No
Precise small effect,1279,-0.0311,0.8,0.2,2.0,No,0.0005,No
Precise small effect,1280,0.0536,0.8,0.2,2.0,No,0.0005,No
Precise small effect,1281,0.0502,0.8,0.2,2.0,No,0.0005,No
Precise small effect,1282,0.0367,0.8,0.2,2.0,No,0.0005,No
Precise small effect,1283,0.022,0.8,0.2,2.0,No,0.0005,No
Precise small effect,1284,0.0605,0.8,0.2,2.0,No,0.0005,No
Precise small effect,1285,-0.4661,0.8,0.2,2.0,No,0.0005,No
Precise small effect,1286,-0.0441,0.8,0.2,2.0,No,0.0005,No
Precise small effect,1287,0.0433,0.8,0.2,2.0,No,0.0005,No
Precise small effect,1288,0.0293,0.8,0.2,2.0,No,0.0005,No
Precise small effect,1289,-0.0961,0.8,0.2,2.0,No,0.0005,No
Precise small effect,1290,-0.0655,0.8,0.2,2.0,No,0.0005,No
Precise small effect,1291,-0.2052,0.8,0.2,2.0,No,0.0005,No
Precise small effect,1292,-0.2069,0.8,0.2,2.0,No,0.0005,No
Precise small effect,1293,0.1649,0.8,0.2,2.0,No,0.0005,No
Precise small effect,1294,0.2787,0.8,0.2,2.0,No,0.0005,No
Precise small effect,1295,0.1548,0.8,0.2,2.0,No,0.0005,No
Precise small effect,1296,0.2457,0.8,0.2,2.0,No,0.0005,No
Precise small effect,1297,0.0794,0.8,0.2,2.0,No,0.0005,No
Precise small effect,1298,0.0652,0.8,0.2,2.0,No,0.0005,No
Precise small effect,1299,-0.1824,0.8,0.2,2.0,No,0.0005,No
Precise small effect,1300,-0.0469,0.8,0.2,2.0,No,0.0005,No
Precise small effect,1301,-0.3981,0.8,0.2,2.0,No,0.0005,No
Precise small effect,1302,-0.1694,0.8,0.2,2.0,No,0.0005,No
Precise small effect,1303,0.0185,0.8,0.2,2.0,No,0.0005,No
Precise small effect,1304,-0.1924,0.8,0.2,2.0,No,0.0005,No
Precise small effect,1305,0.0867,0.8,0.2,2.0,No,0.0005,No
Precise small effect,1306,-0.05,0.8,0.2,2.0,No,0.0005,No
Precise small effect,1307,-0.1729,0.8,0.2,2.0,No,0.0005,No
Precise small effect,1308,-0.0537,0.8,0.2,2.0,No,0.0005,No
Precise small effect,1309,-0.2529,0.8,0.2,2.0,No,0.0005,No
Precise small effect,1310,-0.1711,0.8,0.2,2.0,No,0.0005,No
Precise small effect,1311,0.3775,0.8,0.2,2.0,No,0.0005,No
Precise small effect,1312,0.1465,0.8,0.2,2.0,No,0.0005,No
Precise small effect,1313,0.1254,0.8,0.2,2.0,No,0.0005,No
Precise small effect,1314,-0.0603,0.8,0.2,2.0,No,0.0005,No
Precise small effect,1315,-0.1212,0.8,0.2,2.0,No,0.0005,No
Precise small effect,1316,0.0225,0.8,0.2,2.0,No,0.0005,No
Precise small effect,1317,-0.3373,0.8,0.2,2.0,No,0.0005,No
Precise small effect,1318,0.4133,0.8,0.2,2.0,No,0.0005,No
Precise small effect,1319,0.0713,0.8,0.2,2.0,No,0.0005,No
Precise small effect,1320,0.2826,0.8,0.2,2.0,No,0.0005,No
Precise small effect,1321,-0.4657,0.8,0.2,2.0,No,0.0005,No
Precise small effect,1322,-0.0415,0.8,0.2,2.0,No,0.0005,No
Precise small effect,1323,0.1213,0.8,0.2,2.0,No,0.0005,No
Precise small effect,1324,-0.1718,0.8,0.2,2.0,No,0.0005,No
Precise small effect,1325,-0.2269,0.8,0.2,2.0,No,0.0005,No
Precise small effect,1326,0.2429,0.8,0.2,2.0,No,0.0005,No
Precise small effect,1327,-0.1073,0.8,0.2,2.0,No,0.0005,No
Precise small effect,1328,-0.114,0.8,0.2,2.0,No,0.0005,No
Precise small effect,1329,-0.253,0.8,0.2,2.0,No,0.0005,No
Precise small effect,1330,0.3126,0.8,0.2,2.0,No,0.0005,No
Precise small effect,1331,0.05,0.8,0.2,2.0,No,0.0005,No
Precise small effect,1332,0.2299,0.8,0.2,2.0,No,0.0005,No
Precise small effect,1333,0.0545,0.8,0.2,2.0,No,0.0005,No
Precise small effect,1334,0.1851,0.8,0.2,2.0,No,0.0005,No
Precise small effect,1335,0.1126,0.8,0.2,2.0,No,0.0005,No
Precise small effect,1336,-0.3182,0.8,0.2,2.0,No,0.0005,No
Precise small effect,1337,-0.2275,0.8,0.2,2.0,No,0.0005,No
Precise small effect,1338,0.3376,0.8,0.2,2.0,No,0.0005,No
Precise small effect,1339,0.002,0.8,0.2,2.0,No,0.0005,No
Precise small effect,1340,0.4995,0.8,0.2,2.0,No,0.0005,No
Precise small effect,1341,-0.3886,0.8,0.2,2.0,No,0.0005,No
Precise small effect,1342,-0.1033,0.8,0.2,2.0,No,0.0005,No
Precise small effect,1343,-0.276,0.8,0.2,2.0,No,0.0005,No
Precise small effect,1344,-0.1324,0.8,0.2,2.0,No,0.0005,No
Precise small effect,1345,-0.1536,0.8,0.2,2.0,No,0.0005,No
Precise small effect,1346,0.2141,0.8,0.2,2.0,No,0.0005,No
Precise small effect,1347,-0.1525,0.8,0.2,2.0,No,0.0005,No
Precise small effect,1348,-0.0732,0.8,0.2,2.0,No,0.0005,No
Precise small effect,1349,-0.1046,0.8,0.2,2.0,No,0.0005,No
Precise small effect,1350,0.0412,0.8,0.2,2.0,No,0.0005,No
Precise small effect,1351,0.2557,0.8,0.2,2.0,No,0.0005,No
Precise small effect,1352,0.224,0.8,0.2,2.0,No,0.0005,No
Precise small effect,1353,0.0987,0.8,0.2,2.0,No,0.0005,No
Precise small effect,1354,0.1411,0.8,0.2,2.0,No,0.0005,No
Precise small effect,1355,0.1162,0.8,0.2,2.0,No,0.0005,No
Precise small effect,1356,-0.0837,0.8,0.2,2.0,No,0.0005,No
Precise small effect,1357,-0.1548,0.8,0.2,2.0,No,0.0005,No
Precise small effect,1358,-0.2013,0.8,0.2,2.0,No,0.0005,No
Precise small effect,1359,0.006,0.8,0.2,2.0,No,0.0005,No
Precise small effect,1360,0.2686,0.8,0.2,2.0,No,0.0005,No
Precise small effect,1361,-0.1323,0.8,0.2,2.0,No,0.0005,No
Precise small effect,1362,0.209,0.8,0.2,2.0,No,0.0005,No
Precise small effect,1363,-0.1812,0.8,0.2,2.0,No,0.0005,No
Precise small effect,1364,0.034,0.8,0.2,2.0,No,0.0005,No
Precise small effect,1365,0.0152,0.8,0.2,2.0,No,0.0005,No
Precise small effect,1366,-0.0215,0.8,0.2,2.0,No,0.0005,No
Precise small effect,1367,0.4086,0.8,0.2,2.0,No,0.0005,No
Precise small effect,1368,0.0128,0.8,0.2,2.0,No,0.0005,No
Precise small effect,1369,0.1527,0.8,0.2,2.0,No,0.0005,No
Precise small effect,1370,-0.0335,0.8,0.2,2.0,No,0.0005,No
Precise small effect,1371,-0.0092,0.8,0.2,2.0,No,0.0005,No
Precise small effect,1372,-0.0892,0.8,0.2,2.0,No,0.0005,No
Precise small effect,1373,-0.0278,0.8,0.2,2.0,No,0.0005,No
Precise small effect,1374,-0.2659,0.8,0.2,2.0,No,0.0005,No
Precise small effect,1375,0.3135,0.8,0.2,2.0,No,0.0005,No
Precise small effect,1376,0.1203,0.8,0.2,2.0,No,0.0005,No
Precise small effect,1377,-0.3303,0.8,0.2,2.0,No,0.0005,No
Precise small effect,1378,0.0721,0.8,0.2,2.0,No,0.0005,No
Precise small effect,1379,-0.0844,0.8,0.2,2.0,No,0.0005,No
Precise small effect,1380,-0.021,0.8,0.2,2.0,No,0.0005,No
Precise small effect,1381,-0.0334,0.8,0.2,2.0,No,0.0005,No
Precise small effect,1382,0.0692,0.8,0.2,2.0,No,0.0005,No
Precise small effect,1383,0.02,0.8,0.2,2.0,No,0.0005,No
Precise small effect,1384,0.0188,0.8,0.2,2.0,No,0.0005,No
Precise small effect,1385,-0.079,0.8,0.2,2.0,No,0.0005,No
Precise small effect,1386,0.2246,0.8,0.2,2.0,No,0.0005,No
Precise small effect,1387,0.3027,0.8,0.2,2.0,No,0.0005,No
Precise small effect,1388,-0.079,0.8,0.2,2.0,No,0.0005,No
Precise small effect,1389,0.1451,0.8,0.2,2.0,No,0.0005,No
Precise small effect,1390,0.3686,0.8,0.2,2.0,No,0.0005,No
Precise small effect,1391,-0.1443,0.8,0.2,2.0,No,0.0005,No
Precise small effect,1392,0.0748,0.8,0.2,2.0,No,0.0005,No
Precise small effect,1393,0.1103,0.8,0.2,2.0,No,0.0005,No
Precise small effect,1394,0.0878,0.8,0.2,2.0,No,0.0005,No
Precise small effect,1395,0.1043,0.8,0.2,2.0,No,0.0005,No
Precise small effect,1396,0.2825,0.8,0.2,2.0,No,0.0005,No
Precise small effect,1397,-0.2771,0.8,0.2,2.0,No,0.0005,No
Precise small effect,1398,0.0686,0.8,0.2,2.0,No,0.0005,No
Precise small effect,1399,0.1586,0.8,0.2,2.0,No,0.0005,No
Precise small effect,1400,-0.2496,0.8,0.2,2.0,No,0.0005,No
Precise small effect,1401,0.0553,0.8,0.2,2.0,No,0.0005,No
Precise small effect,1402,-0.0516,0.8,0.2,2.0,No,0.0005,No
Precise small effect,1403,-0.0765,0.8,0.2,2.0,No,0.0005,No
Precise small effect,1404,-0.1011,0.8,0.2,2.0,No,0.0005,No
Precise small effect,1405,-0.012,0.8,0.2,2.0,No,0.0005,No
Precise small effect,1406,-0.0869,0.8,0.2,2.0,No,0.0005,No
Precise small effect,1407,0.0671,0.8,0.2,2.0,No,0.0005,No
Precise small effect,1408,0.2473,0.8,0.2,2.0,No,0.0005,No
Precise small effect,1409,-0.0237,0.8,0.2,2.0,No,0.0005,No
Precise small effect,1410,0.1691,0.8,0.2,2.0,No,0.0005,No
Precise small effect,1411,0.0008,0.8,0.2,2.0,No,0.0005,No
Precise small effect,1412,0.1544,0.8,0.2,2.0,No,0.0005,No
Precise small effect,1413,-0.1334,0.8,0.2,2.0,No,0.0005,No
Precise small effect,1414,0.2681,0.8,0.2,2.0,No,0.0005,No
Precise small effect,1415,0.0057,0.8,0.2,2.0,No,0.0005,No
Precise small effect,1416,0.0105,0.8,0.2,2.0,No,0.0005,No
Precise small effect,1417,0.062,0.8,0.2,2.0,No,0.0005,No
Precise small effect,1418,0.2207,0.8,0.2,2.0,No,0.0005,No
Precise small effect,1419,-0.1683,0.8,0.2,2.0,No,0.0005,No
Precise small effect,1420,0.3549,0.8,0.2,2.0,No,0.0005,No
Precise small effect,1421,0.1811,0.8,0.2,2.0,No,0.0005,No
Precise small effect,1422,0.0664,0.8,0.2,2.0,No,0.0005,No
Precise small effect,1423,0.1131,0.8,0.2,2.0,No,0.0005,No
Precise small effect,1424,-0.1161,0.8,0.2,2.0,No,0.0005,No
Precise small effect,1425,0.1344,0.8,0.2,2.0,No,0.0005,No
Precise small effect,1426,0.151,0.8,0.2,2.0,No,0.0005,No
Precise small effect,1427,-0.4219,0.8,0.2,2.0,No,0.0005,No
Precise small effect,1428,0.3802,0.8,0.2,2.0,No,0.0005,No
Precise small effect,1429,0.4138,0.8,0.2,2.0,No,0.0005,No
Precise small effect,1430,0.2329,0.8,0.2,2.0,No,0.0005,No
Precise small effect,1431,0.0271,0.8,0.2,2.0,No,0.0005,No
Precise small effect,1432,0.0486,0.8,0.2,2.0,No,0.0005,No
Precise small effect,1433,-0.1433,0.8,0.2,2.0,No,0.0005,No
Precise small effect,1434,-0.1078,0.8,0.2,2.0,No,0.0005,No
Precise small effect,1435,0.21,0.8,0.2,2.0,No,0.0005,No
Precise small effect,1436,0.1458,0.8,0.2,2.0,No,0.0005,No
Precise small effect,1437,0.48,0.8,0.2,2.0,No,0.0005,No
Precise small effect,1438,0.1073,0.8,0.2,2.0,No,0.0005,No
Precise small effect,1439,0.1144,0.8,0.2,2.0,No,0.0005,No
Precise small effect,1440,0.0046,0.8,0.2,2.0,No,0.0005,No
Precise small effect,1441,0.1348,0.8,0.2,2.0,No,0.0005,No
Precise small effect,1442,-0.0191,0.8,0.2,2.0,No,0.0005,No
Precise small effect,1443,-0.0477,0.8,0.2,2.0,No,0.0005,No
Precise small effect,1444,0.0098,0.8,0.2,2.0,No,0.0005,No
Precise small effect,1445,-0.1833,0.8,0.2,2.0,No,0.0005,No
Precise small effect,1446,0.0822,0.8,0.2,2.0,No,0.0005,No
Precise small effect,1447,0.3444,0.8,0.2,2.0,No,0.0005,No
Precise small effect,1448,-0.0125,0.8,0.2,2.0,No,0.0005,No
Precise small effect,1449,0.1528,0.8,0.2,2.0,No,0.0005,No
Precise small effect,1450,-0.267,0.8,0.2,2.0,No,0.0005,No
Precise small effect,1451,0.16,0.8,0.2,2.0,No,0.0005,No
Precise small effect,1452,0.0654,0.8,0.2,2.0,No,0.0005,No
Precise small effect,1453,0.0214,0.8,0.2,2.0,No,0.0005,No
Precise small effect,1454,-0.042,0.8,0.2,2.0,No,0.0005,No
Precise small effect,1455,-0.1607,0.8,0.2,2.0,No,0.0005,No
Precise small effect,1456,0.3916,0.8,0.2,2.0,No,0.0005,No
Precise small effect,1457,-0.1666,0.8,0.2,2.0,No,0.0005,No
Precise small effect,1458,0.2051,0.8,0.2,2.0,No,0.0005,No
Precise small effect,1459,0.2537,0.8,0.2,2.0,No,0.0005,No
Precise small effect,1460,-0.0016,0.8,0.2,2.0,No,0.0005,No
Precise small effect,1461,-0.1865,0.8,0.2,2.0,No,0.0005,No
Precise small effect,1462,0.01,0.8,0.2,2.0,No,0.0005,No
Precise small effect,1463,0.0532,0.8,0.2,2.0,No,0.0005,No
Precise small effect,1464,-0.0554,0.8,0.2,2.0,No,0.0005,No
Precise small effect,1465,0.1712,0.8,0.2,2.0,No,0.0005,No
Precise small effect,1466,0.0634,0.8,0.2,2.0,No,0.0005,No
Precise small effect,1467,0.4302,0.8,0.2,2.0,No,0.0005,No
Precise small effect,1468,-0.0933,0.8,0.2,2.0,No,0.0005,No
Precise small effect,1469,-0.0592,0.8,0.2,2.0,No,0.0005,No
Precise small effect,1470,0.0977,0.8,0.2,2.0,No,0.0005,No
Precise small effect,1471,0.2652,0.8,0.2,2.0,No,0.0005,No
Precise small effect,1472,0.0162,0.8,0.2,2.0,No,0.0005,No
Precise small effect,1473,0.1307,0.8,0.2,2.0,No,0.0005,No
Precise small effect,1474,0.1708,0.8,0.2,2.0,No,0.0005,No
Precise small effect,1475,-0.0393,0.8,0.2,2.0,No,0.0005,No
Precise small effect,1476,0.0075,0.8,0.2,2.0,No,0.0005,No
Precise small effect,1477,0.1833,0.8,0.2,2.0,No,0.0005,No
Precise small effect,1478,0.231,0.8,0.2,2.0,No,0.0005,No
Precise small effect,1479,-0.0683,0.8,0.2,2.0,No,0.0005,No
Precise small effect,1480,-0.2098,0.8,0.2,2.0,No,0.0005,No
Precise small effect,1481,-0.0136,0.8,0.2,2.0,No,0.0005,No
Precise small effect,1482,0.1807,0.8,0.2,2.0,No,0.0005,No
Precise small effect,1483,0.4204,0.8,0.2,2.0,No,0.0005,No
Precise small effect,1484,-0.0931,0.8,0.2,2.0,No,0.0005,No
Precise small effect,1485,0.0659,0.8,0.2,2.0,No,0.0005,No
Precise small effect,1486,-0.0077,0.8,0.2,2.0,No,0.0005,No
Precise small effect,1487,-0.1162,0.8,0.2,2.0,No,0.0005,No
Precise small effect,1488,0.0513,0.8,0.2,2.0,No,0.0005,No
Precise small effect,1489,-0.0205,0.8,0.2,2.0,No,0.0005,No
Precise small effect,1490,-0.1501,0.8,0.2,2.0,No,0.0005,No
Precise small effect,1491,-0.0808,0.8,0.2,2.0,No,0.0005,No
Precise small effect,1492,-0.1583,0.8,0.2,2.0,No,0.0005,No
Precise small effect,1493,0.1786,0.8,0.2,2.0,No,0.0005,No
Precise small effect,1494,0.2487,0.8,0.2,2.0,No,0.0005,No
Precise small effect,1495,-0.068,0.8,0.2,2.0,No,0.0005,No
Precise small effect,1496,-0.3125,0.8,0.2,2.0,No,0.0005,No
Precise small effect,1497,0.0676,0.8,0.2,2.0,No,0.0005,No
Precise small effect,1498,-0.2356,0.8,0.2,2.0,No,0.0005,No
Precise small effect,1499,0.1137,0.8,0.2,2.0,No,0.0005,No
Precise small effect,1500,0.1261,0.8,0.2,2.0,No,0.0005,No
Precise small effect,1501,-0.1441,0.8,0.2,2.0,No,0.0005,No
Precise small effect,1502,0.1503,0.8,0.2,2.0,No,0.0005,No
Precise small effect,1503,0.1414,0.8,0.2,2.0,No,0.0005,No
Precise small effect,1504,-0.0757,0.8,0.2,2.0,No,0.0005,No
Precise small effect,1505,0.009,0.8,0.2,2.0,No,0.0005,No
Precise small effect,1506,-0.0846,0.8,0.2,2.0,No,0.0005,No
Precise small effect,1507,-0.0027,0.8,0.2,2.0,No,0.0005,No
Precise small effect,1508,0.1315,0.8,0.2,2.0,No,0.0005,No
Precise small effect,1509,0.077,0.8,0.2,2.0,No,0.0005,No
Precise small effect,1510,-0.006,0.8,0.2,2.0,No,0.0005,No
Precise small effect,1511,-0.1136,0.8,0.2,2.0,No,0.0005,No
Precise small effect,1512,0.1171,0.8,0.2,2.0,No,0.0005,No
Precise small effect,1513,0.2495,0.8,0.2,2.0,No,0.0005,No
Precise small effect,1514,-0.2577,0.8,0.2,2.0,No,0.0005,No
Precise small effect,1515,-0.1152,0.8,0.2,2.0,No,0.0005,No
Precise small effect,1516,-0.1758,0.8,0.2,2.0,No,0.0005,No
Precise small effect,1517,0.0457,0.8,0.2,2.0,No,0.0005,No
Precise small effect,1518,0.1039,0.8,0.2,2.0,No,0.0005,No
Precise small effect,1519,-0.0615,0.8,0.2,2.0,No,0.0005,No
Precise small effect,1520,-0.0378,0.8,0.2,2.0,No,0.0005,No
Precise small effect,1521,-0.1206,0.8,0.2,2.0,No,0.0005,No
Precise small effect,1522,0.1984,0.8,0.2,2.0,No,0.0005,No
Precise small effect,1523,-0.2354,0.8,0.2,2.0,No,0.0005,No
Precise small effect,1524,-0.2214,0.8,0.2,2.0,No,0.0005,No
Precise small effect,1525,0.0357,0.8,0.2,2.0,No,0.0005,No
Precise small effect,1526,0.0824,0.8,0.2,2.0,No,0.0005,No
Precise small effect,1527,0.1276,0.8,0.2,2.0,No,0.0005,No
Precise small effect,1528,-0.5466,0.8,0.2,2.0,No,0.0005,No
Precise small effect,1529,0.0234,0.8,0.2,2.0,No,0.0005,No
Precise small effect,1530,-0.1575,0.8,0.2,2.0,No,0.0005,No
Precise small effect,1531,-0.133,0.8,0.2,2.0,No,0.0005,No
Precise small effect,1532,-0.086,0.8,0.2,2.0,No,0.0005,No
Precise small effect,1533,0.014,0.8,0.2,2.0,No,0.0005,No
Precise small effect,1534,0.0325,0.8,0.2,2.0,No,0.0005,No
Precise small effect,1535,0.1394,0.8,0.2,2.0,No,0.0005,No
Precise small effect,1536,0.0532,0.8,0.2,2.0,No,0.0005,No
Precise small effect,1537,0.321,0.8,0.2,2.0,No,0.0005,No
Precise small effect,1538,0.3073,0.8,0.2,2.0,No,0.0005,No
Precise small effect,1539,0.3107,0.8,0.2,2.0,No,0.0005,No
Precise small effect,1540,-0.1755,0.8,0.2,2.0,No,0.0005,No
Precise small effect,1541,0.0158,0.8,0.2,2.0,No,0.0005,No
Precise small effect,1542,-0.2314,0.8,0.2,2.0,No,0.0005,No
Precise small effect,1543,0.0297,0.8,0.2,2.0,No,0.0005,No
Precise small effect,1544,0.0982,0.8,0.2,2.0,No,0.0005,No
Precise small effect,1545,0.069,0.8,0.2,2.0,No,0.0005,No
Precise small effect,1546,-0.1882,0.8,0.2,2.0,No,0.0005,No
Precise small effect,1547,0.0341,0.8,0.2,2.0,No,0.0005,No
Precise small effect,1548,0.1001,0.8,0.2,2.0,No,0.0005,No
Precise small effect,1549,0.3723,0.8,0.2,2.0,No,0.0005,No
Precise small effect,1550,0.0235,0.8,0.2,2.0,No,0.0005,No
Precise small effect,1551,0.0971,0.8,0.2,2.0,No,0.0005,No
Precise small effect,1552,-0.1838,0.8,0.2,2.0,No,0.0005,No
Precise small effect,1553,-0.1483,0.8,0.2,2.0,No,0.0005,No
Precise small effect,1554,0.0271,0.8,0.2,2.0,No,0.0005,No
Precise small effect,1555,0.0168,0.8,0.2,2.0,No,0.0005,No
Precise small effect,1556,0.1639,0.8,0.2,2.0,No,0.0005,No
Precise small effect,1557,0.0207,0.8,0.2,2.0,No,0.0005,No
Precise small effect,1558,0.2743,0.8,0.2,2.0,No,0.0005,No
Precise small effect,1559,0.148,0.8,0.2,2.0,No,0.0005,No
Precise small effect,1560,-0.0126,0.8,0.2,2.0,No,0.0005,No
Precise small effect,1561,0.3279,0.8,0.2,2.0,No,0.0005,No
Precise small effect,1562,0.2998,0.8,0.2,2.0,No,0.0005,No
Precise small effect,1563,-0.1762,0.8,0.2,2.0,No,0.0005,No
Precise small effect,1564,0.0204,0.8,0.2,2.0,No,0.0005,No
Precise small effect,1565,0.1033,0.8,0.2,2.0,No,0.0005,No
Precise small effect,1566,0.1305,0.8,0.2,2.0,No,0.0005,No
Precise small effect,1567,0.0878,0.8,0.2,2.0,No,0.0005,No
Precise small effect,1568,-0.1002,0.8,0.2,2.0,No,0.0005,No
Precise small effect,1569,0.0753,0.8,0.2,2.0,No,0.0005,No
Precise small effect,1570,-0.4233,0.8,0.2,2.0,No,0.0005,No
Precise small effect,1571,-0.3617,0.8,0.2,2.0,No,0.0005,No
Precise small effect,1572,-0.1172,0.8,0.2,2.0,No,0.0005,No
Precise small effect,1573,0.1162,0.8,0.2,2.0,No,0.0005,No
Precise small effect,1574,0.2031,0.8,0.2,2.0,No,0.0005,No
Precise small effect,1575,0.1061,0.8,0.2,2.0,No,0.0005,No
Precise small effect,1576,0.1514,0.8,0.2,2.0,No,0.0005,No
Precise small effect,1577,-0.2249,0.8,0.2,2.0,No,0.0005,No
Precise small effect,1578,-0.4233,0.8,0.2,2.0,No,0.0005,No
Precise small effect,1579,0.0087,0.8,0.2,2.0,No,0.0005,No
Precise small effect,1580,-0.0639,0.8,0.2,2.0,No,0.0005,No
Precise small effect,1581,-0.1449,0.8,0.2,2.0,No,0.0005,No
Precise small effect,1582,0.1305,0.8,0.2,2.0,No,0.0005,No
Precise small effect,1583,0.1097,0.8,0.2,2.0,No,0.0005,No
Precise small effect,1584,-0.187,0.8,0.2,2.0,No,0.0005,No
Precise small effect,1585,0.0187,0.8,0.2,2.0,No,0.0005,No
Precise small effect,1586,-0.2857,0.8,0.2,2.0,No,0.0005,No
Precise small effect,1587,0.0154,0.8,0.2,2.0,No,0.0005,No
Precise small effect,1588,-0.0476,0.8,0.2,2.0,No,0.0005,No
Precise small effect,1589,-0.1216,0.8,0.2,2.0,No,0.0005,No
Precise small effect,1590,-0.3031,0.8,0.2,2.0,No,0.0005,No
Precise small effect,1591,0.0326,0.8,0.2,2.0,No,0.0005,No
Precise small effect,1592,-0.207,0.8,0.2,2.0,No,0.0005,No
Precise small effect,1593,0.2836,0.8,0.2,2.0,No,0.0005,No
Precise small effect,1594,-0.0911,0.8,0.2,2.0,No,0.0005,No
Precise small effect,1595,0.182,0.8,0.2,2.0,No,0.0005,No
Precise small effect,1596,-0.1125,0.8,0.2,2.0,No,0.0005,No
Precise small effect,1597,0.3922,0.8,0.2,2.0,No,0.0005,No
Precise small effect,1598,0.1525,0.8,0.2,2.0,No,0.0005,No
Precise small effect,1599,-0.1458,0.8,0.2,2.0,No,0.0005,No
Precise small effect,1600,-0.1357,0.8,0.2,2.0,No,0.0005,No
Precise small effect,1601,-0.0327,0.8,0.2,2.0,No,0.0005,No
Precise small effect,1602,-0.1779,0.8,0.2,2.0,No,0.0005,No
Precise small effect,1603,0.1046,0.8,0.2,2.0,No,0.0005,No
Precise small effect,1604,-0.3751,0.8,0.2,2.0,No,0.0005,No
Precise small effect,1605,0.219,0.8,0.2,2.0,No,0.0005,No
Precise small effect,1606,-0.3701,0.8,0.2,2.0,No,0.0005,No
Precise small effect,1607,-0.2202,0.8,0.2,2.0,No,0.0005,No
Precise small effect,1608,0.0047,0.8,0.2,2.0,No,0.0005,No
Precise small effect,1609,-0.063,0.8,0.2,2.0,No,0.0005,No
Precise small effect,1610,-0.0438,0.8,0.2,2.0,No,0.0005,No
Precise small effect,1611,-0.3254,0.8,0.2,2.0,No,0.0005,No
Precise small effect,1612,0.2493,0.8,0.2,2.0,No,0.0005,No
Precise small effect,1613,-0.1569,0.8,0.2,2.0,No,0.0005,No
Precise small effect,1614,0.0059,0.8,0.2,2.0,No,0.0005,No
Precise small effect,1615,-0.3099,0.8,0.2,2.0,No,0.0005,No
Precise small effect,1616,-0.0029,0.8,0.2,2.0,No,0.0005,No
Precise small effect,1617,0.3653,0.8,0.2,2.0,No,0.0005,No
Precise small effect,1618,0.086,0.8,0.2,2.0,No,0.0005,No
Precise small effect,1619,0.4675,0.8,0.2,2.0,No,0.0005,No
Precise small effect,1620,0.1483,0.8,0.2,2.0,No,0.0005,No
Precise small effect,1621,0.1022,0.8,0.2,2.0,No,0.0005,No
Precise small effect,1622,0.3682,0.8,0.2,2.0,No,0.0005,No
Precise small effect,1623,0.006,0.8,0.2,2.0,No,0.0005,No
Precise small effect,1624,-0.2021,0.8,0.2,2.0,No,0.0005,No
Precise small effect,1625,-0.2585,0.8,0.2,2.0,No,0.0005,No
Precise small effect,1626,0.2889,0.8,0.2,2.0,No,0.0005,No
Precise small effect,1627,-0.2272,0.8,0.2,2.0,No,0.0005,No
Precise small effect,1628,0.169,0.8,0.2,2.0,No,0.0005,No
Precise small effect,1629,0.0459,0.8,0.2,2.0,No,0.0005,No
Precise small effect,1630,-0.0305,0.8,0.2,2.0,No,0.0005,No
Precise small effect,1631,-0.249,0.8,0.2,2.0,No,0.0005,No
Precise small effect,1632,0.1117,0.8,0.2,2.0,No,0.0005,No
Precise small effect,1633,-0.0787,0.8,0.2,2.0,No,0.0005,No
Precise small effect,1634,-0.0009,0.8,0.2,2.0,No,0.0005,No
Precise small effect,1635,0.0123,0.8,0.2,2.0,No,0.0005,No
Precise small effect,1636,-0.0485,0.8,0.2,2.0,No,0.0005,No
Precise small effect,1637,-0.2631,0.8,0.2,2.0,No,0.0005,No
Precise small effect,1638,-0.0856,0.8,0.2,2.0,No,0.0005,No
Precise small effect,1639,-0.2359,0.8,0.2,2.0,No,0.0005,No
Precise small effect,1640,-0.1753,0.8,0.2,2.0,No,0.0005,No
Precise small effect,1641,-0.0226,0.8,0.2,2.0,No,0.0005,No
Precise small effect,1642,0.2071,0.8,0.2,2.0,No,0.0005,No
Precise small effect,1643,-0.0821,0.8,0.2,2.0,No,0.0005,No
Precise small effect,1644,0.2916,0.8,0.2,2.0,No,0.0005,No
Precise small effect,1645,0.2661,0.8,0.2,2.0,No,0.0005,No
Precise small effect,1646,-0.0214,0.8,0.2,2.0,No,0.0005,No
Precise small effect,1647,-0.2664,0.8,0.2,2.0,No,0.0005,No
Precise small effect,1648,0.0525,0.8,0.2,2.0,No,0.0005,No
Precise small effect,1649,-0.2798,0.8,0.2,2.0,No,0.0005,No
Precise small effect,1650,-0.1232,0.8,0.2,2.0,No,0.0005,No
Precise small effect,1651,-0.1722,0.8,0.2,2.0,No,0.0005,No
Precise small effect,1652,-0.0308,0.8,0.2,2.0,No,0.0005,No
Precise small effect,1653,0.3874,0.8,0.2,2.0,No,0.0005,No
Precise small effect,1654,0.2126,0.8,0.2,2.0,No,0.0005,No
Precise small effect,1655,0.4812,0.8,0.2,2.0,No,0.0005,No
Precise small effect,1656,-0.2636,0.8,0.2,2.0,No,0.0005,No
Precise small effect,1657,-0.3001,0.8,0.2,2.0,No,0.0005,No
Precise small effect,1658,-0.1029,0.8,0.2,2.0,No,0.0005,No
Precise small effect,1659,0.057,0.8,0.2,2.0,No,0.0005,No
Precise small effect,1660,-0.0175,0.8,0.2,2.0,No,0.0005,No
Precise small effect,1661,0.1713,0.8,0.2,2.0,No,0.0005,No
Precise small effect,1662,-0.0476,0.8,0.2,2.0,No,0.0005,No
Precise small effect,1663,-0.0829,0.8,0.2,2.0,No,0.0005,No
Precise small effect,1664,-0.2413,0.8,0.2,2.0,No,0.0005,No
Precise small effect,1665,-0.1496,0.8,0.2,2.0,No,0.0005,No
Precise small effect,1666,0.0508,0.8,0.2,2.0,No,0.0005,No
Precise small effect,1667,-0.2605,0.8,0.2,2.0,No,0.0005,No
Precise small effect,1668,0.0631,0.8,0.2,2.0,No,0.0005,No
Precise small effect,1669,-0.3439,0.8,0.2,2.0,No,0.0005,No
Precise small effect,1670,0.002,0.8,0.2,2.0,No,0.0005,No
Precise small effect,1671,-0.0423,0.8,0.2,2.0,No,0.0005,No
Precise small effect,1672,-0.2531,0.8,0.2,2.0,No,0.0005,No
Precise small effect,1673,0.1217,0.8,0.2,2.0,No,0.0005,No
Precise small effect,1674,0.0301,0.8,0.2,2.0,No,0.0005,No
Precise small effect,1675,-0.2745,0.8,0.2,2.0,No,0.0005,No
Precise small effect,1676,0.0631,0.8,0.2,2.0,No,0.0005,No
Precise small effect,1677,0.0067,0.8,0.2,2.0,No,0.0005,No
Precise small effect,1678,0.0232,0.8,0.2,2.0,No,0.0005,No
Precise small effect,1679,-0.2801,0.8,0.2,2.0,No,0.0005,No
Precise small effect,1680,0.0583,0.8,0.2,2.0,No,0.0005,No
Precise small effect,1681,-0.1269,0.8,0.2,2.0,No,0.0005,No
Precise small effect,1682,-0.3511,0.8,0.2,2.0,No,0.0005,No
Precise small effect,1683,0.0375,0.8,0.2,2.0,No,0.0005,No
Precise small effect,1684,0.2731,0.8,0.2,2.0,No,0.0005,No
Precise small effect,1685,-0.3864,0.8,0.2,2.0,No,0.0005,No
Precise small effect,1686,-0.2567,0.8,0.2,2.0,No,0.0005,No
Precise small effect,1687,-0.0445,0.8,0.2,2.0,No,0.0005,No
Precise small effect,1688,0.2052,0.8,0.2,2.0,No,0.0005,No
Precise small effect,1689,0.1286,0.8,0.2,2.0,No,0.0005,No
Precise small effect,1690,-0.0597,0.8,0.2,2.0,No,0.0005,No
Precise small effect,1691,0.0187,0.8,0.2,2.0,No,0.0005,No
Precise small effect,1692,-0.2072,0.8,0.2,2.0,No,0.0005,No
Precise small effect,1693,-0.1705,0.8,0.2,2.0,No,0.0005,No
Precise small effect,1694,-0.1449,0.8,0.2,2.0,No,0.0005,No
Precise small effect,1695,-0.0895,0.8,0.2,2.0,No,0.0005,No
Precise small effect,1696,0.2156,0.8,0.2,2.0,No,0.0005,No
Precise small effect,1697,-0.022,0.8,0.2,2.0,No,0.0005,No
Precise small effect,1698,-0.1946,0.8,0.2,2.0,No,0.0005,No
Precise small effect,1699,0.2164,0.8,0.2,2.0,No,0.0005,No
Precise small effect,1700,-0.2035,0.8,0.2,2.0,No,0.0005,No
Precise small effect,1701,-0.0839,0.8,0.2,2.0,No,0.0005,No
Precise small effect,1702,-0.1561,0.8,0.2,2.0,No,0.0005,No
Precise small effect,1703,0.064,0.8,0.2,2.0,No,0.0005,No
Precise small effect,1704,0.0989,0.8,0.2,2.0,No,0.0005,No
Precise small effect,1705,-0.2092,0.8,0.2,2.0,No,0.0005,No
Precise small effect,1706,0.0395,0.8,0.2,2.0,No,0.0005,No
Precise small effect,1707,-0.2149,0.8,0.2,2.0,No,0.0005,No
Precise small effect,1708,-0.1351,0.8,0.2,2.0,No,0.0005,No
Precise small effect,1709,0.1228,0.8,0.2,2.0,No,0.0005,No
Precise small effect,1710,-0.1645,0.8,0.2,2.0,No,0.0005,No
Precise small effect,1711,0.1902,0.8,0.2,2.0,No,0.0005,No
Precise small effect,1712,0.1402,0.8,0.2,2.0,No,0.0005,No
Precise small effect,1713,0.0954,0.8,0.2,2.0,No,0.0005,No
Precise small effect,1714,-0.0336,0.8,0.2,2.0,No,0.0005,No
Precise small effect,1715,0.207,0.8,0.2,2.0,No,0.0005,No
Precise small effect,1716,0.2055,0.8,0.2,2.0,No,0.0005,No
Precise small effect,1717,0.3093,0.8,0.2,2.0,No,0.0005,No
Precise small effect,1718,-0.2745,0.8,0.2,2.0,No,0.0005,No
Precise small effect,1719,-0.1426,0.8,0.2,2.0,No,0.0005,No
Precise small effect,1720,-0.1958,0.8,0.2,2.0,No,0.0005,No
Precise small effect,1721,-0.1082,0.8,0.2,2.0,No,0.0005,No
Precise small effect,1722,0.264,0.8,0.2,2.0,No,0.0005,No
Precise small effect,1723,0.105,0.8,0.2,2.0,No,0.0005,No
Precise small effect,1724,-0.2065,0.8,0.2,2.0,No,0.0005,No
Precise small effect,1725,0.0997,0.8,0.2,2.0,No,0.0005,No
Precise small effect,1726,0.0196,0.8,0.2,2.0,No,0.0005,No
Precise small effect,1727,-0.1288,0.8,0.2,2.0,No,0.0005,No
Precise small effect,1728,-0.1147,0.8,0.2,2.0,No,0.0005,No
Precise small effect,1729,-0.1147,0.8,0.2,2.0,No,0.0005,No
Precise small effect,1730,0.1696,0.8,0.2,2.0,No,0.0005,No
Precise small effect,1731,-0.0547,0.8,0.2,2.0,No,0.0005,No
Precise small effect,1732,-0.1098,0.8,0.2,2.0,No,0.0005,No
Precise small effect,1733,0.2135,0.8,0.2,2.0,No,0.0005,No
Precise small effect,1734,0.2601,0.8,0.2,2.0,No,0.0005,No
Precise small effect,1735,0.0997,0.8,0.2,2.0,No,0.0005,No
Precise small effect,1736,0.0592,0.8,0.2,2.0,No,0.0005,No
Precise small effect,1737,0.1643,0.8,0.2,2.0,No,0.0005,No
Precise small effect,1738,0.0058,0.8,0.2,2.0,No,0.0005,No
Precise small effect,1739,-0.3095,0.8,0.2,2.0,No,0.0005,No
Precise small effect,1740,-0.1325,0.8,0.2,2.0,No,0.0005,No
Precise small effect,1741,0.0311,0.8,0.2,2.0,No,0.0005,No
Precise small effect,1742,-0.316,0.8,0.2,2.0,No,0.0005,No
Precise small effect,1743,0.2993,0.8,0.2,2.0,No,0.0005,No
Precise small effect,1744,0.2279,0.8,0.2,2.0,No,0.0005,No
Precise small effect,1745,-0.0004,0.8,0.2,2.0,No,0.0005,No
Precise small effect,1746,0.0992,0.8,0.2,2.0,No,0.0005,No
Precise small effect,1747,0.2648,0.8,0.2,2.0,No,0.0005,No
Precise small effect,1748,-0.1871,0.8,0.2,2.0,No,0.0005,No
Precise small effect,1749,0.1243,0.8,0.2,2.0,No,0.0005,No
Precise small effect,1750,-0.0227,0.8,0.2,2.0,No,0.0005,No
Precise small effect,1751,0.0911,0.8,0.2,2.0,No,0.0005,No
Precise small effect,1752,0.0316,0.8,0.2,2.0,No,0.0005,No
Precise small effect,1753,0.4854,0.8,0.2,2.0,No,0.0005,No
Precise small effect,1754,-0.2205,0.8,0.2,2.0,No,0.0005,No
Precise small effect,1755,-0.2002,0.8,0.2,2.0,No,0.0005,No
Precise small effect,1756,0.2827,0.8,0.2,2.0,No,0.0005,No
Precise small effect,1757,-0.1842,0.8,0.2,2.0,No,0.0005,No
Precise small effect,1758,0.1535,0.8,0.2,2.0,No,0.0005,No
Precise small effect,1759,-0.4459,0.8,0.2,2.0,No,0.0005,No
Precise small effect,1760,0.0132,0.8,0.2,2.0,No,0.0005,No
Precise small effect,1761,0.0372,0.8,0.2,2.0,No,0.0005,No
Precise small effect,1762,-0.0576,0.8,0.2,2.0,No,0.0005,No
Precise small effect,1763,0.2242,0.8,0.2,2.0,No,0.0005,No
Precise small effect,1764,-0.1198,0.8,0.2,2.0,No,0.0005,No
Precise small effect,1765,-0.1273,0.8,0.2,2.0,No,0.0005,No
Precise small effect,1766,-0.2429,0.8,0.2,2.0,No,0.0005,No
Precise small effect,1767,-0.2549,0.8,0.2,2.0,No,0.0005,No
Precise small effect,1768,-0.2542,0.8,0.2,2.0,No,0.0005,No
Precise small effect,1769,0.0066,0.8,0.2,2.0,No,0.0005,No
Precise small effect,1770,-0.1836,0.8,0.2,2.0,No,0.0005,No
Precise small effect,1771,-0.0513,0.8,0.2,2.0,No,0.0005,No
Precise small effect,1772,-0.2532,0.8,0.2,2.0,No,0.0005,No
Precise small effect,1773,0.1562,0.8,0.2,2.0,No,0.0005,No
Precise small effect,1774,0.1749,0.8,0.2,2.0,No,0.0005,No
Precise small effect,1775,0.2112,0.8,0.2,2.0,No,0.0005,No
Precise small effect,1776,-0.269,0.8,0.2,2.0,No,0.0005,No
Precise small effect,1777,0.3178,0.8,0.2,2.0,No,0.0005,No
Precise small effect,1778,-0.065,0.8,0.2,2.0,No,0.0005,No
Precise small effect,1779,-0.1282,0.8,0.2,2.0,No,0.0005,No
Precise small effect,1780,0.113,0.8,0.2,2.0,No,0.0005,No
Precise small effect,1781,0.1457,0.8,0.2,2.0,No,0.0005,No
Precise small effect,1782,-0.3315,0.8,0.2,2.0,No,0.0005,No
Precise small effect,1783,0.1399,0.8,0.2,2.0,No,0.0005,No
Precise small effect,1784,0.1703,0.8,0.2,2.0,No,0.0005,No
Precise small effect,1785,-0.1487,0.8,0.2,2.0,No,0.0005,No
Precise small effect,1786,0.0683,0.8,0.2,2.0,No,0.0005,No
Precise small effect,1787,-0.174,0.8,0.2,2.0,No,0.0005,No
Precise small effect,1788,0.0467,0.8,0.2,2.0,No,0.0005,No
Precise small effect,1789,-0.238,0.8,0.2,2.0,No,0.0005,No
Precise small effect,1790,0.082,0.8,0.2,2.0,No,0.0005,No
Precise small effect,1791,-0.2734,0.8,0.2,2.0,No,0.0005,No
Precise small effect,1792,0.0145,0.8,0.2,2.0,No,0.0005,No
Precise small effect,1793,0.2179,0.8,0.2,2.0,No,0.0005,No
Precise small effect,1794,0.3792,0.8,0.2,2.0,No,0.0005,No
Precise small effect,1795,0.2213,0.8,0.2,2.0,No,0.0005,No
Precise small effect,1796,0.3289,0.8,0.2,2.0,No,0.0005,No
Precise small effect,1797,0.083,0.8,0.2,2.0,No,0.0005,No
Precise small effect,1798,0.0164,0.8,0.2,2.0,No,0.0005,No
Precise small effect,1799,-0.0876,0.8,0.2,2.0,No,0.0005,No
Precise small effect,1800,-0.2212,0.8,0.2,2.0,No,0.0005,No
Precise small effect,1801,0.2009,0.8,0.2,2.0,No,0.0005,No
Precise small effect,1802,-0.1532,0.8,0.2,2.0,No,0.0005,No
Precise small effect,1803,-0.0876,0.8,0.2,2.0,No,0.0005,No
Precise small effect,1804,0.3238,0.8,0.2,2.0,No,0.0005,No
Precise small effect,1805,-0.406,0.8,0.2,2.0,No,0.0005,No
Precise small effect,1806,-0.2553,0.8,0.2,2.0,No,0.0005,No
Precise small effect,1807,-0.506,0.8,0.2,2.0,No,0.0005,No
Precise small effect,1808,0.0953,0.8,0.2,2.0,No,0.0005,No
Precise small effect,1809,-0.4682,0.8,0.2,2.0,No,0.0005,No
Precise small effect,1810,-0.0213,0.8,0.2,2.0,No,0.0005,No
Precise small effect,1811,0.2413,0.8,0.2,2.0,No,0.0005,No
Precise small effect,1812,-0.0749,0.8,0.2,2.0,No,0.0005,No
Precise small effect,1813,-0.279,0.8,0.2,2.0,No,0.0005,No
Precise small effect,1814,-0.0262,0.8,0.2,2.0,No,0.0005,No
Precise small effect,1815,0.2811,0.8,0.2,2.0,No,0.0005,No
Precise small effect,1816,0.1769,0.8,0.2,2.0,No,0.0005,No
Precise small effect,1817,-0.4708,0.8,0.2,2.0,No,0.0005,No
Precise small effect,1818,0.5634,0.8,0.2,2.0,No,0.0005,No
Precise small effect,1819,-0.1399,0.8,0.2,2.0,No,0.0005,No
Precise small effect,1820,-0.0129,0.8,0.2,2.0,No,0.0005,No
Precise small effect,1821,0.2396,0.8,0.2,2.0,No,0.0005,No
Precise small effect,1822,-0.0193,0.8,0.2,2.0,No,0.0005,No
Precise small effect,1823,-0.1495,0.8,0.2,2.0,No,0.0005,No
Precise small effect,1824,-0.3457,0.8,0.2,2.0,No,0.0005,No
Precise small effect,1825,-0.1419,0.8,0.2,2.0,No,0.0005,No
Precise small effect,1826,0.0162,0.8,0.2,2.0,No,0.0005,No
Precise small effect,1827,0.1633,0.8,0.2,2.0,No,0.0005,No
Precise small effect,1828,0.1185,0.8,0.2,2.0,No,0.0005,No
Precise small effect,1829,0.009,0.8,0.2,2.0,No,0.0005,No
Precise small effect,1830,0.2308,0.8,0.2,2.0,No,0.0005,No
Precise small effect,1831,-0.3633,0.8,0.2,2.0,No,0.0005,No
Precise small effect,1832,-0.147,0.8,0.2,2.0,No,0.0005,No
Precise small effect,1833,0.0438,0.8,0.2,2.0,No,0.0005,No
Precise small effect,1834,0.1713,0.8,0.2,2.0,No,0.0005,No
Precise small effect,1835,-0.0553,0.8,0.2,2.0,No,0.0005,No
Precise small effect,1836,-0.3045,0.8,0.2,2.0,No,0.0005,No
Precise small effect,1837,-0.0555,0.8,0.2,2.0,No,0.0005,No
Precise small effect,1838,-0.2873,0.8,0.2,2.0,No,0.0005,No
Precise small effect,1839,0.0081,0.8,0.2,2.0,No,0.0005,No
Precise small effect,1840,-0.2137,0.8,0.2,2.0,No,0.0005,No
Precise small effect,1841,-0.1282,0.8,0.2,2.0,No,0.0005,No
Precise small effect,1842,0.1185,0.8,0.2,2.0,No,0.0005,No
Precise small effect,1843,0.0686,0.8,0.2,2.0,No,0.0005,No
Precise small effect,1844,-0.3536,0.8,0.2,2.0,No,0.0005,No
Precise small effect,1845,0.1641,0.8,0.2,2.0,No,0.0005,No
Precise small effect,1846,0.1234,0.8,0.2,2.0,No,0.0005,No
Precise small effect,1847,-0.1411,0.8,0.2,2.0,No,0.0005,No
Precise small effect,1848,-0.2581,0.8,0.2,2.0,No,0.0005,No
Precise small effect,1849,0.0983,0.8,0.2,2.0,No,0.0005,No
Precise small effect,1850,-0.0296,0.8,0.2,2.0,No,0.0005,No
Precise small effect,1851,-0.2156,0.8,0.2,2.0,No,0.0005,No
Precise small effect,1852,-0.1037,0.8,0.2,2.0,No,0.0005,No
Precise small effect,1853,0.2101,0.8,0.2,2.0,No,0.0005,No
Precise small effect,1854,-0.1053,0.8,0.2,2.0,No,0.0005,No
Precise small effect,1855,0.1734,0.8,0.2,2.0,No,0.0005,No
Precise small effect,1856,-0.0037,0.8,0.2,2.0,No,0.0005,No
Precise small effect,1857,-0.0838,0.8,0.2,2.0,No,0.0005,No
Precise small effect,1858,-0.1133,0.8,0.2,2.0,No,0.0005,No
Precise small effect,1859,-0.1417,0.8,0.2,2.0,No,0.0005,No
Precise small effect,1860,-0.0313,0.8,0.2,2.0,No,0.0005,No
Precise small effect,1861,0.0627,0.8,0.2,2.0,No,0.0005,No
Precise small effect,1862,-0.0961,0.8,0.2,2.0,No,0.0005,No
Precise small effect,1863,-0.262,0.8,0.2,2.0,No,0.0005,No
Precise small effect,1864,0.1141,0.8,0.2,2.0,No,0.0005,No
Precise small effect,1865,0.2412,0.8,0.2,2.0,No,0.0005,No
Precise small effect,1866,0.0662,0.8,0.2,2.0,No,0.0005,No
Precise small effect,1867,-0.0545,0.8,0.2,2.0,No,0.0005,No
Precise small effect,1868,0.0997,0.8,0.2,2.0,No,0.0005,No
Precise small effect,1869,0.0422,0.8,0.2,2.0,No,0.0005,No
Precise small effect,1870,-0.287,0.8,0.2,2.0,No,0.0005,No
Precise small effect,1871,0.0063,0.8,0.2,2.0,No,0.0005,No
Precise small effect,1872,-0.0146,0.8,0.2,2.0,No,0.0005,No
Precise small effect,1873,-0.0074,0.8,0.2,2.0,No,0.0005,No
Precise small effect,1874,0.3008,0.8,0.2,2.0,No,0.0005,No
Precise small effect,1875,0.0891,0.8,0.2,2.0,No,0.0005,No
Precise small effect,1876,0.2077,0.8,0.2,2.0,No,0.0005,No
Precise small effect,1877,0.0892,0.8,0.2,2.0,No,0.0005,No
Precise small effect,1878,-0.1137,0.8,0.2,2.0,No,0.0005,No
Precise small effect,1879,-0.0135,0.8,0.2,2.0,No,0.0005,No
Precise small effect,1880,0.0269,0.8,0.2,2.0,No,0.0005,No
Precise small effect,1881,-0.2652,0.8,0.2,2.0,No,0.0005,No
Precise small effect,1882,-0.3071,0.8,0.2,2.0,No,0.0005,No
Precise small effect,1883,-0.1439,0.8,0.2,2.0,No,0.0005,No
Precise small effect,1884,0.1631,0.8,0.2,2.0,No,0.0005,No
Precise small effect,1885,0.3731,0.8,0.2,2.0,No,0.0005,No
Precise small effect,1886,0.1327,0.8,0.2,2.0,No,0.0005,No
Precise small effect,1887,0.1375,0.8,0.2,2.0,No,0.0005,No
Precise small effect,1888,-0.1114,0.8,0.2,2.0,No,0.0005,No
Precise small effect,1889,0.3072,0.8,0.2,2.0,No,0.0005,No
Precise small effect,1890,-0.0552,0.8,0.2,2.0,No,0.0005,No
Precise small effect,1891,0.162,0.8,0.2,2.0,No,0.0005,No
Precise small effect,1892,-0.3354,0.8,0.2,2.0,No,0.0005,No
Precise small effect,1893,-0.0109,0.8,0.2,2.0,No,0.0005,No
Precise small effect,1894,-0.4059,0.8,0.2,2.0,No,0.0005,No
Precise small effect,1895,0.3885,0.8,0.2,2.0,No,0.0005,No
Precise small effect,1896,-0.1633,0.8,0.2,2.0,No,0.0005,No
Precise small effect,1897,-0.2396,0.8,0.2,2.0,No,0.0005,No
Precise small effect,1898,-0.23,0.8,0.2,2.0,No,0.0005,No
Precise small effect,1899,0.1496,0.8,0.2,2.0,No,0.0005,No
Precise small effect,1900,0.0571,0.8,0.2,2.0,No,0.0005,No
Precise small effect,1901,-0.1133,0.8,0.2,2.0,No,0.0005,No
Precise small effect,1902,0.2618,0.8,0.2,2.0,No,0.0005,No
Precise small effect,1903,0.0716,0.8,0.2,2.0,No,0.0005,No
Precise small effect,1904,0.2067,0.8,0.2,2.0,No,0.0005,No
Precise small effect,1905,0.3305,0.8,0.2,2.0,No,0.0005,No
Precise small effect,1906,0.0538,0.8,0.2,2.0,No,0.0005,No
Precise small effect,1907,0.0055,0.8,0.2,2.0,No,0.0005,No
Precise small effect,1908,0.172,0.8,0.2,2.0,No,0.0005,No
Precise small effect,1909,0.0061,0.8,0.2,2.0,No,0.0005,No
Precise small effect,1910,-0.2228,0.8,0.2,2.0,No,0.0005,No
Precise small effect,1911,-0.1713,0.8,0.2,2.0,No,0.0005,No
Precise small effect,1912,-0.012,0.8,0.2,2.0,No,0.0005,No
Precise small effect,1913,-0.1454,0.8,0.2,2.0,No,0.0005,No
Precise small effect,1914,-0.1201,0.8,0.2,2.0,No,0.0005,No
Precise small effect,1915,0.1688,0.8,0.2,2.0,No,0.0005,No
Precise small effect,1916,0.2209,0.8,0.2,2.0,No,0.0005,No
Precise small effect,1917,-0.0118,0.8,0.2,2.0,No,0.0005,No
Precise small effect,1918,-0.0822,0.8,0.2,2.0,No,0.0005,No
Precise small effect,1919,-0.1168,0.8,0.2,2.0,No,0.0005,No
Precise small effect,1920,-0.1358,0.8,0.2,2.0,No,0.0005,No
Precise small effect,1921,-0.1609,0.8,0.2,2.0,No,0.0005,No
Precise small effect,1922,0.6839,0.8,0.2,2.0,No,0.0005,No
Precise small effect,1923,0.0133,0.8,0.2,2.0,No,0.0005,No
Precise small effect,1924,0.0838,0.8,0.2,2.0,No,0.0005,No
Precise small effect,1925,-0.0343,0.8,0.2,2.0,No,0.0005,No
Precise small effect,1926,0.097,0.8,0.2,2.0,No,0.0005,No
Precise small effect,1927,0.359,0.8,0.2,2.0,No,0.0005,No
Precise small effect,1928,-0.2261,0.8,0.2,2.0,No,0.0005,No
Precise small effect,1929,0.13,0.8,0.2,2.0,No,0.0005,No
Precise small effect,1930,-0.188,0.8,0.2,2.0,No,0.0005,No
Precise small effect,1931,-0.0885,0.8,0.2,2.0,No,0.0005,No
Precise small effect,1932,0.1898,0.8,0.2,2.0,No,0.0005,No
Precise small effect,1933,-0.2014,0.8,0.2,2.0,No,0.0005,No
Precise small effect,1934,-0.408,0.8,0.2,2.0,No,0.0005,No
Precise small effect,1935,-0.3699,0.8,0.2,2.0,No,0.0005,No
Precise small effect,1936,0.0923,0.8,0.2,2.0,No,0.0005,No
Precise small effect,1937,0.1937,0.8,0.2,2.0,No,0.0005,No
Precise small effect,1938,-0.3771,0.8,0.2,2.0,No,0.0005,No
Precise small effect,1939,0.0625,0.8,0.2,2.0,No,0.0005,No
Precise small effect,1940,-0.0865,0.8,0.2,2.0,No,0.0005,No
Precise small effect,1941,0.0664,0.8,0.2,2.0,No,0.0005,No
Precise small effect,1942,0.0501,0.8,0.2,2.0,No,0.0005,No
Precise small effect,1943,0.1851,0.8,0.2,2.0,No,0.0005,No
Precise small effect,1944,-0.571,0.8,0.2,2.0,No,0.0005,No
Precise small effect,1945,-0.1304,0.8,0.2,2.0,No,0.0005,No
Precise small effect,1946,-0.0846,0.8,0.2,2.0,No,0.0005,No
Precise small effect,1947,0.001,0.8,0.2,2.0,No,0.0005,No
Precise small effect,1948,0.2162,0.8,0.2,2.0,No,0.0005,No
Precise small effect,1949,0.0868,0.8,0.2,2.0,No,0.0005,No
Precise small effect,1950,0.3986,0.8,0.2,2.0,No,0.0005,No
Precise small effect,1951,0.2998,0.8,0.2,2.0,No,0.0005,No
Precise small effect,1952,-0.1265,0.8,0.2,2.0,No,0.0005,No
Precise small effect,1953,0.0329,0.8,0.2,2.0,No,0.0005,No
Precise small effect,1954,-0.0902,0.8,0.2,2.0,No,0.0005,No
Precise small effect,1955,-0.1131,0.8,0.2,2.0,No,0.0005,No
Precise small effect,1956,-0.0255,0.8,0.2,2.0,No,0.0005,No
Precise small effect,1957,0.0797,0.8,0.2,2.0,No,0.0005,No
Precise small effect,1958,0.0167,0.8,0.2,2.0,No,0.0005,No
Precise small effect,1959,-0.2248,0.8,0.2,2.0,No,0.0005,No
Precise small effect,1960,0.0439,0.8,0.2,2.0,No,0.0005,No
Precise small effect,1961,0.2375,0.8,0.2,2.0,No,0.0005,No
Precise small effect,1962,0.0316,0.8,0.2,2.0,No,0.0005,No
Precise small effect,1963,-0.166,0.8,0.2,2.0,No,0.0005,No
Precise small effect,1964,-0.048,0.8,0.2,2.0,No,0.0005,No
Precise small effect,1965,-0.1032,0.8,0.2,2.0,No,0.0005,No
Precise small effect,1966,0.0352,0.8,0.2,2.0,No,0.0005,No
Precise small effect,1967,0.1609,0.8,0.2,2.0,No,0.0005,No
Precise small effect,1968,0.0253,0.8,0.2,2.0,No,0.0005,No
Precise small effect,1969,-0.1265,0.8,0.2,2.0,No,0.0005,No
Precise small effect,1970,-0.1211,0.8,0.2,2.0,No,0.0005,No
Precise small effect,1971,-0.0327,0.8,0.2,2.0,No,0.0005,No
Precise small effect,1972,0.0127,0.8,0.2,2.0,No,0.0005,No
Precise small effect,1973,0.0358,0.8,0.2,2.0,No,0.0005,No
Precise small effect,1974,0.0467,0.8,0.2,2.0,No,0.0005,No
Precise small effect,1975,0.0749,0.8,0.2,2.0,No,0.0005,No
Precise small effect,1976,-0.2015,0.8,0.2,2.0,No,0.0005,No
Precise small effect,1977,0.145,0.8,0.2,2.0,No,0.0005,No
Precise small effect,1978,0.0323,0.8,0.2,2.0,No,0.0005,No
Precise small effect,1979,-0.1148,0.8,0.2,2.0,No,0.0005,No
Precise small effect,1980,-0.0926,0.8,0.2,2.0,No,0.0005,No
Precise small effect,1981,0.0775,0.8,0.2,2.0,No,0.0005,No
Precise small effect,1982,0.3699,0.8,0.2,2.0,No,0.0005,No
Precise small effect,1983,0.0394,0.8,0.2,2.0,No,0.0005,No
Precise small effect,1984,0.0316,0.8,0.2,2.0,No,0.0005,No
Precise small effect,1985,-0.0621,0.8,0.2,2.0,No,0.0005,No
Precise small effect,1986,0.1142,0.8,0.2,2.0,No,0.0005,No
Precise small effect,1987,-0.1825,0.8,0.2,2.0,No,0.0005,No
Precise small effect,1988,0.1944,0.8,0.2,2.0,No,0.0005,No
Precise small effect,1989,-0.0374,0.8,0.2,2.0,No,0.0005,No
Precise small effect,1990,0.4074,0.8,0.2,2.0,No,0.0005,No
Precise small effect,1991,-0.1546,0.8,0.2,2.0,No,0.0005,No
Precise small effect,1992,0.293,0.8,0.2,2.0,No,0.0005,No
Precise small effect,1993,-0.0787,0.8,0.2,2.0,No,0.0005,No
Precise small effect,1994,0.0913,0.8,0.2,2.0,No,0.0005,No
Precise small effect,1995,0.0449,0.8,0.2,2.0,No,0.0005,No
Precise small effect,1996,-0.0287,0.8,0.2,2.0,No,0.0005,No
Precise small effect,1997,0.2819,0.8,0.2,2.0,No,0.0005,No
Precise small effect,1998,-0.0495,0.8,0.2,2.0,No,0.0005,No
Precise small effect,1999,0.2038,0.8,0.2,2.0,No,0.0005,No
Precise small effect,2000,0.1349,0.8,0.2,2.0,No,0.0005,No
Precise meaningful effect,1,-0.0571,3.0,0.7,2.0,No,0.0005,Yes
Precise meaningful effect,2,0.7507,3.0,0.7,2.0,No,0.0005,Yes
Precise meaningful effect,3,-0.2566,3.0,0.7,2.0,No,0.0005,Yes
Precise meaningful effect,4,0.3011,3.0,0.7,2.0,No,0.0005,Yes
Precise meaningful effect,5,0.5372,3.0,0.7,2.0,No,0.0005,Yes
Precise meaningful effect,6,1.0083,3.0,0.7,2.0,No,0.0005,Yes
Precise meaningful effect,7,0.1752,3.0,0.7,2.0,No,0.0005,Yes
Precise meaningful effect,8,0.184,3.0,0.7,2.0,No,0.0005,Yes
Precise meaningful effect,9,-1.1996,3.0,0.7,2.0,No,0.0005,Yes
Precise meaningful effect,10,0.0931,3.0,0.7,2.0,No,0.0005,Yes
Precise meaningful effect,11,0.0966,3.0,0.7,2.0,No,0.0005,Yes
Precise meaningful effect,12,0.2972,3.0,0.7,2.0,No,0.0005,Yes
Precise meaningful effect,13,0.3265,3.0,0.7,2.0,No,0.0005,Yes
Precise meaningful effect,14,-0.9282,3.0,0.7,2.0,No,0.0005,Yes
Precise meaningful effect,15,0.5826,3.0,0.7,2.0,No,0.0005,Yes
Precise meaningful effect,16,-0.3371,3.0,0.7,2.0,No,0.0005,Yes
Precise meaningful effect,17,0.2247,3.0,0.7,2.0,No,0.0005,Yes
Precise meaningful effect,18,0.8734,3.0,0.7,2.0,No,0.0005,Yes
Precise meaningful effect,19,-0.7761,3.0,0.7,2.0,No,0.0005,Yes
Precise meaningful effect,20,0.2313,3.0,0.7,2.0,No,0.0005,Yes
Precise meaningful effect,21,-1.0836,3.0,0.7,2.0,No,0.0005,Yes
Precise meaningful effect,22,-0.1104,3.0,0.7,2.0,No,0.0005,Yes
Precise meaningful effect,23,0.0887,3.0,0.7,2.0,No,0.0005,Yes
Precise meaningful effect,24,0.4394,3.0,0.7,2.0,No,0.0005,Yes
Precise meaningful effect,25,0.6512,3.0,0.7,2.0,No,0.0005,Yes
Precise meaningful effect,26,-1.2495,3.0,0.7,2.0,No,0.0005,Yes
Precise meaningful effect,27,-0.0025,3.0,0.7,2.0,No,0.0005,Yes
Precise meaningful effect,28,0.2146,3.0,0.7,2.0,No,0.0005,Yes
Precise meaningful effect,29,-1.3423,3.0,0.7,2.0,No,0.0005,Yes
Precise meaningful effect,30,-0.6557,3.0,0.7,2.0,No,0.0005,Yes
Precise meaningful effect,31,-0.9896,3.0,0.7,2.0,No,0.0005,Yes
Precise meaningful effect,32,-0.5005,3.0,0.7,2.0,No,0.0005,Yes
Precise meaningful effect,33,0.6939,3.0,0.7,2.0,No,0.0005,Yes
Precise meaningful effect,34,0.1172,3.0,0.7,2.0,No,0.0005,Yes
Precise meaningful effect,35,-0.8279,3.0,0.7,2.0,No,0.0005,Yes
Precise meaningful effect,36,0.0847,3.0,0.7,2.0,No,0.0005,Yes
Precise meaningful effect,37,0.0425,3.0,0.7,2.0,No,0.0005,Yes
Precise meaningful effect,38,1.1856,3.0,0.7,2.0,No,0.0005,Yes
Precise meaningful effect,39,1.3186,3.0,0.7,2.0,No,0.0005,Yes
Precise meaningful effect,40,-0.2601,3.0,0.7,2.0,No,0.0005,Yes
Precise meaningful effect,41,1.2617,3.0,0.7,2.0,No,0.0005,Yes
Precise meaningful effect,42,-0.326,3.0,0.7,2.0,No,0.0005,Yes
Precise meaningful effect,43,-0.2918,3.0,0.7,2.0,No,0.0005,Yes
Precise meaningful effect,44,-1.2988,3.0,0.7,2.0,No,0.0005,Yes
Precise meaningful effect,45,0.6381,3.0,0.7,2.0,No,0.0005,Yes
Precise meaningful effect,46,-0.3892,3.0,0.7,2.0,No,0.0005,Yes
Precise meaningful effect,47,1.2726,3.0,0.7,2.0,No,0.0005,Yes
Precise meaningful effect,48,-0.1803,3.0,0.7,2.0,No,0.0005,Yes
Precise meaningful effect,49,0.3531,3.0,0.7,2.0,No,0.0005,Yes
Precise meaningful effect,50,-0.0828,3.0,0.7,2.0,No,0.0005,Yes
Precise meaningful effect,51,0.9681,3.0,0.7,2.0,No,0.0005,Yes
Precise meaningful effect,52,-0.7386,3.0,0.7,2.0,No,0.0005,Yes
Precise meaningful effect,53,0.1915,3.0,0.7,2.0,No,0.0005,Yes
Precise meaningful effect,54,0.3423,3.0,0.7,2.0,No,0.0005,Yes
Precise meaningful effect,55,0.7108,3.0,0.7,2.0,No,0.0005,Yes
Precise meaningful effect,56,-0.5864,3.0,0.7,2.0,No,0.0005,Yes
Precise meaningful effect,57,0.0193,3.0,0.7,2.0,No,0.0005,Yes
Precise meaningful effect,58,0.1264,3.0,0.7,2.0,No,0.0005,Yes
Precise meaningful effect,59,-0.0922,3.0,0.7,2.0,No,0.0005,Yes
Precise meaningful effect,60,-0.2302,3.0,0.7,2.0,No,0.0005,Yes
Precise meaningful effect,61,1.3228,3.0,0.7,2.0,No,0.0005,Yes
Precise meaningful effect,62,0.076,3.0,0.7,2.0,No,0.0005,Yes
Precise meaningful effect,63,0.4337,3.0,0.7,2.0,No,0.0005,Yes
Precise meaningful effect,64,-0.249,3.0,0.7,2.0,No,0.0005,Yes
Precise meaningful effect,65,0.4604,3.0,0.7,2.0,No,0.0005,Yes
Precise meaningful effect,66,-0.2319,3.0,0.7,2.0,No,0.0005,Yes
Precise meaningful effect,67,-0.8268,3.0,0.7,2.0,No,0.0005,Yes
Precise meaningful effect,68,-0.3985,3.0,0.7,2.0,No,0.0005,Yes
Precise meaningful effect,69,0.1137,3.0,0.7,2.0,No,0.0005,Yes
Precise meaningful effect,70,-0.1948,3.0,0.7,2.0,No,0.0005,Yes
Precise meaningful effect,71,-0.744,3.0,0.7,2.0,No,0.0005,Yes
Precise meaningful effect,72,0.2782,3.0,0.7,2.0,No,0.0005,Yes
Precise meaningful effect,73,-1.1451,3.0,0.7,2.0,No,0.0005,Yes
Precise meaningful effect,74,-0.0907,3.0,0.7,2.0,No,0.0005,Yes
Precise meaningful effect,75,0.5848,3.0,0.7,2.0,No,0.0005,Yes
Precise meaningful effect,76,-0.5719,3.0,0.7,2.0,No,0.0005,Yes
Precise meaningful effect,77,0.0162,3.0,0.7,2.0,No,0.0005,Yes
Precise meaningful effect,78,-1.8719,3.0,0.7,2.0,No,0.0005,Yes
Precise meaningful effect,79,0.0619,3.0,0.7,2.0,No,0.0005,Yes
Precise meaningful effect,80,-0.9683,3.0,0.7,2.0,No,0.0005,Yes
Precise meaningful effect,81,0.3509,3.0,0.7,2.0,No,0.0005,Yes
Precise meaningful effect,82,0.2083,3.0,0.7,2.0,No,0.0005,Yes
Precise meaningful effect,83,0.1074,3.0,0.7,2.0,No,0.0005,Yes
Precise meaningful effect,84,0.7877,3.0,0.7,2.0,No,0.0005,Yes
Precise meaningful effect,85,-0.0073,3.0,0.7,2.0,No,0.0005,Yes
Precise meaningful effect,86,-1.4602,3.0,0.7,2.0,No,0.0005,Yes
Precise meaningful effect,87,-0.798,3.0,0.7,2.0,No,0.0005,Yes
Precise meaningful effect,88,0.2578,3.0,0.7,2.0,No,0.0005,Yes
Precise meaningful effect,89,-0.382,3.0,0.7,2.0,No,0.0005,Yes
Precise meaningful effect,90,-0.2711,3.0,0.7,2.0,No,0.0005,Yes
Precise meaningful effect,91,-0.3192,3.0,0.7,2.0,No,0.0005,Yes
Precise meaningful effect,92,1.5154,3.0,0.7,2.0,No,0.0005,Yes
Precise meaningful effect,93,0.7944,3.0,0.7,2.0,No,0.0005,Yes
Precise meaningful effect,94,0.2548,3.0,0.7,2.0,No,0.0005,Yes
Precise meaningful effect,95,1.1361,3.0,0.7,2.0,No,0.0005,Yes
Precise meaningful effect,96,-0.6267,3.0,0.7,2.0,No,0.0005,Yes
Precise meaningful effect,97,0.4143,3.0,0.7,2.0,No,0.0005,Yes
Precise meaningful effect,98,1.6704,3.0,0.7,2.0,No,0.0005,Yes
Precise meaningful effect,99,-0.3355,3.0,0.7,2.0,No,0.0005,Yes
Precise meaningful effect,100,1.0774,3.0,0.7,2.0,No,0.0005,Yes
Precise meaningful effect,101,0.2771,3.0,0.7,2.0,No,0.0005,Yes
Precise meaningful effect,102,-0.095,3.0,0.7,2.0,No,0.0005,Yes
Precise meaningful effect,103,0.2248,3.0,0.7,2.0,No,0.0005,Yes
Precise meaningful effect,104,0.9806,3.0,0.7,2.0,No,0.0005,Yes
Precise meaningful effect,105,-0.205,3.0,0.7,2.0,No,0.0005,Yes
Precise meaningful effect,106,-0.3887,3.0,0.7,2.0,No,0.0005,Yes
Precise meaningful effect,107,-0.7938,3.0,0.7,2.0,No,0.0005,Yes
Precise meaningful effect,108,0.5666,3.0,0.7,2.0,No,0.0005,Yes
Precise meaningful effect,109,0.9206,3.0,0.7,2.0,No,0.0005,Yes
Precise meaningful effect,110,0.3307,3.0,0.7,2.0,No,0.0005,Yes
Precise meaningful effect,111,-0.1759,3.0,0.7,2.0,No,0.0005,Yes
Precise meaningful effect,112,0.2296,3.0,0.7,2.0,No,0.0005,Yes
Precise meaningful effect,113,-0.2963,3.0,0.7,2.0,No,0.0005,Yes
Precise meaningful effect,114,-0.5314,3.0,0.7,2.0,No,0.0005,Yes
Precise meaningful effect,115,0.8333,3.0,0.7,2.0,No,0.0005,Yes
Precise meaningful effect,116,0.3007,3.0,0.7,2.0,No,0.0005,Yes
Precise meaningful effect,117,1.2716,3.0,0.7,2.0,No,0.0005,Yes
Precise meaningful effect,118,0.2038,3.0,0.7,2.0,No,0.0005,Yes
Precise meaningful effect,119,-0.3219,3.0,0.7,2.0,No,0.0005,Yes
Precise meaningful effect,120,0.7288,3.0,0.7,2.0,No,0.0005,Yes
Precise meaningful effect,121,-0.1912,3.0,0.7,2.0,No,0.0005,Yes
Precise meaningful effect,122,-2.0334,3.0,0.7,2.0,No,0.0005,Yes
Precise meaningful effect,123,0.9783,3.0,0.7,2.0,No,0.0005,Yes
Precise meaningful effect,124,-0.5152,3.0,0.7,2.0,No,0.0005,Yes
Precise meaningful effect,125,-0.4609,3.0,0.7,2.0,No,0.0005,Yes
Precise meaningful effect,126,-0.2265,3.0,0.7,2.0,No,0.0005,Yes
Precise meaningful effect,127,-0.5476,3.0,0.7,2.0,No,0.0005,Yes
Precise meaningful effect,128,0.8921,3.0,0.7,2.0,No,0.0005,Yes
Precise meaningful effect,129,-0.3574,3.0,0.7,2.0,No,0.0005,Yes
Precise meaningful effect,130,-1.9766,3.0,0.7,2.0,No,0.0005,Yes
Precise meaningful effect,131,1.0131,3.0,0.7,2.0,No,0.0005,Yes
Precise meaningful effect,132,1.0753,3.0,0.7,2.0,No,0.0005,Yes
Precise meaningful effect,133,1.1906,3.0,0.7,2.0,No,0.0005,Yes
Precise meaningful effect,134,0.04,3.0,0.7,2.0,No,0.0005,Yes
Precise meaningful effect,135,0.3133,3.0,0.7,2.0,No,0.0005,Yes
Precise meaningful effect,136,-0.7261,3.0,0.7,2.0,No,0.0005,Yes
Precise meaningful effect,137,-0.6781,3.0,0.7,2.0,No,0.0005,Yes
Precise meaningful effect,138,-0.1756,3.0,0.7,2.0,No,0.0005,Yes
Precise meaningful effect,139,-0.0573,3.0,0.7,2.0,No,0.0005,Yes
Precise meaningful effect,140,0.8197,3.0,0.7,2.0,No,0.0005,Yes
Precise meaningful effect,141,0.2403,3.0,0.7,2.0,No,0.0005,Yes
Precise meaningful effect,142,0.8001,3.0,0.7,2.0,No,0.0005,Yes
Precise meaningful effect,143,-0.1258,3.0,0.7,2.0,No,0.0005,Yes
Precise meaningful effect,144,0.3689,3.0,0.7,2.0,No,0.0005,Yes
Precise meaningful effect,145,-0.1956,3.0,0.7,2.0,No,0.0005,Yes
Precise meaningful effect,146,-0.4153,3.0,0.7,2.0,No,0.0005,Yes
Precise meaningful effect,147,0.0576,3.0,0.7,2.0,No,0.0005,Yes
Precise meaningful effect,148,-0.0085,3.0,0.7,2.0,No,0.0005,Yes
Precise meaningful effect,149,-0.2368,3.0,0.7,2.0,No,0.0005,Yes
Precise meaningful effect,150,-0.3552,3.0,0.7,2.0,No,0.0005,Yes
Precise meaningful effect,151,0.1117,3.0,0.7,2.0,No,0.0005,Yes
Precise meaningful effect,152,-1.2605,3.0,0.7,2.0,No,0.0005,Yes
Precise meaningful effect,153,-0.2117,3.0,0.7,2.0,No,0.0005,Yes
Precise meaningful effect,154,-0.7663,3.0,0.7,2.0,No,0.0005,Yes
Precise meaningful effect,155,-1.5349,3.0,0.7,2.0,No,0.0005,Yes
Precise meaningful effect,156,-0.905,3.0,0.7,2.0,No,0.0005,Yes
Precise meaningful effect,157,-0.0975,3.0,0.7,2.0,No,0.0005,Yes
Precise meaningful effect,158,0.4539,3.0,0.7,2.0,No,0.0005,Yes
Precise meaningful effect,159,0.3298,3.0,0.7,2.0,No,0.0005,Yes
Precise meaningful effect,160,0.3029,3.0,0.7,2.0,No,0.0005,Yes
Precise meaningful effect,161,0.3486,3.0,0.7,2.0,No,0.0005,Yes
Precise meaningful effect,162,-0.0227,3.0,0.7,2.0,No,0.0005,Yes
Precise meaningful effect,163,-0.1333,3.0,0.7,2.0,No,0.0005,Yes
Precise meaningful effect,164,0.8366,3.0,0.7,2.0,No,0.0005,Yes
Precise meaningful effect,165,0.1579,3.0,0.7,2.0,No,0.0005,Yes
Precise meaningful effect,166,-0.0408,3.0,0.7,2.0,No,0.0005,Yes
Precise meaningful effect,167,-0.3379,3.0,0.7,2.0,No,0.0005,Yes
Precise meaningful effect,168,0.4331,3.0,0.7,2.0,No,0.0005,Yes
Precise meaningful effect,169,0.2138,3.0,0.7,2.0,No,0.0005,Yes
Precise meaningful effect,170,-0.2861,3.0,0.7,2.0,No,0.0005,Yes
Precise meaningful effect,171,-0.2619,3.0,0.7,2.0,No,0.0005,Yes
Precise meaningful effect,172,0.2762,3.0,0.7,2.0,No,0.0005,Yes
Precise meaningful effect,173,0.6807,3.0,0.7,2.0,No,0.0005,Yes
Precise meaningful effect,174,0.0966,3.0,0.7,2.0,No,0.0005,Yes
Precise meaningful effect,175,-0.5486,3.0,0.7,2.0,No,0.0005,Yes
Precise meaningful effect,176,-0.2329,3.0,0.7,2.0,No,0.0005,Yes
Precise meaningful effect,177,0.7853,3.0,0.7,2.0,No,0.0005,Yes
Precise meaningful effect,178,0.141,3.0,0.7,2.0,No,0.0005,Yes
Precise meaningful effect,179,-0.1614,3.0,0.7,2.0,No,0.0005,Yes
Precise meaningful effect,180,-0.0532,3.0,0.7,2.0,No,0.0005,Yes
Precise meaningful effect,181,-0.3215,3.0,0.7,2.0,No,0.0005,Yes
Precise meaningful effect,182,0.8506,3.0,0.7,2.0,No,0.0005,Yes
Precise meaningful effect,183,0.2669,3.0,0.7,2.0,No,0.0005,Yes
Precise meaningful effect,184,0.0256,3.0,0.7,2.0,No,0.0005,Yes
Precise meaningful effect,185,0.1269,3.0,0.7,2.0,No,0.0005,Yes
Precise meaningful effect,186,-0.6101,3.0,0.7,2.0,No,0.0005,Yes
Precise meaningful effect,187,0.4219,3.0,0.7,2.0,No,0.0005,Yes
Precise meaningful effect,188,-0.1549,3.0,0.7,2.0,No,0.0005,Yes
Precise meaningful effect,189,-0.67,3.0,0.7,2.0,No,0.0005,Yes
Precise meaningful effect,190,-0.8519,3.0,0.7,2.0,No,0.0005,Yes
Precise meaningful effect,191,0.6018,3.0,0.7,2.0,No,0.0005,Yes
Precise meaningful effect,192,-0.1037,3.0,0.7,2.0,No,0.0005,Yes
Precise meaningful effect,193,0.4587,3.0,0.7,2.0,No,0.0005,Yes
Precise meaningful effect,194,0.3944,3.0,0.7,2.0,No,0.0005,Yes
Precise meaningful effect,195,-0.8749,3.0,0.7,2.0,No,0.0005,Yes
Precise meaningful effect,196,0.6672,3.0,0.7,2.0,No,0.0005,Yes
Precise meaningful effect,197,0.379,3.0,0.7,2.0,No,0.0005,Yes
Precise meaningful effect,198,-0.029,3.0,0.7,2.0,No,0.0005,Yes
Precise meaningful effect,199,-0.5344,3.0,0.7,2.0,No,0.0005,Yes
Precise meaningful effect,200,0.0075,3.0,0.7,2.0,No,0.0005,Yes
Precise meaningful effect,201,-0.76,3.0,0.7,2.0,No,0.0005,Yes
Precise meaningful effect,202,-0.6527,3.0,0.7,2.0,No,0.0005,Yes
Precise meaningful effect,203,0.1163,3.0,0.7,2.0,No,0.0005,Yes
Precise meaningful effect,204,-0.9166,3.0,0.7,2.0,No,0.0005,Yes
Precise meaningful effect,205,0.095,3.0,0.7,2.0,No,0.0005,Yes
Precise meaningful effect,206,-0.564,3.0,0.7,2.0,No,0.0005,Yes
Precise meaningful effect,207,0.5477,3.0,0.7,2.0,No,0.0005,Yes
Precise meaningful effect,208,0.392,3.0,0.7,2.0,No,0.0005,Yes
Precise meaningful effect,209,-1.9313,3.0,0.7,2.0,No,0.0005,Yes
Precise meaningful effect,210,0.2412,3.0,0.7,2.0,No,0.0005,Yes
Precise meaningful effect,211,0.6148,3.0,0.7,2.0,No,0.0005,Yes
Precise meaningful effect,212,0.3599,3.0,0.7,2.0,No,0.0005,Yes
Precise meaningful effect,213,-0.6216,3.0,0.7,2.0,No,0.0005,Yes
Precise meaningful effect,214,-0.5141,3.0,0.7,2.0,No,0.0005,Yes
Precise meaningful effect,215,-0.5344,3.0,0.7,2.0,No,0.0005,Yes
Precise meaningful effect,216,-0.4681,3.0,0.7,2.0,No,0.0005,Yes
Precise meaningful effect,217,1.1249,3.0,0.7,2.0,No,0.0005,Yes
Precise meaningful effect,218,1.1539,3.0,0.7,2.0,No,0.0005,Yes
Precise meaningful effect,219,0.1115,3.0,0.7,2.0,No,0.0005,Yes
Precise meaningful effect,220,-0.6031,3.0,0.7,2.0,No,0.0005,Yes
Precise meaningful effect,221,0.6181,3.0,0.7,2.0,No,0.0005,Yes
Precise meaningful effect,222,-0.7722,3.0,0.7,2.0,No,0.0005,Yes
Precise meaningful effect,223,0.6613,3.0,0.7,2.0,No,0.0005,Yes
Precise meaningful effect,224,0.8895,3.0,0.7,2.0,No,0.0005,Yes
Precise meaningful effect,225,0.1135,3.0,0.7,2.0,No,0.0005,Yes
Precise meaningful effect,226,0.275,3.0,0.7,2.0,No,0.0005,Yes
Precise meaningful effect,227,-0.6546,3.0,0.7,2.0,No,0.0005,Yes
Precise meaningful effect,228,-0.9538,3.0,0.7,2.0,No,0.0005,Yes
Precise meaningful effect,229,0.4484,3.0,0.7,2.0,No,0.0005,Yes
Precise meaningful effect,230,-1.3743,3.0,0.7,2.0,No,0.0005,Yes
Precise meaningful effect,231,0.2153,3.0,0.7,2.0,No,0.0005,Yes
Precise meaningful effect,232,-1.0395,3.0,0.7,2.0,No,0.0005,Yes
Precise meaningful effect,233,-0.4078,3.0,0.7,2.0,No,0.0005,Yes
Precise meaningful effect,234,1.4852,3.0,0.7,2.0,No,0.0005,Yes
Precise meaningful effect,235,1.6311,3.0,0.7,2.0,No,0.0005,Yes
Precise meaningful effect,236,0.0667,3.0,0.7,2.0,No,0.0005,Yes
Precise meaningful effect,237,-0.1912,3.0,0.7,2.0,No,0.0005,Yes
Precise meaningful effect,238,-1.44,3.0,0.7,2.0,No,0.0005,Yes
Precise meaningful effect,239,0.0408,3.0,0.7,2.0,No,0.0005,Yes
Precise meaningful effect,240,1.6069,3.0,0.7,2.0,No,0.0005,Yes
Precise meaningful effect,241,-0.3418,3.0,0.7,2.0,No,0.0005,Yes
Precise meaningful effect,242,-0.3926,3.0,0.7,2.0,No,0.0005,Yes
Precise meaningful effect,243,-0.1816,3.0,0.7,2.0,No,0.0005,Yes
Precise meaningful effect,244,-1.208,3.0,0.7,2.0,No,0.0005,Yes
Precise meaningful effect,245,0.4272,3.0,0.7,2.0,No,0.0005,Yes
Precise meaningful effect,246,0.0199,3.0,0.7,2.0,No,0.0005,Yes
Precise meaningful effect,247,-0.8758,3.0,0.7,2.0,No,0.0005,Yes
Precise meaningful effect,248,-0.1832,3.0,0.7,2.0,No,0.0005,Yes
Precise meaningful effect,249,0.8699,3.0,0.7,2.0,No,0.0005,Yes
Precise meaningful effect,250,-0.2344,3.0,0.7,2.0,No,0.0005,Yes
Precise meaningful effect,251,-0.0181,3.0,0.7,2.0,No,0.0005,Yes
Precise meaningful effect,252,1.038,3.0,0.7,2.0,No,0.0005,Yes
Precise meaningful effect,253,-0.1564,3.0,0.7,2.0,No,0.0005,Yes
Precise meaningful effect,254,0.5303,3.0,0.7,2.0,No,0.0005,Yes
Precise meaningful effect,255,0.3036,3.0,0.7,2.0,No,0.0005,Yes
Precise meaningful effect,256,0.4438,3.0,0.7,2.0,No,0.0005,Yes
Precise meaningful effect,257,0.8649,3.0,0.7,2.0,No,0.0005,Yes
Precise meaningful effect,258,0.0038,3.0,0.7,2.0,No,0.0005,Yes
Precise meaningful effect,259,-0.0729,3.0,0.7,2.0,No,0.0005,Yes
Precise meaningful effect,260,-0.1594,3.0,0.7,2.0,No,0.0005,Yes
Precise meaningful effect,261,0.3219,3.0,0.7,2.0,No,0.0005,Yes
Precise meaningful effect,262,0.3386,3.0,0.7,2.0,No,0.0005,Yes
Precise meaningful effect,263,0.9546,3.0,0.7,2.0,No,0.0005,Yes
Precise meaningful effect,264,-0.4934,3.0,0.7,2.0,No,0.0005,Yes
Precise meaningful effect,265,-0.0418,3.0,0.7,2.0,No,0.0005,Yes
Precise meaningful effect,266,-0.8889,3.0,0.7,2.0,No,0.0005,Yes
Precise meaningful effect,267,0.8898,3.0,0.7,2.0,No,0.0005,Yes
Precise meaningful effect,268,-0.4409,3.0,0.7,2.0,No,0.0005,Yes
Precise meaningful effect,269,-0.2574,3.0,0.7,2.0,No,0.0005,Yes
Precise meaningful effect,270,0.0863,3.0,0.7,2.0,No,0.0005,Yes
Precise meaningful effect,271,1.0761,3.0,0.7,2.0,No,0.0005,Yes
Precise meaningful effect,272,-0.3007,3.0,0.7,2.0,No,0.0005,Yes
Precise meaningful effect,273,-1.6733,3.0,0.7,2.0,No,0.0005,Yes
Precise meaningful effect,274,-0.5055,3.0,0.7,2.0,No,0.0005,Yes
Precise meaningful effect,275,-0.4156,3.0,0.7,2.0,No,0.0005,Yes
Precise meaningful effect,276,0.2634,3.0,0.7,2.0,No,0.0005,Yes
Precise meaningful effect,277,0.6778,3.0,0.7,2.0,No,0.0005,Yes
Precise meaningful effect,278,-0.4013,3.0,0.7,2.0,No,0.0005,Yes
Precise meaningful effect,279,0.0991,3.0,0.7,2.0,No,0.0005,Yes
Precise meaningful effect,280,0.4494,3.0,0.7,2.0,No,0.0005,Yes
Precise meaningful effect,281,-0.4345,3.0,0.7,2.0,No,0.0005,Yes
Precise meaningful effect,282,0.6887,3.0,0.7,2.0,No,0.0005,Yes
Precise meaningful effect,283,-0.8283,3.0,0.7,2.0,No,0.0005,Yes
Precise meaningful effect,284,0.5964,3.0,0.7,2.0,No,0.0005,Yes
Precise meaningful effect,285,1.7152,3.0,0.7,2.0,No,0.0005,Yes
Precise meaningful effect,286,-1.7646,3.0,0.7,2.0,No,0.0005,Yes
Precise meaningful effect,287,0.6149,3.0,0.7,2.0,No,0.0005,Yes
Precise meaningful effect,288,-0.3171,3.0,0.7,2.0,No,0.0005,Yes
Precise meaningful effect,289,0.2004,3.0,0.7,2.0,No,0.0005,Yes
Precise meaningful effect,290,0.9519,3.0,0.7,2.0,No,0.0005,Yes
Precise meaningful effect,291,-0.4052,3.0,0.7,2.0,No,0.0005,Yes
Precise meaningful effect,292,-0.5896,3.0,0.7,2.0,No,0.0005,Yes
Precise meaningful effect,293,-0.365,3.0,0.7,2.0,No,0.0005,Yes
Precise meaningful effect,294,0.3371,3.0,0.7,2.0,No,0.0005,Yes
Precise meaningful effect,295,-1.3262,3.0,0.7,2.0,No,0.0005,Yes
Precise meaningful effect,296,0.6117,3.0,0.7,2.0,No,0.0005,Yes
Precise meaningful effect,297,0.0182,3.0,0.7,2.0,No,0.0005,Yes
Precise meaningful effect,298,-0.1631,3.0,0.7,2.0,No,0.0005,Yes
Precise meaningful effect,299,0.805,3.0,0.7,2.0,No,0.0005,Yes
Precise meaningful effect,300,1.2193,3.0,0.7,2.0,No,0.0005,Yes
Precise meaningful effect,301,0.5471,3.0,0.7,2.0,No,0.0005,Yes
Precise meaningful effect,302,-0.1961,3.0,0.7,2.0,No,0.0005,Yes
Precise meaningful effect,303,0.2752,3.0,0.7,2.0,No,0.0005,Yes
Precise meaningful effect,304,0.2815,3.0,0.7,2.0,No,0.0005,Yes
Precise meaningful effect,305,-0.9452,3.0,0.7,2.0,No,0.0005,Yes
Precise meaningful effect,306,0.3847,3.0,0.7,2.0,No,0.0005,Yes
Precise meaningful effect,307,-0.2174,3.0,0.7,2.0,No,0.0005,Yes
Precise meaningful effect,308,0.6109,3.0,0.7,2.0,No,0.0005,Yes
Precise meaningful effect,309,0.1587,3.0,0.7,2.0,No,0.0005,Yes
Precise meaningful effect,310,-0.9298,3.0,0.7,2.0,No,0.0005,Yes
Precise meaningful effect,311,-0.703,3.0,0.7,2.0,No,0.0005,Yes
Precise meaningful effect,312,0.5526,3.0,0.7,2.0,No,0.0005,Yes
Precise meaningful effect,313,-1.666,3.0,0.7,2.0,No,0.0005,Yes
Precise meaningful effect,314,-1.0784,3.0,0.7,2.0,No,0.0005,Yes
Precise meaningful effect,315,0.3288,3.0,0.7,2.0,No,0.0005,Yes
Precise meaningful effect,316,-0.0407,3.0,0.7,2.0,No,0.0005,Yes
Precise meaningful effect,317,0.3842,3.0,0.7,2.0,No,0.0005,Yes
Precise meaningful effect,318,-0.2843,3.0,0.7,2.0,No,0.0005,Yes
Precise meaningful effect,319,0.3921,3.0,0.7,2.0,No,0.0005,Yes
Precise meaningful effect,320,0.2226,3.0,0.7,2.0,No,0.0005,Yes
Precise meaningful effect,321,-0.1944,3.0,0.7,2.0,No,0.0005,Yes
Precise meaningful effect,322,-0.1026,3.0,0.7,2.0,No,0.0005,Yes
Precise meaningful effect,323,1.059,3.0,0.7,2.0,No,0.0005,Yes
Precise meaningful effect,324,-1.0416,3.0,0.7,2.0,No,0.0005,Yes
Precise meaningful effect,325,0.2668,3.0,0.7,2.0,No,0.0005,Yes
Precise meaningful effect,326,0.3262,3.0,0.7,2.0,No,0.0005,Yes
Precise meaningful effect,327,1.1767,3.0,0.7,2.0,No,0.0005,Yes
Precise meaningful effect,328,-0.7554,3.0,0.7,2.0,No,0.0005,Yes
Precise meaningful effect,329,0.5874,3.0,0.7,2.0,No,0.0005,Yes
Precise meaningful effect,330,-0.8202,3.0,0.7,2.0,No,0.0005,Yes
Precise meaningful effect,331,0.1929,3.0,0.7,2.0,No,0.0005,Yes
Precise meaningful effect,332,-1.2449,3.0,0.7,2.0,No,0.0005,Yes
Precise meaningful effect,333,0.1529,3.0,0.7,2.0,No,0.0005,Yes
Precise meaningful effect,334,-1.1883,3.0,0.7,2.0,No,0.0005,Yes
Precise meaningful effect,335,0.6737,3.0,0.7,2.0,No,0.0005,Yes
Precise meaningful effect,336,-0.1035,3.0,0.7,2.0,No,0.0005,Yes
Precise meaningful effect,337,0.4684,3.0,0.7,2.0,No,0.0005,Yes
Precise meaningful effect,338,1.3522,3.0,0.7,2.0,No,0.0005,Yes
Precise meaningful effect,339,0.3329,3.0,0.7,2.0,No,0.0005,Yes
Precise meaningful effect,340,-0.0031,3.0,0.7,2.0,No,0.0005,Yes
Precise meaningful effect,341,-0.0606,3.0,0.7,2.0,No,0.0005,Yes
Precise meaningful effect,342,0.1252,3.0,0.7,2.0,No,0.0005,Yes
Precise meaningful effect,343,0.3544,3.0,0.7,2.0,No,0.0005,Yes
Precise meaningful effect,344,-1.384,3.0,0.7,2.0,No,0.0005,Yes
Precise meaningful effect,345,0.2608,3.0,0.7,2.0,No,0.0005,Yes
Precise meaningful effect,346,0.3832,3.0,0.7,2.0,No,0.0005,Yes
Precise meaningful effect,347,-0.2948,3.0,0.7,2.0,No,0.0005,Yes
Precise meaningful effect,348,0.3149,3.0,0.7,2.0,No,0.0005,Yes
Precise meaningful effect,349,1.1116,3.0,0.7,2.0,No,0.0005,Yes
Precise meaningful effect,350,0.2093,3.0,0.7,2.0,No,0.0005,Yes
Precise meaningful effect,351,1.0259,3.0,0.7,2.0,No,0.0005,Yes
Precise meaningful effect,352,0.1346,3.0,0.7,2.0,No,0.0005,Yes
Precise meaningful effect,353,0.6595,3.0,0.7,2.0,No,0.0005,Yes
Precise meaningful effect,354,0.2749,3.0,0.7,2.0,No,0.0005,Yes
Precise meaningful effect,355,-0.5292,3.0,0.7,2.0,No,0.0005,Yes
Precise meaningful effect,356,0.4476,3.0,0.7,2.0,No,0.0005,Yes
Precise meaningful effect,357,0.1127,3.0,0.7,2.0,No,0.0005,Yes
Precise meaningful effect,358,-0.6552,3.0,0.7,2.0,No,0.0005,Yes
Precise meaningful effect,359,1.2622,3.0,0.7,2.0,No,0.0005,Yes
Precise meaningful effect,360,-0.056,3.0,0.7,2.0,No,0.0005,Yes
Precise meaningful effect,361,0.1737,3.0,0.7,2.0,No,0.0005,Yes
Precise meaningful effect,362,-0.0807,3.0,0.7,2.0,No,0.0005,Yes
Precise meaningful effect,363,0.478,3.0,0.7,2.0,No,0.0005,Yes
Precise meaningful effect,364,0.6052,3.0,0.7,2.0,No,0.0005,Yes
Precise meaningful effect,365,0.2503,3.0,0.7,2.0,No,0.0005,Yes
Precise meaningful effect,366,-0.4958,3.0,0.7,2.0,No,0.0005,Yes
Precise meaningful effect,367,0.5309,3.0,0.7,2.0,No,0.0005,Yes
Precise meaningful effect,368,-1.9442,3.0,0.7,2.0,No,0.0005,Yes
Precise meaningful effect,369,-0.9846,3.0,0.7,2.0,No,0.0005,Yes
Precise meaningful effect,370,-0.0781,3.0,0.7,2.0,No,0.0005,Yes
Precise meaningful effect,371,0.0605,3.0,0.7,2.0,No,0.0005,Yes
Precise meaningful effect,372,-0.58,3.0,0.7,2.0,No,0.0005,Yes
Precise meaningful effect,373,-0.3125,3.0,0.7,2.0,No,0.0005,Yes
Precise meaningful effect,374,-0.3713,3.0,0.7,2.0,No,0.0005,Yes
Precise meaningful effect,375,-0.4923,3.0,0.7,2.0,No,0.0005,Yes
Precise meaningful effect,376,-0.1777,3.0,0.7,2.0,No,0.0005,Yes
Precise meaningful effect,377,-0.6632,3.0,0.7,2.0,No,0.0005,Yes
Precise meaningful effect,378,-0.1284,3.0,0.7,2.0,No,0.0005,Yes
Precise meaningful effect,379,-0.0575,3.0,0.7,2.0,No,0.0005,Yes
Precise meaningful effect,380,-0.0572,3.0,0.7,2.0,No,0.0005,Yes
Precise meaningful effect,381,0.4467,3.0,0.7,2.0,No,0.0005,Yes
Precise meaningful effect,382,0.5919,3.0,0.7,2.0,No,0.0005,Yes
Precise meaningful effect,383,0.4736,3.0,0.7,2.0,No,0.0005,Yes
Precise meaningful effect,384,0.4307,3.0,0.7,2.0,No,0.0005,Yes
Precise meaningful effect,385,0.2818,3.0,0.7,2.0,No,0.0005,Yes
Precise meaningful effect,386,-0.5775,3.0,0.7,2.0,No,0.0005,Yes
Precise meaningful effect,387,0.7086,3.0,0.7,2.0,No,0.0005,Yes
Precise meaningful effect,388,-0.0305,3.0,0.7,2.0,No,0.0005,Yes
Precise meaningful effect,389,-0.8215,3.0,0.7,2.0,No,0.0005,Yes
Precise meaningful effect,390,1.1675,3.0,0.7,2.0,No,0.0005,Yes
Precise meaningful effect,391,-0.3929,3.0,0.7,2.0,No,0.0005,Yes
Precise meaningful effect,392,0.1587,3.0,0.7,2.0,No,0.0005,Yes
Precise meaningful effect,393,-0.7661,3.0,0.7,2.0,No,0.0005,Yes
Precise meaningful effect,394,0.6108,3.0,0.7,2.0,No,0.0005,Yes
Precise meaningful effect,395,0.6023,3.0,0.7,2.0,No,0.0005,Yes
Precise meaningful effect,396,0.4107,3.0,0.7,2.0,No,0.0005,Yes
Precise meaningful effect,397,-1.0663,3.0,0.7,2.0,No,0.0005,Yes
Precise meaningful effect,398,0.126,3.0,0.7,2.0,No,0.0005,Yes
Precise meaningful effect,399,-1.3954,3.0,0.7,2.0,No,0.0005,Yes
Precise meaningful effect,400,0.8196,3.0,0.7,2.0,No,0.0005,Yes
Precise meaningful effect,401,0.4946,3.0,0.7,2.0,No,0.0005,Yes
Precise meaningful effect,402,0.4555,3.0,0.7,2.0,No,0.0005,Yes
Precise meaningful effect,403,-0.5958,3.0,0.7,2.0,No,0.0005,Yes
Precise meaningful effect,404,0.2674,3.0,0.7,2.0,No,0.0005,Yes
Precise meaningful effect,405,0.2171,3.0,0.7,2.0,No,0.0005,Yes
Precise meaningful effect,406,-1.5275,3.0,0.7,2.0,No,0.0005,Yes
Precise meaningful effect,407,-1.1541,3.0,0.7,2.0,No,0.0005,Yes
Precise meaningful effect,408,0.4316,3.0,0.7,2.0,No,0.0005,Yes
Precise meaningful effect,409,-0.623,3.0,0.7,2.0,No,0.0005,Yes
Precise meaningful effect,410,0.0226,3.0,0.7,2.0,No,0.0005,Yes
Precise meaningful effect,411,0.0955,3.0,0.7,2.0,No,0.0005,Yes
Precise meaningful effect,412,0.2379,3.0,0.7,2.0,No,0.0005,Yes
Precise meaningful effect,413,1.2918,3.0,0.7,2.0,No,0.0005,Yes
Precise meaningful effect,414,-0.0311,3.0,0.7,2.0,No,0.0005,Yes
Precise meaningful effect,415,0.7248,3.0,0.7,2.0,No,0.0005,Yes
Precise meaningful effect,416,0.1231,3.0,0.7,2.0,No,0.0005,Yes
Precise meaningful effect,417,1.2223,3.0,0.7,2.0,No,0.0005,Yes
Precise meaningful effect,418,-0.6504,3.0,0.7,2.0,No,0.0005,Yes
Precise meaningful effect,419,0.3224,3.0,0.7,2.0,No,0.0005,Yes
Precise meaningful effect,420,0.4036,3.0,0.7,2.0,No,0.0005,Yes
Precise meaningful effect,421,1.2641,3.0,0.7,2.0,No,0.0005,Yes
Precise meaningful effect,422,-0.1297,3.0,0.7,2.0,No,0.0005,Yes
Precise meaningful effect,423,-0.4727,3.0,0.7,2.0,No,0.0005,Yes
Precise meaningful effect,424,-1.1782,3.0,0.7,2.0,No,0.0005,Yes
Precise meaningful effect,425,0.8889,3.0,0.7,2.0,No,0.0005,Yes
Precise meaningful effect,426,-0.592,3.0,0.7,2.0,No,0.0005,Yes
Precise meaningful effect,427,0.8322,3.0,0.7,2.0,No,0.0005,Yes
Precise meaningful effect,428,-0.7047,3.0,0.7,2.0,No,0.0005,Yes
Precise meaningful effect,429,0.4997,3.0,0.7,2.0,No,0.0005,Yes
Precise meaningful effect,430,0.2401,3.0,0.7,2.0,No,0.0005,Yes
Precise meaningful effect,431,0.0146,3.0,0.7,2.0,No,0.0005,Yes
Precise meaningful effect,432,0.9841,3.0,0.7,2.0,No,0.0005,Yes
Precise meaningful effect,433,-0.5537,3.0,0.7,2.0,No,0.0005,Yes
Precise meaningful effect,434,0.3163,3.0,0.7,2.0,No,0.0005,Yes
Precise meaningful effect,435,0.9049,3.0,0.7,2.0,No,0.0005,Yes
Precise meaningful effect,436,1.2214,3.0,0.7,2.0,No,0.0005,Yes
Precise meaningful effect,437,0.6764,3.0,0.7,2.0,No,0.0005,Yes
Precise meaningful effect,438,0.564,3.0,0.7,2.0,No,0.0005,Yes
Precise meaningful effect,439,0.8943,3.0,0.7,2.0,No,0.0005,Yes
Precise meaningful effect,440,0.3348,3.0,0.7,2.0,No,0.0005,Yes
Precise meaningful effect,441,-0.434,3.0,0.7,2.0,No,0.0005,Yes
Precise meaningful effect,442,0.6841,3.0,0.7,2.0,No,0.0005,Yes
Precise meaningful effect,443,0.6438,3.0,0.7,2.0,No,0.0005,Yes
Precise meaningful effect,444,0.6636,3.0,0.7,2.0,No,0.0005,Yes
Precise meaningful effect,445,0.6829,3.0,0.7,2.0,No,0.0005,Yes
Precise meaningful effect,446,0.1295,3.0,0.7,2.0,No,0.0005,Yes
Precise meaningful effect,447,-1.6552,3.0,0.7,2.0,No,0.0005,Yes
Precise meaningful effect,448,1.159,3.0,0.7,2.0,No,0.0005,Yes
Precise meaningful effect,449,0.3955,3.0,0.7,2.0,No,0.0005,Yes
Precise meaningful effect,450,-0.2932,3.0,0.7,2.0,No,0.0005,Yes
Precise meaningful effect,451,0.3156,3.0,0.7,2.0,No,0.0005,Yes
Precise meaningful effect,452,-0.0607,3.0,0.7,2.0,No,0.0005,Yes
Precise meaningful effect,453,0.0142,3.0,0.7,2.0,No,0.0005,Yes
Precise meaningful effect,454,-0.7167,3.0,0.7,2.0,No,0.0005,Yes
Precise meaningful effect,455,-0.0565,3.0,0.7,2.0,No,0.0005,Yes
Precise meaningful effect,456,0.7052,3.0,0.7,2.0,No,0.0005,Yes
Precise meaningful effect,457,-0.5501,3.0,0.7,2.0,No,0.0005,Yes
Precise meaningful effect,458,0.7433,3.0,0.7,2.0,No,0.0005,Yes
Precise meaningful effect,459,-0.016,3.0,0.7,2.0,No,0.0005,Yes
Precise meaningful effect,460,1.4533,3.0,0.7,2.0,No,0.0005,Yes
Precise meaningful effect,461,0.1714,3.0,0.7,2.0,No,0.0005,Yes
Precise meaningful effect,462,-0.3768,3.0,0.7,2.0,No,0.0005,Yes
Precise meaningful effect,463,1.2552,3.0,0.7,2.0,No,0.0005,Yes
Precise meaningful effect,464,-1.4024,3.0,0.7,2.0,No,0.0005,Yes
Precise meaningful effect,465,-0.0976,3.0,0.7,2.0,No,0.0005,Yes
Precise meaningful effect,466,-0.5487,3.0,0.7,2.0,No,0.0005,Yes
Precise meaningful effect,467,0.8146,3.0,0.7,2.0,No,0.0005,Yes
Precise meaningful effect,468,-0.2689,3.0,0.7,2.0,No,0.0005,Yes
Precise meaningful effect,469,0.179,3.0,0.7,2.0,No,0.0005,Yes
Precise meaningful effect,470,0.0386,3.0,0.7,2.0,No,0.0005,Yes
Precise meaningful effect,471,-0.4298,3.0,0.7,2.0,No,0.0005,Yes
Precise meaningful effect,472,0.8526,3.0,0.7,2.0,No,0.0005,Yes
Precise meaningful effect,473,-1.2922,3.0,0.7,2.0,No,0.0005,Yes
Precise meaningful effect,474,0.4536,3.0,0.7,2.0,No,0.0005,Yes
Precise meaningful effect,475,-0.2563,3.0,0.7,2.0,No,0.0005,Yes
Precise meaningful effect,476,-0.1564,3.0,0.7,2.0,No,0.0005,Yes
Precise meaningful effect,477,-0.4914,3.0,0.7,2.0,No,0.0005,Yes
Precise meaningful effect,478,-1.459,3.0,0.7,2.0,No,0.0005,Yes
Precise meaningful effect,479,0.3413,3.0,0.7,2.0,No,0.0005,Yes
Precise meaningful effect,480,-0.3951,3.0,0.7,2.0,No,0.0005,Yes
Precise meaningful effect,481,-0.6297,3.0,0.7,2.0,No,0.0005,Yes
Precise meaningful effect,482,0.6297,3.0,0.7,2.0,No,0.0005,Yes
Precise meaningful effect,483,-1.1257,3.0,0.7,2.0,No,0.0005,Yes
Precise meaningful effect,484,-1.6047,3.0,0.7,2.0,No,0.0005,Yes
Precise meaningful effect,485,0.8031,3.0,0.7,2.0,No,0.0005,Yes
Precise meaningful effect,486,0.0821,3.0,0.7,2.0,No,0.0005,Yes
Precise meaningful effect,487,0.2769,3.0,0.7,2.0,No,0.0005,Yes
Precise meaningful effect,488,-0.9533,3.0,0.7,2.0,No,0.0005,Yes
Precise meaningful effect,489,0.4172,3.0,0.7,2.0,No,0.0005,Yes
Precise meaningful effect,490,-0.6107,3.0,0.7,2.0,No,0.0005,Yes
Precise meaningful effect,491,-0.0387,3.0,0.7,2.0,No,0.0005,Yes
Precise meaningful effect,492,0.3618,3.0,0.7,2.0,No,0.0005,Yes
Precise meaningful effect,493,0.2799,3.0,0.7,2.0,No,0.0005,Yes
Precise meaningful effect,494,-0.329,3.0,0.7,2.0,No,0.0005,Yes
Precise meaningful effect,495,0.0065,3.0,0.7,2.0,No,0.0005,Yes
Precise meaningful effect,496,1.7678,3.0,0.7,2.0,No,0.0005,Yes
Precise meaningful effect,497,-0.5361,3.0,0.7,2.0,No,0.0005,Yes
Precise meaningful effect,498,1.135,3.0,0.7,2.0,No,0.0005,Yes
Precise meaningful effect,499,0.7337,3.0,0.7,2.0,No,0.0005,Yes
Precise meaningful effect,500,1.0054,3.0,0.7,2.0,No,0.0005,Yes
Precise meaningful effect,501,-0.9102,3.0,0.7,2.0,No,0.0005,Yes
Precise meaningful effect,502,0.0451,3.0,0.7,2.0,No,0.0005,Yes
Precise meaningful effect,503,0.2623,3.0,0.7,2.0,No,0.0005,Yes
Precise meaningful effect,504,-0.2782,3.0,0.7,2.0,No,0.0005,Yes
Precise meaningful effect,505,0.9789,3.0,0.7,2.0,No,0.0005,Yes
Precise meaningful effect,506,0.368,3.0,0.7,2.0,No,0.0005,Yes
Precise meaningful effect,507,-0.7675,3.0,0.7,2.0,No,0.0005,Yes
Precise meaningful effect,508,0.1746,3.0,0.7,2.0,No,0.0005,Yes
Precise meaningful effect,509,0.3518,3.0,0.7,2.0,No,0.0005,Yes
Precise meaningful effect,510,-0.0443,3.0,0.7,2.0,No,0.0005,Yes
Precise meaningful effect,511,-0.3834,3.0,0.7,2.0,No,0.0005,Yes
Precise meaningful effect,512,-0.3815,3.0,0.7,2.0,No,0.0005,Yes
Precise meaningful effect,513,-0.7734,3.0,0.7,2.0,No,0.0005,Yes
Precise meaningful effect,514,-0.5767,3.0,0.7,2.0,No,0.0005,Yes
Precise meaningful effect,515,-1.4606,3.0,0.7,2.0,No,0.0005,Yes
Precise meaningful effect,516,-0.4924,3.0,0.7,2.0,No,0.0005,Yes
Precise meaningful effect,517,0.976,3.0,0.7,2.0,No,0.0005,Yes
Precise meaningful effect,518,0.0526,3.0,0.7,2.0,No,0.0005,Yes
Precise meaningful effect,519,-0.4442,3.0,0.7,2.0,No,0.0005,Yes
Precise meaningful effect,520,-0.5202,3.0,0.7,2.0,No,0.0005,Yes
Precise meaningful effect,521,0.3387,3.0,0.7,2.0,No,0.0005,Yes
Precise meaningful effect,522,0.2224,3.0,0.7,2.0,No,0.0005,Yes
Precise meaningful effect,523,0.274,3.0,0.7,2.0,No,0.0005,Yes
Precise meaningful effect,524,-0.3948,3.0,0.7,2.0,No,0.0005,Yes
Precise meaningful effect,525,1.4855,3.0,0.7,2.0,No,0.0005,Yes
Precise meaningful effect,526,-0.9834,3.0,0.7,2.0,No,0.0005,Yes
Precise meaningful effect,527,-0.2477,3.0,0.7,2.0,No,0.0005,Yes
Precise meaningful effect,528,-0.0829,3.0,0.7,2.0,No,0.0005,Yes
Precise meaningful effect,529,-0.1395,3.0,0.7,2.0,No,0.0005,Yes
Precise meaningful effect,530,-1.4607,3.0,0.7,2.0,No,0.0005,Yes
Precise meaningful effect,531,-0.2288,3.0,0.7,2.0,No,0.0005,Yes
Precise meaningful effect,532,0.3482,3.0,0.7,2.0,No,0.0005,Yes
Precise meaningful effect,533,-0.5597,3.0,0.7,2.0,No,0.0005,Yes
Precise meaningful effect,534,-0.5094,3.0,0.7,2.0,No,0.0005,Yes
Precise meaningful effect,535,-0.7881,3.0,0.7,2.0,No,0.0005,Yes
Precise meaningful effect,536,0.5075,3.0,0.7,2.0,No,0.0005,Yes
Precise meaningful effect,537,0.9799,3.0,0.7,2.0,No,0.0005,Yes
Precise meaningful effect,538,-0.1818,3.0,0.7,2.0,No,0.0005,Yes
Precise meaningful effect,539,0.4984,3.0,0.7,2.0,No,0.0005,Yes
Precise meaningful effect,540,0.1446,3.0,0.7,2.0,No,0.0005,Yes
Precise meaningful effect,541,0.4508,3.0,0.7,2.0,No,0.0005,Yes
Precise meaningful effect,542,0.0324,3.0,0.7,2.0,No,0.0005,Yes
Precise meaningful effect,543,0.1938,3.0,0.7,2.0,No,0.0005,Yes
Precise meaningful effect,544,-0.3021,3.0,0.7,2.0,No,0.0005,Yes
Precise meaningful effect,545,0.4648,3.0,0.7,2.0,No,0.0005,Yes
Precise meaningful effect,546,0.0571,3.0,0.7,2.0,No,0.0005,Yes
Precise meaningful effect,547,0.6241,3.0,0.7,2.0,No,0.0005,Yes
Precise meaningful effect,548,1.2324,3.0,0.7,2.0,No,0.0005,Yes
Precise meaningful effect,549,0.2476,3.0,0.7,2.0,No,0.0005,Yes
Precise meaningful effect,550,0.9312,3.0,0.7,2.0,No,0.0005,Yes
Precise meaningful effect,551,-1.0687,3.0,0.7,2.0,No,0.0005,Yes
Precise meaningful effect,552,0.8946,3.0,0.7,2.0,No,0.0005,Yes
Precise meaningful effect,553,0.5555,3.0,0.7,2.0,No,0.0005,Yes
Precise meaningful effect,554,0.1436,3.0,0.7,2.0,No,0.0005,Yes
Precise meaningful effect,555,0.696,3.0,0.7,2.0,No,0.0005,Yes
Precise meaningful effect,556,-0.8773,3.0,0.7,2.0,No,0.0005,Yes
Precise meaningful effect,557,0.4749,3.0,0.7,2.0,No,0.0005,Yes
Precise meaningful effect,558,0.0968,3.0,0.7,2.0,No,0.0005,Yes
Precise meaningful effect,559,0.2488,3.0,0.7,2.0,No,0.0005,Yes
Precise meaningful effect,560,-0.0164,3.0,0.7,2.0,No,0.0005,Yes
Precise meaningful effect,561,-0.0438,3.0,0.7,2.0,No,0.0005,Yes
Precise meaningful effect,562,-1.2377,3.0,0.7,2.0,No,0.0005,Yes
Precise meaningful effect,563,-0.5779,3.0,0.7,2.0,No,0.0005,Yes
Precise meaningful effect,564,-0.1766,3.0,0.7,2.0,No,0.0005,Yes
Precise meaningful effect,565,0.7008,3.0,0.7,2.0,No,0.0005,Yes
Precise meaningful effect,566,-1.3488,3.0,0.7,2.0,No,0.0005,Yes
Precise meaningful effect,567,0.4213,3.0,0.7,2.0,No,0.0005,Yes
Precise meaningful effect,568,-0.75,3.0,0.7,2.0,No,0.0005,Yes
Precise meaningful effect,569,0.377,3.0,0.7,2.0,No,0.0005,Yes
Precise meaningful effect,570,0.3726,3.0,0.7,2.0,No,0.0005,Yes
Precise meaningful effect,571,-0.1752,3.0,0.7,2.0,No,0.0005,Yes
Precise meaningful effect,572,-0.6503,3.0,0.7,2.0,No,0.0005,Yes
Precise meaningful effect,573,-0.431,3.0,0.7,2.0,No,0.0005,Yes
Precise meaningful effect,574,-0.129,3.0,0.7,2.0,No,0.0005,Yes
Precise meaningful effect,575,-0.686,3.0,0.7,2.0,No,0.0005,Yes
Precise meaningful effect,576,0.3772,3.0,0.7,2.0,No,0.0005,Yes
Precise meaningful effect,577,0.1822,3.0,0.7,2.0,No,0.0005,Yes
Precise meaningful effect,578,-0.2651,3.0,0.7,2.0,No,0.0005,Yes
Precise meaningful effect,579,0.8019,3.0,0.7,2.0,No,0.0005,Yes
Precise meaningful effect,580,-0.4953,3.0,0.7,2.0,No,0.0005,Yes
Precise meaningful effect,581,-0.4034,3.0,0.7,2.0,No,0.0005,Yes
Precise meaningful effect,582,-0.0112,3.0,0.7,2.0,No,0.0005,Yes
Precise meaningful effect,583,-0.872,3.0,0.7,2.0,No,0.0005,Yes
Precise meaningful effect,584,0.7754,3.0,0.7,2.0,No,0.0005,Yes
Precise meaningful effect,585,0.1423,3.0,0.7,2.0,No,0.0005,Yes
Precise meaningful effect,586,-0.6861,3.0,0.7,2.0,No,0.0005,Yes
Precise meaningful effect,587,0.3833,3.0,0.7,2.0,No,0.0005,Yes
Precise meaningful effect,588,0.5123,3.0,0.7,2.0,No,0.0005,Yes
Precise meaningful effect,589,0.0129,3.0,0.7,2.0,No,0.0005,Yes
Precise meaningful effect,590,-0.3297,3.0,0.7,2.0,No,0.0005,Yes
Precise meaningful effect,591,-1.225,3.0,0.7,2.0,No,0.0005,Yes
Precise meaningful effect,592,0.2477,3.0,0.7,2.0,No,0.0005,Yes
Precise meaningful effect,593,0.2658,3.0,0.7,2.0,No,0.0005,Yes
Precise meaningful effect,594,-0.0615,3.0,0.7,2.0,No,0.0005,Yes
Precise meaningful effect,595,0.9329,3.0,0.7,2.0,No,0.0005,Yes
Precise meaningful effect,596,0.6788,3.0,0.7,2.0,No,0.0005,Yes
Precise meaningful effect,597,0.9749,3.0,0.7,2.0,No,0.0005,Yes
Precise meaningful effect,598,-0.6237,3.0,0.7,2.0,No,0.0005,Yes
Precise meaningful effect,599,-0.7609,3.0,0.7,2.0,No,0.0005,Yes
Precise meaningful effect,600,-0.614,3.0,0.7,2.0,No,0.0005,Yes
Precise meaningful effect,601,0.7994,3.0,0.7,2.0,No,0.0005,Yes
Precise meaningful effect,602,0.3339,3.0,0.7,2.0,No,0.0005,Yes
Precise meaningful effect,603,-0.468,3.0,0.7,2.0,No,0.0005,Yes
Precise meaningful effect,604,-1.1748,3.0,0.7,2.0,No,0.0005,Yes
Precise meaningful effect,605,0.4322,3.0,0.7,2.0,No,0.0005,Yes
Precise meaningful effect,606,1.9144,3.0,0.7,2.0,No,0.0005,Yes
Precise meaningful effect,607,0.4619,3.0,0.7,2.0,No,0.0005,Yes
Precise meaningful effect,608,0.2437,3.0,0.7,2.0,No,0.0005,Yes
Precise meaningful effect,609,0.606,3.0,0.7,2.0,No,0.0005,Yes
Precise meaningful effect,610,-1.8792,3.0,0.7,2.0,No,0.0005,Yes
Precise meaningful effect,611,-1.3475,3.0,0.7,2.0,No,0.0005,Yes
Precise meaningful effect,612,-1.0658,3.0,0.7,2.0,No,0.0005,Yes
Precise meaningful effect,613,0.2433,3.0,0.7,2.0,No,0.0005,Yes
Precise meaningful effect,614,-0.1745,3.0,0.7,2.0,No,0.0005,Yes
Precise meaningful effect,615,1.2188,3.0,0.7,2.0,No,0.0005,Yes
Precise meaningful effect,616,-1.1263,3.0,0.7,2.0,No,0.0005,Yes
Precise meaningful effect,617,-0.2663,3.0,0.7,2.0,No,0.0005,Yes
Precise meaningful effect,618,-0.0958,3.0,0.7,2.0,No,0.0005,Yes
Precise meaningful effect,619,0.3432,3.0,0.7,2.0,No,0.0005,Yes
Precise meaningful effect,620,-0.7279,3.0,0.7,2.0,No,0.0005,Yes
Precise meaningful effect,621,-0.4851,3.0,0.7,2.0,No,0.0005,Yes
Precise meaningful effect,622,-1.0009,3.0,0.7,2.0,No,0.0005,Yes
Precise meaningful effect,623,-0.3541,3.0,0.7,2.0,No,0.0005,Yes
Precise meaningful effect,624,-0.1621,3.0,0.7,2.0,No,0.0005,Yes
Precise meaningful effect,625,-0.546,3.0,0.7,2.0,No,0.0005,Yes
Precise meaningful effect,626,0.8685,3.0,0.7,2.0,No,0.0005,Yes
Precise meaningful effect,627,-0.6128,3.0,0.7,2.0,No,0.0005,Yes
Precise meaningful effect,628,-0.336,3.0,0.7,2.0,No,0.0005,Yes
Precise meaningful effect,629,0.4312,3.0,0.7,2.0,No,0.0005,Yes
Precise meaningful effect,630,0.2752,3.0,0.7,2.0,No,0.0005,Yes
Precise meaningful effect,631,-0.76,3.0,0.7,2.0,No,0.0005,Yes
Precise meaningful effect,632,-0.6122,3.0,0.7,2.0,No,0.0005,Yes
Precise meaningful effect,633,0.109,3.0,0.7,2.0,No,0.0005,Yes
Precise meaningful effect,634,-0.2922,3.0,0.7,2.0,No,0.0005,Yes
Precise meaningful effect,635,0.7832,3.0,0.7,2.0,No,0.0005,Yes
Precise meaningful effect,636,-0.7347,3.0,0.7,2.0,No,0.0005,Yes
Precise meaningful effect,637,-0.1954,3.0,0.7,2.0,No,0.0005,Yes
Precise meaningful effect,638,-0.3947,3.0,0.7,2.0,No,0.0005,Yes
Precise meaningful effect,639,-1.1086,3.0,0.7,2.0,No,0.0005,Yes
Precise meaningful effect,640,0.5896,3.0,0.7,2.0,No,0.0005,Yes
Precise meaningful effect,641,1.0383,3.0,0.7,2.0,No,0.0005,Yes
Precise meaningful effect,642,1.0042,3.0,0.7,2.0,No,0.0005,Yes
Precise meaningful effect,643,0.6098,3.0,0.7,2.0,No,0.0005,Yes
Precise meaningful effect,644,-0.8295,3.0,0.7,2.0,No,0.0005,Yes
Precise meaningful effect,645,-1.4087,3.0,0.7,2.0,No,0.0005,Yes
Precise meaningful effect,646,-0.3209,3.0,0.7,2.0,No,0.0005,Yes
Precise meaningful effect,647,-0.0436,3.0,0.7,2.0,No,0.0005,Yes
Precise meaningful effect,648,-1.5265,3.0,0.7,2.0,No,0.0005,Yes
Precise meaningful effect,649,-0.6127,3.0,0.7,2.0,No,0.0005,Yes
Precise meaningful effect,650,-1.6905,3.0,0.7,2.0,No,0.0005,Yes
Precise meaningful effect,651,-0.5661,3.0,0.7,2.0,No,0.0005,Yes
Precise meaningful effect,652,-0.049,3.0,0.7,2.0,No,0.0005,Yes
Precise meaningful effect,653,0.1461,3.0,0.7,2.0,No,0.0005,Yes
Precise meaningful effect,654,-0.171,3.0,0.7,2.0,No,0.0005,Yes
Precise meaningful effect,655,0.3548,3.0,0.7,2.0,No,0.0005,Yes
Precise meaningful effect,656,-2.0878,3.0,0.7,2.0,No,0.0005,Yes
Precise meaningful effect,657,0.4359,3.0,0.7,2.0,No,0.0005,Yes
Precise meaningful effect,658,0.1479,3.0,0.7,2.0,No,0.0005,Yes
Precise meaningful effect,659,0.616,3.0,0.7,2.0,No,0.0005,Yes
Precise meaningful effect,660,-1.2415,3.0,0.7,2.0,No,0.0005,Yes
Precise meaningful effect,661,-1.3456,3.0,0.7,2.0,No,0.0005,Yes
Precise meaningful effect,662,0.5494,3.0,0.7,2.0,No,0.0005,Yes
Precise meaningful effect,663,-1.1278,3.0,0.7,2.0,No,0.0005,Yes
Precise meaningful effect,664,0.2513,3.0,0.7,2.0,No,0.0005,Yes
Precise meaningful effect,665,-0.5459,3.0,0.7,2.0,No,0.0005,Yes
Precise meaningful effect,666,0.1379,3.0,0.7,2.0,No,0.0005,Yes
Precise meaningful effect,667,-0.5746,3.0,0.7,2.0,No,0.0005,Yes
Precise meaningful effect,668,1.5735,3.0,0.7,2.0,No,0.0005,Yes
Precise meaningful effect,669,0.103,3.0,0.7,2.0,No,0.0005,Yes
Precise meaningful effect,670,-0.0143,3.0,0.7,2.0,No,0.0005,Yes
Precise meaningful effect,671,-0.6557,3.0,0.7,2.0,No,0.0005,Yes
Precise meaningful effect,672,-0.1764,3.0,0.7,2.0,No,0.0005,Yes
Precise meaningful effect,673,0.4274,3.0,0.7,2.0,No,0.0005,Yes
Precise meaningful effect,674,0.6076,3.0,0.7,2.0,No,0.0005,Yes
Precise meaningful effect,675,-2.0015,3.0,0.7,2.0,No,0.0005,Yes
Precise meaningful effect,676,-0.3643,3.0,0.7,2.0,No,0.0005,Yes
Precise meaningful effect,677,0.332,3.0,0.7,2.0,No,0.0005,Yes
Precise meaningful effect,678,0.1563,3.0,0.7,2.0,No,0.0005,Yes
Precise meaningful effect,679,0.5269,3.0,0.7,2.0,No,0.0005,Yes
Precise meaningful effect,680,0.5897,3.0,0.7,2.0,No,0.0005,Yes
Precise meaningful effect,681,1.5448,3.0,0.7,2.0,No,0.0005,Yes
Precise meaningful effect,682,1.6966,3.0,0.7,2.0,No,0.0005,Yes
Precise meaningful effect,683,0.1413,3.0,0.7,2.0,No,0.0005,Yes
Precise meaningful effect,684,0.2716,3.0,0.7,2.0,No,0.0005,Yes
Precise meaningful effect,685,-0.2496,3.0,0.7,2.0,No,0.0005,Yes
Precise meaningful effect,686,-0.5788,3.0,0.7,2.0,No,0.0005,Yes
Precise meaningful effect,687,1.1194,3.0,0.7,2.0,No,0.0005,Yes
Precise meaningful effect,688,0.1824,3.0,0.7,2.0,No,0.0005,Yes
Precise meaningful effect,689,-0.8094,3.0,0.7,2.0,No,0.0005,Yes
Precise meaningful effect,690,-0.0191,3.0,0.7,2.0,No,0.0005,Yes
Precise meaningful effect,691,0.4144,3.0,0.7,2.0,No,0.0005,Yes
Precise meaningful effect,692,0.4811,3.0,0.7,2.0,No,0.0005,Yes
Precise meaningful effect,693,-0.0961,3.0,0.7,2.0,No,0.0005,Yes
Precise meaningful effect,694,-0.5444,3.0,0.7,2.0,No,0.0005,Yes
Precise meaningful effect,695,-0.1124,3.0,0.7,2.0,No,0.0005,Yes
Precise meaningful effect,696,-0.1614,3.0,0.7,2.0,No,0.0005,Yes
Precise meaningful effect,697,0.3126,3.0,0.7,2.0,No,0.0005,Yes
Precise meaningful effect,698,-1.2436,3.0,0.7,2.0,No,0.0005,Yes
Precise meaningful effect,699,0.4126,3.0,0.7,2.0,No,0.0005,Yes
Precise meaningful effect,700,0.738,3.0,0.7,2.0,No,0.0005,Yes
Precise meaningful effect,701,-1.2086,3.0,0.7,2.0,No,0.0005,Yes
Precise meaningful effect,702,-0.2201,3.0,0.7,2.0,No,0.0005,Yes
Precise meaningful effect,703,-0.5137,3.0,0.7,2.0,No,0.0005,Yes
Precise meaningful effect,704,-0.1079,3.0,0.7,2.0,No,0.0005,Yes
Precise meaningful effect,705,-0.142,3.0,0.7,2.0,No,0.0005,Yes
Precise meaningful effect,706,-1.0975,3.0,0.7,2.0,No,0.0005,Yes
Precise meaningful effect,707,0.3659,3.0,0.7,2.0,No,0.0005,Yes
Precise meaningful effect,708,-0.0549,3.0,0.7,2.0,No,0.0005,Yes
Precise meaningful effect,709,0.5539,3.0,0.7,2.0,No,0.0005,Yes
Precise meaningful effect,710,1.095,3.0,0.7,2.0,No,0.0005,Yes
Precise meaningful effect,711,0.1924,3.0,0.7,2.0,No,0.0005,Yes
Precise meaningful effect,712,0.4534,3.0,0.7,2.0,No,0.0005,Yes
Precise meaningful effect,713,-1.2164,3.0,0.7,2.0,No,0.0005,Yes
Precise meaningful effect,714,0.4067,3.0,0.7,2.0,No,0.0005,Yes
Precise meaningful effect,715,0.1688,3.0,0.7,2.0,No,0.0005,Yes
Precise meaningful effect,716,-1.2022,3.0,0.7,2.0,No,0.0005,Yes
Precise meaningful effect,717,0.1247,3.0,0.7,2.0,No,0.0005,Yes
Precise meaningful effect,718,-1.053,3.0,0.7,2.0,No,0.0005,Yes
Precise meaningful effect,719,1.5236,3.0,0.7,2.0,No,0.0005,Yes
Precise meaningful effect,720,-0.9614,3.0,0.7,2.0,No,0.0005,Yes
Precise meaningful effect,721,0.3654,3.0,0.7,2.0,No,0.0005,Yes
Precise meaningful effect,722,0.4294,3.0,0.7,2.0,No,0.0005,Yes
Precise meaningful effect,723,0.7141,3.0,0.7,2.0,No,0.0005,Yes
Precise meaningful effect,724,0.604,3.0,0.7,2.0,No,0.0005,Yes
Precise meaningful effect,725,-0.0245,3.0,0.7,2.0,No,0.0005,Yes
Precise meaningful effect,726,0.0104,3.0,0.7,2.0,No,0.0005,Yes
Precise meaningful effect,727,0.584,3.0,0.7,2.0,No,0.0005,Yes
Precise meaningful effect,728,-0.0624,3.0,0.7,2.0,No,0.0005,Yes
Precise meaningful effect,729,-0.7584,3.0,0.7,2.0,No,0.0005,Yes
Precise meaningful effect,730,-0.4882,3.0,0.7,2.0,No,0.0005,Yes
Precise meaningful effect,731,0.9405,3.0,0.7,2.0,No,0.0005,Yes
Precise meaningful effect,732,0.0529,3.0,0.7,2.0,No,0.0005,Yes
Precise meaningful effect,733,0.2457,3.0,0.7,2.0,No,0.0005,Yes
Precise meaningful effect,734,0.0442,3.0,0.7,2.0,No,0.0005,Yes
Precise meaningful effect,735,-0.4727,3.0,0.7,2.0,No,0.0005,Yes
Precise meaningful effect,736,-0.2874,3.0,0.7,2.0,No,0.0005,Yes
Precise meaningful effect,737,-1.1126,3.0,0.7,2.0,No,0.0005,Yes
Precise meaningful effect,738,-0.9904,3.0,0.7,2.0,No,0.0005,Yes
Precise meaningful effect,739,-0.4205,3.0,0.7,2.0,No,0.0005,Yes
Precise meaningful effect,740,-0.3762,3.0,0.7,2.0,No,0.0005,Yes
Precise meaningful effect,741,-1.1851,3.0,0.7,2.0,No,0.0005,Yes
Precise meaningful effect,742,-0.4518,3.0,0.7,2.0,No,0.0005,Yes
Precise meaningful effect,743,-0.069,3.0,0.7,2.0,No,0.0005,Yes
Precise meaningful effect,744,0.2446,3.0,0.7,2.0,No,0.0005,Yes
Precise meaningful effect,745,-0.5615,3.0,0.7,2.0,No,0.0005,Yes
Precise meaningful effect,746,-0.4428,3.0,0.7,2.0,No,0.0005,Yes
Precise meaningful effect,747,0.3749,3.0,0.7,2.0,No,0.0005,Yes
Precise meaningful effect,748,-0.0069,3.0,0.7,2.0,No,0.0005,Yes
Precise meaningful effect,749,0.7887,3.0,0.7,2.0,No,0.0005,Yes
Precise meaningful effect,750,1.1367,3.0,0.7,2.0,No,0.0005,Yes
Precise meaningful effect,751,0.9546,3.0,0.7,2.0,No,0.0005,Yes
Precise meaningful effect,752,-0.1293,3.0,0.7,2.0,No,0.0005,Yes
Precise meaningful effect,753,0.5799,3.0,0.7,2.0,No,0.0005,Yes
Precise meaningful effect,754,-0.7987,3.0,0.7,2.0,No,0.0005,Yes
Precise meaningful effect,755,0.2986,3.0,0.7,2.0,No,0.0005,Yes
Precise meaningful effect,756,0.548,3.0,0.7,2.0,No,0.0005,Yes
Precise meaningful effect,757,0.2301,3.0,0.7,2.0,No,0.0005,Yes
Precise meaningful effect,758,-0.8412,3.0,0.7,2.0,No,0.0005,Yes
Precise meaningful effect,759,-0.1834,3.0,0.7,2.0,No,0.0005,Yes
Precise meaningful effect,760,-0.5472,3.0,0.7,2.0,No,0.0005,Yes
Precise meaningful effect,761,0.1456,3.0,0.7,2.0,No,0.0005,Yes
Precise meaningful effect,762,-0.2984,3.0,0.7,2.0,No,0.0005,Yes
Precise meaningful effect,763,-0.1512,3.0,0.7,2.0,No,0.0005,Yes
Precise meaningful effect,764,-0.6252,3.0,0.7,2.0,No,0.0005,Yes
Precise meaningful effect,765,-0.7542,3.0,0.7,2.0,No,0.0005,Yes
Precise meaningful effect,766,-1.0775,3.0,0.7,2.0,No,0.0005,Yes
Precise meaningful effect,767,-1.7361,3.0,0.7,2.0,No,0.0005,Yes
Precise meaningful effect,768,1.4738,3.0,0.7,2.0,No,0.0005,Yes
Precise meaningful effect,769,1.1239,3.0,0.7,2.0,No,0.0005,Yes
Precise meaningful effect,770,-0.0868,3.0,0.7,2.0,No,0.0005,Yes
Precise meaningful effect,771,-0.5269,3.0,0.7,2.0,No,0.0005,Yes
Precise meaningful effect,772,0.0687,3.0,0.7,2.0,No,0.0005,Yes
Precise meaningful effect,773,0.9623,3.0,0.7,2.0,No,0.0005,Yes
Precise meaningful effect,774,0.3605,3.0,0.7,2.0,No,0.0005,Yes
Precise meaningful effect,775,0.1276,3.0,0.7,2.0,No,0.0005,Yes
Precise meaningful effect,776,0.7646,3.0,0.7,2.0,No,0.0005,Yes
Precise meaningful effect,777,-0.6522,3.0,0.7,2.0,No,0.0005,Yes
Precise meaningful effect,778,0.5217,3.0,0.7,2.0,No,0.0005,Yes
Precise meaningful effect,779,0.3398,3.0,0.7,2.0,No,0.0005,Yes
Precise meaningful effect,780,-0.0127,3.0,0.7,2.0,No,0.0005,Yes
Precise meaningful effect,781,1.3436,3.0,0.7,2.0,No,0.0005,Yes
Precise meaningful effect,782,0.1867,3.0,0.7,2.0,No,0.0005,Yes
Precise meaningful effect,783,-0.1045,3.0,0.7,2.0,No,0.0005,Yes
Precise meaningful effect,784,-0.928,3.0,0.7,2.0,No,0.0005,Yes
Precise meaningful effect,785,-0.013,3.0,0.7,2.0,No,0.0005,Yes
Precise meaningful effect,786,1.0151,3.0,0.7,2.0,No,0.0005,Yes
Precise meaningful effect,787,0.1729,3.0,0.7,2.0,No,0.0005,Yes
Precise meaningful effect,788,-1.0627,3.0,0.7,2.0,No,0.0005,Yes
Precise meaningful effect,789,-0.7773,3.0,0.7,2.0,No,0.0005,Yes
Precise meaningful effect,790,-0.9115,3.0,0.7,2.0,No,0.0005,Yes
Precise meaningful effect,791,-1.1322,3.0,0.7,2.0,No,0.0005,Yes
Precise meaningful effect,792,-0.2882,3.0,0.7,2.0,No,0.0005,Yes
Precise meaningful effect,793,0.0712,3.0,0.7,2.0,No,0.0005,Yes
Precise meaningful effect,794,0.2767,3.0,0.7,2.0,No,0.0005,Yes
Precise meaningful effect,795,0.1134,3.0,0.7,2.0,No,0.0005,Yes
Precise meaningful effect,796,-0.1996,3.0,0.7,2.0,No,0.0005,Yes
Precise meaningful effect,797,0.0898,3.0,0.7,2.0,No,0.0005,Yes
Precise meaningful effect,798,0.1248,3.0,0.7,2.0,No,0.0005,Yes
Precise meaningful effect,799,0.3285,3.0,0.7,2.0,No,0.0005,Yes
Precise meaningful effect,800,0.178,3.0,0.7,2.0,No,0.0005,Yes
Precise meaningful effect,801,0.9581,3.0,0.7,2.0,No,0.0005,Yes
Precise meaningful effect,802,-0.9979,3.0,0.7,2.0,No,0.0005,Yes
Precise meaningful effect,803,0.8581,3.0,0.7,2.0,No,0.0005,Yes
Precise meaningful effect,804,0.9387,3.0,0.7,2.0,No,0.0005,Yes
Precise meaningful effect,805,0.8403,3.0,0.7,2.0,No,0.0005,Yes
Precise meaningful effect,806,0.2984,3.0,0.7,2.0,No,0.0005,Yes
Precise meaningful effect,807,-0.9118,3.0,0.7,2.0,No,0.0005,Yes
Precise meaningful effect,808,0.0801,3.0,0.7,2.0,No,0.0005,Yes
Precise meaningful effect,809,-0.4919,3.0,0.7,2.0,No,0.0005,Yes
Precise meaningful effect,810,-0.0575,3.0,0.7,2.0,No,0.0005,Yes
Precise meaningful effect,811,-1.1091,3.0,0.7,2.0,No,0.0005,Yes
Precise meaningful effect,812,-1.0698,3.0,0.7,2.0,No,0.0005,Yes
Precise meaningful effect,813,-0.9225,3.0,0.7,2.0,No,0.0005,Yes
Precise meaningful effect,814,0.8951,3.0,0.7,2.0,No,0.0005,Yes
Precise meaningful effect,815,-1.3529,3.0,0.7,2.0,No,0.0005,Yes
Precise meaningful effect,816,-0.6609,3.0,0.7,2.0,No,0.0005,Yes
Precise meaningful effect,817,-0.3255,3.0,0.7,2.0,No,0.0005,Yes
Precise meaningful effect,818,-0.8972,3.0,0.7,2.0,No,0.0005,Yes
Precise meaningful effect,819,0.9685,3.0,0.7,2.0,No,0.0005,Yes
Precise meaningful effect,820,-0.2456,3.0,0.7,2.0,No,0.0005,Yes
Precise meaningful effect,821,0.0594,3.0,0.7,2.0,No,0.0005,Yes
Precise meaningful effect,822,0.5901,3.0,0.7,2.0,No,0.0005,Yes
Precise meaningful effect,823,0.2576,3.0,0.7,2.0,No,0.0005,Yes
Precise meaningful effect,824,0.1086,3.0,0.7,2.0,No,0.0005,Yes
Precise meaningful effect,825,0.3362,3.0,0.7,2.0,No,0.0005,Yes
Precise meaningful effect,826,-1.128,3.0,0.7,2.0,No,0.0005,Yes
Precise meaningful effect,827,-0.3125,3.0,0.7,2.0,No,0.0005,Yes
Precise meaningful effect,828,-1.4559,3.0,0.7,2.0,No,0.0005,Yes
Precise meaningful effect,829,0.3965,3.0,0.7,2.0,No,0.0005,Yes
Precise meaningful effect,830,-0.6383,3.0,0.7,2.0,No,0.0005,Yes
Precise meaningful effect,831,-0.4706,3.0,0.7,2.0,No,0.0005,Yes
Precise meaningful effect,832,0.416,3.0,0.7,2.0,No,0.0005,Yes
Precise meaningful effect,833,0.7817,3.0,0.7,2.0,No,0.0005,Yes
Precise meaningful effect,834,-0.4219,3.0,0.7,2.0,No,0.0005,Yes
Precise meaningful effect,835,1.293,3.0,0.7,2.0,No,0.0005,Yes
Precise meaningful effect,836,0.8491,3.0,0.7,2.0,No,0.0005,Yes
Precise meaningful effect,837,1.1133,3.0,0.7,2.0,No,0.0005,Yes
Precise meaningful effect,838,-0.8666,3.0,0.7,2.0,No,0.0005,Yes
Precise meaningful effect,839,-0.1296,3.0,0.7,2.0,No,0.0005,Yes
Precise meaningful effect,840,-0.2056,3.0,0.7,2.0,No,0.0005,Yes
Precise meaningful effect,841,0.7136,3.0,0.7,2.0,No,0.0005,Yes
Precise meaningful effect,842,0.1148,3.0,0.7,2.0,No,0.0005,Yes
Precise meaningful effect,843,1.6193,3.0,0.7,2.0,No,0.0005,Yes
Precise meaningful effect,844,0.4045,3.0,0.7,2.0,No,0.0005,Yes
Precise meaningful effect,845,-0.4755,3.0,0.7,2.0,No,0.0005,Yes
Precise meaningful effect,846,0.6539,3.0,0.7,2.0,No,0.0005,Yes
Precise meaningful effect,847,-0.7517,3.0,0.7,2.0,No,0.0005,Yes
Precise meaningful effect,848,0.434,3.0,0.7,2.0,No,0.0005,Yes
Precise meaningful effect,849,0.4893,3.0,0.7,2.0,No,0.0005,Yes
Precise meaningful effect,850,0.4055,3.0,0.7,2.0,No,0.0005,Yes
Precise meaningful effect,851,0.1721,3.0,0.7,2.0,No,0.0005,Yes
Precise meaningful effect,852,0.0234,3.0,0.7,2.0,No,0.0005,Yes
Precise meaningful effect,853,0.0976,3.0,0.7,2.0,No,0.0005,Yes
Precise meaningful effect,854,0.2062,3.0,0.7,2.0,No,0.0005,Yes
Precise meaningful effect,855,1.6073,3.0,0.7,2.0,No,0.0005,Yes
Precise meaningful effect,856,-0.8116,3.0,0.7,2.0,No,0.0005,Yes
Precise meaningful effect,857,0.1957,3.0,0.7,2.0,No,0.0005,Yes
Precise meaningful effect,858,0.3399,3.0,0.7,2.0,No,0.0005,Yes
Precise meaningful effect,859,-0.654,3.0,0.7,2.0,No,0.0005,Yes
Precise meaningful effect,860,-1.1896,3.0,0.7,2.0,No,0.0005,Yes
Precise meaningful effect,861,0.1304,3.0,0.7,2.0,No,0.0005,Yes
Precise meaningful effect,862,-1.1262,3.0,0.7,2.0,No,0.0005,Yes
Precise meaningful effect,863,-1.3798,3.0,0.7,2.0,No,0.0005,Yes
Precise meaningful effect,864,-1.0713,3.0,0.7,2.0,No,0.0005,Yes
Precise meaningful effect,865,0.1203,3.0,0.7,2.0,No,0.0005,Yes
Precise meaningful effect,866,-1.1945,3.0,0.7,2.0,No,0.0005,Yes
Precise meaningful effect,867,0.1255,3.0,0.7,2.0,No,0.0005,Yes
Precise meaningful effect,868,-0.6195,3.0,0.7,2.0,No,0.0005,Yes
Precise meaningful effect,869,0.465,3.0,0.7,2.0,No,0.0005,Yes
Precise meaningful effect,870,0.2552,3.0,0.7,2.0,No,0.0005,Yes
Precise meaningful effect,871,0.5738,3.0,0.7,2.0,No,0.0005,Yes
Precise meaningful effect,872,0.1438,3.0,0.7,2.0,No,0.0005,Yes
Precise meaningful effect,873,-0.1844,3.0,0.7,2.0,No,0.0005,Yes
Precise meaningful effect,874,-0.2262,3.0,0.7,2.0,No,0.0005,Yes
Precise meaningful effect,875,-0.3037,3.0,0.7,2.0,No,0.0005,Yes
Precise meaningful effect,876,0.8568,3.0,0.7,2.0,No,0.0005,Yes
Precise meaningful effect,877,-0.347,3.0,0.7,2.0,No,0.0005,Yes
Precise meaningful effect,878,0.4921,3.0,0.7,2.0,No,0.0005,Yes
Precise meaningful effect,879,-0.4945,3.0,0.7,2.0,No,0.0005,Yes
Precise meaningful effect,880,2.2195,3.0,0.7,2.0,No,0.0005,Yes
Precise meaningful effect,881,-0.1887,3.0,0.7,2.0,No,0.0005,Yes
Precise meaningful effect,882,-1.1062,3.0,0.7,2.0,No,0.0005,Yes
Precise meaningful effect,883,0.6022,3.0,0.7,2.0,No,0.0005,Yes
Precise meaningful effect,884,-0.1344,3.0,0.7,2.0,No,0.0005,Yes
Precise meaningful effect,885,0.3901,3.0,0.7,2.0,No,0.0005,Yes
Precise meaningful effect,886,-1.2249,3.0,0.7,2.0,No,0.0005,Yes
Precise meaningful effect,887,-0.2153,3.0,0.7,2.0,No,0.0005,Yes
Precise meaningful effect,888,-0.9253,3.0,0.7,2.0,No,0.0005,Yes
Precise meaningful effect,889,-1.116,3.0,0.7,2.0,No,0.0005,Yes
Precise meaningful effect,890,-0.2743,3.0,0.7,2.0,No,0.0005,Yes
Precise meaningful effect,891,-0.2928,3.0,0.7,2.0,No,0.0005,Yes
Precise meaningful effect,892,-0.5782,3.0,0.7,2.0,No,0.0005,Yes
Precise meaningful effect,893,0.1773,3.0,0.7,2.0,No,0.0005,Yes
Precise meaningful effect,894,-0.1378,3.0,0.7,2.0,No,0.0005,Yes
Precise meaningful effect,895,-0.9477,3.0,0.7,2.0,No,0.0005,Yes
Precise meaningful effect,896,-1.0308,3.0,0.7,2.0,No,0.0005,Yes
Precise meaningful effect,897,-0.7644,3.0,0.7,2.0,No,0.0005,Yes
Precise meaningful effect,898,0.3525,3.0,0.7,2.0,No,0.0005,Yes
Precise meaningful effect,899,-0.167,3.0,0.7,2.0,No,0.0005,Yes
Precise meaningful effect,900,0.0056,3.0,0.7,2.0,No,0.0005,Yes
Precise meaningful effect,901,-1.4236,3.0,0.7,2.0,No,0.0005,Yes
Precise meaningful effect,902,0.9768,3.0,0.7,2.0,No,0.0005,Yes
Precise meaningful effect,903,-1.0442,3.0,0.7,2.0,No,0.0005,Yes
Precise meaningful effect,904,0.9407,3.0,0.7,2.0,No,0.0005,Yes
Precise meaningful effect,905,-0.8026,3.0,0.7,2.0,No,0.0005,Yes
Precise meaningful effect,906,-0.078,3.0,0.7,2.0,No,0.0005,Yes
Precise meaningful effect,907,1.0945,3.0,0.7,2.0,No,0.0005,Yes
Precise meaningful effect,908,-0.1692,3.0,0.7,2.0,No,0.0005,Yes
Precise meaningful effect,909,-0.5355,3.0,0.7,2.0,No,0.0005,Yes
Precise meaningful effect,910,0.0127,3.0,0.7,2.0,No,0.0005,Yes
Precise meaningful effect,911,-0.1456,3.0,0.7,2.0,No,0.0005,Yes
Precise meaningful effect,912,-0.4277,3.0,0.7,2.0,No,0.0005,Yes
Precise meaningful effect,913,-0.7036,3.0,0.7,2.0,No,0.0005,Yes
Precise meaningful effect,914,-0.2518,3.0,0.7,2.0,No,0.0005,Yes
Precise meaningful effect,915,0.9009,3.0,0.7,2.0,No,0.0005,Yes
Precise meaningful effect,916,0.8327,3.0,0.7,2.0,No,0.0005,Yes
Precise meaningful effect,917,-0.6792,3.0,0.7,2.0,No,0.0005,Yes
Precise meaningful effect,918,0.8297,3.0,0.7,2.0,No,0.0005,Yes
Precise meaningful effect,919,0.1765,3.0,0.7,2.0,No,0.0005,Yes
Precise meaningful effect,920,1.3467,3.0,0.7,2.0,No,0.0005,Yes
Precise meaningful effect,921,-0.0466,3.0,0.7,2.0,No,0.0005,Yes
Precise meaningful effect,922,0.4799,3.0,0.7,2.0,No,0.0005,Yes
Precise meaningful effect,923,0.5017,3.0,0.7,2.0,No,0.0005,Yes
Precise meaningful effect,924,0.1496,3.0,0.7,2.0,No,0.0005,Yes
Precise meaningful effect,925,1.1569,3.0,0.7,2.0,No,0.0005,Yes
Precise meaningful effect,926,-0.8783,3.0,0.7,2.0,No,0.0005,Yes
Precise meaningful effect,927,-0.8906,3.0,0.7,2.0,No,0.0005,Yes
Precise meaningful effect,928,-1.334,3.0,0.7,2.0,No,0.0005,Yes
Precise meaningful effect,929,-1.8569,3.0,0.7,2.0,No,0.0005,Yes
Precise meaningful effect,930,1.2787,3.0,0.7,2.0,No,0.0005,Yes
Precise meaningful effect,931,0.5233,3.0,0.7,2.0,No,0.0005,Yes
Precise meaningful effect,932,-0.7155,3.0,0.7,2.0,No,0.0005,Yes
Precise meaningful effect,933,-0.7339,3.0,0.7,2.0,No,0.0005,Yes
Precise meaningful effect,934,1.3511,3.0,0.7,2.0,No,0.0005,Yes
Precise meaningful effect,935,0.3061,3.0,0.7,2.0,No,0.0005,Yes
Precise meaningful effect,936,-0.0042,3.0,0.7,2.0,No,0.0005,Yes
Precise meaningful effect,937,0.5171,3.0,0.7,2.0,No,0.0005,Yes
Precise meaningful effect,938,0.6267,3.0,0.7,2.0,No,0.0005,Yes
Precise meaningful effect,939,0.5722,3.0,0.7,2.0,No,0.0005,Yes
Precise meaningful effect,940,0.9462,3.0,0.7,2.0,No,0.0005,Yes
Precise meaningful effect,941,0.1482,3.0,0.7,2.0,No,0.0005,Yes
Precise meaningful effect,942,0.181,3.0,0.7,2.0,No,0.0005,Yes
Precise meaningful effect,943,0.72,3.0,0.7,2.0,No,0.0005,Yes
Precise meaningful effect,944,-1.1491,3.0,0.7,2.0,No,0.0005,Yes
Precise meaningful effect,945,-0.0635,3.0,0.7,2.0,No,0.0005,Yes
Precise meaningful effect,946,0.4257,3.0,0.7,2.0,No,0.0005,Yes
Precise meaningful effect,947,-0.2707,3.0,0.7,2.0,No,0.0005,Yes
Precise meaningful effect,948,-0.4001,3.0,0.7,2.0,No,0.0005,Yes
Precise meaningful effect,949,0.742,3.0,0.7,2.0,No,0.0005,Yes
Precise meaningful effect,950,-0.8425,3.0,0.7,2.0,No,0.0005,Yes
Precise meaningful effect,951,-0.1618,3.0,0.7,2.0,No,0.0005,Yes
Precise meaningful effect,952,-1.6469,3.0,0.7,2.0,No,0.0005,Yes
Precise meaningful effect,953,-0.1348,3.0,0.7,2.0,No,0.0005,Yes
Precise meaningful effect,954,1.5029,3.0,0.7,2.0,No,0.0005,Yes
Precise meaningful effect,955,1.065,3.0,0.7,2.0,No,0.0005,Yes
Precise meaningful effect,956,0.0986,3.0,0.7,2.0,No,0.0005,Yes
Precise meaningful effect,957,0.4139,3.0,0.7,2.0,No,0.0005,Yes
Precise meaningful effect,958,0.9525,3.0,0.7,2.0,No,0.0005,Yes
Precise meaningful effect,959,-0.5414,3.0,0.7,2.0,No,0.0005,Yes
Precise meaningful effect,960,0.3565,3.0,0.7,2.0,No,0.0005,Yes
Precise meaningful effect,961,0.5462,3.0,0.7,2.0,No,0.0005,Yes
Precise meaningful effect,962,-1.018,3.0,0.7,2.0,No,0.0005,Yes
Precise meaningful effect,963,-0.2894,3.0,0.7,2.0,No,0.0005,Yes
Precise meaningful effect,964,-0.2878,3.0,0.7,2.0,No,0.0005,Yes
Precise meaningful effect,965,0.587,3.0,0.7,2.0,No,0.0005,Yes
Precise meaningful effect,966,0.3248,3.0,0.7,2.0,No,0.0005,Yes
Precise meaningful effect,967,0.589,3.0,0.7,2.0,No,0.0005,Yes
Precise meaningful effect,968,-0.1229,3.0,0.7,2.0,No,0.0005,Yes
Precise meaningful effect,969,-0.5381,3.0,0.7,2.0,No,0.0005,Yes
Precise meaningful effect,970,0.2303,3.0,0.7,2.0,No,0.0005,Yes
Precise meaningful effect,971,-0.9866,3.0,0.7,2.0,No,0.0005,Yes
Precise meaningful effect,972,-0.4333,3.0,0.7,2.0,No,0.0005,Yes
Precise meaningful effect,973,-0.4556,3.0,0.7,2.0,No,0.0005,Yes
Precise meaningful effect,974,0.9049,3.0,0.7,2.0,No,0.0005,Yes
Precise meaningful effect,975,-0.6749,3.0,0.7,2.0,No,0.0005,Yes
Precise meaningful effect,976,0.0705,3.0,0.7,2.0,No,0.0005,Yes
Precise meaningful effect,977,0.1349,3.0,0.7,2.0,No,0.0005,Yes
Precise meaningful effect,978,0.4282,3.0,0.7,2.0,No,0.0005,Yes
Precise meaningful effect,979,0.2261,3.0,0.7,2.0,No,0.0005,Yes
Precise meaningful effect,980,0.0177,3.0,0.7,2.0,No,0.0005,Yes
Precise meaningful effect,981,0.1998,3.0,0.7,2.0,No,0.0005,Yes
Precise meaningful effect,982,0.8324,3.0,0.7,2.0,No,0.0005,Yes
Precise meaningful effect,983,-0.3279,3.0,0.7,2.0,No,0.0005,Yes
Precise meaningful effect,984,0.0328,3.0,0.7,2.0,No,0.0005,Yes
Precise meaningful effect,985,0.3256,3.0,0.7,2.0,No,0.0005,Yes
Precise meaningful effect,986,-0.4615,3.0,0.7,2.0,No,0.0005,Yes
Precise meaningful effect,987,1.2822,3.0,0.7,2.0,No,0.0005,Yes
Precise meaningful effect,988,-0.5469,3.0,0.7,2.0,No,0.0005,Yes
Precise meaningful effect,989,0.8889,3.0,0.7,2.0,No,0.0005,Yes
Precise meaningful effect,990,-0.856,3.0,0.7,2.0,No,0.0005,Yes
Precise meaningful effect,991,0.5822,3.0,0.7,2.0,No,0.0005,Yes
Precise meaningful effect,992,-0.2662,3.0,0.7,2.0,No,0.0005,Yes
Precise meaningful effect,993,-0.2921,3.0,0.7,2.0,No,0.0005,Yes
Precise meaningful effect,994,-0.0065,3.0,0.7,2.0,No,0.0005,Yes
Precise meaningful effect,995,0.7406,3.0,0.7,2.0,No,0.0005,Yes
Precise meaningful effect,996,0.0454,3.0,0.7,2.0,No,0.0005,Yes
Precise meaningful effect,997,0.1825,3.0,0.7,2.0,No,0.0005,Yes
Precise meaningful effect,998,0.4012,3.0,0.7,2.0,No,0.0005,Yes
Precise meaningful effect,999,-0.1313,3.0,0.7,2.0,No,0.0005,Yes
Precise meaningful effect,1000,0.0096,3.0,0.7,2.0,No,0.0005,Yes
Precise meaningful effect,1001,0.1483,3.0,0.7,2.0,No,0.0005,Yes
Precise meaningful effect,1002,-0.5503,3.0,0.7,2.0,No,0.0005,Yes
Precise meaningful effect,1003,-0.305,3.0,0.7,2.0,No,0.0005,Yes
Precise meaningful effect,1004,0.9532,3.0,0.7,2.0,No,0.0005,Yes
Precise meaningful effect,1005,-0.6581,3.0,0.7,2.0,No,0.0005,Yes
Precise meaningful effect,1006,0.9633,3.0,0.7,2.0,No,0.0005,Yes
Precise meaningful effect,1007,0.8855,3.0,0.7,2.0,No,0.0005,Yes
Precise meaningful effect,1008,0.1718,3.0,0.7,2.0,No,0.0005,Yes
Precise meaningful effect,1009,-0.9129,3.0,0.7,2.0,No,0.0005,Yes
Precise meaningful effect,1010,0.0745,3.0,0.7,2.0,No,0.0005,Yes
Precise meaningful effect,1011,0.6736,3.0,0.7,2.0,No,0.0005,Yes
Precise meaningful effect,1012,0.3075,3.0,0.7,2.0,No,0.0005,Yes
Precise meaningful effect,1013,-1.8063,3.0,0.7,2.0,No,0.0005,Yes
Precise meaningful effect,1014,-1.0106,3.0,0.7,2.0,No,0.0005,Yes
Precise meaningful effect,1015,0.328,3.0,0.7,2.0,No,0.0005,Yes
Precise meaningful effect,1016,-0.1296,3.0,0.7,2.0,No,0.0005,Yes
Precise meaningful effect,1017,1.5278,3.0,0.7,2.0,No,0.0005,Yes
Precise meaningful effect,1018,-0.9712,3.0,0.7,2.0,No,0.0005,Yes
Precise meaningful effect,1019,0.0054,3.0,0.7,2.0,No,0.0005,Yes
Precise meaningful effect,1020,-1.3454,3.0,0.7,2.0,No,0.0005,Yes
Precise meaningful effect,1021,0.1206,3.0,0.7,2.0,No,0.0005,Yes
Precise meaningful effect,1022,-0.5317,3.0,0.7,2.0,No,0.0005,Yes
Precise meaningful effect,1023,0.07,3.0,0.7,2.0,No,0.0005,Yes
Precise meaningful effect,1024,0.4186,3.0,0.7,2.0,No,0.0005,Yes
Precise meaningful effect,1025,-0.3924,3.0,0.7,2.0,No,0.0005,Yes
Precise meaningful effect,1026,0.2074,3.0,0.7,2.0,No,0.0005,Yes
Precise meaningful effect,1027,-0.5075,3.0,0.7,2.0,No,0.0005,Yes
Precise meaningful effect,1028,0.4835,3.0,0.7,2.0,No,0.0005,Yes
Precise meaningful effect,1029,0.019,3.0,0.7,2.0,No,0.0005,Yes
Precise meaningful effect,1030,1.2541,3.0,0.7,2.0,No,0.0005,Yes
Precise meaningful effect,1031,-0.4939,3.0,0.7,2.0,No,0.0005,Yes
Precise meaningful effect,1032,0.7086,3.0,0.7,2.0,No,0.0005,Yes
Precise meaningful effect,1033,-0.1006,3.0,0.7,2.0,No,0.0005,Yes
Precise meaningful effect,1034,-0.4171,3.0,0.7,2.0,No,0.0005,Yes
Precise meaningful effect,1035,-0.7145,3.0,0.7,2.0,No,0.0005,Yes
Precise meaningful effect,1036,-0.0225,3.0,0.7,2.0,No,0.0005,Yes
Precise meaningful effect,1037,0.0673,3.0,0.7,2.0,No,0.0005,Yes
Precise meaningful effect,1038,0.4267,3.0,0.7,2.0,No,0.0005,Yes
Precise meaningful effect,1039,0.0547,3.0,0.7,2.0,No,0.0005,Yes
Precise meaningful effect,1040,0.4389,3.0,0.7,2.0,No,0.0005,Yes
Precise meaningful effect,1041,0.2538,3.0,0.7,2.0,No,0.0005,Yes
Precise meaningful effect,1042,-0.048,3.0,0.7,2.0,No,0.0005,Yes
Precise meaningful effect,1043,-1.0291,3.0,0.7,2.0,No,0.0005,Yes
Precise meaningful effect,1044,-0.6839,3.0,0.7,2.0,No,0.0005,Yes
Precise meaningful effect,1045,-0.062,3.0,0.7,2.0,No,0.0005,Yes
Precise meaningful effect,1046,-1.6066,3.0,0.7,2.0,No,0.0005,Yes
Precise meaningful effect,1047,0.8214,3.0,0.7,2.0,No,0.0005,Yes
Precise meaningful effect,1048,-0.9551,3.0,0.7,2.0,No,0.0005,Yes
Precise meaningful effect,1049,0.8654,3.0,0.7,2.0,No,0.0005,Yes
Precise meaningful effect,1050,-0.2509,3.0,0.7,2.0,No,0.0005,Yes
Precise meaningful effect,1051,0.0176,3.0,0.7,2.0,No,0.0005,Yes
Precise meaningful effect,1052,0.4314,3.0,0.7,2.0,No,0.0005,Yes
Precise meaningful effect,1053,0.1504,3.0,0.7,2.0,No,0.0005,Yes
Precise meaningful effect,1054,-0.0302,3.0,0.7,2.0,No,0.0005,Yes
Precise meaningful effect,1055,-0.498,3.0,0.7,2.0,No,0.0005,Yes
Precise meaningful effect,1056,0.8481,3.0,0.7,2.0,No,0.0005,Yes
Precise meaningful effect,1057,0.008,3.0,0.7,2.0,No,0.0005,Yes
Precise meaningful effect,1058,-1.1019,3.0,0.7,2.0,No,0.0005,Yes
Precise meaningful effect,1059,1.2676,3.0,0.7,2.0,No,0.0005,Yes
Precise meaningful effect,1060,-1.7521,3.0,0.7,2.0,No,0.0005,Yes
Precise meaningful effect,1061,-0.6814,3.0,0.7,2.0,No,0.0005,Yes
Precise meaningful effect,1062,-0.3105,3.0,0.7,2.0,No,0.0005,Yes
Precise meaningful effect,1063,-0.3644,3.0,0.7,2.0,No,0.0005,Yes
Precise meaningful effect,1064,0.7951,3.0,0.7,2.0,No,0.0005,Yes
Precise meaningful effect,1065,1.4653,3.0,0.7,2.0,No,0.0005,Yes
Precise meaningful effect,1066,-0.805,3.0,0.7,2.0,No,0.0005,Yes
Precise meaningful effect,1067,0.3766,3.0,0.7,2.0,No,0.0005,Yes
Precise meaningful effect,1068,-0.6759,3.0,0.7,2.0,No,0.0005,Yes
Precise meaningful effect,1069,-0.3068,3.0,0.7,2.0,No,0.0005,Yes
Precise meaningful effect,1070,0.1603,3.0,0.7,2.0,No,0.0005,Yes
Precise meaningful effect,1071,0.6635,3.0,0.7,2.0,No,0.0005,Yes
Precise meaningful effect,1072,0.9472,3.0,0.7,2.0,No,0.0005,Yes
Precise meaningful effect,1073,-0.0445,3.0,0.7,2.0,No,0.0005,Yes
Precise meaningful effect,1074,-0.3827,3.0,0.7,2.0,No,0.0005,Yes
Precise meaningful effect,1075,1.4165,3.0,0.7,2.0,No,0.0005,Yes
Precise meaningful effect,1076,-0.2274,3.0,0.7,2.0,No,0.0005,Yes
Precise meaningful effect,1077,0.6533,3.0,0.7,2.0,No,0.0005,Yes
Precise meaningful effect,1078,-1.0059,3.0,0.7,2.0,No,0.0005,Yes
Precise meaningful effect,1079,-0.4626,3.0,0.7,2.0,No,0.0005,Yes
Precise meaningful effect,1080,-1.382,3.0,0.7,2.0,No,0.0005,Yes
Precise meaningful effect,1081,-0.1216,3.0,0.7,2.0,No,0.0005,Yes
Precise meaningful effect,1082,-0.8439,3.0,0.7,2.0,No,0.0005,Yes
Precise meaningful effect,1083,0.0235,3.0,0.7,2.0,No,0.0005,Yes
Precise meaningful effect,1084,0.0009,3.0,0.7,2.0,No,0.0005,Yes
Precise meaningful effect,1085,0.3129,3.0,0.7,2.0,No,0.0005,Yes
Precise meaningful effect,1086,0.7999,3.0,0.7,2.0,No,0.0005,Yes
Precise meaningful effect,1087,-0.038,3.0,0.7,2.0,No,0.0005,Yes
Precise meaningful effect,1088,0.0488,3.0,0.7,2.0,No,0.0005,Yes
Precise meaningful effect,1089,0.5065,3.0,0.7,2.0,No,0.0005,Yes
Precise meaningful effect,1090,-1.5494,3.0,0.7,2.0,No,0.0005,Yes
Precise meaningful effect,1091,0.2539,3.0,0.7,2.0,No,0.0005,Yes
Precise meaningful effect,1092,1.5076,3.0,0.7,2.0,No,0.0005,Yes
Precise meaningful effect,1093,0.9195,3.0,0.7,2.0,No,0.0005,Yes
Precise meaningful effect,1094,0.4276,3.0,0.7,2.0,No,0.0005,Yes
Precise meaningful effect,1095,-0.1886,3.0,0.7,2.0,No,0.0005,Yes
Precise meaningful effect,1096,0.8075,3.0,0.7,2.0,No,0.0005,Yes
Precise meaningful effect,1097,0.2999,3.0,0.7,2.0,No,0.0005,Yes
Precise meaningful effect,1098,1.0147,3.0,0.7,2.0,No,0.0005,Yes
Precise meaningful effect,1099,-0.1983,3.0,0.7,2.0,No,0.0005,Yes
Precise meaningful effect,1100,-1.0989,3.0,0.7,2.0,No,0.0005,Yes
Precise meaningful effect,1101,0.4528,3.0,0.7,2.0,No,0.0005,Yes
Precise meaningful effect,1102,0.2692,3.0,0.7,2.0,No,0.0005,Yes
Precise meaningful effect,1103,-0.4972,3.0,0.7,2.0,No,0.0005,Yes
Precise meaningful effect,1104,0.6303,3.0,0.7,2.0,No,0.0005,Yes
Precise meaningful effect,1105,0.3141,3.0,0.7,2.0,No,0.0005,Yes
Precise meaningful effect,1106,1.5285,3.0,0.7,2.0,No,0.0005,Yes
Precise meaningful effect,1107,-0.0317,3.0,0.7,2.0,No,0.0005,Yes
Precise meaningful effect,1108,-0.2864,3.0,0.7,2.0,No,0.0005,Yes
Precise meaningful effect,1109,-0.4831,3.0,0.7,2.0,No,0.0005,Yes
Precise meaningful effect,1110,0.127,3.0,0.7,2.0,No,0.0005,Yes
Precise meaningful effect,1111,0.2611,3.0,0.7,2.0,No,0.0005,Yes
Precise meaningful effect,1112,1.2513,3.0,0.7,2.0,No,0.0005,Yes
Precise meaningful effect,1113,-1.0938,3.0,0.7,2.0,No,0.0005,Yes
Precise meaningful effect,1114,-0.3517,3.0,0.7,2.0,No,0.0005,Yes
Precise meaningful effect,1115,0.3425,3.0,0.7,2.0,No,0.0005,Yes
Precise meaningful effect,1116,0.2888,3.0,0.7,2.0,No,0.0005,Yes
Precise meaningful effect,1117,-1.2492,3.0,0.7,2.0,No,0.0005,Yes
Precise meaningful effect,1118,1.4433,3.0,0.7,2.0,No,0.0005,Yes
Precise meaningful effect,1119,-0.0371,3.0,0.7,2.0,No,0.0005,Yes
Precise meaningful effect,1120,0.4587,3.0,0.7,2.0,No,0.0005,Yes
Precise meaningful effect,1121,-0.5128,3.0,0.7,2.0,No,0.0005,Yes
Precise meaningful effect,1122,1.1552,3.0,0.7,2.0,No,0.0005,Yes
Precise meaningful effect,1123,-0.0635,3.0,0.7,2.0,No,0.0005,Yes
Precise meaningful effect,1124,1.2722,3.0,0.7,2.0,No,0.0005,Yes
Precise meaningful effect,1125,1.7542,3.0,0.7,2.0,No,0.0005,Yes
Precise meaningful effect,1126,0.0162,3.0,0.7,2.0,No,0.0005,Yes
Precise meaningful effect,1127,-0.346,3.0,0.7,2.0,No,0.0005,Yes
Precise meaningful effect,1128,-0.2636,3.0,0.7,2.0,No,0.0005,Yes
Precise meaningful effect,1129,0.4708,3.0,0.7,2.0,No,0.0005,Yes
Precise meaningful effect,1130,0.769,3.0,0.7,2.0,No,0.0005,Yes
Precise meaningful effect,1131,-1.0802,3.0,0.7,2.0,No,0.0005,Yes
Precise meaningful effect,1132,-0.8232,3.0,0.7,2.0,No,0.0005,Yes
Precise meaningful effect,1133,-0.6995,3.0,0.7,2.0,No,0.0005,Yes
Precise meaningful effect,1134,0.8182,3.0,0.7,2.0,No,0.0005,Yes
Precise meaningful effect,1135,0.4848,3.0,0.7,2.0,No,0.0005,Yes
Precise meaningful effect,1136,-1.009,3.0,0.7,2.0,No,0.0005,Yes
Precise meaningful effect,1137,-0.0167,3.0,0.7,2.0,No,0.0005,Yes
Precise meaningful effect,1138,0.4264,3.0,0.7,2.0,No,0.0005,Yes
Precise meaningful effect,1139,0.4588,3.0,0.7,2.0,No,0.0005,Yes
Precise meaningful effect,1140,0.1023,3.0,0.7,2.0,No,0.0005,Yes
Precise meaningful effect,1141,-0.1779,3.0,0.7,2.0,No,0.0005,Yes
Precise meaningful effect,1142,-0.3759,3.0,0.7,2.0,No,0.0005,Yes
Precise meaningful effect,1143,0.9059,3.0,0.7,2.0,No,0.0005,Yes
Precise meaningful effect,1144,0.346,3.0,0.7,2.0,No,0.0005,Yes
Precise meaningful effect,1145,-1.0128,3.0,0.7,2.0,No,0.0005,Yes
Precise meaningful effect,1146,-0.757,3.0,0.7,2.0,No,0.0005,Yes
Precise meaningful effect,1147,-0.3275,3.0,0.7,2.0,No,0.0005,Yes
Precise meaningful effect,1148,-0.4362,3.0,0.7,2.0,No,0.0005,Yes
Precise meaningful effect,1149,0.7728,3.0,0.7,2.0,No,0.0005,Yes
Precise meaningful effect,1150,0.7372,3.0,0.7,2.0,No,0.0005,Yes
Precise meaningful effect,1151,-1.2806,3.0,0.7,2.0,No,0.0005,Yes
Precise meaningful effect,1152,0.4545,3.0,0.7,2.0,No,0.0005,Yes
Precise meaningful effect,1153,-0.7799,3.0,0.7,2.0,No,0.0005,Yes
Precise meaningful effect,1154,0.1245,3.0,0.7,2.0,No,0.0005,Yes
Precise meaningful effect,1155,-0.0447,3.0,0.7,2.0,No,0.0005,Yes
Precise meaningful effect,1156,1.2861,3.0,0.7,2.0,No,0.0005,Yes
Precise meaningful effect,1157,-0.5734,3.0,0.7,2.0,No,0.0005,Yes
Precise meaningful effect,1158,-0.0074,3.0,0.7,2.0,No,0.0005,Yes
Precise meaningful effect,1159,-0.0136,3.0,0.7,2.0,No,0.0005,Yes
Precise meaningful effect,1160,-0.6626,3.0,0.7,2.0,No,0.0005,Yes
Precise meaningful effect,1161,-0.9231,3.0,0.7,2.0,No,0.0005,Yes
Precise meaningful effect,1162,-0.1328,3.0,0.7,2.0,No,0.0005,Yes
Precise meaningful effect,1163,0.0875,3.0,0.7,2.0,No,0.0005,Yes
Precise meaningful effect,1164,-0.4442,3.0,0.7,2.0,No,0.0005,Yes
Precise meaningful effect,1165,-0.1303,3.0,0.7,2.0,No,0.0005,Yes
Precise meaningful effect,1166,-0.3728,3.0,0.7,2.0,No,0.0005,Yes
Precise meaningful effect,1167,-0.0571,3.0,0.7,2.0,No,0.0005,Yes
Precise meaningful effect,1168,-0.4765,3.0,0.7,2.0,No,0.0005,Yes
Precise meaningful effect,1169,0.3881,3.0,0.7,2.0,No,0.0005,Yes
Precise meaningful effect,1170,0.8466,3.0,0.7,2.0,No,0.0005,Yes
Precise meaningful effect,1171,-0.5927,3.0,0.7,2.0,No,0.0005,Yes
Precise meaningful effect,1172,1.1758,3.0,0.7,2.0,No,0.0005,Yes
Precise meaningful effect,1173,-0.5719,3.0,0.7,2.0,No,0.0005,Yes
Precise meaningful effect,1174,-0.2712,3.0,0.7,2.0,No,0.0005,Yes
Precise meaningful effect,1175,0.2024,3.0,0.7,2.0,No,0.0005,Yes
Precise meaningful effect,1176,-0.9681,3.0,0.7,2.0,No,0.0005,Yes
Precise meaningful effect,1177,-0.3243,3.0,0.7,2.0,No,0.0005,Yes
Precise meaningful effect,1178,0.0994,3.0,0.7,2.0,No,0.0005,Yes
Precise meaningful effect,1179,0.4865,3.0,0.7,2.0,No,0.0005,Yes
Precise meaningful effect,1180,0.9068,3.0,0.7,2.0,No,0.0005,Yes
Precise meaningful effect,1181,0.6956,3.0,0.7,2.0,No,0.0005,Yes
Precise meaningful effect,1182,-0.7881,3.0,0.7,2.0,No,0.0005,Yes
Precise meaningful effect,1183,-1.3067,3.0,0.7,2.0,No,0.0005,Yes
Precise meaningful effect,1184,0.3874,3.0,0.7,2.0,No,0.0005,Yes
Precise meaningful effect,1185,-0.0506,3.0,0.7,2.0,No,0.0005,Yes
Precise meaningful effect,1186,1.0215,3.0,0.7,2.0,No,0.0005,Yes
Precise meaningful effect,1187,1.1268,3.0,0.7,2.0,No,0.0005,Yes
Precise meaningful effect,1188,-0.7247,3.0,0.7,2.0,No,0.0005,Yes
Precise meaningful effect,1189,-0.3196,3.0,0.7,2.0,No,0.0005,Yes
Precise meaningful effect,1190,0.0868,3.0,0.7,2.0,No,0.0005,Yes
Precise meaningful effect,1191,-0.2421,3.0,0.7,2.0,No,0.0005,Yes
Precise meaningful effect,1192,-0.1389,3.0,0.7,2.0,No,0.0005,Yes
Precise meaningful effect,1193,0.0059,3.0,0.7,2.0,No,0.0005,Yes
Precise meaningful effect,1194,0.4431,3.0,0.7,2.0,No,0.0005,Yes
Precise meaningful effect,1195,-1.6563,3.0,0.7,2.0,No,0.0005,Yes
Precise meaningful effect,1196,0.3549,3.0,0.7,2.0,No,0.0005,Yes
Precise meaningful effect,1197,-0.3771,3.0,0.7,2.0,No,0.0005,Yes
Precise meaningful effect,1198,-1.9437,3.0,0.7,2.0,No,0.0005,Yes
Precise meaningful effect,1199,0.4119,3.0,0.7,2.0,No,0.0005,Yes
Precise meaningful effect,1200,-0.378,3.0,0.7,2.0,No,0.0005,Yes
Precise meaningful effect,1201,0.0953,3.0,0.7,2.0,No,0.0005,Yes
Precise meaningful effect,1202,0.4306,3.0,0.7,2.0,No,0.0005,Yes
Precise meaningful effect,1203,-1.0365,3.0,0.7,2.0,No,0.0005,Yes
Precise meaningful effect,1204,0.6908,3.0,0.7,2.0,No,0.0005,Yes
Precise meaningful effect,1205,-0.6214,3.0,0.7,2.0,No,0.0005,Yes
Precise meaningful effect,1206,0.5681,3.0,0.7,2.0,No,0.0005,Yes
Precise meaningful effect,1207,1.3219,3.0,0.7,2.0,No,0.0005,Yes
Precise meaningful effect,1208,0.5598,3.0,0.7,2.0,No,0.0005,Yes
Precise meaningful effect,1209,0.0555,3.0,0.7,2.0,No,0.0005,Yes
Precise meaningful effect,1210,-0.462,3.0,0.7,2.0,No,0.0005,Yes
Precise meaningful effect,1211,-0.2172,3.0,0.7,2.0,No,0.0005,Yes
Precise meaningful effect,1212,0.8007,3.0,0.7,2.0,No,0.0005,Yes
Precise meaningful effect,1213,-0.1134,3.0,0.7,2.0,No,0.0005,Yes
Precise meaningful effect,1214,0.2455,3.0,0.7,2.0,No,0.0005,Yes
Precise meaningful effect,1215,-1.6437,3.0,0.7,2.0,No,0.0005,Yes
Precise meaningful effect,1216,1.7931,3.0,0.7,2.0,No,0.0005,Yes
Precise meaningful effect,1217,-0.6548,3.0,0.7,2.0,No,0.0005,Yes
Precise meaningful effect,1218,-0.3111,3.0,0.7,2.0,No,0.0005,Yes
Precise meaningful effect,1219,-0.4863,3.0,0.7,2.0,No,0.0005,Yes
Precise meaningful effect,1220,-0.4719,3.0,0.7,2.0,No,0.0005,Yes
Precise meaningful effect,1221,0.2558,3.0,0.7,2.0,No,0.0005,Yes
Precise meaningful effect,1222,1.2236,3.0,0.7,2.0,No,0.0005,Yes
Precise meaningful effect,1223,1.1331,3.0,0.7,2.0,No,0.0005,Yes
Precise meaningful effect,1224,-0.7558,3.0,0.7,2.0,No,0.0005,Yes
Precise meaningful effect,1225,-0.3602,3.0,0.7,2.0,No,0.0005,Yes
Precise meaningful effect,1226,0.0156,3.0,0.7,2.0,No,0.0005,Yes
Precise meaningful effect,1227,0.4555,3.0,0.7,2.0,No,0.0005,Yes
Precise meaningful effect,1228,0.2457,3.0,0.7,2.0,No,0.0005,Yes
Precise meaningful effect,1229,0.3469,3.0,0.7,2.0,No,0.0005,Yes
Precise meaningful effect,1230,-1.2305,3.0,0.7,2.0,No,0.0005,Yes
Precise meaningful effect,1231,0.1596,3.0,0.7,2.0,No,0.0005,Yes
Precise meaningful effect,1232,0.936,3.0,0.7,2.0,No,0.0005,Yes
Precise meaningful effect,1233,-1.0462,3.0,0.7,2.0,No,0.0005,Yes
Precise meaningful effect,1234,0.3724,3.0,0.7,2.0,No,0.0005,Yes
Precise meaningful effect,1235,0.2564,3.0,0.7,2.0,No,0.0005,Yes
Precise meaningful effect,1236,-0.0928,3.0,0.7,2.0,No,0.0005,Yes
Precise meaningful effect,1237,0.5278,3.0,0.7,2.0,No,0.0005,Yes
Precise meaningful effect,1238,-0.0028,3.0,0.7,2.0,No,0.0005,Yes
Precise meaningful effect,1239,0.1609,3.0,0.7,2.0,No,0.0005,Yes
Precise meaningful effect,1240,-0.0065,3.0,0.7,2.0,No,0.0005,Yes
Precise meaningful effect,1241,-0.2955,3.0,0.7,2.0,No,0.0005,Yes
Precise meaningful effect,1242,-0.1201,3.0,0.7,2.0,No,0.0005,Yes
Precise meaningful effect,1243,-0.2998,3.0,0.7,2.0,No,0.0005,Yes
Precise meaningful effect,1244,-0.0808,3.0,0.7,2.0,No,0.0005,Yes
Precise meaningful effect,1245,-0.1793,3.0,0.7,2.0,No,0.0005,Yes
Precise meaningful effect,1246,-0.6042,3.0,0.7,2.0,No,0.0005,Yes
Precise meaningful effect,1247,-0.9573,3.0,0.7,2.0,No,0.0005,Yes
Precise meaningful effect,1248,-1.2595,3.0,0.7,2.0,No,0.0005,Yes
Precise meaningful effect,1249,-1.4475,3.0,0.7,2.0,No,0.0005,Yes
Precise meaningful effect,1250,0.1243,3.0,0.7,2.0,No,0.0005,Yes
Precise meaningful effect,1251,0.992,3.0,0.7,2.0,No,0.0005,Yes
Precise meaningful effect,1252,1.1455,3.0,0.7,2.0,No,0.0005,Yes
Precise meaningful effect,1253,-0.1467,3.0,0.7,2.0,No,0.0005,Yes
Precise meaningful effect,1254,0.2335,3.0,0.7,2.0,No,0.0005,Yes
Precise meaningful effect,1255,-0.4064,3.0,0.7,2.0,No,0.0005,Yes
Precise meaningful effect,1256,0.5343,3.0,0.7,2.0,No,0.0005,Yes
Precise meaningful effect,1257,-0.1832,3.0,0.7,2.0,No,0.0005,Yes
Precise meaningful effect,1258,0.8662,3.0,0.7,2.0,No,0.0005,Yes
Precise meaningful effect,1259,-1.1389,3.0,0.7,2.0,No,0.0005,Yes
Precise meaningful effect,1260,-0.0058,3.0,0.7,2.0,No,0.0005,Yes
Precise meaningful effect,1261,1.7348,3.0,0.7,2.0,No,0.0005,Yes
Precise meaningful effect,1262,0.3107,3.0,0.7,2.0,No,0.0005,Yes
Precise meaningful effect,1263,0.1575,3.0,0.7,2.0,No,0.0005,Yes
Precise meaningful effect,1264,1.3259,3.0,0.7,2.0,No,0.0005,Yes
Precise meaningful effect,1265,-0.3691,3.0,0.7,2.0,No,0.0005,Yes
Precise meaningful effect,1266,-0.5787,3.0,0.7,2.0,No,0.0005,Yes
Precise meaningful effect,1267,0.2378,3.0,0.7,2.0,No,0.0005,Yes
Precise meaningful effect,1268,-0.0931,3.0,0.7,2.0,No,0.0005,Yes
Precise meaningful effect,1269,0.7132,3.0,0.7,2.0,No,0.0005,Yes
Precise meaningful effect,1270,-0.5135,3.0,0.7,2.0,No,0.0005,Yes
Precise meaningful effect,1271,-0.0045,3.0,0.7,2.0,No,0.0005,Yes
Precise meaningful effect,1272,0.0587,3.0,0.7,2.0,No,0.0005,Yes
Precise meaningful effect,1273,-1.2209,3.0,0.7,2.0,No,0.0005,Yes
Precise meaningful effect,1274,0.62,3.0,0.7,2.0,No,0.0005,Yes
Precise meaningful effect,1275,0.5246,3.0,0.7,2.0,No,0.0005,Yes
Precise meaningful effect,1276,0.278,3.0,0.7,2.0,No,0.0005,Yes
Precise meaningful effect,1277,-0.7063,3.0,0.7,2.0,No,0.0005,Yes
Precise meaningful effect,1278,1.7123,3.0,0.7,2.0,No,0.0005,Yes
Precise meaningful effect,1279,-0.2953,3.0,0.7,2.0,No,0.0005,Yes
Precise meaningful effect,1280,0.0201,3.0,0.7,2.0,No,0.0005,Yes
Precise meaningful effect,1281,0.2326,3.0,0.7,2.0,No,0.0005,Yes
Precise meaningful effect,1282,0.5587,3.0,0.7,2.0,No,0.0005,Yes
Precise meaningful effect,1283,0.2741,3.0,0.7,2.0,No,0.0005,Yes
Precise meaningful effect,1284,0.4782,3.0,0.7,2.0,No,0.0005,Yes
Precise meaningful effect,1285,-0.4176,3.0,0.7,2.0,No,0.0005,Yes
Precise meaningful effect,1286,-0.6396,3.0,0.7,2.0,No,0.0005,Yes
Precise meaningful effect,1287,0.5732,3.0,0.7,2.0,No,0.0005,Yes
Precise meaningful effect,1288,1.6286,3.0,0.7,2.0,No,0.0005,Yes
Precise meaningful effect,1289,-0.1439,3.0,0.7,2.0,No,0.0005,Yes
Precise meaningful effect,1290,-0.274,3.0,0.7,2.0,No,0.0005,Yes
Precise meaningful effect,1291,0.8637,3.0,0.7,2.0,No,0.0005,Yes
Precise meaningful effect,1292,0.525,3.0,0.7,2.0,No,0.0005,Yes
Precise meaningful effect,1293,0.3241,3.0,0.7,2.0,No,0.0005,Yes
Precise meaningful effect,1294,0.0482,3.0,0.7,2.0,No,0.0005,Yes
Precise meaningful effect,1295,0.7748,3.0,0.7,2.0,No,0.0005,Yes
Precise meaningful effect,1296,0.5991,3.0,0.7,2.0,No,0.0005,Yes
Precise meaningful effect,1297,-0.4842,3.0,0.7,2.0,No,0.0005,Yes
Precise meaningful effect,1298,0.7365,3.0,0.7,2.0,No,0.0005,Yes
Precise meaningful effect,1299,-0.2921,3.0,0.7,2.0,No,0.0005,Yes
Precise meaningful effect,1300,-0.6209,3.0,0.7,2.0,No,0.0005,Yes
Precise meaningful effect,1301,-1.1739,3.0,0.7,2.0,No,0.0005,Yes
Precise meaningful effect,1302,0.1772,3.0,0.7,2.0,No,0.0005,Yes
Precise meaningful effect,1303,0.7,3.0,0.7,2.0,No,0.0005,Yes
Precise meaningful effect,1304,0.3472,3.0,0.7,2.0,No,0.0005,Yes
Precise meaningful effect,1305,0.2209,3.0,0.7,2.0,No,0.0005,Yes
Precise meaningful effect,1306,0.2122,3.0,0.7,2.0,No,0.0005,Yes
Precise meaningful effect,1307,-1.1791,3.0,0.7,2.0,No,0.0005,Yes
Precise meaningful effect,1308,0.2152,3.0,0.7,2.0,No,0.0005,Yes
Precise meaningful effect,1309,-0.1162,3.0,0.7,2.0,No,0.0005,Yes
Precise meaningful effect,1310,-0.5565,3.0,0.7,2.0,No,0.0005,Yes
Precise meaningful effect,1311,-0.0798,3.0,0.7,2.0,No,0.0005,Yes
Precise meaningful effect,1312,-0.3333,3.0,0.7,2.0,No,0.0005,Yes
Precise meaningful effect,1313,-1.0082,3.0,0.7,2.0,No,0.0005,Yes
Precise meaningful effect,1314,0.6774,3.0,0.7,2.0,No,0.0005,Yes
Precise meaningful effect,1315,0.836,3.0,0.7,2.0,No,0.0005,Yes
Precise meaningful effect,1316,-0.4939,3.0,0.7,2.0,No,0.0005,Yes
Precise meaningful effect,1317,-0.0878,3.0,0.7,2.0,No,0.0005,Yes
Precise meaningful effect,1318,0.3242,3.0,0.7,2.0,No,0.0005,Yes
Precise meaningful effect,1319,-1.4957,3.0,0.7,2.0,No,0.0005,Yes
Precise meaningful effect,1320,-0.4347,3.0,0.7,2.0,No,0.0005,Yes
Precise meaningful effect,1321,-0.7115,3.0,0.7,2.0,No,0.0005,Yes
Precise meaningful effect,1322,-0.6826,3.0,0.7,2.0,No,0.0005,Yes
Precise meaningful effect,1323,0.2342,3.0,0.7,2.0,No,0.0005,Yes
Precise meaningful effect,1324,0.2432,3.0,0.7,2.0,No,0.0005,Yes
Precise meaningful effect,1325,0.8512,3.0,0.7,2.0,No,0.0005,Yes
Precise meaningful effect,1326,0.8039,3.0,0.7,2.0,No,0.0005,Yes
Precise meaningful effect,1327,-0.9938,3.0,0.7,2.0,No,0.0005,Yes
Precise meaningful effect,1328,0.0259,3.0,0.7,2.0,No,0.0005,Yes
Precise meaningful effect,1329,0.4968,3.0,0.7,2.0,No,0.0005,Yes
Precise meaningful effect,1330,0.5364,3.0,0.7,2.0,No,0.0005,Yes
Precise meaningful effect,1331,-0.2399,3.0,0.7,2.0,No,0.0005,Yes
Precise meaningful effect,1332,0.581,3.0,0.7,2.0,No,0.0005,Yes
Precise meaningful effect,1333,0.1255,3.0,0.7,2.0,No,0.0005,Yes
Precise meaningful effect,1334,-0.1546,3.0,0.7,2.0,No,0.0005,Yes
Precise meaningful effect,1335,0.3551,3.0,0.7,2.0,No,0.0005,Yes
Precise meaningful effect,1336,0.0814,3.0,0.7,2.0,No,0.0005,Yes
Precise meaningful effect,1337,-0.4455,3.0,0.7,2.0,No,0.0005,Yes
Precise meaningful effect,1338,0.4614,3.0,0.7,2.0,No,0.0005,Yes
Precise meaningful effect,1339,0.0831,3.0,0.7,2.0,No,0.0005,Yes
Precise meaningful effect,1340,0.3953,3.0,0.7,2.0,No,0.0005,Yes
Precise meaningful effect,1341,-0.8907,3.0,0.7,2.0,No,0.0005,Yes
Precise meaningful effect,1342,-0.7027,3.0,0.7,2.0,No,0.0005,Yes
Precise meaningful effect,1343,-0.0077,3.0,0.7,2.0,No,0.0005,Yes
Precise meaningful effect,1344,0.7887,3.0,0.7,2.0,No,0.0005,Yes
Precise meaningful effect,1345,-0.9822,3.0,0.7,2.0,No,0.0005,Yes
Precise meaningful effect,1346,0.8547,3.0,0.7,2.0,No,0.0005,Yes
Precise meaningful effect,1347,1.0096,3.0,0.7,2.0,No,0.0005,Yes
Precise meaningful effect,1348,-0.1072,3.0,0.7,2.0,No,0.0005,Yes
Precise meaningful effect,1349,0.403,3.0,0.7,2.0,No,0.0005,Yes
Precise meaningful effect,1350,0.2109,3.0,0.7,2.0,No,0.0005,Yes
Precise meaningful effect,1351,0.6252,3.0,0.7,2.0,No,0.0005,Yes
Precise meaningful effect,1352,-0.1034,3.0,0.7,2.0,No,0.0005,Yes
Precise meaningful effect,1353,-0.8012,3.0,0.7,2.0,No,0.0005,Yes
Precise meaningful effect,1354,-0.0931,3.0,0.7,2.0,No,0.0005,Yes
Precise meaningful effect,1355,0.592,3.0,0.7,2.0,No,0.0005,Yes
Precise meaningful effect,1356,0.4391,3.0,0.7,2.0,No,0.0005,Yes
Precise meaningful effect,1357,-0.2504,3.0,0.7,2.0,No,0.0005,Yes
Precise meaningful effect,1358,-0.4177,3.0,0.7,2.0,No,0.0005,Yes
Precise meaningful effect,1359,-0.6256,3.0,0.7,2.0,No,0.0005,Yes
Precise meaningful effect,1360,0.6793,3.0,0.7,2.0,No,0.0005,Yes
Precise meaningful effect,1361,1.0843,3.0,0.7,2.0,No,0.0005,Yes
Precise meaningful effect,1362,0.4029,3.0,0.7,2.0,No,0.0005,Yes
Precise meaningful effect,1363,0.2905,3.0,0.7,2.0,No,0.0005,Yes
Precise meaningful effect,1364,0.4013,3.0,0.7,2.0,No,0.0005,Yes
Precise meaningful effect,1365,1.1745,3.0,0.7,2.0,No,0.0005,Yes
Precise meaningful effect,1366,0.1856,3.0,0.7,2.0,No,0.0005,Yes
Precise meaningful effect,1367,-0.0209,3.0,0.7,2.0,No,0.0005,Yes
Precise meaningful effect,1368,-1.8483,3.0,0.7,2.0,No,0.0005,Yes
Precise meaningful effect,1369,0.5511,3.0,0.7,2.0,No,0.0005,Yes
Precise meaningful effect,1370,0.0062,3.0,0.7,2.0,No,0.0005,Yes
Precise meaningful effect,1371,0.8956,3.0,0.7,2.0,No,0.0005,Yes
Precise meaningful effect,1372,-0.3704,3.0,0.7,2.0,No,0.0005,Yes
Precise meaningful effect,1373,-1.4652,3.0,0.7,2.0,No,0.0005,Yes
Precise meaningful effect,1374,-0.1487,3.0,0.7,2.0,No,0.0005,Yes
Precise meaningful effect,1375,0.9621,3.0,0.7,2.0,No,0.0005,Yes
Precise meaningful effect,1376,0.4548,3.0,0.7,2.0,No,0.0005,Yes
Precise meaningful effect,1377,-0.2737,3.0,0.7,2.0,No,0.0005,Yes
Precise meaningful effect,1378,0.8858,3.0,0.7,2.0,No,0.0005,Yes
Precise meaningful effect,1379,0.2861,3.0,0.7,2.0,No,0.0005,Yes
Precise meaningful effect,1380,0.2569,3.0,0.7,2.0,No,0.0005,Yes
Precise meaningful effect,1381,-0.7848,3.0,0.7,2.0,No,0.0005,Yes
Precise meaningful effect,1382,0.6671,3.0,0.7,2.0,No,0.0005,Yes
Precise meaningful effect,1383,-0.4666,3.0,0.7,2.0,No,0.0005,Yes
Precise meaningful effect,1384,-0.2354,3.0,0.7,2.0,No,0.0005,Yes
Precise meaningful effect,1385,0.0267,3.0,0.7,2.0,No,0.0005,Yes
Precise meaningful effect,1386,0.5383,3.0,0.7,2.0,No,0.0005,Yes
Precise meaningful effect,1387,-0.4047,3.0,0.7,2.0,No,0.0005,Yes
Precise meaningful effect,1388,0.42,3.0,0.7,2.0,No,0.0005,Yes
Precise meaningful effect,1389,0.3106,3.0,0.7,2.0,No,0.0005,Yes
Precise meaningful effect,1390,-1.2977,3.0,0.7,2.0,No,0.0005,Yes
Precise meaningful effect,1391,0.3555,3.0,0.7,2.0,No,0.0005,Yes
Precise meaningful effect,1392,0.9722,3.0,0.7,2.0,No,0.0005,Yes
Precise meaningful effect,1393,-0.1059,3.0,0.7,2.0,No,0.0005,Yes
Precise meaningful effect,1394,0.5746,3.0,0.7,2.0,No,0.0005,Yes
Precise meaningful effect,1395,-0.4033,3.0,0.7,2.0,No,0.0005,Yes
Precise meaningful effect,1396,-0.7184,3.0,0.7,2.0,No,0.0005,Yes
Precise meaningful effect,1397,1.2911,3.0,0.7,2.0,No,0.0005,Yes
Precise meaningful effect,1398,1.996,3.0,0.7,2.0,No,0.0005,Yes
Precise meaningful effect,1399,0.452,3.0,0.7,2.0,No,0.0005,Yes
Precise meaningful effect,1400,0.3977,3.0,0.7,2.0,No,0.0005,Yes
Precise meaningful effect,1401,-0.2816,3.0,0.7,2.0,No,0.0005,Yes
Precise meaningful effect,1402,1.168,3.0,0.7,2.0,No,0.0005,Yes
Precise meaningful effect,1403,0.0123,3.0,0.7,2.0,No,0.0005,Yes
Precise meaningful effect,1404,-0.9235,3.0,0.7,2.0,No,0.0005,Yes
Precise meaningful effect,1405,-0.3226,3.0,0.7,2.0,No,0.0005,Yes
Precise meaningful effect,1406,-1.2837,3.0,0.7,2.0,No,0.0005,Yes
Precise meaningful effect,1407,0.4783,3.0,0.7,2.0,No,0.0005,Yes
Precise meaningful effect,1408,-0.3408,3.0,0.7,2.0,No,0.0005,Yes
Precise meaningful effect,1409,-0.335,3.0,0.7,2.0,No,0.0005,Yes
Precise meaningful effect,1410,-0.2585,3.0,0.7,2.0,No,0.0005,Yes
Precise meaningful effect,1411,0.0348,3.0,0.7,2.0,No,0.0005,Yes
Precise meaningful effect,1412,0.0691,3.0,0.7,2.0,No,0.0005,Yes
Precise meaningful effect,1413,-0.1319,3.0,0.7,2.0,No,0.0005,Yes
Precise meaningful effect,1414,-0.7945,3.0,0.7,2.0,No,0.0005,Yes
Precise meaningful effect,1415,-1.046,3.0,0.7,2.0,No,0.0005,Yes
Precise meaningful effect,1416,0.7468,3.0,0.7,2.0,No,0.0005,Yes
Precise meaningful effect,1417,-0.9545,3.0,0.7,2.0,No,0.0005,Yes
Precise meaningful effect,1418,0.5265,3.0,0.7,2.0,No,0.0005,Yes
Precise meaningful effect,1419,-0.766,3.0,0.7,2.0,No,0.0005,Yes
Precise meaningful effect,1420,-0.7707,3.0,0.7,2.0,No,0.0005,Yes
Precise meaningful effect,1421,0.1381,3.0,0.7,2.0,No,0.0005,Yes
Precise meaningful effect,1422,-0.5046,3.0,0.7,2.0,No,0.0005,Yes
Precise meaningful effect,1423,-0.5154,3.0,0.7,2.0,No,0.0005,Yes
Precise meaningful effect,1424,-0.515,3.0,0.7,2.0,No,0.0005,Yes
Precise meaningful effect,1425,-0.7794,3.0,0.7,2.0,No,0.0005,Yes
Precise meaningful effect,1426,-1.1957,3.0,0.7,2.0,No,0.0005,Yes
Precise meaningful effect,1427,-0.2776,3.0,0.7,2.0,No,0.0005,Yes
Precise meaningful effect,1428,0.0925,3.0,0.7,2.0,No,0.0005,Yes
Precise meaningful effect,1429,0.7972,3.0,0.7,2.0,No,0.0005,Yes
Precise meaningful effect,1430,-0.4102,3.0,0.7,2.0,No,0.0005,Yes
Precise meaningful effect,1431,1.1287,3.0,0.7,2.0,No,0.0005,Yes
Precise meaningful effect,1432,1.5044,3.0,0.7,2.0,No,0.0005,Yes
Precise meaningful effect,1433,0.2641,3.0,0.7,2.0,No,0.0005,Yes
Precise meaningful effect,1434,0.2585,3.0,0.7,2.0,No,0.0005,Yes
Precise meaningful effect,1435,1.0203,3.0,0.7,2.0,No,0.0005,Yes
Precise meaningful effect,1436,-0.0936,3.0,0.7,2.0,No,0.0005,Yes
Precise meaningful effect,1437,-0.023,3.0,0.7,2.0,No,0.0005,Yes
Precise meaningful effect,1438,-0.5843,3.0,0.7,2.0,No,0.0005,Yes
Precise meaningful effect,1439,1.4555,3.0,0.7,2.0,No,0.0005,Yes
Precise meaningful effect,1440,0.2838,3.0,0.7,2.0,No,0.0005,Yes
Precise meaningful effect,1441,-0.8885,3.0,0.7,2.0,No,0.0005,Yes
Precise meaningful effect,1442,0.2701,3.0,0.7,2.0,No,0.0005,Yes
Precise meaningful effect,1443,-0.9757,3.0,0.7,2.0,No,0.0005,Yes
Precise meaningful effect,1444,0.5712,3.0,0.7,2.0,No,0.0005,Yes
Precise meaningful effect,1445,-0.1949,3.0,0.7,2.0,No,0.0005,Yes
Precise meaningful effect,1446,-1.0465,3.0,0.7,2.0,No,0.0005,Yes
Precise meaningful effect,1447,0.854,3.0,0.7,2.0,No,0.0005,Yes
Precise meaningful effect,1448,-0.3333,3.0,0.7,2.0,No,0.0005,Yes
Precise meaningful effect,1449,-0.2438,3.0,0.7,2.0,No,0.0005,Yes
Precise meaningful effect,1450,0.4718,3.0,0.7,2.0,No,0.0005,Yes
Precise meaningful effect,1451,-0.2783,3.0,0.7,2.0,No,0.0005,Yes
Precise meaningful effect,1452,0.4492,3.0,0.7,2.0,No,0.0005,Yes
Precise meaningful effect,1453,0.3037,3.0,0.7,2.0,No,0.0005,Yes
Precise meaningful effect,1454,-0.7442,3.0,0.7,2.0,No,0.0005,Yes
Precise meaningful effect,1455,0.305,3.0,0.7,2.0,No,0.0005,Yes
Precise meaningful effect,1456,1.2252,3.0,0.7,2.0,No,0.0005,Yes
Precise meaningful effect,1457,0.1169,3.0,0.7,2.0,No,0.0005,Yes
Precise meaningful effect,1458,0.431,3.0,0.7,2.0,No,0.0005,Yes
Precise meaningful effect,1459,0.4292,3.0,0.7,2.0,No,0.0005,Yes
Precise meaningful effect,1460,0.548,3.0,0.7,2.0,No,0.0005,Yes
Precise meaningful effect,1461,0.0769,3.0,0.7,2.0,No,0.0005,Yes
Precise meaningful effect,1462,-0.1465,3.0,0.7,2.0,No,0.0005,Yes
Precise meaningful effect,1463,0.3149,3.0,0.7,2.0,No,0.0005,Yes
Precise meaningful effect,1464,-0.8743,3.0,0.7,2.0,No,0.0005,Yes
Precise meaningful effect,1465,-0.3344,3.0,0.7,2.0,No,0.0005,Yes
Precise meaningful effect,1466,-0.2098,3.0,0.7,2.0,No,0.0005,Yes
Precise meaningful effect,1467,-0.5567,3.0,0.7,2.0,No,0.0005,Yes
Precise meaningful effect,1468,0.3584,3.0,0.7,2.0,No,0.0005,Yes
Precise meaningful effect,1469,0.2129,3.0,0.7,2.0,No,0.0005,Yes
Precise meaningful effect,1470,-0.7377,3.0,0.7,2.0,No,0.0005,Yes
Precise meaningful effect,1471,-0.1466,3.0,0.7,2.0,No,0.0005,Yes
Precise meaningful effect,1472,-1.2785,3.0,0.7,2.0,No,0.0005,Yes
Precise meaningful effect,1473,-0.5277,3.0,0.7,2.0,No,0.0005,Yes
Precise meaningful effect,1474,0.2513,3.0,0.7,2.0,No,0.0005,Yes
Precise meaningful effect,1475,0.9234,3.0,0.7,2.0,No,0.0005,Yes
Precise meaningful effect,1476,0.5716,3.0,0.7,2.0,No,0.0005,Yes
Precise meaningful effect,1477,-0.0144,3.0,0.7,2.0,No,0.0005,Yes
Precise meaningful effect,1478,0.3224,3.0,0.7,2.0,No,0.0005,Yes
Precise meaningful effect,1479,-1.2209,3.0,0.7,2.0,No,0.0005,Yes
Precise meaningful effect,1480,-0.3577,3.0,0.7,2.0,No,0.0005,Yes
Precise meaningful effect,1481,-0.9945,3.0,0.7,2.0,No,0.0005,Yes
Precise meaningful effect,1482,-0.2833,3.0,0.7,2.0,No,0.0005,Yes
Precise meaningful effect,1483,0.7522,3.0,0.7,2.0,No,0.0005,Yes
Precise meaningful effect,1484,-0.0048,3.0,0.7,2.0,No,0.0005,Yes
Precise meaningful effect,1485,-0.0683,3.0,0.7,2.0,No,0.0005,Yes
Precise meaningful effect,1486,-1.4745,3.0,0.7,2.0,No,0.0005,Yes
Precise meaningful effect,1487,-0.3786,3.0,0.7,2.0,No,0.0005,Yes
Precise meaningful effect,1488,-0.1231,3.0,0.7,2.0,No,0.0005,Yes
Precise meaningful effect,1489,-0.4053,3.0,0.7,2.0,No,0.0005,Yes
Precise meaningful effect,1490,0.7887,3.0,0.7,2.0,No,0.0005,Yes
Precise meaningful effect,1491,0.6553,3.0,0.7,2.0,No,0.0005,Yes
Precise meaningful effect,1492,0.688,3.0,0.7,2.0,No,0.0005,Yes
Precise meaningful effect,1493,-0.7783,3.0,0.7,2.0,No,0.0005,Yes
Precise meaningful effect,1494,-0.328,3.0,0.7,2.0,No,0.0005,Yes
Precise meaningful effect,1495,-0.094,3.0,0.7,2.0,No,0.0005,Yes
Precise meaningful effect,1496,0.7381,3.0,0.7,2.0,No,0.0005,Yes
Precise meaningful effect,1497,-0.3391,3.0,0.7,2.0,No,0.0005,Yes
Precise meaningful effect,1498,0.8966,3.0,0.7,2.0,No,0.0005,Yes
Precise meaningful effect,1499,0.4475,3.0,0.7,2.0,No,0.0005,Yes
Precise meaningful effect,1500,-0.9048,3.0,0.7,2.0,No,0.0005,Yes
Precise meaningful effect,1501,-0.046,3.0,0.7,2.0,No,0.0005,Yes
Precise meaningful effect,1502,0.6583,3.0,0.7,2.0,No,0.0005,Yes
Precise meaningful effect,1503,0.1573,3.0,0.7,2.0,No,0.0005,Yes
Precise meaningful effect,1504,-0.9392,3.0,0.7,2.0,No,0.0005,Yes
Precise meaningful effect,1505,-0.4579,3.0,0.7,2.0,No,0.0005,Yes
Precise meaningful effect,1506,-0.6101,3.0,0.7,2.0,No,0.0005,Yes
Precise meaningful effect,1507,-0.2244,3.0,0.7,2.0,No,0.0005,Yes
Precise meaningful effect,1508,0.6104,3.0,0.7,2.0,No,0.0005,Yes
Precise meaningful effect,1509,1.3,3.0,0.7,2.0,No,0.0005,Yes
Precise meaningful effect,1510,0.1515,3.0,0.7,2.0,No,0.0005,Yes
Precise meaningful effect,1511,0.7629,3.0,0.7,2.0,No,0.0005,Yes
Precise meaningful effect,1512,0.3104,3.0,0.7,2.0,No,0.0005,Yes
Precise meaningful effect,1513,-0.1876,3.0,0.7,2.0,No,0.0005,Yes
Precise meaningful effect,1514,0.2572,3.0,0.7,2.0,No,0.0005,Yes
Precise meaningful effect,1515,-0.4364,3.0,0.7,2.0,No,0.0005,Yes
Precise meaningful effect,1516,-0.2474,3.0,0.7,2.0,No,0.0005,Yes
Precise meaningful effect,1517,0.7084,3.0,0.7,2.0,No,0.0005,Yes
Precise meaningful effect,1518,0.7341,3.0,0.7,2.0,No,0.0005,Yes
Precise meaningful effect,1519,-0.3689,3.0,0.7,2.0,No,0.0005,Yes
Precise meaningful effect,1520,0.0758,3.0,0.7,2.0,No,0.0005,Yes
Precise meaningful effect,1521,0.905,3.0,0.7,2.0,No,0.0005,Yes
Precise meaningful effect,1522,1.0201,3.0,0.7,2.0,No,0.0005,Yes
Precise meaningful effect,1523,-1.5906,3.0,0.7,2.0,No,0.0005,Yes
Precise meaningful effect,1524,-0.308,3.0,0.7,2.0,No,0.0005,Yes
Precise meaningful effect,1525,0.231,3.0,0.7,2.0,No,0.0005,Yes
Precise meaningful effect,1526,-0.1505,3.0,0.7,2.0,No,0.0005,Yes
Precise meaningful effect,1527,0.3587,3.0,0.7,2.0,No,0.0005,Yes
Precise meaningful effect,1528,-0.2742,3.0,0.7,2.0,No,0.0005,Yes
Precise meaningful effect,1529,-0.1164,3.0,0.7,2.0,No,0.0005,Yes
Precise meaningful effect,1530,0.188,3.0,0.7,2.0,No,0.0005,Yes
Precise meaningful effect,1531,0.1666,3.0,0.7,2.0,No,0.0005,Yes
Precise meaningful effect,1532,1.3985,3.0,0.7,2.0,No,0.0005,Yes
Precise meaningful effect,1533,-0.4426,3.0,0.7,2.0,No,0.0005,Yes
Precise meaningful effect,1534,0.03,3.0,0.7,2.0,No,0.0005,Yes
Precise meaningful effect,1535,0.8895,3.0,0.7,2.0,No,0.0005,Yes
Precise meaningful effect,1536,0.0877,3.0,0.7,2.0,No,0.0005,Yes
Precise meaningful effect,1537,0.5859,3.0,0.7,2.0,No,0.0005,Yes
Precise meaningful effect,1538,0.1553,3.0,0.7,2.0,No,0.0005,Yes
Precise meaningful effect,1539,0.5499,3.0,0.7,2.0,No,0.0005,Yes
Precise meaningful effect,1540,0.268,3.0,0.7,2.0,No,0.0005,Yes
Precise meaningful effect,1541,-0.8422,3.0,0.7,2.0,No,0.0005,Yes
Precise meaningful effect,1542,0.5126,3.0,0.7,2.0,No,0.0005,Yes
Precise meaningful effect,1543,-0.1539,3.0,0.7,2.0,No,0.0005,Yes
Precise meaningful effect,1544,-0.9837,3.0,0.7,2.0,No,0.0005,Yes
Precise meaningful effect,1545,-0.3516,3.0,0.7,2.0,No,0.0005,Yes
Precise meaningful effect,1546,-0.9987,3.0,0.7,2.0,No,0.0005,Yes
Precise meaningful effect,1547,-0.4781,3.0,0.7,2.0,No,0.0005,Yes
Precise meaningful effect,1548,0.3307,3.0,0.7,2.0,No,0.0005,Yes
Precise meaningful effect,1549,-0.094,3.0,0.7,2.0,No,0.0005,Yes
Precise meaningful effect,1550,0.4897,3.0,0.7,2.0,No,0.0005,Yes
Precise meaningful effect,1551,-0.762,3.0,0.7,2.0,No,0.0005,Yes
Precise meaningful effect,1552,0.8054,3.0,0.7,2.0,No,0.0005,Yes
Precise meaningful effect,1553,-0.8866,3.0,0.7,2.0,No,0.0005,Yes
Precise meaningful effect,1554,-0.2578,3.0,0.7,2.0,No,0.0005,Yes
Precise meaningful effect,1555,0.5151,3.0,0.7,2.0,No,0.0005,Yes
Precise meaningful effect,1556,-0.1486,3.0,0.7,2.0,No,0.0005,Yes
Precise meaningful effect,1557,0.134,3.0,0.7,2.0,No,0.0005,Yes
Precise meaningful effect,1558,-0.7023,3.0,0.7,2.0,No,0.0005,Yes
Precise meaningful effect,1559,0.1403,3.0,0.7,2.0,No,0.0005,Yes
Precise meaningful effect,1560,-0.13,3.0,0.7,2.0,No,0.0005,Yes
Precise meaningful effect,1561,-0.2889,3.0,0.7,2.0,No,0.0005,Yes
Precise meaningful effect,1562,-0.3443,3.0,0.7,2.0,No,0.0005,Yes
Precise meaningful effect,1563,0.2662,3.0,0.7,2.0,No,0.0005,Yes
Precise meaningful effect,1564,-1.0287,3.0,0.7,2.0,No,0.0005,Yes
Precise meaningful effect,1565,-0.0301,3.0,0.7,2.0,No,0.0005,Yes
Precise meaningful effect,1566,-0.5,3.0,0.7,2.0,No,0.0005,Yes
Precise meaningful effect,1567,-1.0265,3.0,0.7,2.0,No,0.0005,Yes
Precise meaningful effect,1568,0.9525,3.0,0.7,2.0,No,0.0005,Yes
Precise meaningful effect,1569,0.0635,3.0,0.7,2.0,No,0.0005,Yes
Precise meaningful effect,1570,0.1406,3.0,0.7,2.0,No,0.0005,Yes
Precise meaningful effect,1571,0.453,3.0,0.7,2.0,No,0.0005,Yes
Precise meaningful effect,1572,0.8655,3.0,0.7,2.0,No,0.0005,Yes
Precise meaningful effect,1573,0.3029,3.0,0.7,2.0,No,0.0005,Yes
Precise meaningful effect,1574,-0.209,3.0,0.7,2.0,No,0.0005,Yes
Precise meaningful effect,1575,0.5852,3.0,0.7,2.0,No,0.0005,Yes
Precise meaningful effect,1576,0.0368,3.0,0.7,2.0,No,0.0005,Yes
Precise meaningful effect,1577,-0.2846,3.0,0.7,2.0,No,0.0005,Yes
Precise meaningful effect,1578,0.6836,3.0,0.7,2.0,No,0.0005,Yes
Precise meaningful effect,1579,0.1102,3.0,0.7,2.0,No,0.0005,Yes
Precise meaningful effect,1580,1.2688,3.0,0.7,2.0,No,0.0005,Yes
Precise meaningful effect,1581,0.4953,3.0,0.7,2.0,No,0.0005,Yes
Precise meaningful effect,1582,1.1382,3.0,0.7,2.0,No,0.0005,Yes
Precise meaningful effect,1583,1.2001,3.0,0.7,2.0,No,0.0005,Yes
Precise meaningful effect,1584,1.4592,3.0,0.7,2.0,No,0.0005,Yes
Precise meaningful effect,1585,-0.4861,3.0,0.7,2.0,No,0.0005,Yes
Precise meaningful effect,1586,-1.0476,3.0,0.7,2.0,No,0.0005,Yes
Precise meaningful effect,1587,-0.2675,3.0,0.7,2.0,No,0.0005,Yes
Precise meaningful effect,1588,0.0234,3.0,0.7,2.0,No,0.0005,Yes
Precise meaningful effect,1589,-0.6594,3.0,0.7,2.0,No,0.0005,Yes
Precise meaningful effect,1590,-0.6861,3.0,0.7,2.0,No,0.0005,Yes
Precise meaningful effect,1591,0.3818,3.0,0.7,2.0,No,0.0005,Yes
Precise meaningful effect,1592,-1.3497,3.0,0.7,2.0,No,0.0005,Yes
Precise meaningful effect,1593,-1.1306,3.0,0.7,2.0,No,0.0005,Yes
Precise meaningful effect,1594,0.6645,3.0,0.7,2.0,No,0.0005,Yes
Precise meaningful effect,1595,1.2822,3.0,0.7,2.0,No,0.0005,Yes
Precise meaningful effect,1596,-0.8724,3.0,0.7,2.0,No,0.0005,Yes
Precise meaningful effect,1597,1.3875,3.0,0.7,2.0,No,0.0005,Yes
Precise meaningful effect,1598,-1.053,3.0,0.7,2.0,No,0.0005,Yes
Precise meaningful effect,1599,-0.7097,3.0,0.7,2.0,No,0.0005,Yes
Precise meaningful effect,1600,1.0097,3.0,0.7,2.0,No,0.0005,Yes
Precise meaningful effect,1601,0.3705,3.0,0.7,2.0,No,0.0005,Yes
Precise meaningful effect,1602,2.1942,3.0,0.7,2.0,No,0.0005,Yes
Precise meaningful effect,1603,-0.1497,3.0,0.7,2.0,No,0.0005,Yes
Precise meaningful effect,1604,-0.0119,3.0,0.7,2.0,No,0.0005,Yes
Precise meaningful effect,1605,-0.2623,3.0,0.7,2.0,No,0.0005,Yes
Precise meaningful effect,1606,0.5526,3.0,0.7,2.0,No,0.0005,Yes
Precise meaningful effect,1607,0.3778,3.0,0.7,2.0,No,0.0005,Yes
Precise meaningful effect,1608,0.0686,3.0,0.7,2.0,No,0.0005,Yes
Precise meaningful effect,1609,0.9398,3.0,0.7,2.0,No,0.0005,Yes
Precise meaningful effect,1610,-1.5847,3.0,0.7,2.0,No,0.0005,Yes
Precise meaningful effect,1611,-0.9152,3.0,0.7,2.0,No,0.0005,Yes
Precise meaningful effect,1612,-0.863,3.0,0.7,2.0,No,0.0005,Yes
Precise meaningful effect,1613,-0.8811,3.0,0.7,2.0,No,0.0005,Yes
Precise meaningful effect,1614,0.1007,3.0,0.7,2.0,No,0.0005,Yes
Precise meaningful effect,1615,0.2313,3.0,0.7,2.0,No,0.0005,Yes
Precise meaningful effect,1616,-0.0788,3.0,0.7,2.0,No,0.0005,Yes
Precise meaningful effect,1617,-1.5268,3.0,0.7,2.0,No,0.0005,Yes
Precise meaningful effect,1618,0.1354,3.0,0.7,2.0,No,0.0005,Yes
Precise meaningful effect,1619,-0.7449,3.0,0.7,2.0,No,0.0005,Yes
Precise meaningful effect,1620,0.6101,3.0,0.7,2.0,No,0.0005,Yes
Precise meaningful effect,1621,0.2828,3.0,0.7,2.0,No,0.0005,Yes
Precise meaningful effect,1622,-1.0,3.0,0.7,2.0,No,0.0005,Yes
Precise meaningful effect,1623,-0.1629,3.0,0.7,2.0,No,0.0005,Yes
Precise meaningful effect,1624,0.6298,3.0,0.7,2.0,No,0.0005,Yes
Precise meaningful effect,1625,0.628,3.0,0.7,2.0,No,0.0005,Yes
Precise meaningful effect,1626,-0.5192,3.0,0.7,2.0,No,0.0005,Yes
Precise meaningful effect,1627,1.4892,3.0,0.7,2.0,No,0.0005,Yes
Precise meaningful effect,1628,-1.0046,3.0,0.7,2.0,No,0.0005,Yes
Precise meaningful effect,1629,0.4306,3.0,0.7,2.0,No,0.0005,Yes
Precise meaningful effect,1630,0.0707,3.0,0.7,2.0,No,0.0005,Yes
Precise meaningful effect,1631,-0.7559,3.0,0.7,2.0,No,0.0005,Yes
Precise meaningful effect,1632,-0.9647,3.0,0.7,2.0,No,0.0005,Yes
Precise meaningful effect,1633,0.5516,3.0,0.7,2.0,No,0.0005,Yes
Precise meaningful effect,1634,-0.3844,3.0,0.7,2.0,No,0.0005,Yes
Precise meaningful effect,1635,-1.0737,3.0,0.7,2.0,No,0.0005,Yes
Precise meaningful effect,1636,0.5793,3.0,0.7,2.0,No,0.0005,Yes
Precise meaningful effect,1637,0.0878,3.0,0.7,2.0,No,0.0005,Yes
Precise meaningful effect,1638,0.6854,3.0,0.7,2.0,No,0.0005,Yes
Precise meaningful effect,1639,-0.2366,3.0,0.7,2.0,No,0.0005,Yes
Precise meaningful effect,1640,0.8178,3.0,0.7,2.0,No,0.0005,Yes
Precise meaningful effect,1641,0.7646,3.0,0.7,2.0,No,0.0005,Yes
Precise meaningful effect,1642,0.0954,3.0,0.7,2.0,No,0.0005,Yes
Precise meaningful effect,1643,1.3255,3.0,0.7,2.0,No,0.0005,Yes
Precise meaningful effect,1644,0.0982,3.0,0.7,2.0,No,0.0005,Yes
Precise meaningful effect,1645,1.2087,3.0,0.7,2.0,No,0.0005,Yes
Precise meaningful effect,1646,-0.1305,3.0,0.7,2.0,No,0.0005,Yes
Precise meaningful effect,1647,-0.4361,3.0,0.7,2.0,No,0.0005,Yes
Precise meaningful effect,1648,-0.2325,3.0,0.7,2.0,No,0.0005,Yes
Precise meaningful effect,1649,0.4735,3.0,0.7,2.0,No,0.0005,Yes
Precise meaningful effect,1650,0.8761,3.0,0.7,2.0,No,0.0005,Yes
Precise meaningful effect,1651,0.6012,3.0,0.7,2.0,No,0.0005,Yes
Precise meaningful effect,1652,0.3221,3.0,0.7,2.0,No,0.0005,Yes
Precise meaningful effect,1653,0.8869,3.0,0.7,2.0,No,0.0005,Yes
Precise meaningful effect,1654,-0.5337,3.0,0.7,2.0,No,0.0005,Yes
Precise meaningful effect,1655,0.283,3.0,0.7,2.0,No,0.0005,Yes
Precise meaningful effect,1656,-0.3308,3.0,0.7,2.0,No,0.0005,Yes
Precise meaningful effect,1657,1.2371,3.0,0.7,2.0,No,0.0005,Yes
Precise meaningful effect,1658,0.0373,3.0,0.7,2.0,No,0.0005,Yes
Precise meaningful effect,1659,-0.1385,3.0,0.7,2.0,No,0.0005,Yes
Precise meaningful effect,1660,0.5154,3.0,0.7,2.0,No,0.0005,Yes
Precise meaningful effect,1661,-1.5504,3.0,0.7,2.0,No,0.0005,Yes
Precise meaningful effect,1662,-0.1535,3.0,0.7,2.0,No,0.0005,Yes
Precise meaningful effect,1663,-0.7519,3.0,0.7,2.0,No,0.0005,Yes
Precise meaningful effect,1664,-0.0882,3.0,0.7,2.0,No,0.0005,Yes
Precise meaningful effect,1665,-0.0955,3.0,0.7,2.0,No,0.0005,Yes
Precise meaningful effect,1666,0.8535,3.0,0.7,2.0,No,0.0005,Yes
Precise meaningful effect,1667,-0.166,3.0,0.7,2.0,No,0.0005,Yes
Precise meaningful effect,1668,-0.991,3.0,0.7,2.0,No,0.0005,Yes
Precise meaningful effect,1669,0.6483,3.0,0.7,2.0,No,0.0005,Yes
Precise meaningful effect,1670,-0.904,3.0,0.7,2.0,No,0.0005,Yes
Precise meaningful effect,1671,-0.2953,3.0,0.7,2.0,No,0.0005,Yes
Precise meaningful effect,1672,0.5078,3.0,0.7,2.0,No,0.0005,Yes
Precise meaningful effect,1673,-0.8699,3.0,0.7,2.0,No,0.0005,Yes
Precise meaningful effect,1674,-1.1179,3.0,0.7,2.0,No,0.0005,Yes
Precise meaningful effect,1675,-0.3644,3.0,0.7,2.0,No,0.0005,Yes
Precise meaningful effect,1676,0.3911,3.0,0.7,2.0,No,0.0005,Yes
Precise meaningful effect,1677,0.1812,3.0,0.7,2.0,No,0.0005,Yes
Precise meaningful effect,1678,-1.0646,3.0,0.7,2.0,No,0.0005,Yes
Precise meaningful effect,1679,-0.6467,3.0,0.7,2.0,No,0.0005,Yes
Precise meaningful effect,1680,-0.0091,3.0,0.7,2.0,No,0.0005,Yes
Precise meaningful effect,1681,-0.564,3.0,0.7,2.0,No,0.0005,Yes
Precise meaningful effect,1682,-1.1711,3.0,0.7,2.0,No,0.0005,Yes
Precise meaningful effect,1683,-1.2605,3.0,0.7,2.0,No,0.0005,Yes
Precise meaningful effect,1684,0.7146,3.0,0.7,2.0,No,0.0005,Yes
Precise meaningful effect,1685,-1.123,3.0,0.7,2.0,No,0.0005,Yes
Precise meaningful effect,1686,0.5208,3.0,0.7,2.0,No,0.0005,Yes
Precise meaningful effect,1687,0.0883,3.0,0.7,2.0,No,0.0005,Yes
Precise meaningful effect,1688,-0.4334,3.0,0.7,2.0,No,0.0005,Yes
Precise meaningful effect,1689,-0.3911,3.0,0.7,2.0,No,0.0005,Yes
Precise meaningful effect,1690,-0.1119,3.0,0.7,2.0,No,0.0005,Yes
Precise meaningful effect,1691,1.1529,3.0,0.7,2.0,No,0.0005,Yes
Precise meaningful effect,1692,-1.2389,3.0,0.7,2.0,No,0.0005,Yes
Precise meaningful effect,1693,-0.3796,3.0,0.7,2.0,No,0.0005,Yes
Precise meaningful effect,1694,0.8164,3.0,0.7,2.0,No,0.0005,Yes
Precise meaningful effect,1695,0.8624,3.0,0.7,2.0,No,0.0005,Yes
Precise meaningful effect,1696,0.3469,3.0,0.7,2.0,No,0.0005,Yes
Precise meaningful effect,1697,0.2059,3.0,0.7,2.0,No,0.0005,Yes
Precise meaningful effect,1698,0.3256,3.0,0.7,2.0,No,0.0005,Yes
Precise meaningful effect,1699,0.5092,3.0,0.7,2.0,No,0.0005,Yes
Precise meaningful effect,1700,-0.1063,3.0,0.7,2.0,No,0.0005,Yes
Precise meaningful effect,1701,-0.2233,3.0,0.7,2.0,No,0.0005,Yes
Precise meaningful effect,1702,0.0782,3.0,0.7,2.0,No,0.0005,Yes
Precise meaningful effect,1703,-0.1252,3.0,0.7,2.0,No,0.0005,Yes
Precise meaningful effect,1704,-0.371,3.0,0.7,2.0,No,0.0005,Yes
Precise meaningful effect,1705,1.0307,3.0,0.7,2.0,No,0.0005,Yes
Precise meaningful effect,1706,-0.3013,3.0,0.7,2.0,No,0.0005,Yes
Precise meaningful effect,1707,1.3581,3.0,0.7,2.0,No,0.0005,Yes
Precise meaningful effect,1708,-0.3312,3.0,0.7,2.0,No,0.0005,Yes
Precise meaningful effect,1709,0.7349,3.0,0.7,2.0,No,0.0005,Yes
Precise meaningful effect,1710,-1.2087,3.0,0.7,2.0,No,0.0005,Yes
Precise meaningful effect,1711,1.2141,3.0,0.7,2.0,No,0.0005,Yes
Precise meaningful effect,1712,-0.904,3.0,0.7,2.0,No,0.0005,Yes
Precise meaningful effect,1713,0.0265,3.0,0.7,2.0,No,0.0005,Yes
Precise meaningful effect,1714,-0.9639,3.0,0.7,2.0,No,0.0005,Yes
Precise meaningful effect,1715,0.2587,3.0,0.7,2.0,No,0.0005,Yes
Precise meaningful effect,1716,-0.7167,3.0,0.7,2.0,No,0.0005,Yes
Precise meaningful effect,1717,-0.373,3.0,0.7,2.0,No,0.0005,Yes
Precise meaningful effect,1718,-0.0778,3.0,0.7,2.0,No,0.0005,Yes
Precise meaningful effect,1719,0.7096,3.0,0.7,2.0,No,0.0005,Yes
Precise meaningful effect,1720,-0.284,3.0,0.7,2.0,No,0.0005,Yes
Precise meaningful effect,1721,1.0937,3.0,0.7,2.0,No,0.0005,Yes
Precise meaningful effect,1722,-0.1393,3.0,0.7,2.0,No,0.0005,Yes
Precise meaningful effect,1723,-0.2039,3.0,0.7,2.0,No,0.0005,Yes
Precise meaningful effect,1724,0.3581,3.0,0.7,2.0,No,0.0005,Yes
Precise meaningful effect,1725,-1.221,3.0,0.7,2.0,No,0.0005,Yes
Precise meaningful effect,1726,-0.7033,3.0,0.7,2.0,No,0.0005,Yes
Precise meaningful effect,1727,-0.1209,3.0,0.7,2.0,No,0.0005,Yes
Precise meaningful effect,1728,-1.4727,3.0,0.7,2.0,No,0.0005,Yes
Precise meaningful effect,1729,-0.1549,3.0,0.7,2.0,No,0.0005,Yes
Precise meaningful effect,1730,1.2682,3.0,0.7,2.0,No,0.0005,Yes
Precise meaningful effect,1731,-0.3462,3.0,0.7,2.0,No,0.0005,Yes
Precise meaningful effect,1732,0.0846,3.0,0.7,2.0,No,0.0005,Yes
Precise meaningful effect,1733,-0.6536,3.0,0.7,2.0,No,0.0005,Yes
Precise meaningful effect,1734,-0.0858,3.0,0.7,2.0,No,0.0005,Yes
Precise meaningful effect,1735,-0.451,3.0,0.7,2.0,No,0.0005,Yes
Precise meaningful effect,1736,-0.0744,3.0,0.7,2.0,No,0.0005,Yes
Precise meaningful effect,1737,-0.2317,3.0,0.7,2.0,No,0.0005,Yes
Precise meaningful effect,1738,1.1528,3.0,0.7,2.0,No,0.0005,Yes
Precise meaningful effect,1739,-1.9854,3.0,0.7,2.0,No,0.0005,Yes
Precise meaningful effect,1740,-0.269,3.0,0.7,2.0,No,0.0005,Yes
Precise meaningful effect,1741,0.3514,3.0,0.7,2.0,No,0.0005,Yes
Precise meaningful effect,1742,-0.2544,3.0,0.7,2.0,No,0.0005,Yes
Precise meaningful effect,1743,-0.6252,3.0,0.7,2.0,No,0.0005,Yes
Precise meaningful effect,1744,-0.9336,3.0,0.7,2.0,No,0.0005,Yes
Precise meaningful effect,1745,0.6508,3.0,0.7,2.0,No,0.0005,Yes
Precise meaningful effect,1746,-0.9314,3.0,0.7,2.0,No,0.0005,Yes
Precise meaningful effect,1747,0.6078,3.0,0.7,2.0,No,0.0005,Yes
Precise meaningful effect,1748,0.9461,3.0,0.7,2.0,No,0.0005,Yes
Precise meaningful effect,1749,0.581,3.0,0.7,2.0,No,0.0005,Yes
Precise meaningful effect,1750,-0.0928,3.0,0.7,2.0,No,0.0005,Yes
Precise meaningful effect,1751,-0.6192,3.0,0.7,2.0,No,0.0005,Yes
Precise meaningful effect,1752,0.4774,3.0,0.7,2.0,No,0.0005,Yes
Precise meaningful effect,1753,-0.4329,3.0,0.7,2.0,No,0.0005,Yes
Precise meaningful effect,1754,0.5633,3.0,0.7,2.0,No,0.0005,Yes
Precise meaningful effect,1755,0.7798,3.0,0.7,2.0,No,0.0005,Yes
Precise meaningful effect,1756,0.8223,3.0,0.7,2.0,No,0.0005,Yes
Precise meaningful effect,1757,0.2292,3.0,0.7,2.0,No,0.0005,Yes
Precise meaningful effect,1758,-0.5747,3.0,0.7,2.0,No,0.0005,Yes
Precise meaningful effect,1759,-1.2364,3.0,0.7,2.0,No,0.0005,Yes
Precise meaningful effect,1760,0.1942,3.0,0.7,2.0,No,0.0005,Yes
Precise meaningful effect,1761,0.3262,3.0,0.7,2.0,No,0.0005,Yes
Precise meaningful effect,1762,0.1642,3.0,0.7,2.0,No,0.0005,Yes
Precise meaningful effect,1763,-0.2268,3.0,0.7,2.0,No,0.0005,Yes
Precise meaningful effect,1764,1.3904,3.0,0.7,2.0,No,0.0005,Yes
Precise meaningful effect,1765,-1.7913,3.0,0.7,2.0,No,0.0005,Yes
Precise meaningful effect,1766,-1.6825,3.0,0.7,2.0,No,0.0005,Yes
Precise meaningful effect,1767,-0.2412,3.0,0.7,2.0,No,0.0005,Yes
Precise meaningful effect,1768,0.5463,3.0,0.7,2.0,No,0.0005,Yes
Precise meaningful effect,1769,-0.489,3.0,0.7,2.0,No,0.0005,Yes
Precise meaningful effect,1770,-0.3111,3.0,0.7,2.0,No,0.0005,Yes
Precise meaningful effect,1771,0.815,3.0,0.7,2.0,No,0.0005,Yes
Precise meaningful effect,1772,-0.5876,3.0,0.7,2.0,No,0.0005,Yes
Precise meaningful effect,1773,0.2491,3.0,0.7,2.0,No,0.0005,Yes
Precise meaningful effect,1774,0.4214,3.0,0.7,2.0,No,0.0005,Yes
Precise meaningful effect,1775,0.4306,3.0,0.7,2.0,No,0.0005,Yes
Precise meaningful effect,1776,0.0703,3.0,0.7,2.0,No,0.0005,Yes
Precise meaningful effect,1777,-0.039,3.0,0.7,2.0,No,0.0005,Yes
Precise meaningful effect,1778,0.8044,3.0,0.7,2.0,No,0.0005,Yes
Precise meaningful effect,1779,-1.9378,3.0,0.7,2.0,No,0.0005,Yes
Precise meaningful effect,1780,-1.5373,3.0,0.7,2.0,No,0.0005,Yes
Precise meaningful effect,1781,1.0717,3.0,0.7,2.0,No,0.0005,Yes
Precise meaningful effect,1782,1.0501,3.0,0.7,2.0,No,0.0005,Yes
Precise meaningful effect,1783,0.1952,3.0,0.7,2.0,No,0.0005,Yes
Precise meaningful effect,1784,-0.4833,3.0,0.7,2.0,No,0.0005,Yes
Precise meaningful effect,1785,-0.6011,3.0,0.7,2.0,No,0.0005,Yes
Precise meaningful effect,1786,-0.6455,3.0,0.7,2.0,No,0.0005,Yes
Precise meaningful effect,1787,0.0983,3.0,0.7,2.0,No,0.0005,Yes
Precise meaningful effect,1788,-1.2698,3.0,0.7,2.0,No,0.0005,Yes
Precise meaningful effect,1789,-0.1199,3.0,0.7,2.0,No,0.0005,Yes
Precise meaningful effect,1790,1.247,3.0,0.7,2.0,No,0.0005,Yes
Precise meaningful effect,1791,-1.2303,3.0,0.7,2.0,No,0.0005,Yes
Precise meaningful effect,1792,1.365,3.0,0.7,2.0,No,0.0005,Yes
Precise meaningful effect,1793,-0.3037,3.0,0.7,2.0,No,0.0005,Yes
Precise meaningful effect,1794,0.3334,3.0,0.7,2.0,No,0.0005,Yes
Precise meaningful effect,1795,-1.0433,3.0,0.7,2.0,No,0.0005,Yes
Precise meaningful effect,1796,0.0108,3.0,0.7,2.0,No,0.0005,Yes
Precise meaningful effect,1797,-0.6485,3.0,0.7,2.0,No,0.0005,Yes
Precise meaningful effect,1798,0.2803,3.0,0.7,2.0,No,0.0005,Yes
Precise meaningful effect,1799,-0.4637,3.0,0.7,2.0,No,0.0005,Yes
Precise meaningful effect,1800,-1.0346,3.0,0.7,2.0,No,0.0005,Yes
Precise meaningful effect,1801,-0.4714,3.0,0.7,2.0,No,0.0005,Yes
Precise meaningful effect,1802,0.589,3.0,0.7,2.0,No,0.0005,Yes
Precise meaningful effect,1803,0.3794,3.0,0.7,2.0,No,0.0005,Yes
Precise meaningful effect,1804,-0.2524,3.0,0.7,2.0,No,0.0005,Yes
Precise meaningful effect,1805,-0.7779,3.0,0.7,2.0,No,0.0005,Yes
Precise meaningful effect,1806,-0.0963,3.0,0.7,2.0,No,0.0005,Yes
Precise meaningful effect,1807,0.2006,3.0,0.7,2.0,No,0.0005,Yes
Precise meaningful effect,1808,-0.2502,3.0,0.7,2.0,No,0.0005,Yes
Precise meaningful effect,1809,-0.2709,3.0,0.7,2.0,No,0.0005,Yes
Precise meaningful effect,1810,-0.9608,3.0,0.7,2.0,No,0.0005,Yes
Precise meaningful effect,1811,-0.8018,3.0,0.7,2.0,No,0.0005,Yes
Precise meaningful effect,1812,0.7502,3.0,0.7,2.0,No,0.0005,Yes
Precise meaningful effect,1813,-0.5092,3.0,0.7,2.0,No,0.0005,Yes
Precise meaningful effect,1814,0.7928,3.0,0.7,2.0,No,0.0005,Yes
Precise meaningful effect,1815,-0.3696,3.0,0.7,2.0,No,0.0005,Yes
Precise meaningful effect,1816,1.0171,3.0,0.7,2.0,No,0.0005,Yes
Precise meaningful effect,1817,0.5028,3.0,0.7,2.0,No,0.0005,Yes
Precise meaningful effect,1818,0.5593,3.0,0.7,2.0,No,0.0005,Yes
Precise meaningful effect,1819,-0.0321,3.0,0.7,2.0,No,0.0005,Yes
Precise meaningful effect,1820,-0.5549,3.0,0.7,2.0,No,0.0005,Yes
Precise meaningful effect,1821,-0.1321,3.0,0.7,2.0,No,0.0005,Yes
Precise meaningful effect,1822,0.685,3.0,0.7,2.0,No,0.0005,Yes
Precise meaningful effect,1823,-0.0563,3.0,0.7,2.0,No,0.0005,Yes
Precise meaningful effect,1824,-0.405,3.0,0.7,2.0,No,0.0005,Yes
Precise meaningful effect,1825,0.1062,3.0,0.7,2.0,No,0.0005,Yes
Precise meaningful effect,1826,0.7702,3.0,0.7,2.0,No,0.0005,Yes
Precise meaningful effect,1827,0.6533,3.0,0.7,2.0,No,0.0005,Yes
Precise meaningful effect,1828,-0.9666,3.0,0.7,2.0,No,0.0005,Yes
Precise meaningful effect,1829,-0.4249,3.0,0.7,2.0,No,0.0005,Yes
Precise meaningful effect,1830,1.019,3.0,0.7,2.0,No,0.0005,Yes
Precise meaningful effect,1831,0.5683,3.0,0.7,2.0,No,0.0005,Yes
Precise meaningful effect,1832,-0.9274,3.0,0.7,2.0,No,0.0005,Yes
Precise meaningful effect,1833,-0.374,3.0,0.7,2.0,No,0.0005,Yes
Precise meaningful effect,1834,0.6823,3.0,0.7,2.0,No,0.0005,Yes
Precise meaningful effect,1835,-0.1516,3.0,0.7,2.0,No,0.0005,Yes
Precise meaningful effect,1836,0.0261,3.0,0.7,2.0,No,0.0005,Yes
Precise meaningful effect,1837,-0.9668,3.0,0.7,2.0,No,0.0005,Yes
Precise meaningful effect,1838,1.6801,3.0,0.7,2.0,No,0.0005,Yes
Precise meaningful effect,1839,0.0936,3.0,0.7,2.0,No,0.0005,Yes
Precise meaningful effect,1840,0.8387,3.0,0.7,2.0,No,0.0005,Yes
Precise meaningful effect,1841,-1.3904,3.0,0.7,2.0,No,0.0005,Yes
Precise meaningful effect,1842,-0.1025,3.0,0.7,2.0,No,0.0005,Yes
Precise meaningful effect,1843,-0.3803,3.0,0.7,2.0,No,0.0005,Yes
Precise meaningful effect,1844,0.382,3.0,0.7,2.0,No,0.0005,Yes
Precise meaningful effect,1845,0.3649,3.0,0.7,2.0,No,0.0005,Yes
Precise meaningful effect,1846,0.0079,3.0,0.7,2.0,No,0.0005,Yes
Precise meaningful effect,1847,1.7238,3.0,0.7,2.0,No,0.0005,Yes
Precise meaningful effect,1848,0.5187,3.0,0.7,2.0,No,0.0005,Yes
Precise meaningful effect,1849,0.091,3.0,0.7,2.0,No,0.0005,Yes
Precise meaningful effect,1850,-1.2587,3.0,0.7,2.0,No,0.0005,Yes
Precise meaningful effect,1851,0.4353,3.0,0.7,2.0,No,0.0005,Yes
Precise meaningful effect,1852,0.9227,3.0,0.7,2.0,No,0.0005,Yes
Precise meaningful effect,1853,0.0601,3.0,0.7,2.0,No,0.0005,Yes
Precise meaningful effect,1854,0.0437,3.0,0.7,2.0,No,0.0005,Yes
Precise meaningful effect,1855,-0.0418,3.0,0.7,2.0,No,0.0005,Yes
Precise meaningful effect,1856,0.0763,3.0,0.7,2.0,No,0.0005,Yes
Precise meaningful effect,1857,-0.212,3.0,0.7,2.0,No,0.0005,Yes
Precise meaningful effect,1858,-0.161,3.0,0.7,2.0,No,0.0005,Yes
Precise meaningful effect,1859,-1.1511,3.0,0.7,2.0,No,0.0005,Yes
Precise meaningful effect,1860,0.1514,3.0,0.7,2.0,No,0.0005,Yes
Precise meaningful effect,1861,0.3025,3.0,0.7,2.0,No,0.0005,Yes
Precise meaningful effect,1862,0.7384,3.0,0.7,2.0,No,0.0005,Yes
Precise meaningful effect,1863,0.1607,3.0,0.7,2.0,No,0.0005,Yes
Precise meaningful effect,1864,0.8181,3.0,0.7,2.0,No,0.0005,Yes
Precise meaningful effect,1865,-0.5667,3.0,0.7,2.0,No,0.0005,Yes
Precise meaningful effect,1866,-0.1545,3.0,0.7,2.0,No,0.0005,Yes
Precise meaningful effect,1867,0.6218,3.0,0.7,2.0,No,0.0005,Yes
Precise meaningful effect,1868,-0.5029,3.0,0.7,2.0,No,0.0005,Yes
Precise meaningful effect,1869,1.1528,3.0,0.7,2.0,No,0.0005,Yes
Precise meaningful effect,1870,-1.4771,3.0,0.7,2.0,No,0.0005,Yes
Precise meaningful effect,1871,-1.0834,3.0,0.7,2.0,No,0.0005,Yes
Precise meaningful effect,1872,0.6344,3.0,0.7,2.0,No,0.0005,Yes
Precise meaningful effect,1873,-0.2312,3.0,0.7,2.0,No,0.0005,Yes
Precise meaningful effect,1874,-0.5803,3.0,0.7,2.0,No,0.0005,Yes
Precise meaningful effect,1875,-0.1661,3.0,0.7,2.0,No,0.0005,Yes
Precise meaningful effect,1876,-0.0052,3.0,0.7,2.0,No,0.0005,Yes
Precise meaningful effect,1877,-0.0531,3.0,0.7,2.0,No,0.0005,Yes
Precise meaningful effect,1878,0.2385,3.0,0.7,2.0,No,0.0005,Yes
Precise meaningful effect,1879,1.2544,3.0,0.7,2.0,No,0.0005,Yes
Precise meaningful effect,1880,0.1862,3.0,0.7,2.0,No,0.0005,Yes
Precise meaningful effect,1881,-1.454,3.0,0.7,2.0,No,0.0005,Yes
Precise meaningful effect,1882,0.4039,3.0,0.7,2.0,No,0.0005,Yes
Precise meaningful effect,1883,-0.5952,3.0,0.7,2.0,No,0.0005,Yes
Precise meaningful effect,1884,0.3955,3.0,0.7,2.0,No,0.0005,Yes
Precise meaningful effect,1885,0.1062,3.0,0.7,2.0,No,0.0005,Yes
Precise meaningful effect,1886,-0.4102,3.0,0.7,2.0,No,0.0005,Yes
Precise meaningful effect,1887,-0.0745,3.0,0.7,2.0,No,0.0005,Yes
Precise meaningful effect,1888,-0.4853,3.0,0.7,2.0,No,0.0005,Yes
Precise meaningful effect,1889,-0.4231,3.0,0.7,2.0,No,0.0005,Yes
Precise meaningful effect,1890,0.0655,3.0,0.7,2.0,No,0.0005,Yes
Precise meaningful effect,1891,-0.4141,3.0,0.7,2.0,No,0.0005,Yes
Precise meaningful effect,1892,0.4928,3.0,0.7,2.0,No,0.0005,Yes
Precise meaningful effect,1893,0.3421,3.0,0.7,2.0,No,0.0005,Yes
Precise meaningful effect,1894,-0.1317,3.0,0.7,2.0,No,0.0005,Yes
Precise meaningful effect,1895,0.1732,3.0,0.7,2.0,No,0.0005,Yes
Precise meaningful effect,1896,0.2841,3.0,0.7,2.0,No,0.0005,Yes
Precise meaningful effect,1897,-1.1402,3.0,0.7,2.0,No,0.0005,Yes
Precise meaningful effect,1898,-0.3534,3.0,0.7,2.0,No,0.0005,Yes
Precise meaningful effect,1899,-0.7424,3.0,0.7,2.0,No,0.0005,Yes
Precise meaningful effect,1900,-0.1114,3.0,0.7,2.0,No,0.0005,Yes
Precise meaningful effect,1901,-0.9196,3.0,0.7,2.0,No,0.0005,Yes
Precise meaningful effect,1902,-0.2788,3.0,0.7,2.0,No,0.0005,Yes
Precise meaningful effect,1903,0.8157,3.0,0.7,2.0,No,0.0005,Yes
Precise meaningful effect,1904,-1.75,3.0,0.7,2.0,No,0.0005,Yes
Precise meaningful effect,1905,-0.8648,3.0,0.7,2.0,No,0.0005,Yes
Precise meaningful effect,1906,0.3005,3.0,0.7,2.0,No,0.0005,Yes
Precise meaningful effect,1907,-0.8807,3.0,0.7,2.0,No,0.0005,Yes
Precise meaningful effect,1908,0.3275,3.0,0.7,2.0,No,0.0005,Yes
Precise meaningful effect,1909,-1.5227,3.0,0.7,2.0,No,0.0005,Yes
Precise meaningful effect,1910,-0.0951,3.0,0.7,2.0,No,0.0005,Yes
Precise meaningful effect,1911,-1.4121,3.0,0.7,2.0,No,0.0005,Yes
Precise meaningful effect,1912,0.4609,3.0,0.7,2.0,No,0.0005,Yes
Precise meaningful effect,1913,-0.2274,3.0,0.7,2.0,No,0.0005,Yes
Precise meaningful effect,1914,-1.3134,3.0,0.7,2.0,No,0.0005,Yes
Precise meaningful effect,1915,0.1801,3.0,0.7,2.0,No,0.0005,Yes
Precise meaningful effect,1916,-0.9293,3.0,0.7,2.0,No,0.0005,Yes
Precise meaningful effect,1917,0.2588,3.0,0.7,2.0,No,0.0005,Yes
Precise meaningful effect,1918,0.0061,3.0,0.7,2.0,No,0.0005,Yes
Precise meaningful effect,1919,0.5926,3.0,0.7,2.0,No,0.0005,Yes
Precise meaningful effect,1920,-0.1383,3.0,0.7,2.0,No,0.0005,Yes
Precise meaningful effect,1921,-0.2145,3.0,0.7,2.0,No,0.0005,Yes
Precise meaningful effect,1922,0.534,3.0,0.7,2.0,No,0.0005,Yes
Precise meaningful effect,1923,-0.2714,3.0,0.7,2.0,No,0.0005,Yes
Precise meaningful effect,1924,-0.4927,3.0,0.7,2.0,No,0.0005,Yes
Precise meaningful effect,1925,1.0644,3.0,0.7,2.0,No,0.0005,Yes
Precise meaningful effect,1926,-0.3248,3.0,0.7,2.0,No,0.0005,Yes
Precise meaningful effect,1927,-1.7622,3.0,0.7,2.0,No,0.0005,Yes
Precise meaningful effect,1928,-0.0029,3.0,0.7,2.0,No,0.0005,Yes
Precise meaningful effect,1929,0.0212,3.0,0.7,2.0,No,0.0005,Yes
Precise meaningful effect,1930,0.1947,3.0,0.7,2.0,No,0.0005,Yes
Precise meaningful effect,1931,0.9006,3.0,0.7,2.0,No,0.0005,Yes
Precise meaningful effect,1932,-0.9828,3.0,0.7,2.0,No,0.0005,Yes
Precise meaningful effect,1933,-0.1517,3.0,0.7,2.0,No,0.0005,Yes
Precise meaningful effect,1934,-0.2113,3.0,0.7,2.0,No,0.0005,Yes
Precise meaningful effect,1935,0.3795,3.0,0.7,2.0,No,0.0005,Yes
Precise meaningful effect,1936,-0.2271,3.0,0.7,2.0,No,0.0005,Yes
Precise meaningful effect,1937,0.3311,3.0,0.7,2.0,No,0.0005,Yes
Precise meaningful effect,1938,-0.1008,3.0,0.7,2.0,No,0.0005,Yes
Precise meaningful effect,1939,0.3316,3.0,0.7,2.0,No,0.0005,Yes
Precise meaningful effect,1940,0.3324,3.0,0.7,2.0,No,0.0005,Yes
Precise meaningful effect,1941,-0.6884,3.0,0.7,2.0,No,0.0005,Yes
Precise meaningful effect,1942,0.4289,3.0,0.7,2.0,No,0.0005,Yes
Precise meaningful effect,1943,-0.3052,3.0,0.7,2.0,No,0.0005,Yes
Precise meaningful effect,1944,0.3111,3.0,0.7,2.0,No,0.0005,Yes
Precise meaningful effect,1945,-1.755,3.0,0.7,2.0,No,0.0005,Yes
Precise meaningful effect,1946,-1.0509,3.0,0.7,2.0,No,0.0005,Yes
Precise meaningful effect,1947,0.9575,3.0,0.7,2.0,No,0.0005,Yes
Precise meaningful effect,1948,-0.7638,3.0,0.7,2.0,No,0.0005,Yes
Precise meaningful effect,1949,-0.0668,3.0,0.7,2.0,No,0.0005,Yes
Precise meaningful effect,1950,-0.9963,3.0,0.7,2.0,No,0.0005,Yes
Precise meaningful effect,1951,0.1821,3.0,0.7,2.0,No,0.0005,Yes
Precise meaningful effect,1952,-0.3943,3.0,0.7,2.0,No,0.0005,Yes
Precise meaningful effect,1953,0.1959,3.0,0.7,2.0,No,0.0005,Yes
Precise meaningful effect,1954,-0.0652,3.0,0.7,2.0,No,0.0005,Yes
Precise meaningful effect,1955,0.72,3.0,0.7,2.0,No,0.0005,Yes
Precise meaningful effect,1956,-0.4603,3.0,0.7,2.0,No,0.0005,Yes
Precise meaningful effect,1957,-0.4431,3.0,0.7,2.0,No,0.0005,Yes
Precise meaningful effect,1958,-0.9974,3.0,0.7,2.0,No,0.0005,Yes
Precise meaningful effect,1959,1.1246,3.0,0.7,2.0,No,0.0005,Yes
Precise meaningful effect,1960,-0.9524,3.0,0.7,2.0,No,0.0005,Yes
Precise meaningful effect,1961,-0.444,3.0,0.7,2.0,No,0.0005,Yes
Precise meaningful effect,1962,0.3225,3.0,0.7,2.0,No,0.0005,Yes
Precise meaningful effect,1963,0.808,3.0,0.7,2.0,No,0.0005,Yes
Precise meaningful effect,1964,-1.6029,3.0,0.7,2.0,No,0.0005,Yes
Precise meaningful effect,1965,0.9229,3.0,0.7,2.0,No,0.0005,Yes
Precise meaningful effect,1966,0.6053,3.0,0.7,2.0,No,0.0005,Yes
Precise meaningful effect,1967,0.1867,3.0,0.7,2.0,No,0.0005,Yes
Precise meaningful effect,1968,0.1219,3.0,0.7,2.0,No,0.0005,Yes
Precise meaningful effect,1969,0.3705,3.0,0.7,2.0,No,0.0005,Yes
Precise meaningful effect,1970,-1.0202,3.0,0.7,2.0,No,0.0005,Yes
Precise meaningful effect,1971,-0.4166,3.0,0.7,2.0,No,0.0005,Yes
Precise meaningful effect,1972,0.292,3.0,0.7,2.0,No,0.0005,Yes
Precise meaningful effect,1973,0.205,3.0,0.7,2.0,No,0.0005,Yes
Precise meaningful effect,1974,-0.1452,3.0,0.7,2.0,No,0.0005,Yes
Precise meaningful effect,1975,-0.7887,3.0,0.7,2.0,No,0.0005,Yes
Precise meaningful effect,1976,-0.6261,3.0,0.7,2.0,No,0.0005,Yes
Precise meaningful effect,1977,0.6332,3.0,0.7,2.0,No,0.0005,Yes
Precise meaningful effect,1978,0.5984,3.0,0.7,2.0,No,0.0005,Yes
Precise meaningful effect,1979,0.6234,3.0,0.7,2.0,No,0.0005,Yes
Precise meaningful effect,1980,-0.0491,3.0,0.7,2.0,No,0.0005,Yes
Precise meaningful effect,1981,-0.711,3.0,0.7,2.0,No,0.0005,Yes
Precise meaningful effect,1982,-0.4092,3.0,0.7,2.0,No,0.0005,Yes
Precise meaningful effect,1983,0.7312,3.0,0.7,2.0,No,0.0005,Yes
Precise meaningful effect,1984,0.5435,3.0,0.7,2.0,No,0.0005,Yes
Precise meaningful effect,1985,-0.6623,3.0,0.7,2.0,No,0.0005,Yes
Precise meaningful effect,1986,1.3721,3.0,0.7,2.0,No,0.0005,Yes
Precise meaningful effect,1987,-0.1362,3.0,0.7,2.0,No,0.0005,Yes
Precise meaningful effect,1988,-0.4759,3.0,0.7,2.0,No,0.0005,Yes
Precise meaningful effect,1989,0.7901,3.0,0.7,2.0,No,0.0005,Yes
Precise meaningful effect,1990,0.0063,3.0,0.7,2.0,No,0.0005,Yes
Precise meaningful effect,1991,-0.0839,3.0,0.7,2.0,No,0.0005,Yes
Precise meaningful effect,1992,-0.149,3.0,0.7,2.0,No,0.0005,Yes
Precise meaningful effect,1993,-0.3047,3.0,0.7,2.0,No,0.0005,Yes
Precise meaningful effect,1994,0.6049,3.0,0.7,2.0,No,0.0005,Yes
Precise meaningful effect,1995,0.9844,3.0,0.7,2.0,No,0.0005,Yes
Precise meaningful effect,1996,-1.6864,3.0,0.7,2.0,No,0.0005,Yes
Precise meaningful effect,1997,-0.9557,3.0,0.7,2.0,No,0.0005,Yes
Precise meaningful effect,1998,-0.3896,3.0,0.7,2.0,No,0.0005,Yes
Precise meaningful effect,1999,-0.369,3.0,0.7,2.0,No,0.0005,Yes
Precise meaningful effect,2000,1.1088,3.0,0.7,2.0,No,0.0005,Yes
Uncertain small effect,1,-0.1555,0.8,1.0,2.0,No,0.428286,No
Uncertain small effect,2,-2.59,0.8,1.0,2.0,Yes,0.428286,No
Uncertain small effect,3,1.4978,0.8,1.0,2.0,Yes,0.428286,No
Uncertain small effect,4,0.3789,0.8,1.0,2.0,No,0.428286,No
Uncertain small effect,5,-0.7859,0.8,1.0,2.0,No,0.428286,No
Uncertain small effect,6,0.4624,0.8,1.0,2.0,No,0.428286,No
Uncertain small effect,7,-1.7856,0.8,1.0,2.0,Yes,0.428286,No
Uncertain small effect,8,-0.1739,0.8,1.0,2.0,No,0.428286,No
Uncertain small effect,9,0.1545,0.8,1.0,2.0,No,0.428286,No
Uncertain small effect,10,0.0929,0.8,1.0,2.0,No,0.428286,No
Uncertain small effect,11,-0.4731,0.8,1.0,2.0,No,0.428286,No
Uncertain small effect,12,0.2239,0.8,1.0,2.0,No,0.428286,No
Uncertain small effect,13,0.5463,0.8,1.0,2.0,No,0.428286,No
Uncertain small effect,14,-0.2423,0.8,1.0,2.0,No,0.428286,No
Uncertain small effect,15,-0.5089,0.8,1.0,2.0,No,0.428286,No
Uncertain small effect,16,-1.6563,0.8,1.0,2.0,Yes,0.428286,No
Uncertain small effect,17,0.5709,0.8,1.0,2.0,No,0.428286,No
Uncertain small effect,18,0.6895,0.8,1.0,2.0,No,0.428286,No
Uncertain small effect,19,-1.6076,0.8,1.0,2.0,Yes,0.428286,No
Uncertain small effect,20,1.9672,0.8,1.0,2.0,Yes,0.428286,No
Uncertain small effect,21,1.1786,0.8,1.0,2.0,Yes,0.428286,No
Uncertain small effect,22,0.5342,0.8,1.0,2.0,No,0.428286,No
Uncertain small effect,23,0.5975,0.8,1.0,2.0,No,0.428286,No
Uncertain small effect,24,-0.651,0.8,1.0,2.0,No,0.428286,No
Uncertain small effect,25,0.2167,0.8,1.0,2.0,No,0.428286,No
Uncertain small effect,26,1.5563,0.8,1.0,2.0,Yes,0.428286,No
Uncertain small effect,27,0.4876,0.8,1.0,2.0,No,0.428286,No
Uncertain small effect,28,-1.4307,0.8,1.0,2.0,Yes,0.428286,No
Uncertain small effect,29,0.0891,0.8,1.0,2.0,No,0.428286,No
Uncertain small effect,30,1.1986,0.8,1.0,2.0,Yes,0.428286,No
Uncertain small effect,31,0.6773,0.8,1.0,2.0,No,0.428286,No
Uncertain small effect,32,0.5499,0.8,1.0,2.0,No,0.428286,No
Uncertain small effect,33,1.3299,0.8,1.0,2.0,Yes,0.428286,No
Uncertain small effect,34,-0.1034,0.8,1.0,2.0,No,0.428286,No
Uncertain small effect,35,0.3104,0.8,1.0,2.0,No,0.428286,No
Uncertain small effect,36,-0.7276,0.8,1.0,2.0,No,0.428286,No
Uncertain small effect,37,1.2798,0.8,1.0,2.0,Yes,0.428286,No
Uncertain small effect,38,0.6427,0.8,1.0,2.0,No,0.428286,No
Uncertain small effect,39,0.1874,0.8,1.0,2.0,No,0.428286,No
Uncertain small effect,40,-0.7204,0.8,1.0,2.0,No,0.428286,No
Uncertain small effect,41,0.086,0.8,1.0,2.0,No,0.428286,No
Uncertain small effect,42,-0.408,0.8,1.0,2.0,No,0.428286,No
Uncertain small effect,43,0.141,0.8,1.0,2.0,No,0.428286,No
Uncertain small effect,44,0.8954,0.8,1.0,2.0,Yes,0.428286,No
Uncertain small effect,45,0.3455,0.8,1.0,2.0,No,0.428286,No
Uncertain small effect,46,-0.5481,0.8,1.0,2.0,No,0.428286,No
Uncertain small effect,47,-0.0414,0.8,1.0,2.0,No,0.428286,No
Uncertain small effect,48,1.1226,0.8,1.0,2.0,Yes,0.428286,No
Uncertain small effect,49,-0.9904,0.8,1.0,2.0,Yes,0.428286,No
Uncertain small effect,50,-1.0792,0.8,1.0,2.0,Yes,0.428286,No
Uncertain small effect,51,0.0284,0.8,1.0,2.0,No,0.428286,No
Uncertain small effect,52,0.4976,0.8,1.0,2.0,No,0.428286,No
Uncertain small effect,53,2.098,0.8,1.0,2.0,Yes,0.428286,No
Uncertain small effect,54,-0.3634,0.8,1.0,2.0,No,0.428286,No
Uncertain small effect,55,-0.2726,0.8,1.0,2.0,No,0.428286,No
Uncertain small effect,56,0.8911,0.8,1.0,2.0,Yes,0.428286,No
Uncertain small effect,57,1.1099,0.8,1.0,2.0,Yes,0.428286,No
Uncertain small effect,58,0.6994,0.8,1.0,2.0,No,0.428286,No
Uncertain small effect,59,-1.2979,0.8,1.0,2.0,Yes,0.428286,No
Uncertain small effect,60,0.2645,0.8,1.0,2.0,No,0.428286,No
Uncertain small effect,61,1.8014,0.8,1.0,2.0,Yes,0.428286,No
Uncertain small effect,62,-2.0664,0.8,1.0,2.0,Yes,0.428286,No
Uncertain small effect,63,0.032,0.8,1.0,2.0,No,0.428286,No
Uncertain small effect,64,-0.8063,0.8,1.0,2.0,Yes,0.428286,No
Uncertain small effect,65,0.9551,0.8,1.0,2.0,Yes,0.428286,No
Uncertain small effect,66,0.3625,0.8,1.0,2.0,No,0.428286,No
Uncertain small effect,67,2.483,0.8,1.0,2.0,Yes,0.428286,No
Uncertain small effect,68,-0.5525,0.8,1.0,2.0,No,0.428286,No
Uncertain small effect,69,-0.44,0.8,1.0,2.0,No,0.428286,No
Uncertain small effect,70,-1.2408,0.8,1.0,2.0,Yes,0.428286,No
Uncertain small effect,71,0.0404,0.8,1.0,2.0,No,0.428286,No
Uncertain small effect,72,1.5116,0.8,1.0,2.0,Yes,0.428286,No
Uncertain small effect,73,-1.4732,0.8,1.0,2.0,Yes,0.428286,No
Uncertain small effect,74,-0.4282,0.8,1.0,2.0,No,0.428286,No
Uncertain small effect,75,-0.2925,0.8,1.0,2.0,No,0.428286,No
Uncertain small effect,76,-0.5035,0.8,1.0,2.0,No,0.428286,No
Uncertain small effect,77,1.3846,0.8,1.0,2.0,Yes,0.428286,No
Uncertain small effect,78,0.4363,0.8,1.0,2.0,No,0.428286,No
Uncertain small effect,79,-0.8104,0.8,1.0,2.0,Yes,0.428286,No
Uncertain small effect,80,1.0081,0.8,1.0,2.0,Yes,0.428286,No
Uncertain small effect,81,-0.3417,0.8,1.0,2.0,No,0.428286,No
Uncertain small effect,82,-0.8598,0.8,1.0,2.0,Yes,0.428286,No
Uncertain small effect,83,0.8602,0.8,1.0,2.0,Yes,0.428286,No
Uncertain small effect,84,1.5432,0.8,1.0,2.0,Yes,0.428286,No
Uncertain small effect,85,-0.1225,0.8,1.0,2.0,No,0.428286,No
Uncertain small effect,86,1.3343,0.8,1.0,2.0,Yes,0.428286,No
Uncertain small effect,87,1.5593,0.8,1.0,2.0,Yes,0.428286,No
Uncertain small effect,88,0.1944,0.8,1.0,2.0,No,0.428286,No
Uncertain small effect,89,-0.4248,0.8,1.0,2.0,No,0.428286,No
Uncertain small effect,90,-1.3419,0.8,1.0,2.0,Yes,0.428286,No
Uncertain small effect,91,0.0245,0.8,1.0,2.0,No,0.428286,No
Uncertain small effect,92,1.374,0.8,1.0,2.0,Yes,0.428286,No
Uncertain small effect,93,0.8219,0.8,1.0,2.0,Yes,0.428286,No
Uncertain small effect,94,1.4955,0.8,1.0,2.0,Yes,0.428286,No
Uncertain small effect,95,0.7578,0.8,1.0,2.0,No,0.428286,No
Uncertain small effect,96,-1.0139,0.8,1.0,2.0,Yes,0.428286,No
Uncertain small effect,97,-0.0666,0.8,1.0,2.0,No,0.428286,No
Uncertain small effect,98,-0.6685,0.8,1.0,2.0,No,0.428286,No
Uncertain small effect,99,-2.1696,0.8,1.0,2.0,Yes,0.428286,No
Uncertain small effect,100,0.7907,0.8,1.0,2.0,No,0.428286,No
Uncertain small effect,101,0.4253,0.8,1.0,2.0,No,0.428286,No
Uncertain small effect,102,-0.47,0.8,1.0,2.0,No,0.428286,No
Uncertain small effect,103,0.732,0.8,1.0,2.0,No,0.428286,No
Uncertain small effect,104,0.2768,0.8,1.0,2.0,No,0.428286,No
Uncertain small effect,105,0.7844,0.8,1.0,2.0,No,0.428286,No
Uncertain small effect,106,1.3419,0.8,1.0,2.0,Yes,0.428286,No
Uncertain small effect,107,-0.3662,0.8,1.0,2.0,No,0.428286,No
Uncertain small effect,108,-0.8425,0.8,1.0,2.0,Yes,0.428286,No
Uncertain small effect,109,0.2867,0.8,1.0,2.0,No,0.428286,No
Uncertain small effect,110,-1.1421,0.8,1.0,2.0,Yes,0.428286,No
Uncertain small effect,111,0.7321,0.8,1.0,2.0,No,0.428286,No
Uncertain small effect,112,-0.5719,0.8,1.0,2.0,No,0.428286,No
Uncertain small effect,113,-0.0815,0.8,1.0,2.0,No,0.428286,No
Uncertain small effect,114,0.3369,0.8,1.0,2.0,No,0.428286,No
Uncertain small effect,115,-0.7678,0.8,1.0,2.0,No,0.428286,No
Uncertain small effect,116,-0.6154,0.8,1.0,2.0,No,0.428286,No
Uncertain small effect,117,-1.6309,0.8,1.0,2.0,Yes,0.428286,No
Uncertain small effect,118,-0.0407,0.8,1.0,2.0,No,0.428286,No
Uncertain small effect,119,-1.0509,0.8,1.0,2.0,Yes,0.428286,No
Uncertain small effect,120,-0.888,0.8,1.0,2.0,Yes,0.428286,No
Uncertain small effect,121,-0.4392,0.8,1.0,2.0,No,0.428286,No
Uncertain small effect,122,-0.439,0.8,1.0,2.0,No,0.428286,No
Uncertain small effect,123,0.212,0.8,1.0,2.0,No,0.428286,No
Uncertain small effect,124,-0.5039,0.8,1.0,2.0,No,0.428286,No
Uncertain small effect,125,-0.8696,0.8,1.0,2.0,Yes,0.428286,No
Uncertain small effect,126,-0.4399,0.8,1.0,2.0,No,0.428286,No
Uncertain small effect,127,-0.6242,0.8,1.0,2.0,No,0.428286,No
Uncertain small effect,128,-0.7841,0.8,1.0,2.0,No,0.428286,No
Uncertain small effect,129,1.4371,0.8,1.0,2.0,Yes,0.428286,No
Uncertain small effect,130,0.0785,0.8,1.0,2.0,No,0.428286,No
Uncertain small effect,131,0.4765,0.8,1.0,2.0,No,0.428286,No
Uncertain small effect,132,-0.3323,0.8,1.0,2.0,No,0.428286,No
Uncertain small effect,133,-0.2347,0.8,1.0,2.0,No,0.428286,No
Uncertain small effect,134,-0.3861,0.8,1.0,2.0,No,0.428286,No
Uncertain small effect,135,-0.654,0.8,1.0,2.0,No,0.428286,No
Uncertain small effect,136,1.99,0.8,1.0,2.0,Yes,0.428286,No
Uncertain small effect,137,0.0607,0.8,1.0,2.0,No,0.428286,No
Uncertain small effect,138,1.8521,0.8,1.0,2.0,Yes,0.428286,No
Uncertain small effect,139,0.3933,0.8,1.0,2.0,No,0.428286,No
Uncertain small effect,140,-0.2423,0.8,1.0,2.0,No,0.428286,No
Uncertain small effect,141,0.2009,0.8,1.0,2.0,No,0.428286,No
Uncertain small effect,142,0.2274,0.8,1.0,2.0,No,0.428286,No
Uncertain small effect,143,0.2982,0.8,1.0,2.0,No,0.428286,No
Uncertain small effect,144,-0.3926,0.8,1.0,2.0,No,0.428286,No
Uncertain small effect,145,-1.5406,0.8,1.0,2.0,Yes,0.428286,No
Uncertain small effect,146,0.8484,0.8,1.0,2.0,Yes,0.428286,No
Uncertain small effect,147,0.0162,0.8,1.0,2.0,No,0.428286,No
Uncertain small effect,148,-0.5748,0.8,1.0,2.0,No,0.428286,No
Uncertain small effect,149,-0.5026,0.8,1.0,2.0,No,0.428286,No
Uncertain small effect,150,1.501,0.8,1.0,2.0,Yes,0.428286,No
Uncertain small effect,151,-0.3359,0.8,1.0,2.0,No,0.428286,No
Uncertain small effect,152,-0.4417,0.8,1.0,2.0,No,0.428286,No
Uncertain small effect,153,0.9132,0.8,1.0,2.0,Yes,0.428286,No
Uncertain small effect,154,-0.5132,0.8,1.0,2.0,No,0.428286,No
Uncertain small effect,155,-0.5135,0.8,1.0,2.0,No,0.428286,No
Uncertain small effect,156,-2.361,0.8,1.0,2.0,Yes,0.428286,No
Uncertain small effect,157,0.4362,0.8,1.0,2.0,No,0.428286,No
Uncertain small effect,158,-1.3453,0.8,1.0,2.0,Yes,0.428286,No
Uncertain small effect,159,2.0471,0.8,1.0,2.0,Yes,0.428286,No
Uncertain small effect,160,2.0291,0.8,1.0,2.0,Yes,0.428286,No
Uncertain small effect,161,0.3027,0.8,1.0,2.0,No,0.428286,No
Uncertain small effect,162,-0.726,0.8,1.0,2.0,No,0.428286,No
Uncertain small effect,163,-0.8459,0.8,1.0,2.0,Yes,0.428286,No
Uncertain small effect,164,-0.5354,0.8,1.0,2.0,No,0.428286,No
Uncertain small effect,165,0.809,0.8,1.0,2.0,Yes,0.428286,No
Uncertain small effect,166,-0.7909,0.8,1.0,2.0,No,0.428286,No
Uncertain small effect,167,-0.5379,0.8,1.0,2.0,No,0.428286,No
Uncertain small effect,168,-1.1878,0.8,1.0,2.0,Yes,0.428286,No
Uncertain small effect,169,-2.6871,0.8,1.0,2.0,Yes,0.428286,No
Uncertain small effect,170,-0.3126,0.8,1.0,2.0,No,0.428286,No
Uncertain small effect,171,-0.2753,0.8,1.0,2.0,No,0.428286,No
Uncertain small effect,172,-0.6036,0.8,1.0,2.0,No,0.428286,No
Uncertain small effect,173,-0.787,0.8,1.0,2.0,No,0.428286,No
Uncertain small effect,174,-0.5982,0.8,1.0,2.0,No,0.428286,No
Uncertain small effect,175,-1.4255,0.8,1.0,2.0,Yes,0.428286,No
Uncertain small effect,176,0.782,0.8,1.0,2.0,No,0.428286,No
Uncertain small effect,177,0.2014,0.8,1.0,2.0,No,0.428286,No
Uncertain small effect,178,-1.6885,0.8,1.0,2.0,Yes,0.428286,No
Uncertain small effect,179,-1.1589,0.8,1.0,2.0,Yes,0.428286,No
Uncertain small effect,180,-0.3891,0.8,1.0,2.0,No,0.428286,No
Uncertain small effect,181,-0.3669,0.8,1.0,2.0,No,0.428286,No
Uncertain small effect,182,0.2825,0.8,1.0,2.0,No,0.428286,No
Uncertain small effect,183,-0.0091,0.8,1.0,2.0,No,0.428286,No
Uncertain small effect,184,0.0348,0.8,1.0,2.0,No,0.428286,No
Uncertain small effect,185,1.1693,0.8,1.0,2.0,Yes,0.428286,No
Uncertain small effect,186,0.532,0.8,1.0,2.0,No,0.428286,No
Uncertain small effect,187,0.2368,0.8,1.0,2.0,No,0.428286,No
Uncertain small effect,188,1.4308,0.8,1.0,2.0,Yes,0.428286,No
Uncertain small effect,189,-0.5177,0.8,1.0,2.0,No,0.428286,No
Uncertain small effect,190,-1.0222,0.8,1.0,2.0,Yes,0.428286,No
Uncertain small effect,191,-1.1468,0.8,1.0,2.0,Yes,0.428286,No
Uncertain small effect,192,-0.266,0.8,1.0,2.0,No,0.428286,No
Uncertain small effect,193,-1.3437,0.8,1.0,2.0,Yes,0.428286,No
Uncertain small effect,194,0.8216,0.8,1.0,2.0,Yes,0.428286,No
Uncertain small effect,195,0.5065,0.8,1.0,2.0,No,0.428286,No
Uncertain small effect,196,2.1267,0.8,1.0,2.0,Yes,0.428286,No
Uncertain small effect,197,-0.5685,0.8,1.0,2.0,No,0.428286,No
Uncertain small effect,198,0.4127,0.8,1.0,2.0,No,0.428286,No
Uncertain small effect,199,-0.6358,0.8,1.0,2.0,No,0.428286,No
Uncertain small effect,200,-0.8263,0.8,1.0,2.0,Yes,0.428286,No
Uncertain small effect,201,1.3461,0.8,1.0,2.0,Yes,0.428286,No
Uncertain small effect,202,-0.4918,0.8,1.0,2.0,No,0.428286,No
Uncertain small effect,203,-0.3886,0.8,1.0,2.0,No,0.428286,No
Uncertain small effect,204,-1.5323,0.8,1.0,2.0,Yes,0.428286,No
Uncertain small effect,205,-0.6781,0.8,1.0,2.0,No,0.428286,No
Uncertain small effect,206,1.5307,0.8,1.0,2.0,Yes,0.428286,No
Uncertain small effect,207,0.7103,0.8,1.0,2.0,No,0.428286,No
Uncertain small effect,208,-0.6477,0.8,1.0,2.0,No,0.428286,No
Uncertain small effect,209,1.3782,0.8,1.0,2.0,Yes,0.428286,No
Uncertain small effect,210,-2.3744,0.8,1.0,2.0,Yes,0.428286,No
Uncertain small effect,211,0.0041,0.8,1.0,2.0,No,0.428286,No
Uncertain small effect,212,0.1329,0.8,1.0,2.0,No,0.428286,No
Uncertain small effect,213,0.681,0.8,1.0,2.0,No,0.428286,No
Uncertain small effect,214,0.3753,0.8,1.0,2.0,No,0.428286,No
Uncertain small effect,215,0.8894,0.8,1.0,2.0,Yes,0.428286,No
Uncertain small effect,216,2.8149,0.8,1.0,2.0,Yes,0.428286,No
Uncertain small effect,217,-0.3174,0.8,1.0,2.0,No,0.428286,No
Uncertain small effect,218,-1.0676,0.8,1.0,2.0,Yes,0.428286,No
Uncertain small effect,219,0.4233,0.8,1.0,2.0,No,0.428286,No
Uncertain small effect,220,0.8324,0.8,1.0,2.0,Yes,0.428286,No
Uncertain small effect,221,-0.2555,0.8,1.0,2.0,No,0.428286,No
Uncertain small effect,222,0.1982,0.8,1.0,2.0,No,0.428286,No
Uncertain small effect,223,-0.4217,0.8,1.0,2.0,No,0.428286,No
Uncertain small effect,224,-0.8985,0.8,1.0,2.0,Yes,0.428286,No
Uncertain small effect,225,1.5642,0.8,1.0,2.0,Yes,0.428286,No
Uncertain small effect,226,-1.1406,0.8,1.0,2.0,Yes,0.428286,No
Uncertain small effect,227,0.2324,0.8,1.0,2.0,No,0.428286,No
Uncertain small effect,228,1.0626,0.8,1.0,2.0,Yes,0.428286,No
Uncertain small effect,229,-0.0477,0.8,1.0,2.0,No,0.428286,No
Uncertain small effect,230,0.8639,0.8,1.0,2.0,Yes,0.428286,No
Uncertain small effect,231,0.2578,0.8,1.0,2.0,No,0.428286,No
Uncertain small effect,232,0.3889,0.8,1.0,2.0,No,0.428286,No
Uncertain small effect,233,0.0249,0.8,1.0,2.0,No,0.428286,No
Uncertain small effect,234,-0.7935,0.8,1.0,2.0,No,0.428286,No
Uncertain small effect,235,1.2644,0.8,1.0,2.0,Yes,0.428286,No
Uncertain small effect,236,-1.3579,0.8,1.0,2.0,Yes,0.428286,No
Uncertain small effect,237,0.6232,0.8,1.0,2.0,No,0.428286,No
Uncertain small effect,238,0.8071,0.8,1.0,2.0,Yes,0.428286,No
Uncertain small effect,239,0.8344,0.8,1.0,2.0,Yes,0.428286,No
Uncertain small effect,240,-0.145,0.8,1.0,2.0,No,0.428286,No
Uncertain small effect,241,1.2581,0.8,1.0,2.0,Yes,0.428286,No
Uncertain small effect,242,-1.6477,0.8,1.0,2.0,Yes,0.428286,No
Uncertain small effect,243,-0.5524,0.8,1.0,2.0,No,0.428286,No
Uncertain small effect,244,0.7918,0.8,1.0,2.0,No,0.428286,No
Uncertain small effect,245,1.8843,0.8,1.0,2.0,Yes,0.428286,No
Uncertain small effect,246,0.5899,0.8,1.0,2.0,No,0.428286,No
Uncertain small effect,247,-0.0391,0.8,1.0,2.0,No,0.428286,No
Uncertain small effect,248,2.285,0.8,1.0,2.0,Yes,0.428286,No
Uncertain small effect,249,0.4121,0.8,1.0,2.0,No,0.428286,No
Uncertain small effect,250,-0.1596,0.8,1.0,2.0,No,0.428286,No
Uncertain small effect,251,1.2583,0.8,1.0,2.0,Yes,0.428286,No
Uncertain small effect,252,0.7928,0.8,1.0,2.0,No,0.428286,No
Uncertain small effect,253,1.7405,0.8,1.0,2.0,Yes,0.428286,No
Uncertain small effect,254,-0.8438,0.8,1.0,2.0,Yes,0.428286,No
Uncertain small effect,255,-0.2593,0.8,1.0,2.0,No,0.428286,No
Uncertain small effect,256,1.0936,0.8,1.0,2.0,Yes,0.428286,No
Uncertain small effect,257,-0.2058,0.8,1.0,2.0,No,0.428286,No
Uncertain small effect,258,0.2157,0.8,1.0,2.0,No,0.428286,No
Uncertain small effect,259,-0.4972,0.8,1.0,2.0,No,0.428286,No
Uncertain small effect,260,1.4215,0.8,1.0,2.0,Yes,0.428286,No
Uncertain small effect,261,-1.1045,0.8,1.0,2.0,Yes,0.428286,No
Uncertain small effect,262,-0.8199,0.8,1.0,2.0,Yes,0.428286,No
Uncertain small effect,263,1.4808,0.8,1.0,2.0,Yes,0.428286,No
Uncertain small effect,264,-0.0935,0.8,1.0,2.0,No,0.428286,No
Uncertain small effect,265,0.6569,0.8,1.0,2.0,No,0.428286,No
Uncertain small effect,266,-0.5944,0.8,1.0,2.0,No,0.428286,No
Uncertain small effect,267,0.8138,0.8,1.0,2.0,Yes,0.428286,No
Uncertain small effect,268,-1.4505,0.8,1.0,2.0,Yes,0.428286,No
Uncertain small effect,269,1.4489,0.8,1.0,2.0,Yes,0.428286,No
Uncertain small effect,270,0.5213,0.8,1.0,2.0,No,0.428286,No
Uncertain small effect,271,0.5194,0.8,1.0,2.0,No,0.428286,No
Uncertain small effect,272,-0.9703,0.8,1.0,2.0,Yes,0.428286,No
Uncertain small effect,273,0.9169,0.8,1.0,2.0,Yes,0.428286,No
Uncertain small effect,274,1.2243,0.8,1.0,2.0,Yes,0.428286,No
Uncertain small effect,275,2.0302,0.8,1.0,2.0,Yes,0.428286,No
Uncertain small effect,276,-0.8887,0.8,1.0,2.0,Yes,0.428286,No
Uncertain small effect,277,0.7433,0.8,1.0,2.0,No,0.428286,No
Uncertain small effect,278,0.4494,0.8,1.0,2.0,No,0.428286,No
Uncertain small effect,279,-1.3217,0.8,1.0,2.0,Yes,0.428286,No
Uncertain small effect,280,0.1778,0.8,1.0,2.0,No,0.428286,No
Uncertain small effect,281,-0.9693,0.8,1.0,2.0,Yes,0.428286,No
Uncertain small effect,282,1.4497,0.8,1.0,2.0,Yes,0.428286,No
Uncertain small effect,283,-0.76,0.8,1.0,2.0,No,0.428286,No
Uncertain small effect,284,1.383,0.8,1.0,2.0,Yes,0.428286,No
Uncertain small effect,285,0.4328,0.8,1.0,2.0,No,0.428286,No
Uncertain small effect,286,1.6911,0.8,1.0,2.0,Yes,0.428286,No
Uncertain small effect,287,-0.1179,0.8,1.0,2.0,No,0.428286,No
Uncertain small effect,288,-1.1712,0.8,1.0,2.0,Yes,0.428286,No
Uncertain small effect,289,0.5859,0.8,1.0,2.0,No,0.428286,No
Uncertain small effect,290,-0.4477,0.8,1.0,2.0,No,0.428286,No
Uncertain small effect,291,0.6201,0.8,1.0,2.0,No,0.428286,No
Uncertain small effect,292,-0.2137,0.8,1.0,2.0,No,0.428286,No
Uncertain small effect,293,1.796,0.8,1.0,2.0,Yes,0.428286,No
Uncertain small effect,294,-2.1661,0.8,1.0,2.0,Yes,0.428286,No
Uncertain small effect,295,-1.4666,0.8,1.0,2.0,Yes,0.428286,No
Uncertain small effect,296,-0.1851,0.8,1.0,2.0,No,0.428286,No
Uncertain small effect,297,1.3004,0.8,1.0,2.0,Yes,0.428286,No
Uncertain small effect,298,0.1824,0.8,1.0,2.0,No,0.428286,No
Uncertain small effect,299,0.0672,0.8,1.0,2.0,No,0.428286,No
Uncertain small effect,300,0.2017,0.8,1.0,2.0,No,0.428286,No
Uncertain small effect,301,0.3432,0.8,1.0,2.0,No,0.428286,No
Uncertain small effect,302,-0.4845,0.8,1.0,2.0,No,0.428286,No
Uncertain small effect,303,0.1188,0.8,1.0,2.0,No,0.428286,No
Uncertain small effect,304,-0.5306,0.8,1.0,2.0,No,0.428286,No
Uncertain small effect,305,-0.2012,0.8,1.0,2.0,No,0.428286,No
Uncertain small effect,306,0.7242,0.8,1.0,2.0,No,0.428286,No
Uncertain small effect,307,1.8425,0.8,1.0,2.0,Yes,0.428286,No
Uncertain small effect,308,-1.5743,0.8,1.0,2.0,Yes,0.428286,No
Uncertain small effect,309,-1.3741,0.8,1.0,2.0,Yes,0.428286,No
Uncertain small effect,310,-2.318,0.8,1.0,2.0,Yes,0.428286,No
Uncertain small effect,311,1.5587,0.8,1.0,2.0,Yes,0.428286,No
Uncertain small effect,312,-0.358,0.8,1.0,2.0,No,0.428286,No
Uncertain small effect,313,-1.4329,0.8,1.0,2.0,Yes,0.428286,No
Uncertain small effect,314,1.9425,0.8,1.0,2.0,Yes,0.428286,No
Uncertain small effect,315,0.7923,0.8,1.0,2.0,No,0.428286,No
Uncertain small effect,316,1.4598,0.8,1.0,2.0,Yes,0.428286,No
Uncertain small effect,317,-0.1542,0.8,1.0,2.0,No,0.428286,No
Uncertain small effect,318,-0.6135,0.8,1.0,2.0,No,0.428286,No
Uncertain small effect,319,0.1115,0.8,1.0,2.0,No,0.428286,No
Uncertain small effect,320,0.0131,0.8,1.0,2.0,No,0.428286,No
Uncertain small effect,321,0.8275,0.8,1.0,2.0,Yes,0.428286,No
Uncertain small effect,322,-0.9515,0.8,1.0,2.0,Yes,0.428286,No
Uncertain small effect,323,0.0635,0.8,1.0,2.0,No,0.428286,No
Uncertain small effect,324,-0.0562,0.8,1.0,2.0,No,0.428286,No
Uncertain small effect,325,-0.9264,0.8,1.0,2.0,Yes,0.428286,No
Uncertain small effect,326,-0.3872,0.8,1.0,2.0,No,0.428286,No
Uncertain small effect,327,1.43,0.8,1.0,2.0,Yes,0.428286,No
Uncertain small effect,328,0.2063,0.8,1.0,2.0,No,0.428286,No
Uncertain small effect,329,-0.4558,0.8,1.0,2.0,No,0.428286,No
Uncertain small effect,330,-0.1298,0.8,1.0,2.0,No,0.428286,No
Uncertain small effect,331,-0.5642,0.8,1.0,2.0,No,0.428286,No
Uncertain small effect,332,-1.177,0.8,1.0,2.0,Yes,0.428286,No
Uncertain small effect,333,-0.6065,0.8,1.0,2.0,No,0.428286,No
Uncertain small effect,334,1.63,0.8,1.0,2.0,Yes,0.428286,No
Uncertain small effect,335,0.3689,0.8,1.0,2.0,No,0.428286,No
Uncertain small effect,336,1.3553,0.8,1.0,2.0,Yes,0.428286,No
Uncertain small effect,337,0.7595,0.8,1.0,2.0,No,0.428286,No
Uncertain small effect,338,1.0176,0.8,1.0,2.0,Yes,0.428286,No
Uncertain small effect,339,-1.143,0.8,1.0,2.0,Yes,0.428286,No
Uncertain small effect,340,-0.2382,0.8,1.0,2.0,No,0.428286,No
Uncertain small effect,341,-1.589,0.8,1.0,2.0,Yes,0.428286,No
Uncertain small effect,342,-0.5517,0.8,1.0,2.0,No,0.428286,No
Uncertain small effect,343,0.9434,0.8,1.0,2.0,Yes,0.428286,No
Uncertain small effect,344,1.3751,0.8,1.0,2.0,Yes,0.428286,No
Uncertain small effect,345,0.5606,0.8,1.0,2.0,No,0.428286,No
Uncertain small effect,346,-0.3225,0.8,1.0,2.0,No,0.428286,No
Uncertain small effect,347,-0.8179,0.8,1.0,2.0,Yes,0.428286,No
Uncertain small effect,348,-0.5654,0.8,1.0,2.0,No,0.428286,No
Uncertain small effect,349,-0.4951,0.8,1.0,2.0,No,0.428286,No
Uncertain small effect,350,1.1067,0.8,1.0,2.0,Yes,0.428286,No
Uncertain small effect,351,-0.3828,0.8,1.0,2.0,No,0.428286,No
Uncertain small effect,352,1.505,0.8,1.0,2.0,Yes,0.428286,No
Uncertain small effect,353,0.309,0.8,1.0,2.0,No,0.428286,No
Uncertain small effect,354,0.5287,0.8,1.0,2.0,No,0.428286,No
Uncertain small effect,355,-0.7583,0.8,1.0,2.0,No,0.428286,No
Uncertain small effect,356,0.1887,0.8,1.0,2.0,No,0.428286,No
Uncertain small effect,357,0.9227,0.8,1.0,2.0,Yes,0.428286,No
Uncertain small effect,358,-0.9977,0.8,1.0,2.0,Yes,0.428286,No
Uncertain small effect,359,-0.3839,0.8,1.0,2.0,No,0.428286,No
Uncertain small effect,360,-0.966,0.8,1.0,2.0,Yes,0.428286,No
Uncertain small effect,361,1.6101,0.8,1.0,2.0,Yes,0.428286,No
Uncertain small effect,362,0.3568,0.8,1.0,2.0,No,0.428286,No
Uncertain small effect,363,-0.492,0.8,1.0,2.0,No,0.428286,No
Uncertain small effect,364,0.2237,0.8,1.0,2.0,No,0.428286,No
Uncertain small effect,365,0.3899,0.8,1.0,2.0,No,0.428286,No
Uncertain small effect,366,-0.1229,0.8,1.0,2.0,No,0.428286,No
Uncertain small effect,367,-1.5331,0.8,1.0,2.0,Yes,0.428286,No
Uncertain small effect,368,3.1009,0.8,1.0,2.0,Yes,0.428286,No
Uncertain small effect,369,0.1051,0.8,1.0,2.0,No,0.428286,No
Uncertain small effect,370,-0.1754,0.8,1.0,2.0,No,0.428286,No
Uncertain small effect,371,-0.7642,0.8,1.0,2.0,No,0.428286,No
Uncertain small effect,372,-0.4513,0.8,1.0,2.0,No,0.428286,No
Uncertain small effect,373,0.3609,0.8,1.0,2.0,No,0.428286,No
Uncertain small effect,374,-0.3537,0.8,1.0,2.0,No,0.428286,No
Uncertain small effect,375,0.9218,0.8,1.0,2.0,Yes,0.428286,No
Uncertain small effect,376,-0.24,0.8,1.0,2.0,No,0.428286,No
Uncertain small effect,377,0.4631,0.8,1.0,2.0,No,0.428286,No
Uncertain small effect,378,1.4572,0.8,1.0,2.0,Yes,0.428286,No
Uncertain small effect,379,-0.5497,0.8,1.0,2.0,No,0.428286,No
Uncertain small effect,380,-0.9573,0.8,1.0,2.0,Yes,0.428286,No
Uncertain small effect,381,1.2301,0.8,1.0,2.0,Yes,0.428286,No
Uncertain small effect,382,-0.3072,0.8,1.0,2.0,No,0.428286,No
Uncertain small effect,383,-0.0126,0.8,1.0,2.0,No,0.428286,No
Uncertain small effect,384,0.8971,0.8,1.0,2.0,Yes,0.428286,No
Uncertain small effect,385,-2.5189,0.8,1.0,2.0,Yes,0.428286,No
Uncertain small effect,386,-0.485,0.8,1.0,2.0,No,0.428286,No
Uncertain small effect,387,0.4206,0.8,1.0,2.0,No,0.428286,No
Uncertain small effect,388,0.7408,0.8,1.0,2.0,No,0.428286,No
Uncertain small effect,389,1.9581,0.8,1.0,2.0,Yes,0.428286,No
Uncertain small effect,390,-0.2389,0.8,1.0,2.0,No,0.428286,No
Uncertain small effect,391,1.3738,0.8,1.0,2.0,Yes,0.428286,No
Uncertain small effect,392,0.6217,0.8,1.0,2.0,No,0.428286,No
Uncertain small effect,393,1.0606,0.8,1.0,2.0,Yes,0.428286,No
Uncertain small effect,394,1.338,0.8,1.0,2.0,Yes,0.428286,No
Uncertain small effect,395,0.0452,0.8,1.0,2.0,No,0.428286,No
Uncertain small effect,396,1.843,0.8,1.0,2.0,Yes,0.428286,No
Uncertain small effect,397,0.2318,0.8,1.0,2.0,No,0.428286,No
Uncertain small effect,398,-0.4199,0.8,1.0,2.0,No,0.428286,No
Uncertain small effect,399,-0.8176,0.8,1.0,2.0,Yes,0.428286,No
Uncertain small effect,400,-0.188,0.8,1.0,2.0,No,0.428286,No
Uncertain small effect,401,0.3426,0.8,1.0,2.0,No,0.428286,No
Uncertain small effect,402,-0.3985,0.8,1.0,2.0,No,0.428286,No
Uncertain small effect,403,0.9861,0.8,1.0,2.0,Yes,0.428286,No
Uncertain small effect,404,0.1107,0.8,1.0,2.0,No,0.428286,No
Uncertain small effect,405,0.1333,0.8,1.0,2.0,No,0.428286,No
Uncertain small effect,406,0.9161,0.8,1.0,2.0,Yes,0.428286,No
Uncertain small effect,407,-1.5233,0.8,1.0,2.0,Yes,0.428286,No
Uncertain small effect,408,0.9535,0.8,1.0,2.0,Yes,0.428286,No
Uncertain small effect,409,-1.1765,0.8,1.0,2.0,Yes,0.428286,No
Uncertain small effect,410,1.1744,0.8,1.0,2.0,Yes,0.428286,No
Uncertain small effect,411,-0.4361,0.8,1.0,2.0,No,0.428286,No
Uncertain small effect,412,1.951,0.8,1.0,2.0,Yes,0.428286,No
Uncertain small effect,413,-0.4783,0.8,1.0,2.0,No,0.428286,No
Uncertain small effect,414,0.9289,0.8,1.0,2.0,Yes,0.428286,No
Uncertain small effect,415,-1.9407,0.8,1.0,2.0,Yes,0.428286,No
Uncertain small effect,416,-0.2662,0.8,1.0,2.0,No,0.428286,No
Uncertain small effect,417,1.7311,0.8,1.0,2.0,Yes,0.428286,No
Uncertain small effect,418,-0.4619,0.8,1.0,2.0,No,0.428286,No
Uncertain small effect,419,-1.0688,0.8,1.0,2.0,Yes,0.428286,No
Uncertain small effect,420,-0.1833,0.8,1.0,2.0,No,0.428286,No
Uncertain small effect,421,1.1241,0.8,1.0,2.0,Yes,0.428286,No
Uncertain small effect,422,-0.4184,0.8,1.0,2.0,No,0.428286,No
Uncertain small effect,423,1.835,0.8,1.0,2.0,Yes,0.428286,No
Uncertain small effect,424,0.5439,0.8,1.0,2.0,No,0.428286,No
Uncertain small effect,425,-0.0821,0.8,1.0,2.0,No,0.428286,No
Uncertain small effect,426,-0.7754,0.8,1.0,2.0,No,0.428286,No
Uncertain small effect,427,-0.197,0.8,1.0,2.0,No,0.428286,No
Uncertain small effect,428,-0.7972,0.8,1.0,2.0,No,0.428286,No
Uncertain small effect,429,1.3747,0.8,1.0,2.0,Yes,0.428286,No
Uncertain small effect,430,-1.9241,0.8,1.0,2.0,Yes,0.428286,No
Uncertain small effect,431,-0.0298,0.8,1.0,2.0,No,0.428286,No
Uncertain small effect,432,0.0456,0.8,1.0,2.0,No,0.428286,No
Uncertain small effect,433,0.0056,0.8,1.0,2.0,No,0.428286,No
Uncertain small effect,434,-1.0459,0.8,1.0,2.0,Yes,0.428286,No
Uncertain small effect,435,-0.9744,0.8,1.0,2.0,Yes,0.428286,No
Uncertain small effect,436,-1.0011,0.8,1.0,2.0,Yes,0.428286,No
Uncertain small effect,437,0.5932,0.8,1.0,2.0,No,0.428286,No
Uncertain small effect,438,-0.8685,0.8,1.0,2.0,Yes,0.428286,No
Uncertain small effect,439,0.3312,0.8,1.0,2.0,No,0.428286,No
Uncertain small effect,440,-0.8461,0.8,1.0,2.0,Yes,0.428286,No
Uncertain small effect,441,-1.9927,0.8,1.0,2.0,Yes,0.428286,No
Uncertain small effect,442,-0.3749,0.8,1.0,2.0,No,0.428286,No
Uncertain small effect,443,-0.241,0.8,1.0,2.0,No,0.428286,No
Uncertain small effect,444,1.6132,0.8,1.0,2.0,Yes,0.428286,No
Uncertain small effect,445,1.5409,0.8,1.0,2.0,Yes,0.428286,No
Uncertain small effect,446,0.4767,0.8,1.0,2.0,No,0.428286,No
Uncertain small effect,447,0.402,0.8,1.0,2.0,No,0.428286,No
Uncertain small effect,448,-0.186,0.8,1.0,2.0,No,0.428286,No
Uncertain small effect,449,0.4695,0.8,1.0,2.0,No,0.428286,No
Uncertain small effect,450,-1.1848,0.8,1.0,2.0,Yes,0.428286,No
Uncertain small effect,451,-0.6045,0.8,1.0,2.0,No,0.428286,No
Uncertain small effect,452,-1.1761,0.8,1.0,2.0,Yes,0.428286,No
Uncertain small effect,453,-0.8799,0.8,1.0,2.0,Yes,0.428286,No
Uncertain small effect,454,-0.0391,0.8,1.0,2.0,No,0.428286,No
Uncertain small effect,455,-0.2885,0.8,1.0,2.0,No,0.428286,No
Uncertain small effect,456,-1.215,0.8,1.0,2.0,Yes,0.428286,No
Uncertain small effect,457,0.9476,0.8,1.0,2.0,Yes,0.428286,No
Uncertain small effect,458,0.8841,0.8,1.0,2.0,Yes,0.428286,No
Uncertain small effect,459,-0.7109,0.8,1.0,2.0,No,0.428286,No
Uncertain small effect,460,0.1554,0.8,1.0,2.0,No,0.428286,No
Uncertain small effect,461,-0.3965,0.8,1.0,2.0,No,0.428286,No
Uncertain small effect,462,0.2058,0.8,1.0,2.0,No,0.428286,No
Uncertain small effect,463,0.5189,0.8,1.0,2.0,No,0.428286,No
Uncertain small effect,464,-0.0907,0.8,1.0,2.0,No,0.428286,No
Uncertain small effect,465,0.6055,0.8,1.0,2.0,No,0.428286,No
Uncertain small effect,466,-0.1038,0.8,1.0,2.0,No,0.428286,No
Uncertain small effect,467,-1.1356,0.8,1.0,2.0,Yes,0.428286,No
Uncertain small effect,468,0.7414,0.8,1.0,2.0,No,0.428286,No
Uncertain small effect,469,0.1205,0.8,1.0,2.0,No,0.428286,No
Uncertain small effect,470,0.5452,0.8,1.0,2.0,No,0.428286,No
Uncertain small effect,471,0.1581,0.8,1.0,2.0,No,0.428286,No
Uncertain small effect,472,1.1478,0.8,1.0,2.0,Yes,0.428286,No
Uncertain small effect,473,-0.8993,0.8,1.0,2.0,Yes,0.428286,No
Uncertain small effect,474,-0.8786,0.8,1.0,2.0,Yes,0.428286,No
Uncertain small effect,475,-0.3246,0.8,1.0,2.0,No,0.428286,No
Uncertain small effect,476,-0.4394,0.8,1.0,2.0,No,0.428286,No
Uncertain small effect,477,-0.2658,0.8,1.0,2.0,No,0.428286,No
Uncertain small effect,478,1.2772,0.8,1.0,2.0,Yes,0.428286,No
Uncertain small effect,479,-0.8275,0.8,1.0,2.0,Yes,0.428286,No
Uncertain small effect,480,-0.1974,0.8,1.0,2.0,No,0.428286,No
Uncertain small effect,481,0.0617,0.8,1.0,2.0,No,0.428286,No
Uncertain small effect,482,-1.507,0.8,1.0,2.0,Yes,0.428286,No
Uncertain small effect,483,-0.2593,0.8,1.0,2.0,No,0.428286,No
Uncertain small effect,484,1.4481,0.8,1.0,2.0,Yes,0.428286,No
Uncertain small effect,485,1.1912,0.8,1.0,2.0,Yes,0.428286,No
Uncertain small effect,486,0.1561,0.8,1.0,2.0,No,0.428286,No
Uncertain small effect,487,-0.3706,0.8,1.0,2.0,No,0.428286,No
Uncertain small effect,488,1.293,0.8,1.0,2.0,Yes,0.428286,No
Uncertain small effect,489,1.2699,0.8,1.0,2.0,Yes,0.428286,No
Uncertain small effect,490,-0.1562,0.8,1.0,2.0,No,0.428286,No
Uncertain small effect,491,1.1802,0.8,1.0,2.0,Yes,0.428286,No
Uncertain small effect,492,-1.0592,0.8,1.0,2.0,Yes,0.428286,No
Uncertain small effect,493,-2.4513,0.8,1.0,2.0,Yes,0.428286,No
Uncertain small effect,494,-0.7117,0.8,1.0,2.0,No,0.428286,No
Uncertain small effect,495,0.7854,0.8,1.0,2.0,No,0.428286,No
Uncertain small effect,496,0.5297,0.8,1.0,2.0,No,0.428286,No
Uncertain small effect,497,-0.2018,0.8,1.0,2.0,No,0.428286,No
Uncertain small effect,498,-0.5511,0.8,1.0,2.0,No,0.428286,No
Uncertain small effect,499,1.448,0.8,1.0,2.0,Yes,0.428286,No
Uncertain small effect,500,-0.5576,0.8,1.0,2.0,No,0.428286,No
Uncertain small effect,501,-0.4162,0.8,1.0,2.0,No,0.428286,No
Uncertain small effect,502,0.9049,0.8,1.0,2.0,Yes,0.428286,No
Uncertain small effect,503,-1.1848,0.8,1.0,2.0,Yes,0.428286,No
Uncertain small effect,504,-0.2551,0.8,1.0,2.0,No,0.428286,No
Uncertain small effect,505,1.7668,0.8,1.0,2.0,Yes,0.428286,No
Uncertain small effect,506,-0.7041,0.8,1.0,2.0,No,0.428286,No
Uncertain small effect,507,1.1336,0.8,1.0,2.0,Yes,0.428286,No
Uncertain small effect,508,1.0597,0.8,1.0,2.0,Yes,0.428286,No
Uncertain small effect,509,0.8409,0.8,1.0,2.0,Yes,0.428286,No
Uncertain small effect,510,-0.1153,0.8,1.0,2.0,No,0.428286,No
Uncertain small effect,511,1.8534,0.8,1.0,2.0,Yes,0.428286,No
Uncertain small effect,512,0.3665,0.8,1.0,2.0,No,0.428286,No
Uncertain small effect,513,0.0461,0.8,1.0,2.0,No,0.428286,No
Uncertain small effect,514,0.6261,0.8,1.0,2.0,No,0.428286,No
Uncertain small effect,515,0.1825,0.8,1.0,2.0,No,0.428286,No
Uncertain small effect,516,-0.6902,0.8,1.0,2.0,No,0.428286,No
Uncertain small effect,517,0.6504,0.8,1.0,2.0,No,0.428286,No
Uncertain small effect,518,0.1431,0.8,1.0,2.0,No,0.428286,No
Uncertain small effect,519,-0.1207,0.8,1.0,2.0,No,0.428286,No
Uncertain small effect,520,-0.7325,0.8,1.0,2.0,No,0.428286,No
Uncertain small effect,521,0.4016,0.8,1.0,2.0,No,0.428286,No
Uncertain small effect,522,-0.2543,0.8,1.0,2.0,No,0.428286,No
Uncertain small effect,523,1.3327,0.8,1.0,2.0,Yes,0.428286,No
Uncertain small effect,524,-0.2113,0.8,1.0,2.0,No,0.428286,No
Uncertain small effect,525,-1.1317,0.8,1.0,2.0,Yes,0.428286,No
Uncertain small effect,526,0.304,0.8,1.0,2.0,No,0.428286,No
Uncertain small effect,527,-0.6604,0.8,1.0,2.0,No,0.428286,No
Uncertain small effect,528,-0.648,0.8,1.0,2.0,No,0.428286,No
Uncertain small effect,529,0.6897,0.8,1.0,2.0,No,0.428286,No
Uncertain small effect,530,0.265,0.8,1.0,2.0,No,0.428286,No
Uncertain small effect,531,-0.012,0.8,1.0,2.0,No,0.428286,No
Uncertain small effect,532,-0.4339,0.8,1.0,2.0,No,0.428286,No
Uncertain small effect,533,1.1657,0.8,1.0,2.0,Yes,0.428286,No
Uncertain small effect,534,-0.239,0.8,1.0,2.0,No,0.428286,No
Uncertain small effect,535,-1.0053,0.8,1.0,2.0,Yes,0.428286,No
Uncertain small effect,536,-0.4765,0.8,1.0,2.0,No,0.428286,No
Uncertain small effect,537,-0.6302,0.8,1.0,2.0,No,0.428286,No
Uncertain small effect,538,1.3595,0.8,1.0,2.0,Yes,0.428286,No
Uncertain small effect,539,-0.0338,0.8,1.0,2.0,No,0.428286,No
Uncertain small effect,540,-0.1986,0.8,1.0,2.0,No,0.428286,No
Uncertain small effect,541,-0.2097,0.8,1.0,2.0,No,0.428286,No
Uncertain small effect,542,1.8212,0.8,1.0,2.0,Yes,0.428286,No
Uncertain small effect,543,-0.2412,0.8,1.0,2.0,No,0.428286,No
Uncertain small effect,544,0.1359,0.8,1.0,2.0,No,0.428286,No
Uncertain small effect,545,0.848,0.8,1.0,2.0,Yes,0.428286,No
Uncertain small effect,546,0.3477,0.8,1.0,2.0,No,0.428286,No
Uncertain small effect,547,-0.128,0.8,1.0,2.0,No,0.428286,No
Uncertain small effect,548,-0.079,0.8,1.0,2.0,No,0.428286,No
Uncertain small effect,549,1.2137,0.8,1.0,2.0,Yes,0.428286,No
Uncertain small effect,550,0.5956,0.8,1.0,2.0,No,0.428286,No
Uncertain small effect,551,0.4799,0.8,1.0,2.0,No,0.428286,No
Uncertain small effect,552,0.1508,0.8,1.0,2.0,No,0.428286,No
Uncertain small effect,553,-2.7979,0.8,1.0,2.0,Yes,0.428286,No
Uncertain small effect,554,-0.4995,0.8,1.0,2.0,No,0.428286,No
Uncertain small effect,555,0.7085,0.8,1.0,2.0,No,0.428286,No
Uncertain small effect,556,1.2639,0.8,1.0,2.0,Yes,0.428286,No
Uncertain small effect,557,1.3414,0.8,1.0,2.0,Yes,0.428286,No
Uncertain small effect,558,1.2388,0.8,1.0,2.0,Yes,0.428286,No
Uncertain small effect,559,-0.0542,0.8,1.0,2.0,No,0.428286,No
Uncertain small effect,560,-0.4162,0.8,1.0,2.0,No,0.428286,No
Uncertain small effect,561,1.0871,0.8,1.0,2.0,Yes,0.428286,No
Uncertain small effect,562,-0.0363,0.8,1.0,2.0,No,0.428286,No
Uncertain small effect,563,-0.2887,0.8,1.0,2.0,No,0.428286,No
Uncertain small effect,564,0.8572,0.8,1.0,2.0,Yes,0.428286,No
Uncertain small effect,565,1.2263,0.8,1.0,2.0,Yes,0.428286,No
Uncertain small effect,566,-0.0731,0.8,1.0,2.0,No,0.428286,No
Uncertain small effect,567,0.7612,0.8,1.0,2.0,No,0.428286,No
Uncertain small effect,568,-0.0424,0.8,1.0,2.0,No,0.428286,No
Uncertain small effect,569,-2.1227,0.8,1.0,2.0,Yes,0.428286,No
Uncertain small effect,570,-1.507,0.8,1.0,2.0,Yes,0.428286,No
Uncertain small effect,571,-1.6523,0.8,1.0,2.0,Yes,0.428286,No
Uncertain small effect,572,-1.1792,0.8,1.0,2.0,Yes,0.428286,No
Uncertain small effect,573,0.8459,0.8,1.0,2.0,Yes,0.428286,No
Uncertain small effect,574,-0.3168,0.8,1.0,2.0,No,0.428286,No
Uncertain small effect,575,-0.0899,0.8,1.0,2.0,No,0.428286,No
Uncertain small effect,576,-1.8429,0.8,1.0,2.0,Yes,0.428286,No
Uncertain small effect,577,0.9991,0.8,1.0,2.0,Yes,0.428286,No
Uncertain small effect,578,-0.3806,0.8,1.0,2.0,No,0.428286,No
Uncertain small effect,579,-1.5503,0.8,1.0,2.0,Yes,0.428286,No
Uncertain small effect,580,-0.8559,0.8,1.0,2.0,Yes,0.428286,No
Uncertain small effect,581,-2.2193,0.8,1.0,2.0,Yes,0.428286,No
Uncertain small effect,582,-0.5841,0.8,1.0,2.0,No,0.428286,No
Uncertain small effect,583,0.3188,0.8,1.0,2.0,No,0.428286,No
Uncertain small effect,584,0.7423,0.8,1.0,2.0,No,0.428286,No
Uncertain small effect,585,0.779,0.8,1.0,2.0,No,0.428286,No
Uncertain small effect,586,-0.1357,0.8,1.0,2.0,No,0.428286,No
Uncertain small effect,587,0.0577,0.8,1.0,2.0,No,0.428286,No
Uncertain small effect,588,-0.3868,0.8,1.0,2.0,No,0.428286,No
Uncertain small effect,589,1.5184,0.8,1.0,2.0,Yes,0.428286,No
Uncertain small effect,590,0.2795,0.8,1.0,2.0,No,0.428286,No
Uncertain small effect,591,-1.0106,0.8,1.0,2.0,Yes,0.428286,No
Uncertain small effect,592,-0.4195,0.8,1.0,2.0,No,0.428286,No
Uncertain small effect,593,-1.8493,0.8,1.0,2.0,Yes,0.428286,No
Uncertain small effect,594,-0.5584,0.8,1.0,2.0,No,0.428286,No
Uncertain small effect,595,-0.1218,0.8,1.0,2.0,No,0.428286,No
Uncertain small effect,596,-0.5457,0.8,1.0,2.0,No,0.428286,No
Uncertain small effect,597,-0.4319,0.8,1.0,2.0,No,0.428286,No
Uncertain small effect,598,0.0574,0.8,1.0,2.0,No,0.428286,No
Uncertain small effect,599,0.75,0.8,1.0,2.0,No,0.428286,No
Uncertain small effect,600,0.5871,0.8,1.0,2.0,No,0.428286,No
Uncertain small effect,601,2.2303,0.8,1.0,2.0,Yes,0.428286,No
Uncertain small effect,602,-0.7672,0.8,1.0,2.0,No,0.428286,No
Uncertain small effect,603,-0.853,0.8,1.0,2.0,Yes,0.428286,No
Uncertain small effect,604,-1.655,0.8,1.0,2.0,Yes,0.428286,No
Uncertain small effect,605,-0.5715,0.8,1.0,2.0,No,0.428286,No
Uncertain small effect,606,-0.1139,0.8,1.0,2.0,No,0.428286,No
Uncertain small effect,607,-0.0462,0.8,1.0,2.0,No,0.428286,No
Uncertain small effect,608,0.6169,0.8,1.0,2.0,No,0.428286,No
Uncertain small effect,609,-0.1086,0.8,1.0,2.0,No,0.428286,No
Uncertain small effect,610,-0.2848,0.8,1.0,2.0,No,0.428286,No
Uncertain small effect,611,-0.453,0.8,1.0,2.0,No,0.428286,No
Uncertain small effect,612,-1.8123,0.8,1.0,2.0,Yes,0.428286,No
Uncertain small effect,613,0.4183,0.8,1.0,2.0,No,0.428286,No
Uncertain small effect,614,-0.6288,0.8,1.0,2.0,No,0.428286,No
Uncertain small effect,615,-1.179,0.8,1.0,2.0,Yes,0.428286,No
Uncertain small effect,616,1.7603,0.8,1.0,2.0,Yes,0.428286,No
Uncertain small effect,617,-0.115,0.8,1.0,2.0,No,0.428286,No
Uncertain small effect,618,-2.0391,0.8,1.0,2.0,Yes,0.428286,No
Uncertain small effect,619,-1.3221,0.8,1.0,2.0,Yes,0.428286,No
Uncertain small effect,620,-0.3487,0.8,1.0,2.0,No,0.428286,No
Uncertain small effect,621,-0.1024,0.8,1.0,2.0,No,0.428286,No
Uncertain small effect,622,-1.5457,0.8,1.0,2.0,Yes,0.428286,No
Uncertain small effect,623,1.0959,0.8,1.0,2.0,Yes,0.428286,No
Uncertain small effect,624,-2.2237,0.8,1.0,2.0,Yes,0.428286,No
Uncertain small effect,625,1.2135,0.8,1.0,2.0,Yes,0.428286,No
Uncertain small effect,626,-0.5677,0.8,1.0,2.0,No,0.428286,No
Uncertain small effect,627,0.7152,0.8,1.0,2.0,No,0.428286,No
Uncertain small effect,628,-1.0007,0.8,1.0,2.0,Yes,0.428286,No
Uncertain small effect,629,0.6774,0.8,1.0,2.0,No,0.428286,No
Uncertain small effect,630,-0.3401,0.8,1.0,2.0,No,0.428286,No
Uncertain small effect,631,-0.1546,0.8,1.0,2.0,No,0.428286,No
Uncertain small effect,632,-0.9625,0.8,1.0,2.0,Yes,0.428286,No
Uncertain small effect,633,-0.8883,0.8,1.0,2.0,Yes,0.428286,No
Uncertain small effect,634,0.6837,0.8,1.0,2.0,No,0.428286,No
Uncertain small effect,635,0.061,0.8,1.0,2.0,No,0.428286,No
Uncertain small effect,636,0.1939,0.8,1.0,2.0,No,0.428286,No
Uncertain small effect,637,-0.5107,0.8,1.0,2.0,No,0.428286,No
Uncertain small effect,638,-0.1921,0.8,1.0,2.0,No,0.428286,No
Uncertain small effect,639,0.2497,0.8,1.0,2.0,No,0.428286,No
Uncertain small effect,640,0.6877,0.8,1.0,2.0,No,0.428286,No
Uncertain small effect,641,0.6451,0.8,1.0,2.0,No,0.428286,No
Uncertain small effect,642,-0.1507,0.8,1.0,2.0,No,0.428286,No
Uncertain small effect,643,1.1265,0.8,1.0,2.0,Yes,0.428286,No
Uncertain small effect,644,-0.3961,0.8,1.0,2.0,No,0.428286,No
Uncertain small effect,645,-0.1575,0.8,1.0,2.0,No,0.428286,No
Uncertain small effect,646,-1.1891,0.8,1.0,2.0,Yes,0.428286,No
Uncertain small effect,647,1.9128,0.8,1.0,2.0,Yes,0.428286,No
Uncertain small effect,648,-0.0201,0.8,1.0,2.0,No,0.428286,No
Uncertain small effect,649,0.8622,0.8,1.0,2.0,Yes,0.428286,No
Uncertain small effect,650,-0.7977,0.8,1.0,2.0,No,0.428286,No
Uncertain small effect,651,0.2099,0.8,1.0,2.0,No,0.428286,No
Uncertain small effect,652,1.2146,0.8,1.0,2.0,Yes,0.428286,No
Uncertain small effect,653,-0.2998,0.8,1.0,2.0,No,0.428286,No
Uncertain small effect,654,-0.6691,0.8,1.0,2.0,No,0.428286,No
Uncertain small effect,655,1.6734,0.8,1.0,2.0,Yes,0.428286,No
Uncertain small effect,656,-0.5352,0.8,1.0,2.0,No,0.428286,No
Uncertain small effect,657,-0.7257,0.8,1.0,2.0,No,0.428286,No
Uncertain small effect,658,-0.2994,0.8,1.0,2.0,No,0.428286,No
Uncertain small effect,659,0.5947,0.8,1.0,2.0,No,0.428286,No
Uncertain small effect,660,1.1836,0.8,1.0,2.0,Yes,0.428286,No
Uncertain small effect,661,-0.0387,0.8,1.0,2.0,No,0.428286,No
Uncertain small effect,662,-0.5634,0.8,1.0,2.0,No,0.428286,No
Uncertain small effect,663,-0.0852,0.8,1.0,2.0,No,0.428286,No
Uncertain small effect,664,0.0294,0.8,1.0,2.0,No,0.428286,No
Uncertain small effect,665,-0.1358,0.8,1.0,2.0,No,0.428286,No
Uncertain small effect,666,1.2182,0.8,1.0,2.0,Yes,0.428286,No
Uncertain small effect,667,-1.3282,0.8,1.0,2.0,Yes,0.428286,No
Uncertain small effect,668,0.7011,0.8,1.0,2.0,No,0.428286,No
Uncertain small effect,669,0.6615,0.8,1.0,2.0,No,0.428286,No
Uncertain small effect,670,-0.743,0.8,1.0,2.0,No,0.428286,No
Uncertain small effect,671,-1.1239,0.8,1.0,2.0,Yes,0.428286,No
Uncertain small effect,672,-1.3543,0.8,1.0,2.0,Yes,0.428286,No
Uncertain small effect,673,1.4957,0.8,1.0,2.0,Yes,0.428286,No
Uncertain small effect,674,1.3533,0.8,1.0,2.0,Yes,0.428286,No
Uncertain small effect,675,0.6611,0.8,1.0,2.0,No,0.428286,No
Uncertain small effect,676,-0.515,0.8,1.0,2.0,No,0.428286,No
Uncertain small effect,677,-1.9604,0.8,1.0,2.0,Yes,0.428286,No
Uncertain small effect,678,-1.2433,0.8,1.0,2.0,Yes,0.428286,No
Uncertain small effect,679,-0.3137,0.8,1.0,2.0,No,0.428286,No
Uncertain small effect,680,-0.6243,0.8,1.0,2.0,No,0.428286,No
Uncertain small effect,681,0.7676,0.8,1.0,2.0,No,0.428286,No
Uncertain small effect,682,-0.0535,0.8,1.0,2.0,No,0.428286,No
Uncertain small effect,683,-0.0184,0.8,1.0,2.0,No,0.428286,No
Uncertain small effect,684,-1.3981,0.8,1.0,2.0,Yes,0.428286,No
Uncertain small effect,685,-1.6884,0.8,1.0,2.0,Yes,0.428286,No
Uncertain small effect,686,0.5219,0.8,1.0,2.0,No,0.428286,No
Uncertain small effect,687,-0.9792,0.8,1.0,2.0,Yes,0.428286,No
Uncertain small effect,688,-0.452,0.8,1.0,2.0,No,0.428286,No
Uncertain small effect,689,1.467,0.8,1.0,2.0,Yes,0.428286,No
Uncertain small effect,690,-0.3133,0.8,1.0,2.0,No,0.428286,No
Uncertain small effect,691,0.7368,0.8,1.0,2.0,No,0.428286,No
Uncertain small effect,692,-0.0378,0.8,1.0,2.0,No,0.428286,No
Uncertain small effect,693,0.7097,0.8,1.0,2.0,No,0.428286,No
Uncertain small effect,694,0.3564,0.8,1.0,2.0,No,0.428286,No
Uncertain small effect,695,0.205,0.8,1.0,2.0,No,0.428286,No
Uncertain small effect,696,0.0176,0.8,1.0,2.0,No,0.428286,No
Uncertain small effect,697,-0.2947,0.8,1.0,2.0,No,0.428286,No
Uncertain small effect,698,0.1421,0.8,1.0,2.0,No,0.428286,No
Uncertain small effect,699,1.1293,0.8,1.0,2.0,Yes,0.428286,No
Uncertain small effect,700,-0.7179,0.8,1.0,2.0,No,0.428286,No
Uncertain small effect,701,1.2522,0.8,1.0,2.0,Yes,0.428286,No
Uncertain small effect,702,0.7584,0.8,1.0,2.0,No,0.428286,No
Uncertain small effect,703,1.6061,0.8,1.0,2.0,Yes,0.428286,No
Uncertain small effect,704,-0.3902,0.8,1.0,2.0,No,0.428286,No
Uncertain small effect,705,0.7175,0.8,1.0,2.0,No,0.428286,No
Uncertain small effect,706,-1.2898,0.8,1.0,2.0,Yes,0.428286,No
Uncertain small effect,707,0.9268,0.8,1.0,2.0,Yes,0.428286,No
Uncertain small effect,708,0.982,0.8,1.0,2.0,Yes,0.428286,No
Uncertain small effect,709,0.4856,0.8,1.0,2.0,No,0.428286,No
Uncertain small effect,710,-1.157,0.8,1.0,2.0,Yes,0.428286,No
Uncertain small effect,711,1.8385,0.8,1.0,2.0,Yes,0.428286,No
Uncertain small effect,712,0.1182,0.8,1.0,2.0,No,0.428286,No
Uncertain small effect,713,0.6048,0.8,1.0,2.0,No,0.428286,No
Uncertain small effect,714,-0.1582,0.8,1.0,2.0,No,0.428286,No
Uncertain small effect,715,-0.9915,0.8,1.0,2.0,Yes,0.428286,No
Uncertain small effect,716,-0.238,0.8,1.0,2.0,No,0.428286,No
Uncertain small effect,717,-0.4146,0.8,1.0,2.0,No,0.428286,No
Uncertain small effect,718,0.1629,0.8,1.0,2.0,No,0.428286,No
Uncertain small effect,719,-0.5293,0.8,1.0,2.0,No,0.428286,No
Uncertain small effect,720,0.3515,0.8,1.0,2.0,No,0.428286,No
Uncertain small effect,721,1.6598,0.8,1.0,2.0,Yes,0.428286,No
Uncertain small effect,722,-0.2171,0.8,1.0,2.0,No,0.428286,No
Uncertain small effect,723,0.343,0.8,1.0,2.0,No,0.428286,No
Uncertain small effect,724,0.7841,0.8,1.0,2.0,No,0.428286,No
Uncertain small effect,725,0.6948,0.8,1.0,2.0,No,0.428286,No
Uncertain small effect,726,0.3837,0.8,1.0,2.0,No,0.428286,No
Uncertain small effect,727,0.4906,0.8,1.0,2.0,No,0.428286,No
Uncertain small effect,728,0.101,0.8,1.0,2.0,No,0.428286,No
Uncertain small effect,729,0.3275,0.8,1.0,2.0,No,0.428286,No
Uncertain small effect,730,0.6203,0.8,1.0,2.0,No,0.428286,No
Uncertain small effect,731,1.2647,0.8,1.0,2.0,Yes,0.428286,No
Uncertain small effect,732,0.4826,0.8,1.0,2.0,No,0.428286,No
Uncertain small effect,733,-0.3538,0.8,1.0,2.0,No,0.428286,No
Uncertain small effect,734,-0.5865,0.8,1.0,2.0,No,0.428286,No
Uncertain small effect,735,0.4544,0.8,1.0,2.0,No,0.428286,No
Uncertain small effect,736,0.162,0.8,1.0,2.0,No,0.428286,No
Uncertain small effect,737,-0.6935,0.8,1.0,2.0,No,0.428286,No
Uncertain small effect,738,-0.2753,0.8,1.0,2.0,No,0.428286,No
Uncertain small effect,739,0.157,0.8,1.0,2.0,No,0.428286,No
Uncertain small effect,740,0.6035,0.8,1.0,2.0,No,0.428286,No
Uncertain small effect,741,-0.0841,0.8,1.0,2.0,No,0.428286,No
Uncertain small effect,742,1.0313,0.8,1.0,2.0,Yes,0.428286,No
Uncertain small effect,743,-1.7126,0.8,1.0,2.0,Yes,0.428286,No
Uncertain small effect,744,0.6124,0.8,1.0,2.0,No,0.428286,No
Uncertain small effect,745,0.3066,0.8,1.0,2.0,No,0.428286,No
Uncertain small effect,746,0.8446,0.8,1.0,2.0,Yes,0.428286,No
Uncertain small effect,747,0.0023,0.8,1.0,2.0,No,0.428286,No
Uncertain small effect,748,-1.3295,0.8,1.0,2.0,Yes,0.428286,No
Uncertain small effect,749,-0.3655,0.8,1.0,2.0,No,0.428286,No
Uncertain small effect,750,-1.7858,0.8,1.0,2.0,Yes,0.428286,No
Uncertain small effect,751,-0.9326,0.8,1.0,2.0,Yes,0.428286,No
Uncertain small effect,752,-0.565,0.8,1.0,2.0,No,0.428286,No
Uncertain small effect,753,0.0099,0.8,1.0,2.0,No,0.428286,No
Uncertain small effect,754,0.3047,0.8,1.0,2.0,No,0.428286,No
Uncertain small effect,755,-0.0343,0.8,1.0,2.0,No,0.428286,No
Uncertain small effect,756,-1.5416,0.8,1.0,2.0,Yes,0.428286,No
Uncertain small effect,757,-0.9987,0.8,1.0,2.0,Yes,0.428286,No
Uncertain small effect,758,2.0881,0.8,1.0,2.0,Yes,0.428286,No
Uncertain small effect,759,-0.806,0.8,1.0,2.0,Yes,0.428286,No
Uncertain small effect,760,0.3952,0.8,1.0,2.0,No,0.428286,No
Uncertain small effect,761,0.9662,0.8,1.0,2.0,Yes,0.428286,No
Uncertain small effect,762,-0.004,0.8,1.0,2.0,No,0.428286,No
Uncertain small effect,763,0.2673,0.8,1.0,2.0,No,0.428286,No
Uncertain small effect,764,1.2319,0.8,1.0,2.0,Yes,0.428286,No
Uncertain small effect,765,0.6293,0.8,1.0,2.0,No,0.428286,No
Uncertain small effect,766,-0.1376,0.8,1.0,2.0,No,0.428286,No
Uncertain small effect,767,0.8311,0.8,1.0,2.0,Yes,0.428286,No
Uncertain small effect,768,-0.7254,0.8,1.0,2.0,No,0.428286,No
Uncertain small effect,769,1.0032,0.8,1.0,2.0,Yes,0.428286,No
Uncertain small effect,770,-0.0341,0.8,1.0,2.0,No,0.428286,No
Uncertain small effect,771,0.7148,0.8,1.0,2.0,No,0.428286,No
Uncertain small effect,772,0.3795,0.8,1.0,2.0,No,0.428286,No
Uncertain small effect,773,0.3058,0.8,1.0,2.0,No,0.428286,No
Uncertain small effect,774,-0.3646,0.8,1.0,2.0,No,0.428286,No
Uncertain small effect,775,0.4473,0.8,1.0,2.0,No,0.428286,No
Uncertain small effect,776,-2.6135,0.8,1.0,2.0,Yes,0.428286,No
Uncertain small effect,777,0.1804,0.8,1.0,2.0,No,0.428286,No
Uncertain small effect,778,-0.2319,0.8,1.0,2.0,No,0.428286,No
Uncertain small effect,779,-0.6158,0.8,1.0,2.0,No,0.428286,No
Uncertain small effect,780,0.4101,0.8,1.0,2.0,No,0.428286,No
Uncertain small effect,781,0.5377,0.8,1.0,2.0,No,0.428286,No
Uncertain small effect,782,-0.2013,0.8,1.0,2.0,No,0.428286,No
Uncertain small effect,783,-0.1663,0.8,1.0,2.0,No,0.428286,No
Uncertain small effect,784,0.4712,0.8,1.0,2.0,No,0.428286,No
Uncertain small effect,785,-0.2612,0.8,1.0,2.0,No,0.428286,No
Uncertain small effect,786,0.2945,0.8,1.0,2.0,No,0.428286,No
Uncertain small effect,787,1.6356,0.8,1.0,2.0,Yes,0.428286,No
Uncertain small effect,788,-0.5376,0.8,1.0,2.0,No,0.428286,No
Uncertain small effect,789,-0.2685,0.8,1.0,2.0,No,0.428286,No
Uncertain small effect,790,-0.5883,0.8,1.0,2.0,No,0.428286,No
Uncertain small effect,791,-0.3313,0.8,1.0,2.0,No,0.428286,No
Uncertain small effect,792,1.2362,0.8,1.0,2.0,Yes,0.428286,No
Uncertain small effect,793,1.202,0.8,1.0,2.0,Yes,0.428286,No
Uncertain small effect,794,0.4842,0.8,1.0,2.0,No,0.428286,No
Uncertain small effect,795,1.1604,0.8,1.0,2.0,Yes,0.428286,No
Uncertain small effect,796,-0.1669,0.8,1.0,2.0,No,0.428286,No
Uncertain small effect,797,1.1781,0.8,1.0,2.0,Yes,0.428286,No
Uncertain small effect,798,0.4845,0.8,1.0,2.0,No,0.428286,No
Uncertain small effect,799,0.6677,0.8,1.0,2.0,No,0.428286,No
Uncertain small effect,800,-1.3416,0.8,1.0,2.0,Yes,0.428286,No
Uncertain small effect,801,-0.5472,0.8,1.0,2.0,No,0.428286,No
Uncertain small effect,802,-1.0284,0.8,1.0,2.0,Yes,0.428286,No
Uncertain small effect,803,-0.1901,0.8,1.0,2.0,No,0.428286,No
Uncertain small effect,804,-1.4099,0.8,1.0,2.0,Yes,0.428286,No
Uncertain small effect,805,0.4754,0.8,1.0,2.0,No,0.428286,No
Uncertain small effect,806,0.4454,0.8,1.0,2.0,No,0.428286,No
Uncertain small effect,807,-0.286,0.8,1.0,2.0,No,0.428286,No
Uncertain small effect,808,-1.6729,0.8,1.0,2.0,Yes,0.428286,No
Uncertain small effect,809,0.4647,0.8,1.0,2.0,No,0.428286,No
Uncertain small effect,810,1.518,0.8,1.0,2.0,Yes,0.428286,No
Uncertain small effect,811,0.1147,0.8,1.0,2.0,No,0.428286,No
Uncertain small effect,812,0.3652,0.8,1.0,2.0,No,0.428286,No
Uncertain small effect,813,-0.6725,0.8,1.0,2.0,No,0.428286,No
Uncertain small effect,814,0.726,0.8,1.0,2.0,No,0.428286,No
Uncertain small effect,815,-0.3855,0.8,1.0,2.0,No,0.428286,No
Uncertain small effect,816,0.8018,0.8,1.0,2.0,Yes,0.428286,No
Uncertain small effect,817,0.4953,0.8,1.0,2.0,No,0.428286,No
Uncertain small effect,818,1.7034,0.8,1.0,2.0,Yes,0.428286,No
Uncertain small effect,819,1.4721,0.8,1.0,2.0,Yes,0.428286,No
Uncertain small effect,820,-1.0445,0.8,1.0,2.0,Yes,0.428286,No
Uncertain small effect,821,-1.0946,0.8,1.0,2.0,Yes,0.428286,No
Uncertain small effect,822,-0.1515,0.8,1.0,2.0,No,0.428286,No
Uncertain small effect,823,-0.8097,0.8,1.0,2.0,Yes,0.428286,No
Uncertain small effect,824,0.8173,0.8,1.0,2.0,Yes,0.428286,No
Uncertain small effect,825,-0.9785,0.8,1.0,2.0,Yes,0.428286,No
Uncertain small effect,826,0.842,0.8,1.0,2.0,Yes,0.428286,No
Uncertain small effect,827,0.1464,0.8,1.0,2.0,No,0.428286,No
Uncertain small effect,828,0.5027,0.8,1.0,2.0,No,0.428286,No
Uncertain small effect,829,-0.2107,0.8,1.0,2.0,No,0.428286,No
Uncertain small effect,830,-1.0206,0.8,1.0,2.0,Yes,0.428286,No
Uncertain small effect,831,-0.6097,0.8,1.0,2.0,No,0.428286,No
Uncertain small effect,832,0.6106,0.8,1.0,2.0,No,0.428286,No
Uncertain small effect,833,1.3693,0.8,1.0,2.0,Yes,0.428286,No
Uncertain small effect,834,0.6009,0.8,1.0,2.0,No,0.428286,No
Uncertain small effect,835,-0.0067,0.8,1.0,2.0,No,0.428286,No
Uncertain small effect,836,-0.1668,0.8,1.0,2.0,No,0.428286,No
Uncertain small effect,837,1.6955,0.8,1.0,2.0,Yes,0.428286,No
Uncertain small effect,838,-0.0338,0.8,1.0,2.0,No,0.428286,No
Uncertain small effect,839,-0.0607,0.8,1.0,2.0,No,0.428286,No
Uncertain small effect,840,0.6186,0.8,1.0,2.0,No,0.428286,No
Uncertain small effect,841,-0.7568,0.8,1.0,2.0,No,0.428286,No
Uncertain small effect,842,-0.774,0.8,1.0,2.0,No,0.428286,No
Uncertain small effect,843,0.6243,0.8,1.0,2.0,No,0.428286,No
Uncertain small effect,844,-0.2278,0.8,1.0,2.0,No,0.428286,No
Uncertain small effect,845,0.6906,0.8,1.0,2.0,No,0.428286,No
Uncertain small effect,846,-0.6337,0.8,1.0,2.0,No,0.428286,No
Uncertain small effect,847,0.733,0.8,1.0,2.0,No,0.428286,No
Uncertain small effect,848,0.2179,0.8,1.0,2.0,No,0.428286,No
Uncertain small effect,849,0.7211,0.8,1.0,2.0,No,0.428286,No
Uncertain small effect,850,-0.1992,0.8,1.0,2.0,No,0.428286,No
Uncertain small effect,851,1.9413,0.8,1.0,2.0,Yes,0.428286,No
Uncertain small effect,852,-1.3672,0.8,1.0,2.0,Yes,0.428286,No
Uncertain small effect,853,-1.073,0.8,1.0,2.0,Yes,0.428286,No
Uncertain small effect,854,1.2447,0.8,1.0,2.0,Yes,0.428286,No
Uncertain small effect,855,1.2162,0.8,1.0,2.0,Yes,0.428286,No
Uncertain small effect,856,1.1824,0.8,1.0,2.0,Yes,0.428286,No
Uncertain small effect,857,1.617,0.8,1.0,2.0,Yes,0.428286,No
Uncertain small effect,858,0.1356,0.8,1.0,2.0,No,0.428286,No
Uncertain small effect,859,-0.0514,0.8,1.0,2.0,No,0.428286,No
Uncertain small effect,860,1.152,0.8,1.0,2.0,Yes,0.428286,No
Uncertain small effect,861,1.3527,0.8,1.0,2.0,Yes,0.428286,No
Uncertain small effect,862,-0.5516,0.8,1.0,2.0,No,0.428286,No
Uncertain small effect,863,-1.3814,0.8,1.0,2.0,Yes,0.428286,No
Uncertain small effect,864,0.5851,0.8,1.0,2.0,No,0.428286,No
Uncertain small effect,865,-1.0687,0.8,1.0,2.0,Yes,0.428286,No
Uncertain small effect,866,2.0838,0.8,1.0,2.0,Yes,0.428286,No
Uncertain small effect,867,1.1212,0.8,1.0,2.0,Yes,0.428286,No
Uncertain small effect,868,1.4383,0.8,1.0,2.0,Yes,0.428286,No
Uncertain small effect,869,-1.9273,0.8,1.0,2.0,Yes,0.428286,No
Uncertain small effect,870,0.9435,0.8,1.0,2.0,Yes,0.428286,No
Uncertain small effect,871,-0.133,0.8,1.0,2.0,No,0.428286,No
Uncertain small effect,872,-1.6257,0.8,1.0,2.0,Yes,0.428286,No
Uncertain small effect,873,-1.4263,0.8,1.0,2.0,Yes,0.428286,No
Uncertain small effect,874,1.9098,0.8,1.0,2.0,Yes,0.428286,No
Uncertain small effect,875,-1.8898,0.8,1.0,2.0,Yes,0.428286,No
Uncertain small effect,876,-0.3621,0.8,1.0,2.0,No,0.428286,No
Uncertain small effect,877,-1.0668,0.8,1.0,2.0,Yes,0.428286,No
Uncertain small effect,878,-0.1742,0.8,1.0,2.0,No,0.428286,No
Uncertain small effect,879,0.7394,0.8,1.0,2.0,No,0.428286,No
Uncertain small effect,880,0.2998,0.8,1.0,2.0,No,0.428286,No
Uncertain small effect,881,-0.8345,0.8,1.0,2.0,Yes,0.428286,No
Uncertain small effect,882,1.5815,0.8,1.0,2.0,Yes,0.428286,No
Uncertain small effect,883,0.5593,0.8,1.0,2.0,No,0.428286,No
Uncertain small effect,884,2.7737,0.8,1.0,2.0,Yes,0.428286,No
Uncertain small effect,885,-0.8107,0.8,1.0,2.0,Yes,0.428286,No
Uncertain small effect,886,-0.652,0.8,1.0,2.0,No,0.428286,No
Uncertain small effect,887,-0.9112,0.8,1.0,2.0,Yes,0.428286,No
Uncertain small effect,888,0.3536,0.8,1.0,2.0,No,0.428286,No
Uncertain small effect,889,-1.1894,0.8,1.0,2.0,Yes,0.428286,No
Uncertain small effect,890,1.3016,0.8,1.0,2.0,Yes,0.428286,No
Uncertain small effect,891,0.96,0.8,1.0,2.0,Yes,0.428286,No
Uncertain small effect,892,-2.8188,0.8,1.0,2.0,Yes,0.428286,No
Uncertain small effect,893,-0.0066,0.8,1.0,2.0,No,0.428286,No
Uncertain small effect,894,1.7883,0.8,1.0,2.0,Yes,0.428286,No
Uncertain small effect,895,0.4997,0.8,1.0,2.0,No,0.428286,No
Uncertain small effect,896,-0.5784,0.8,1.0,2.0,No,0.428286,No
Uncertain small effect,897,-1.0086,0.8,1.0,2.0,Yes,0.428286,No
Uncertain small effect,898,-0.081,0.8,1.0,2.0,No,0.428286,No
Uncertain small effect,899,-1.1564,0.8,1.0,2.0,Yes,0.428286,No
Uncertain small effect,900,-0.9946,0.8,1.0,2.0,Yes,0.428286,No
Uncertain small effect,901,0.7219,0.8,1.0,2.0,No,0.428286,No
Uncertain small effect,902,0.5885,0.8,1.0,2.0,No,0.428286,No
Uncertain small effect,903,-0.2199,0.8,1.0,2.0,No,0.428286,No
Uncertain small effect,904,-0.4448,0.8,1.0,2.0,No,0.428286,No
Uncertain small effect,905,-0.0006,0.8,1.0,2.0,No,0.428286,No
Uncertain small effect,906,1.2873,0.8,1.0,2.0,Yes,0.428286,No
Uncertain small effect,907,-0.1373,0.8,1.0,2.0,No,0.428286,No
Uncertain small effect,908,-0.347,0.8,1.0,2.0,No,0.428286,No
Uncertain small effect,909,-1.9026,0.8,1.0,2.0,Yes,0.428286,No
Uncertain small effect,910,1.0631,0.8,1.0,2.0,Yes,0.428286,No
Uncertain small effect,911,-0.0817,0.8,1.0,2.0,No,0.428286,No
Uncertain small effect,912,0.2862,0.8,1.0,2.0,No,0.428286,No
Uncertain small effect,913,-1.0825,0.8,1.0,2.0,Yes,0.428286,No
Uncertain small effect,914,0.2419,0.8,1.0,2.0,No,0.428286,No
Uncertain small effect,915,-0.0502,0.8,1.0,2.0,No,0.428286,No
Uncertain small effect,916,-2.0829,0.8,1.0,2.0,Yes,0.428286,No
Uncertain small effect,917,-0.5055,0.8,1.0,2.0,No,0.428286,No
Uncertain small effect,918,0.8752,0.8,1.0,2.0,Yes,0.428286,No
Uncertain small effect,919,1.4033,0.8,1.0,2.0,Yes,0.428286,No
Uncertain small effect,920,0.5353,0.8,1.0,2.0,No,0.428286,No
Uncertain small effect,921,0.3856,0.8,1.0,2.0,No,0.428286,No
Uncertain small effect,922,-0.574,0.8,1.0,2.0,No,0.428286,No
Uncertain small effect,923,0.1823,0.8,1.0,2.0,No,0.428286,No
Uncertain small effect,924,-1.4829,0.8,1.0,2.0,Yes,0.428286,No
Uncertain small effect,925,1.2914,0.8,1.0,2.0,Yes,0.428286,No
Uncertain small effect,926,-0.7982,0.8,1.0,2.0,No,0.428286,No
Uncertain small effect,927,-0.6864,0.8,1.0,2.0,No,0.428286,No
Uncertain small effect,928,-0.4938,0.8,1.0,2.0,No,0.428286,No
Uncertain small effect,929,1.0693,0.8,1.0,2.0,Yes,0.428286,No
Uncertain small effect,930,-1.4728,0.8,1.0,2.0,Yes,0.428286,No
Uncertain small effect,931,-0.7252,0.8,1.0,2.0,No,0.428286,No
Uncertain small effect,932,2.6418,0.8,1.0,2.0,Yes,0.428286,No
Uncertain small effect,933,0.2634,0.8,1.0,2.0,No,0.428286,No
Uncertain small effect,934,0.1444,0.8,1.0,2.0,No,0.428286,No
Uncertain small effect,935,0.7207,0.8,1.0,2.0,No,0.428286,No
Uncertain small effect,936,-0.0393,0.8,1.0,2.0,No,0.428286,No
Uncertain small effect,937,-0.9727,0.8,1.0,2.0,Yes,0.428286,No
Uncertain small effect,938,-1.1011,0.8,1.0,2.0,Yes,0.428286,No
Uncertain small effect,939,1.0517,0.8,1.0,2.0,Yes,0.428286,No
Uncertain small effect,940,0.7294,0.8,1.0,2.0,No,0.428286,No
Uncertain small effect,941,0.4339,0.8,1.0,2.0,No,0.428286,No
Uncertain small effect,942,-2.1831,0.8,1.0,2.0,Yes,0.428286,No
Uncertain small effect,943,0.1064,0.8,1.0,2.0,No,0.428286,No
Uncertain small effect,944,1.5993,0.8,1.0,2.0,Yes,0.428286,No
Uncertain small effect,945,0.5624,0.8,1.0,2.0,No,0.428286,No
Uncertain small effect,946,-0.9865,0.8,1.0,2.0,Yes,0.428286,No
Uncertain small effect,947,0.3857,0.8,1.0,2.0,No,0.428286,No
Uncertain small effect,948,-0.6752,0.8,1.0,2.0,No,0.428286,No
Uncertain small effect,949,-0.0594,0.8,1.0,2.0,No,0.428286,No
Uncertain small effect,950,-1.4919,0.8,1.0,2.0,Yes,0.428286,No
Uncertain small effect,951,1.1539,0.8,1.0,2.0,Yes,0.428286,No
Uncertain small effect,952,0.8951,0.8,1.0,2.0,Yes,0.428286,No
Uncertain small effect,953,0.3712,0.8,1.0,2.0,No,0.428286,No
Uncertain small effect,954,-2.4448,0.8,1.0,2.0,Yes,0.428286,No
Uncertain small effect,955,-1.0351,0.8,1.0,2.0,Yes,0.428286,No
Uncertain small effect,956,-0.5402,0.8,1.0,2.0,No,0.428286,No
Uncertain small effect,957,-0.2106,0.8,1.0,2.0,No,0.428286,No
Uncertain small effect,958,-1.1992,0.8,1.0,2.0,Yes,0.428286,No
Uncertain small effect,959,1.5224,0.8,1.0,2.0,Yes,0.428286,No
Uncertain small effect,960,0.9316,0.8,1.0,2.0,Yes,0.428286,No
Uncertain small effect,961,2.7148,0.8,1.0,2.0,Yes,0.428286,No
Uncertain small effect,962,-1.6271,0.8,1.0,2.0,Yes,0.428286,No
Uncertain small effect,963,1.0825,0.8,1.0,2.0,Yes,0.428286,No
Uncertain small effect,964,-0.3753,0.8,1.0,2.0,No,0.428286,No
Uncertain small effect,965,-0.8907,0.8,1.0,2.0,Yes,0.428286,No
Uncertain small effect,966,2.031,0.8,1.0,2.0,Yes,0.428286,No
Uncertain small effect,967,-1.1948,0.8,1.0,2.0,Yes,0.428286,No
Uncertain small effect,968,-0.8193,0.8,1.0,2.0,Yes,0.428286,No
Uncertain small effect,969,-0.7859,0.8,1.0,2.0,No,0.428286,No
Uncertain small effect,970,-1.0433,0.8,1.0,2.0,Yes,0.428286,No
Uncertain small effect,971,-1.0596,0.8,1.0,2.0,Yes,0.428286,No
Uncertain small effect,972,0.4407,0.8,1.0,2.0,No,0.428286,No
Uncertain small effect,973,-0.721,0.8,1.0,2.0,No,0.428286,No
Uncertain small effect,974,-0.818,0.8,1.0,2.0,Yes,0.428286,No
Uncertain small effect,975,1.6791,0.8,1.0,2.0,Yes,0.428286,No
Uncertain small effect,976,0.126,0.8,1.0,2.0,No,0.428286,No
Uncertain small effect,977,-0.0563,0.8,1.0,2.0,No,0.428286,No
Uncertain small effect,978,-0.01,0.8,1.0,2.0,No,0.428286,No
Uncertain small effect,979,-0.3906,0.8,1.0,2.0,No,0.428286,No
Uncertain small effect,980,-1.7324,0.8,1.0,2.0,Yes,0.428286,No
Uncertain small effect,981,0.6114,0.8,1.0,2.0,No,0.428286,No
Uncertain small effect,982,0.8938,0.8,1.0,2.0,Yes,0.428286,No
Uncertain small effect,983,0.6797,0.8,1.0,2.0,No,0.428286,No
Uncertain small effect,984,-1.7469,0.8,1.0,2.0,Yes,0.428286,No
Uncertain small effect,985,-0.4311,0.8,1.0,2.0,No,0.428286,No
Uncertain small effect,986,0.3303,0.8,1.0,2.0,No,0.428286,No
Uncertain small effect,987,-0.7826,0.8,1.0,2.0,No,0.428286,No
Uncertain small effect,988,1.7251,0.8,1.0,2.0,Yes,0.428286,No
Uncertain small effect,989,-0.6034,0.8,1.0,2.0,No,0.428286,No
Uncertain small effect,990,2.4038,0.8,1.0,2.0,Yes,0.428286,No
Uncertain small effect,991,1.1943,0.8,1.0,2.0,Yes,0.428286,No
Uncertain small effect,992,0.1431,0.8,1.0,2.0,No,0.428286,No
Uncertain small effect,993,0.6337,0.8,1.0,2.0,No,0.428286,No
Uncertain small effect,994,1.3359,0.8,1.0,2.0,Yes,0.428286,No
Uncertain small effect,995,0.7901,0.8,1.0,2.0,No,0.428286,No
Uncertain small effect,996,-0.801,0.8,1.0,2.0,Yes,0.428286,No
Uncertain small effect,997,1.0842,0.8,1.0,2.0,Yes,0.428286,No
Uncertain small effect,998,-0.8161,0.8,1.0,2.0,Yes,0.428286,No
Uncertain small effect,999,-0.3503,0.8,1.0,2.0,No,0.428286,No
Uncertain small effect,1000,-1.5432,0.8,1.0,2.0,Yes,0.428286,No
Uncertain small effect,1001,1.2377,0.8,1.0,2.0,Yes,0.428286,No
Uncertain small effect,1002,-0.1311,0.8,1.0,2.0,No,0.428286,No
Uncertain small effect,1003,0.8141,0.8,1.0,2.0,Yes,0.428286,No
Uncertain small effect,1004,-1.0972,0.8,1.0,2.0,Yes,0.428286,No
Uncertain small effect,1005,-1.0441,0.8,1.0,2.0,Yes,0.428286,No
Uncertain small effect,1006,-0.4556,0.8,1.0,2.0,No,0.428286,No
Uncertain small effect,1007,0.6316,0.8,1.0,2.0,No,0.428286,No
Uncertain small effect,1008,1.5397,0.8,1.0,2.0,Yes,0.428286,No
Uncertain small effect,1009,-0.9083,0.8,1.0,2.0,Yes,0.428286,No
Uncertain small effect,1010,-1.1577,0.8,1.0,2.0,Yes,0.428286,No
Uncertain small effect,1011,-0.1786,0.8,1.0,2.0,No,0.428286,No
Uncertain small effect,1012,-0.7026,0.8,1.0,2.0,No,0.428286,No
Uncertain small effect,1013,-0.0423,0.8,1.0,2.0,No,0.428286,No
Uncertain small effect,1014,-0.905,0.8,1.0,2.0,Yes,0.428286,No
Uncertain small effect,1015,-0.9311,0.8,1.0,2.0,Yes,0.428286,No
Uncertain small effect,1016,0.5487,0.8,1.0,2.0,No,0.428286,No
Uncertain small effect,1017,-0.1764,0.8,1.0,2.0,No,0.428286,No
Uncertain small effect,1018,1.0748,0.8,1.0,2.0,Yes,0.428286,No
Uncertain small effect,1019,2.4346,0.8,1.0,2.0,Yes,0.428286,No
Uncertain small effect,1020,1.2636,0.8,1.0,2.0,Yes,0.428286,No
Uncertain small effect,1021,0.6088,0.8,1.0,2.0,No,0.428286,No
Uncertain small effect,1022,1.3466,0.8,1.0,2.0,Yes,0.428286,No
Uncertain small effect,1023,-0.1045,0.8,1.0,2.0,No,0.428286,No
Uncertain small effect,1024,0.1298,0.8,1.0,2.0,No,0.428286,No
Uncertain small effect,1025,0.5636,0.8,1.0,2.0,No,0.428286,No
Uncertain small effect,1026,-1.5082,0.8,1.0,2.0,Yes,0.428286,No
Uncertain small effect,1027,-0.435,0.8,1.0,2.0,No,0.428286,No
Uncertain small effect,1028,-1.3365,0.8,1.0,2.0,Yes,0.428286,No
Uncertain small effect,1029,-0.2957,0.8,1.0,2.0,No,0.428286,No
Uncertain small effect,1030,-1.5192,0.8,1.0,2.0,Yes,0.428286,No
Uncertain small effect,1031,-0.7264,0.8,1.0,2.0,No,0.428286,No
Uncertain small effect,1032,0.7284,0.8,1.0,2.0,No,0.428286,No
Uncertain small effect,1033,0.2234,0.8,1.0,2.0,No,0.428286,No
Uncertain small effect,1034,-0.516,0.8,1.0,2.0,No,0.428286,No
Uncertain small effect,1035,1.2176,0.8,1.0,2.0,Yes,0.428286,No
Uncertain small effect,1036,0.1498,0.8,1.0,2.0,No,0.428286,No
Uncertain small effect,1037,-0.6005,0.8,1.0,2.0,No,0.428286,No
Uncertain small effect,1038,-0.5614,0.8,1.0,2.0,No,0.428286,No
Uncertain small effect,1039,0.1183,0.8,1.0,2.0,No,0.428286,No
Uncertain small effect,1040,-1.7596,0.8,1.0,2.0,Yes,0.428286,No
Uncertain small effect,1041,0.0768,0.8,1.0,2.0,No,0.428286,No
Uncertain small effect,1042,-1.7611,0.8,1.0,2.0,Yes,0.428286,No
Uncertain small effect,1043,-0.5109,0.8,1.0,2.0,No,0.428286,No
Uncertain small effect,1044,2.4456,0.8,1.0,2.0,Yes,0.428286,No
Uncertain small effect,1045,0.2775,0.8,1.0,2.0,No,0.428286,No
Uncertain small effect,1046,0.0647,0.8,1.0,2.0,No,0.428286,No
Uncertain small effect,1047,1.5527,0.8,1.0,2.0,Yes,0.428286,No
Uncertain small effect,1048,-0.6744,0.8,1.0,2.0,No,0.428286,No
Uncertain small effect,1049,0.1395,0.8,1.0,2.0,No,0.428286,No
Uncertain small effect,1050,-0.0321,0.8,1.0,2.0,No,0.428286,No
Uncertain small effect,1051,-0.9166,0.8,1.0,2.0,Yes,0.428286,No
Uncertain small effect,1052,-0.8345,0.8,1.0,2.0,Yes,0.428286,No
Uncertain small effect,1053,-0.6821,0.8,1.0,2.0,No,0.428286,No
Uncertain small effect,1054,0.4045,0.8,1.0,2.0,No,0.428286,No
Uncertain small effect,1055,0.7043,0.8,1.0,2.0,No,0.428286,No
Uncertain small effect,1056,-0.4151,0.8,1.0,2.0,No,0.428286,No
Uncertain small effect,1057,-0.2659,0.8,1.0,2.0,No,0.428286,No
Uncertain small effect,1058,0.2017,0.8,1.0,2.0,No,0.428286,No
Uncertain small effect,1059,-2.2331,0.8,1.0,2.0,Yes,0.428286,No
Uncertain small effect,1060,-0.9221,0.8,1.0,2.0,Yes,0.428286,No
Uncertain small effect,1061,1.8606,0.8,1.0,2.0,Yes,0.428286,No
Uncertain small effect,1062,-1.3515,0.8,1.0,2.0,Yes,0.428286,No
Uncertain small effect,1063,2.4626,0.8,1.0,2.0,Yes,0.428286,No
Uncertain small effect,1064,-1.3914,0.8,1.0,2.0,Yes,0.428286,No
Uncertain small effect,1065,-1.1807,0.8,1.0,2.0,Yes,0.428286,No
Uncertain small effect,1066,1.4344,0.8,1.0,2.0,Yes,0.428286,No
Uncertain small effect,1067,-1.5714,0.8,1.0,2.0,Yes,0.428286,No
Uncertain small effect,1068,-0.0183,0.8,1.0,2.0,No,0.428286,No
Uncertain small effect,1069,0.1856,0.8,1.0,2.0,No,0.428286,No
Uncertain small effect,1070,-0.1073,0.8,1.0,2.0,No,0.428286,No
Uncertain small effect,1071,0.0939,0.8,1.0,2.0,No,0.428286,No
Uncertain small effect,1072,-0.185,0.8,1.0,2.0,No,0.428286,No
Uncertain small effect,1073,0.5189,0.8,1.0,2.0,No,0.428286,No
Uncertain small effect,1074,-0.4723,0.8,1.0,2.0,No,0.428286,No
Uncertain small effect,1075,-0.717,0.8,1.0,2.0,No,0.428286,No
Uncertain small effect,1076,0.816,0.8,1.0,2.0,Yes,0.428286,No
Uncertain small effect,1077,0.4388,0.8,1.0,2.0,No,0.428286,No
Uncertain small effect,1078,-0.333,0.8,1.0,2.0,No,0.428286,No
Uncertain small effect,1079,1.0036,0.8,1.0,2.0,Yes,0.428286,No
Uncertain small effect,1080,0.3441,0.8,1.0,2.0,No,0.428286,No
Uncertain small effect,1081,0.6165,0.8,1.0,2.0,No,0.428286,No
Uncertain small effect,1082,-0.5526,0.8,1.0,2.0,No,0.428286,No
Uncertain small effect,1083,0.9216,0.8,1.0,2.0,Yes,0.428286,No
Uncertain small effect,1084,0.1882,0.8,1.0,2.0,No,0.428286,No
Uncertain small effect,1085,-1.3858,0.8,1.0,2.0,Yes,0.428286,No
Uncertain small effect,1086,-1.6629,0.8,1.0,2.0,Yes,0.428286,No
Uncertain small effect,1087,0.2516,0.8,1.0,2.0,No,0.428286,No
Uncertain small effect,1088,1.7828,0.8,1.0,2.0,Yes,0.428286,No
Uncertain small effect,1089,0.2138,0.8,1.0,2.0,No,0.428286,No
Uncertain small effect,1090,0.3476,0.8,1.0,2.0,No,0.428286,No
Uncertain small effect,1091,1.2912,0.8,1.0,2.0,Yes,0.428286,No
Uncertain small effect,1092,0.3648,0.8,1.0,2.0,No,0.428286,No
Uncertain small effect,1093,-0.389,0.8,1.0,2.0,No,0.428286,No
Uncertain small effect,1094,0.8624,0.8,1.0,2.0,Yes,0.428286,No
Uncertain small effect,1095,0.7775,0.8,1.0,2.0,No,0.428286,No
Uncertain small effect,1096,-0.1902,0.8,1.0,2.0,No,0.428286,No
Uncertain small effect,1097,0.3066,0.8,1.0,2.0,No,0.428286,No
Uncertain small effect,1098,1.5612,0.8,1.0,2.0,Yes,0.428286,No
Uncertain small effect,1099,-2.2234,0.8,1.0,2.0,Yes,0.428286,No
Uncertain small effect,1100,1.1143,0.8,1.0,2.0,Yes,0.428286,No
Uncertain small effect,1101,0.8264,0.8,1.0,2.0,Yes,0.428286,No
Uncertain small effect,1102,-0.404,0.8,1.0,2.0,No,0.428286,No
Uncertain small effect,1103,1.8799,0.8,1.0,2.0,Yes,0.428286,No
Uncertain small effect,1104,-0.9466,0.8,1.0,2.0,Yes,0.428286,No
Uncertain small effect,1105,1.6133,0.8,1.0,2.0,Yes,0.428286,No
Uncertain small effect,1106,-0.1503,0.8,1.0,2.0,No,0.428286,No
Uncertain small effect,1107,-0.0784,0.8,1.0,2.0,No,0.428286,No
Uncertain small effect,1108,1.2124,0.8,1.0,2.0,Yes,0.428286,No
Uncertain small effect,1109,1.0722,0.8,1.0,2.0,Yes,0.428286,No
Uncertain small effect,1110,0.6211,0.8,1.0,2.0,No,0.428286,No
Uncertain small effect,1111,-1.049,0.8,1.0,2.0,Yes,0.428286,No
Uncertain small effect,1112,0.3256,0.8,1.0,2.0,No,0.428286,No
Uncertain small effect,1113,0.5399,0.8,1.0,2.0,No,0.428286,No
Uncertain small effect,1114,-0.5822,0.8,1.0,2.0,No,0.428286,No
Uncertain small effect,1115,0.8548,0.8,1.0,2.0,Yes,0.428286,No
Uncertain small effect,1116,-1.2016,0.8,1.0,2.0,Yes,0.428286,No
Uncertain small effect,1117,0.6729,0.8,1.0,2.0,No,0.428286,No
Uncertain small effect,1118,0.9064,0.8,1.0,2.0,Yes,0.428286,No
Uncertain small effect,1119,0.2192,0.8,1.0,2.0,No,0.428286,No
Uncertain small effect,1120,0.3263,0.8,1.0,2.0,No,0.428286,No
Uncertain small effect,1121,-0.0265,0.8,1.0,2.0,No,0.428286,No
Uncertain small effect,1122,-0.0929,0.8,1.0,2.0,No,0.428286,No
Uncertain small effect,1123,1.3622,0.8,1.0,2.0,Yes,0.428286,No
Uncertain small effect,1124,1.0778,0.8,1.0,2.0,Yes,0.428286,No
Uncertain small effect,1125,-0.3861,0.8,1.0,2.0,No,0.428286,No
Uncertain small effect,1126,-0.8793,0.8,1.0,2.0,Yes,0.428286,No
Uncertain small effect,1127,-0.3347,0.8,1.0,2.0,No,0.428286,No
Uncertain small effect,1128,0.2222,0.8,1.0,2.0,No,0.428286,No
Uncertain small effect,1129,-0.0509,0.8,1.0,2.0,No,0.428286,No
Uncertain small effect,1130,0.5158,0.8,1.0,2.0,No,0.428286,No
Uncertain small effect,1131,-0.4039,0.8,1.0,2.0,No,0.428286,No
Uncertain small effect,1132,-0.9299,0.8,1.0,2.0,Yes,0.428286,No
Uncertain small effect,1133,-1.7544,0.8,1.0,2.0,Yes,0.428286,No
Uncertain small effect,1134,1.3583,0.8,1.0,2.0,Yes,0.428286,No
Uncertain small effect,1135,0.138,0.8,1.0,2.0,No,0.428286,No
Uncertain small effect,1136,-1.5586,0.8,1.0,2.0,Yes,0.428286,No
Uncertain small effect,1137,-1.2494,0.8,1.0,2.0,Yes,0.428286,No
Uncertain small effect,1138,-0.6349,0.8,1.0,2.0,No,0.428286,No
Uncertain small effect,1139,1.2657,0.8,1.0,2.0,Yes,0.428286,No
Uncertain small effect,1140,0.1688,0.8,1.0,2.0,No,0.428286,No
Uncertain small effect,1141,1.9867,0.8,1.0,2.0,Yes,0.428286,No
Uncertain small effect,1142,-1.0779,0.8,1.0,2.0,Yes,0.428286,No
Uncertain small effect,1143,-1.0953,0.8,1.0,2.0,Yes,0.428286,No
Uncertain small effect,1144,0.3654,0.8,1.0,2.0,No,0.428286,No
Uncertain small effect,1145,-0.714,0.8,1.0,2.0,No,0.428286,No
Uncertain small effect,1146,0.8463,0.8,1.0,2.0,Yes,0.428286,No
Uncertain small effect,1147,-1.0815,0.8,1.0,2.0,Yes,0.428286,No
Uncertain small effect,1148,0.4562,0.8,1.0,2.0,No,0.428286,No
Uncertain small effect,1149,-1.7118,0.8,1.0,2.0,Yes,0.428286,No
Uncertain small effect,1150,0.9391,0.8,1.0,2.0,Yes,0.428286,No
Uncertain small effect,1151,-0.9954,0.8,1.0,2.0,Yes,0.428286,No
Uncertain small effect,1152,-0.9282,0.8,1.0,2.0,Yes,0.428286,No
Uncertain small effect,1153,0.5668,0.8,1.0,2.0,No,0.428286,No
Uncertain small effect,1154,-1.3973,0.8,1.0,2.0,Yes,0.428286,No
Uncertain small effect,1155,1.0339,0.8,1.0,2.0,Yes,0.428286,No
Uncertain small effect,1156,0.0836,0.8,1.0,2.0,No,0.428286,No
Uncertain small effect,1157,0.0149,0.8,1.0,2.0,No,0.428286,No
Uncertain small effect,1158,-0.4952,0.8,1.0,2.0,No,0.428286,No
Uncertain small effect,1159,-1.2101,0.8,1.0,2.0,Yes,0.428286,No
Uncertain small effect,1160,1.4807,0.8,1.0,2.0,Yes,0.428286,No
Uncertain small effect,1161,-0.8471,0.8,1.0,2.0,Yes,0.428286,No
Uncertain small effect,1162,1.8127,0.8,1.0,2.0,Yes,0.428286,No
Uncertain small effect,1163,1.0792,0.8,1.0,2.0,Yes,0.428286,No
Uncertain small effect,1164,0.7555,0.8,1.0,2.0,No,0.428286,No
Uncertain small effect,1165,-0.2184,0.8,1.0,2.0,No,0.428286,No
Uncertain small effect,1166,0.2687,0.8,1.0,2.0,No,0.428286,No
Uncertain small effect,1167,0.8669,0.8,1.0,2.0,Yes,0.428286,No
Uncertain small effect,1168,-0.183,0.8,1.0,2.0,No,0.428286,No
Uncertain small effect,1169,0.2908,0.8,1.0,2.0,No,0.428286,No
Uncertain small effect,1170,0.6833,0.8,1.0,2.0,No,0.428286,No
Uncertain small effect,1171,-0.6482,0.8,1.0,2.0,No,0.428286,No
Uncertain small effect,1172,1.3196,0.8,1.0,2.0,Yes,0.428286,No
Uncertain small effect,1173,-1.2229,0.8,1.0,2.0,Yes,0.428286,No
Uncertain small effect,1174,-0.3289,0.8,1.0,2.0,No,0.428286,No
Uncertain small effect,1175,0.3153,0.8,1.0,2.0,No,0.428286,No
Uncertain small effect,1176,-0.0892,0.8,1.0,2.0,No,0.428286,No
Uncertain small effect,1177,1.2856,0.8,1.0,2.0,Yes,0.428286,No
Uncertain small effect,1178,-0.5237,0.8,1.0,2.0,No,0.428286,No
Uncertain small effect,1179,0.737,0.8,1.0,2.0,No,0.428286,No
Uncertain small effect,1180,-0.0692,0.8,1.0,2.0,No,0.428286,No
Uncertain small effect,1181,0.1389,0.8,1.0,2.0,No,0.428286,No
Uncertain small effect,1182,2.5047,0.8,1.0,2.0,Yes,0.428286,No
Uncertain small effect,1183,-0.7137,0.8,1.0,2.0,No,0.428286,No
Uncertain small effect,1184,-2.23,0.8,1.0,2.0,Yes,0.428286,No
Uncertain small effect,1185,-0.249,0.8,1.0,2.0,No,0.428286,No
Uncertain small effect,1186,1.2475,0.8,1.0,2.0,Yes,0.428286,No
Uncertain small effect,1187,-0.0779,0.8,1.0,2.0,No,0.428286,No
Uncertain small effect,1188,0.8588,0.8,1.0,2.0,Yes,0.428286,No
Uncertain small effect,1189,1.2906,0.8,1.0,2.0,Yes,0.428286,No
Uncertain small effect,1190,0.0204,0.8,1.0,2.0,No,0.428286,No
Uncertain small effect,1191,2.6731,0.8,1.0,2.0,Yes,0.428286,No
Uncertain small effect,1192,-0.7513,0.8,1.0,2.0,No,0.428286,No
Uncertain small effect,1193,0.2127,0.8,1.0,2.0,No,0.428286,No
Uncertain small effect,1194,-0.0334,0.8,1.0,2.0,No,0.428286,No
Uncertain small effect,1195,-1.0804,0.8,1.0,2.0,Yes,0.428286,No
Uncertain small effect,1196,-0.2283,0.8,1.0,2.0,No,0.428286,No
Uncertain small effect,1197,-0.3039,0.8,1.0,2.0,No,0.428286,No
Uncertain small effect,1198,0.3788,0.8,1.0,2.0,No,0.428286,No
Uncertain small effect,1199,0.7659,0.8,1.0,2.0,No,0.428286,No
Uncertain small effect,1200,-0.7666,0.8,1.0,2.0,No,0.428286,No
Uncertain small effect,1201,-1.1691,0.8,1.0,2.0,Yes,0.428286,No
Uncertain small effect,1202,-0.207,0.8,1.0,2.0,No,0.428286,No
Uncertain small effect,1203,0.1489,0.8,1.0,2.0,No,0.428286,No
Uncertain small effect,1204,0.5186,0.8,1.0,2.0,No,0.428286,No
Uncertain small effect,1205,-1.5696,0.8,1.0,2.0,Yes,0.428286,No
Uncertain small effect,1206,1.3744,0.8,1.0,2.0,Yes,0.428286,No
Uncertain small effect,1207,-0.5066,0.8,1.0,2.0,No,0.428286,No
Uncertain small effect,1208,0.2644,0.8,1.0,2.0,No,0.428286,No
Uncertain small effect,1209,0.7425,0.8,1.0,2.0,No,0.428286,No
Uncertain small effect,1210,0.709,0.8,1.0,2.0,No,0.428286,No
Uncertain small effect,1211,0.2415,0.8,1.0,2.0,No,0.428286,No
Uncertain small effect,1212,0.8508,0.8,1.0,2.0,Yes,0.428286,No
Uncertain small effect,1213,1.6496,0.8,1.0,2.0,Yes,0.428286,No
Uncertain small effect,1214,0.013,0.8,1.0,2.0,No,0.428286,No
Uncertain small effect,1215,0.2057,0.8,1.0,2.0,No,0.428286,No
Uncertain small effect,1216,1.3601,0.8,1.0,2.0,Yes,0.428286,No
Uncertain small effect,1217,-1.4797,0.8,1.0,2.0,Yes,0.428286,No
Uncertain small effect,1218,-0.3595,0.8,1.0,2.0,No,0.428286,No
Uncertain small effect,1219,0.2642,0.8,1.0,2.0,No,0.428286,No
Uncertain small effect,1220,1.08,0.8,1.0,2.0,Yes,0.428286,No
Uncertain small effect,1221,-1.638,0.8,1.0,2.0,Yes,0.428286,No
Uncertain small effect,1222,0.8585,0.8,1.0,2.0,Yes,0.428286,No
Uncertain small effect,1223,0.8511,0.8,1.0,2.0,Yes,0.428286,No
Uncertain small effect,1224,0.6638,0.8,1.0,2.0,No,0.428286,No
Uncertain small effect,1225,0.1183,0.8,1.0,2.0,No,0.428286,No
Uncertain small effect,1226,0.0195,0.8,1.0,2.0,No,0.428286,No
Uncertain small effect,1227,-0.9248,0.8,1.0,2.0,Yes,0.428286,No
Uncertain small effect,1228,-1.6513,0.8,1.0,2.0,Yes,0.428286,No
Uncertain small effect,1229,0.12,0.8,1.0,2.0,No,0.428286,No
Uncertain small effect,1230,2.3664,0.8,1.0,2.0,Yes,0.428286,No
Uncertain small effect,1231,-0.9286,0.8,1.0,2.0,Yes,0.428286,No
Uncertain small effect,1232,-1.895,0.8,1.0,2.0,Yes,0.428286,No
Uncertain small effect,1233,-0.9477,0.8,1.0,2.0,Yes,0.428286,No
Uncertain small effect,1234,0.388,0.8,1.0,2.0,No,0.428286,No
Uncertain small effect,1235,0.5548,0.8,1.0,2.0,No,0.428286,No
Uncertain small effect,1236,-0.8569,0.8,1.0,2.0,Yes,0.428286,No
Uncertain small effect,1237,-0.3347,0.8,1.0,2.0,No,0.428286,No
Uncertain small effect,1238,0.9937,0.8,1.0,2.0,Yes,0.428286,No
Uncertain small effect,1239,-0.9838,0.8,1.0,2.0,Yes,0.428286,No
Uncertain small effect,1240,-0.0089,0.8,1.0,2.0,No,0.428286,No
Uncertain small effect,1241,1.7801,0.8,1.0,2.0,Yes,0.428286,No
Uncertain small effect,1242,-0.9875,0.8,1.0,2.0,Yes,0.428286,No
Uncertain small effect,1243,-0.4644,0.8,1.0,2.0,No,0.428286,No
Uncertain small effect,1244,-0.1024,0.8,1.0,2.0,No,0.428286,No
Uncertain small effect,1245,1.1644,0.8,1.0,2.0,Yes,0.428286,No
Uncertain small effect,1246,1.3355,0.8,1.0,2.0,Yes,0.428286,No
Uncertain small effect,1247,0.8382,0.8,1.0,2.0,Yes,0.428286,No
Uncertain small effect,1248,0.3785,0.8,1.0,2.0,No,0.428286,No
Uncertain small effect,1249,-0.5111,0.8,1.0,2.0,No,0.428286,No
Uncertain small effect,1250,1.1869,0.8,1.0,2.0,Yes,0.428286,No
Uncertain small effect,1251,1.9987,0.8,1.0,2.0,Yes,0.428286,No
Uncertain small effect,1252,-1.2627,0.8,1.0,2.0,Yes,0.428286,No
Uncertain small effect,1253,-0.1942,0.8,1.0,2.0,No,0.428286,No
Uncertain small effect,1254,1.159,0.8,1.0,2.0,Yes,0.428286,No
Uncertain small effect,1255,1.4095,0.8,1.0,2.0,Yes,0.428286,No
Uncertain small effect,1256,0.2229,0.8,1.0,2.0,No,0.428286,No
Uncertain small effect,1257,0.2408,0.8,1.0,2.0,No,0.428286,No
Uncertain small effect,1258,-1.0202,0.8,1.0,2.0,Yes,0.428286,No
Uncertain small effect,1259,-1.2283,0.8,1.0,2.0,Yes,0.428286,No
Uncertain small effect,1260,0.9622,0.8,1.0,2.0,Yes,0.428286,No
Uncertain small effect,1261,-0.4353,0.8,1.0,2.0,No,0.428286,No
Uncertain small effect,1262,1.1655,0.8,1.0,2.0,Yes,0.428286,No
Uncertain small effect,1263,1.1867,0.8,1.0,2.0,Yes,0.428286,No
Uncertain small effect,1264,-1.2042,0.8,1.0,2.0,Yes,0.428286,No
Uncertain small effect,1265,0.4351,0.8,1.0,2.0,No,0.428286,No
Uncertain small effect,1266,0.1867,0.8,1.0,2.0,No,0.428286,No
Uncertain small effect,1267,0.3707,0.8,1.0,2.0,No,0.428286,No
Uncertain small effect,1268,0.7261,0.8,1.0,2.0,No,0.428286,No
Uncertain small effect,1269,-1.2753,0.8,1.0,2.0,Yes,0.428286,No
Uncertain small effect,1270,0.4053,0.8,1.0,2.0,No,0.428286,No
Uncertain small effect,1271,-0.1922,0.8,1.0,2.0,No,0.428286,No
Uncertain small effect,1272,-0.1176,0.8,1.0,2.0,No,0.428286,No
Uncertain small effect,1273,0.8902,0.8,1.0,2.0,Yes,0.428286,No
Uncertain small effect,1274,-0.3636,0.8,1.0,2.0,No,0.428286,No
Uncertain small effect,1275,-2.3483,0.8,1.0,2.0,Yes,0.428286,No
Uncertain small effect,1276,0.6487,0.8,1.0,2.0,No,0.428286,No
Uncertain small effect,1277,-0.3922,0.8,1.0,2.0,No,0.428286,No
Uncertain small effect,1278,-1.9843,0.8,1.0,2.0,Yes,0.428286,No
Uncertain small effect,1279,1.2154,0.8,1.0,2.0,Yes,0.428286,No
Uncertain small effect,1280,-1.4371,0.8,1.0,2.0,Yes,0.428286,No
Uncertain small effect,1281,-0.4043,0.8,1.0,2.0,No,0.428286,No
Uncertain small effect,1282,0.2983,0.8,1.0,2.0,No,0.428286,No
Uncertain small effect,1283,-2.8757,0.8,1.0,2.0,Yes,0.428286,No
Uncertain small effect,1284,1.0888,0.8,1.0,2.0,Yes,0.428286,No
Uncertain small effect,1285,1.6234,0.8,1.0,2.0,Yes,0.428286,No
Uncertain small effect,1286,-0.5695,0.8,1.0,2.0,No,0.428286,No
Uncertain small effect,1287,2.3392,0.8,1.0,2.0,Yes,0.428286,No
Uncertain small effect,1288,1.1829,0.8,1.0,2.0,Yes,0.428286,No
Uncertain small effect,1289,-0.0721,0.8,1.0,2.0,No,0.428286,No
Uncertain small effect,1290,1.3946,0.8,1.0,2.0,Yes,0.428286,No
Uncertain small effect,1291,-1.0552,0.8,1.0,2.0,Yes,0.428286,No
Uncertain small effect,1292,0.5741,0.8,1.0,2.0,No,0.428286,No
Uncertain small effect,1293,-0.4481,0.8,1.0,2.0,No,0.428286,No
Uncertain small effect,1294,-2.3079,0.8,1.0,2.0,Yes,0.428286,No
Uncertain small effect,1295,0.7927,0.8,1.0,2.0,No,0.428286,No
Uncertain small effect,1296,0.5927,0.8,1.0,2.0,No,0.428286,No
Uncertain small effect,1297,0.2811,0.8,1.0,2.0,No,0.428286,No
Uncertain small effect,1298,-0.7946,0.8,1.0,2.0,No,0.428286,No
Uncertain small effect,1299,-1.3281,0.8,1.0,2.0,Yes,0.428286,No
Uncertain small effect,1300,-0.9704,0.8,1.0,2.0,Yes,0.428286,No
Uncertain small effect,1301,0.5773,0.8,1.0,2.0,No,0.428286,No
Uncertain small effect,1302,0.0808,0.8,1.0,2.0,No,0.428286,No
Uncertain small effect,1303,1.8069,0.8,1.0,2.0,Yes,0.428286,No
Uncertain small effect,1304,0.3654,0.8,1.0,2.0,No,0.428286,No
Uncertain small effect,1305,-0.9561,0.8,1.0,2.0,Yes,0.428286,No
Uncertain small effect,1306,-0.5693,0.8,1.0,2.0,No,0.428286,No
Uncertain small effect,1307,-1.0272,0.8,1.0,2.0,Yes,0.428286,No
Uncertain small effect,1308,0.622,0.8,1.0,2.0,No,0.428286,No
Uncertain small effect,1309,0.5204,0.8,1.0,2.0,No,0.428286,No
Uncertain small effect,1310,-0.0752,0.8,1.0,2.0,No,0.428286,No
Uncertain small effect,1311,0.3424,0.8,1.0,2.0,No,0.428286,No
Uncertain small effect,1312,0.3803,0.8,1.0,2.0,No,0.428286,No
Uncertain small effect,1313,-0.7346,0.8,1.0,2.0,No,0.428286,No
Uncertain small effect,1314,0.6588,0.8,1.0,2.0,No,0.428286,No
Uncertain small effect,1315,0.2785,0.8,1.0,2.0,No,0.428286,No
Uncertain small effect,1316,1.4742,0.8,1.0,2.0,Yes,0.428286,No
Uncertain small effect,1317,-0.4218,0.8,1.0,2.0,No,0.428286,No
Uncertain small effect,1318,-0.1936,0.8,1.0,2.0,No,0.428286,No
Uncertain small effect,1319,0.4974,0.8,1.0,2.0,No,0.428286,No
Uncertain small effect,1320,-2.2367,0.8,1.0,2.0,Yes,0.428286,No
Uncertain small effect,1321,0.3202,0.8,1.0,2.0,No,0.428286,No
Uncertain small effect,1322,-1.0628,0.8,1.0,2.0,Yes,0.428286,No
Uncertain small effect,1323,0.7505,0.8,1.0,2.0,No,0.428286,No
Uncertain small effect,1324,0.7485,0.8,1.0,2.0,No,0.428286,No
Uncertain small effect,1325,0.8584,0.8,1.0,2.0,Yes,0.428286,No
Uncertain small effect,1326,-1.4818,0.8,1.0,2.0,Yes,0.428286,No
Uncertain small effect,1327,-0.4572,0.8,1.0,2.0,No,0.428286,No
Uncertain small effect,1328,0.1655,0.8,1.0,2.0,No,0.428286,No
Uncertain small effect,1329,0.4395,0.8,1.0,2.0,No,0.428286,No
Uncertain small effect,1330,-1.9902,0.8,1.0,2.0,Yes,0.428286,No
Uncertain small effect,1331,-0.8067,0.8,1.0,2.0,Yes,0.428286,No
Uncertain small effect,1332,0.7278,0.8,1.0,2.0,No,0.428286,No
Uncertain small effect,1333,0.4752,0.8,1.0,2.0,No,0.428286,No
Uncertain small effect,1334,-1.5212,0.8,1.0,2.0,Yes,0.428286,No
Uncertain small effect,1335,0.9298,0.8,1.0,2.0,Yes,0.428286,No
Uncertain small effect,1336,0.074,0.8,1.0,2.0,No,0.428286,No
Uncertain small effect,1337,-1.0433,0.8,1.0,2.0,Yes,0.428286,No
Uncertain small effect,1338,-1.0666,0.8,1.0,2.0,Yes,0.428286,No
Uncertain small effect,1339,-0.3092,0.8,1.0,2.0,No,0.428286,No
Uncertain small effect,1340,1.2585,0.8,1.0,2.0,Yes,0.428286,No
Uncertain small effect,1341,-0.3831,0.8,1.0,2.0,No,0.428286,No
Uncertain small effect,1342,-0.432,0.8,1.0,2.0,No,0.428286,No
Uncertain small effect,1343,-1.3039,0.8,1.0,2.0,Yes,0.428286,No
Uncertain small effect,1344,-0.3754,0.8,1.0,2.0,No,0.428286,No
Uncertain small effect,1345,0.6956,0.8,1.0,2.0,No,0.428286,No
Uncertain small effect,1346,-0.2083,0.8,1.0,2.0,No,0.428286,No
Uncertain small effect,1347,-0.5911,0.8,1.0,2.0,No,0.428286,No
Uncertain small effect,1348,0.3441,0.8,1.0,2.0,No,0.428286,No
Uncertain small effect,1349,-0.4766,0.8,1.0,2.0,No,0.428286,No
Uncertain small effect,1350,1.3415,0.8,1.0,2.0,Yes,0.428286,No
Uncertain small effect,1351,-1.9632,0.8,1.0,2.0,Yes,0.428286,No
Uncertain small effect,1352,-1.3375,0.8,1.0,2.0,Yes,0.428286,No
Uncertain small effect,1353,0.3352,0.8,1.0,2.0,No,0.428286,No
Uncertain small effect,1354,-0.5168,0.8,1.0,2.0,No,0.428286,No
Uncertain small effect,1355,-1.1854,0.8,1.0,2.0,Yes,0.428286,No
Uncertain small effect,1356,0.6299,0.8,1.0,2.0,No,0.428286,No
Uncertain small effect,1357,-1.2504,0.8,1.0,2.0,Yes,0.428286,No
Uncertain small effect,1358,1.4272,0.8,1.0,2.0,Yes,0.428286,No
Uncertain small effect,1359,-0.7422,0.8,1.0,2.0,No,0.428286,No
Uncertain small effect,1360,-1.9001,0.8,1.0,2.0,Yes,0.428286,No
Uncertain small effect,1361,-0.4744,0.8,1.0,2.0,No,0.428286,No
Uncertain small effect,1362,0.2348,0.8,1.0,2.0,No,0.428286,No
Uncertain small effect,1363,-1.4631,0.8,1.0,2.0,Yes,0.428286,No
Uncertain small effect,1364,0.1331,0.8,1.0,2.0,No,0.428286,No
Uncertain small effect,1365,-1.0161,0.8,1.0,2.0,Yes,0.428286,No
Uncertain small effect,1366,-0.2016,0.8,1.0,2.0,No,0.428286,No
Uncertain small effect,1367,0.6778,0.8,1.0,2.0,No,0.428286,No
Uncertain small effect,1368,0.1602,0.8,1.0,2.0,No,0.428286,No
Uncertain small effect,1369,-0.9564,0.8,1.0,2.0,Yes,0.428286,No
Uncertain small effect,1370,-1.0113,0.8,1.0,2.0,Yes,0.428286,No
Uncertain small effect,1371,-1.2792,0.8,1.0,2.0,Yes,0.428286,No
Uncertain small effect,1372,0.8386,0.8,1.0,2.0,Yes,0.428286,No
Uncertain small effect,1373,0.5693,0.8,1.0,2.0,No,0.428286,No
Uncertain small effect,1374,1.317,0.8,1.0,2.0,Yes,0.428286,No
Uncertain small effect,1375,2.6872,0.8,1.0,2.0,Yes,0.428286,No
Uncertain small effect,1376,1.3959,0.8,1.0,2.0,Yes,0.428286,No
Uncertain small effect,1377,0.1473,0.8,1.0,2.0,No,0.428286,No
Uncertain small effect,1378,1.1427,0.8,1.0,2.0,Yes,0.428286,No
Uncertain small effect,1379,0.5689,0.8,1.0,2.0,No,0.428286,No
Uncertain small effect,1380,-1.7378,0.8,1.0,2.0,Yes,0.428286,No
Uncertain small effect,1381,-0.4,0.8,1.0,2.0,No,0.428286,No
Uncertain small effect,1382,-1.6571,0.8,1.0,2.0,Yes,0.428286,No
Uncertain small effect,1383,0.9979,0.8,1.0,2.0,Yes,0.428286,No
Uncertain small effect,1384,-0.6315,0.8,1.0,2.0,No,0.428286,No
Uncertain small effect,1385,0.1537,0.8,1.0,2.0,No,0.428286,No
Uncertain small effect,1386,1.1136,0.8,1.0,2.0,Yes,0.428286,No
Uncertain small effect,1387,0.9696,0.8,1.0,2.0,Yes,0.428286,No
Uncertain small effect,1388,0.1198,0.8,1.0,2.0,No,0.428286,No
Uncertain small effect,1389,0.3016,0.8,1.0,2.0,No,0.428286,No
Uncertain small effect,1390,1.1082,0.8,1.0,2.0,Yes,0.428286,No
Uncertain small effect,1391,0.1146,0.8,1.0,2.0,No,0.428286,No
Uncertain small effect,1392,-0.3902,0.8,1.0,2.0,No,0.428286,No
Uncertain small effect,1393,1.1037,0.8,1.0,2.0,Yes,0.428286,No
Uncertain small effect,1394,-0.0657,0.8,1.0,2.0,No,0.428286,No
Uncertain small effect,1395,1.2166,0.8,1.0,2.0,Yes,0.428286,No
Uncertain small effect,1396,-0.1433,0.8,1.0,2.0,No,0.428286,No
Uncertain small effect,1397,-0.4423,0.8,1.0,2.0,No,0.428286,No
Uncertain small effect,1398,0.8366,0.8,1.0,2.0,Yes,0.428286,No
Uncertain small effect,1399,0.3261,0.8,1.0,2.0,No,0.428286,No
Uncertain small effect,1400,-0.9244,0.8,1.0,2.0,Yes,0.428286,No
Uncertain small effect,1401,-1.9145,0.8,1.0,2.0,Yes,0.428286,No
Uncertain small effect,1402,-0.23,0.8,1.0,2.0,No,0.428286,No
Uncertain small effect,1403,-0.6563,0.8,1.0,2.0,No,0.428286,No
Uncertain small effect,1404,-0.4793,0.8,1.0,2.0,No,0.428286,No
Uncertain small effect,1405,-0.4189,0.8,1.0,2.0,No,0.428286,No
Uncertain small effect,1406,-0.7018,0.8,1.0,2.0,No,0.428286,No
Uncertain small effect,1407,0.6019,0.8,1.0,2.0,No,0.428286,No
Uncertain small effect,1408,0.1579,0.8,1.0,2.0,No,0.428286,No
Uncertain small effect,1409,-0.6208,0.8,1.0,2.0,No,0.428286,No
Uncertain small effect,1410,-0.1155,0.8,1.0,2.0,No,0.428286,No
Uncertain small effect,1411,-0.4981,0.8,1.0,2.0,No,0.428286,No
Uncertain small effect,1412,0.3459,0.8,1.0,2.0,No,0.428286,No
Uncertain small effect,1413,0.5209,0.8,1.0,2.0,No,0.428286,No
Uncertain small effect,1414,-1.3664,0.8,1.0,2.0,Yes,0.428286,No
Uncertain small effect,1415,-2.005,0.8,1.0,2.0,Yes,0.428286,No
Uncertain small effect,1416,0.7045,0.8,1.0,2.0,No,0.428286,No
Uncertain small effect,1417,0.5554,0.8,1.0,2.0,No,0.428286,No
Uncertain small effect,1418,-0.8585,0.8,1.0,2.0,Yes,0.428286,No
Uncertain small effect,1419,0.3377,0.8,1.0,2.0,No,0.428286,No
Uncertain small effect,1420,-0.7627,0.8,1.0,2.0,No,0.428286,No
Uncertain small effect,1421,-0.3921,0.8,1.0,2.0,No,0.428286,No
Uncertain small effect,1422,-1.1888,0.8,1.0,2.0,Yes,0.428286,No
Uncertain small effect,1423,-2.1455,0.8,1.0,2.0,Yes,0.428286,No
Uncertain small effect,1424,-1.6466,0.8,1.0,2.0,Yes,0.428286,No
Uncertain small effect,1425,0.1409,0.8,1.0,2.0,No,0.428286,No
Uncertain small effect,1426,0.2222,0.8,1.0,2.0,No,0.428286,No
Uncertain small effect,1427,1.5532,0.8,1.0,2.0,Yes,0.428286,No
Uncertain small effect,1428,-0.1212,0.8,1.0,2.0,No,0.428286,No
Uncertain small effect,1429,-1.6692,0.8,1.0,2.0,Yes,0.428286,No
Uncertain small effect,1430,0.8697,0.8,1.0,2.0,Yes,0.428286,No
Uncertain small effect,1431,-0.0538,0.8,1.0,2.0,No,0.428286,No
Uncertain small effect,1432,-0.5424,0.8,1.0,2.0,No,0.428286,No
Uncertain small effect,1433,0.7096,0.8,1.0,2.0,No,0.428286,No
Uncertain small effect,1434,0.2464,0.8,1.0,2.0,No,0.428286,No
Uncertain small effect,1435,0.0191,0.8,1.0,2.0,No,0.428286,No
Uncertain small effect,1436,0.3073,0.8,1.0,2.0,No,0.428286,No
Uncertain small effect,1437,-0.4667,0.8,1.0,2.0,No,0.428286,No
Uncertain small effect,1438,1.7129,0.8,1.0,2.0,Yes,0.428286,No
Uncertain small effect,1439,1.1922,0.8,1.0,2.0,Yes,0.428286,No
Uncertain small effect,1440,0.9713,0.8,1.0,2.0,Yes,0.428286,No
Uncertain small effect,1441,-1.799,0.8,1.0,2.0,Yes,0.428286,No
Uncertain small effect,1442,-0.966,0.8,1.0,2.0,Yes,0.428286,No
Uncertain small effect,1443,1.6709,0.8,1.0,2.0,Yes,0.428286,No
Uncertain small effect,1444,-0.7727,0.8,1.0,2.0,No,0.428286,No
Uncertain small effect,1445,-0.8379,0.8,1.0,2.0,Yes,0.428286,No
Uncertain small effect,1446,0.3585,0.8,1.0,2.0,No,0.428286,No
Uncertain small effect,1447,-0.0441,0.8,1.0,2.0,No,0.428286,No
Uncertain small effect,1448,-0.1689,0.8,1.0,2.0,No,0.428286,No
Uncertain small effect,1449,1.3374,0.8,1.0,2.0,Yes,0.428286,No
Uncertain small effect,1450,-1.4652,0.8,1.0,2.0,Yes,0.428286,No
Uncertain small effect,1451,1.5295,0.8,1.0,2.0,Yes,0.428286,No
Uncertain small effect,1452,0.0434,0.8,1.0,2.0,No,0.428286,No
Uncertain small effect,1453,0.1839,0.8,1.0,2.0,No,0.428286,No
Uncertain small effect,1454,-2.4561,0.8,1.0,2.0,Yes,0.428286,No
Uncertain small effect,1455,1.6423,0.8,1.0,2.0,Yes,0.428286,No
Uncertain small effect,1456,0.5441,0.8,1.0,2.0,No,0.428286,No
Uncertain small effect,1457,-0.4873,0.8,1.0,2.0,No,0.428286,No
Uncertain small effect,1458,1.8072,0.8,1.0,2.0,Yes,0.428286,No
Uncertain small effect,1459,0.0675,0.8,1.0,2.0,No,0.428286,No
Uncertain small effect,1460,-1.2194,0.8,1.0,2.0,Yes,0.428286,No
Uncertain small effect,1461,-1.0643,0.8,1.0,2.0,Yes,0.428286,No
Uncertain small effect,1462,-0.0955,0.8,1.0,2.0,No,0.428286,No
Uncertain small effect,1463,-0.8156,0.8,1.0,2.0,Yes,0.428286,No
Uncertain small effect,1464,-0.4075,0.8,1.0,2.0,No,0.428286,No
Uncertain small effect,1465,0.3765,0.8,1.0,2.0,No,0.428286,No
Uncertain small effect,1466,-0.4531,0.8,1.0,2.0,No,0.428286,No
Uncertain small effect,1467,-0.6533,0.8,1.0,2.0,No,0.428286,No
Uncertain small effect,1468,-1.3538,0.8,1.0,2.0,Yes,0.428286,No
Uncertain small effect,1469,-0.9699,0.8,1.0,2.0,Yes,0.428286,No
Uncertain small effect,1470,0.174,0.8,1.0,2.0,No,0.428286,No
Uncertain small effect,1471,0.7659,0.8,1.0,2.0,No,0.428286,No
Uncertain small effect,1472,-2.1084,0.8,1.0,2.0,Yes,0.428286,No
Uncertain small effect,1473,0.4382,0.8,1.0,2.0,No,0.428286,No
Uncertain small effect,1474,0.3651,0.8,1.0,2.0,No,0.428286,No
Uncertain small effect,1475,1.9248,0.8,1.0,2.0,Yes,0.428286,No
Uncertain small effect,1476,1.6876,0.8,1.0,2.0,Yes,0.428286,No
Uncertain small effect,1477,-0.8086,0.8,1.0,2.0,Yes,0.428286,No
Uncertain small effect,1478,0.6355,0.8,1.0,2.0,No,0.428286,No
Uncertain small effect,1479,0.2955,0.8,1.0,2.0,No,0.428286,No
Uncertain small effect,1480,-0.0644,0.8,1.0,2.0,No,0.428286,No
Uncertain small effect,1481,0.0481,0.8,1.0,2.0,No,0.428286,No
Uncertain small effect,1482,-0.4786,0.8,1.0,2.0,No,0.428286,No
Uncertain small effect,1483,-1.5301,0.8,1.0,2.0,Yes,0.428286,No
Uncertain small effect,1484,-0.2822,0.8,1.0,2.0,No,0.428286,No
Uncertain small effect,1485,1.3859,0.8,1.0,2.0,Yes,0.428286,No
Uncertain small effect,1486,-0.0042,0.8,1.0,2.0,No,0.428286,No
Uncertain small effect,1487,1.3501,0.8,1.0,2.0,Yes,0.428286,No
Uncertain small effect,1488,1.5103,0.8,1.0,2.0,Yes,0.428286,No
Uncertain small effect,1489,1.6344,0.8,1.0,2.0,Yes,0.428286,No
Uncertain small effect,1490,-0.2882,0.8,1.0,2.0,No,0.428286,No
Uncertain small effect,1491,0.9395,0.8,1.0,2.0,Yes,0.428286,No
Uncertain small effect,1492,0.1415,0.8,1.0,2.0,No,0.428286,No
Uncertain small effect,1493,-0.421,0.8,1.0,2.0,No,0.428286,No
Uncertain small effect,1494,-0.7848,0.8,1.0,2.0,No,0.428286,No
Uncertain small effect,1495,1.5727,0.8,1.0,2.0,Yes,0.428286,No
Uncertain small effect,1496,1.1402,0.8,1.0,2.0,Yes,0.428286,No
Uncertain small effect,1497,1.4242,0.8,1.0,2.0,Yes,0.428286,No
Uncertain small effect,1498,-0.808,0.8,1.0,2.0,Yes,0.428286,No
Uncertain small effect,1499,-1.7904,0.8,1.0,2.0,Yes,0.428286,No
Uncertain small effect,1500,-0.3261,0.8,1.0,2.0,No,0.428286,No
Uncertain small effect,1501,-1.2653,0.8,1.0,2.0,Yes,0.428286,No
Uncertain small effect,1502,0.9468,0.8,1.0,2.0,Yes,0.428286,No
Uncertain small effect,1503,-1.2262,0.8,1.0,2.0,Yes,0.428286,No
Uncertain small effect,1504,0.9291,0.8,1.0,2.0,Yes,0.428286,No
Uncertain small effect,1505,1.5329,0.8,1.0,2.0,Yes,0.428286,No
Uncertain small effect,1506,-0.633,0.8,1.0,2.0,No,0.428286,No
Uncertain small effect,1507,1.6576,0.8,1.0,2.0,Yes,0.428286,No
Uncertain small effect,1508,-0.8814,0.8,1.0,2.0,Yes,0.428286,No
Uncertain small effect,1509,0.3104,0.8,1.0,2.0,No,0.428286,No
Uncertain small effect,1510,-0.4705,0.8,1.0,2.0,No,0.428286,No
Uncertain small effect,1511,-0.3514,0.8,1.0,2.0,No,0.428286,No
Uncertain small effect,1512,2.326,0.8,1.0,2.0,Yes,0.428286,No
Uncertain small effect,1513,0.4971,0.8,1.0,2.0,No,0.428286,No
Uncertain small effect,1514,2.7695,0.8,1.0,2.0,Yes,0.428286,No
Uncertain small effect,1515,-0.6637,0.8,1.0,2.0,No,0.428286,No
Uncertain small effect,1516,-0.2173,0.8,1.0,2.0,No,0.428286,No
Uncertain small effect,1517,-0.8931,0.8,1.0,2.0,Yes,0.428286,No
Uncertain small effect,1518,0.2132,0.8,1.0,2.0,No,0.428286,No
Uncertain small effect,1519,-0.7804,0.8,1.0,2.0,No,0.428286,No
Uncertain small effect,1520,-1.1136,0.8,1.0,2.0,Yes,0.428286,No
Uncertain small effect,1521,-0.1601,0.8,1.0,2.0,No,0.428286,No
Uncertain small effect,1522,2.2898,0.8,1.0,2.0,Yes,0.428286,No
Uncertain small effect,1523,0.8452,0.8,1.0,2.0,Yes,0.428286,No
Uncertain small effect,1524,1.5132,0.8,1.0,2.0,Yes,0.428286,No
Uncertain small effect,1525,-0.8746,0.8,1.0,2.0,Yes,0.428286,No
Uncertain small effect,1526,-0.4072,0.8,1.0,2.0,No,0.428286,No
Uncertain small effect,1527,0.0409,0.8,1.0,2.0,No,0.428286,No
Uncertain small effect,1528,1.31,0.8,1.0,2.0,Yes,0.428286,No
Uncertain small effect,1529,-1.99,0.8,1.0,2.0,Yes,0.428286,No
Uncertain small effect,1530,0.7842,0.8,1.0,2.0,No,0.428286,No
Uncertain small effect,1531,0.213,0.8,1.0,2.0,No,0.428286,No
Uncertain small effect,1532,-1.5971,0.8,1.0,2.0,Yes,0.428286,No
Uncertain small effect,1533,-0.8566,0.8,1.0,2.0,Yes,0.428286,No
Uncertain small effect,1534,0.364,0.8,1.0,2.0,No,0.428286,No
Uncertain small effect,1535,-0.3019,0.8,1.0,2.0,No,0.428286,No
Uncertain small effect,1536,-0.3195,0.8,1.0,2.0,No,0.428286,No
Uncertain small effect,1537,0.4814,0.8,1.0,2.0,No,0.428286,No
Uncertain small effect,1538,1.2659,0.8,1.0,2.0,Yes,0.428286,No
Uncertain small effect,1539,-0.6938,0.8,1.0,2.0,No,0.428286,No
Uncertain small effect,1540,0.1392,0.8,1.0,2.0,No,0.428286,No
Uncertain small effect,1541,1.7439,0.8,1.0,2.0,Yes,0.428286,No
Uncertain small effect,1542,-1.93,0.8,1.0,2.0,Yes,0.428286,No
Uncertain small effect,1543,0.4275,0.8,1.0,2.0,No,0.428286,No
Uncertain small effect,1544,0.1872,0.8,1.0,2.0,No,0.428286,No
Uncertain small effect,1545,-0.4308,0.8,1.0,2.0,No,0.428286,No
Uncertain small effect,1546,-0.517,0.8,1.0,2.0,No,0.428286,No
Uncertain small effect,1547,0.1674,0.8,1.0,2.0,No,0.428286,No
Uncertain small effect,1548,-0.9843,0.8,1.0,2.0,Yes,0.428286,No
Uncertain small effect,1549,0.5834,0.8,1.0,2.0,No,0.428286,No
Uncertain small effect,1550,-1.3951,0.8,1.0,2.0,Yes,0.428286,No
Uncertain small effect,1551,0.0093,0.8,1.0,2.0,No,0.428286,No
Uncertain small effect,1552,-0.5783,0.8,1.0,2.0,No,0.428286,No
Uncertain small effect,1553,0.7481,0.8,1.0,2.0,No,0.428286,No
Uncertain small effect,1554,-0.6909,0.8,1.0,2.0,No,0.428286,No
Uncertain small effect,1555,1.3375,0.8,1.0,2.0,Yes,0.428286,No
Uncertain small effect,1556,1.4692,0.8,1.0,2.0,Yes,0.428286,No
Uncertain small effect,1557,0.7354,0.8,1.0,2.0,No,0.428286,No
Uncertain small effect,1558,-0.1757,0.8,1.0,2.0,No,0.428286,No
Uncertain small effect,1559,1.309,0.8,1.0,2.0,Yes,0.428286,No
Uncertain small effect,1560,0.4577,0.8,1.0,2.0,No,0.428286,No
Uncertain small effect,1561,1.1956,0.8,1.0,2.0,Yes,0.428286,No
Uncertain small effect,1562,1.5917,0.8,1.0,2.0,Yes,0.428286,No
Uncertain small effect,1563,0.0919,0.8,1.0,2.0,No,0.428286,No
Uncertain small effect,1564,0.2107,0.8,1.0,2.0,No,0.428286,No
Uncertain small effect,1565,-0.2394,0.8,1.0,2.0,No,0.428286,No
Uncertain small effect,1566,0.1283,0.8,1.0,2.0,No,0.428286,No
Uncertain small effect,1567,-0.7295,0.8,1.0,2.0,No,0.428286,No
Uncertain small effect,1568,-0.4607,0.8,1.0,2.0,No,0.428286,No
Uncertain small effect,1569,-0.2145,0.8,1.0,2.0,No,0.428286,No
Uncertain small effect,1570,-0.2502,0.8,1.0,2.0,No,0.428286,No
Uncertain small effect,1571,1.9495,0.8,1.0,2.0,Yes,0.428286,No
Uncertain small effect,1572,0.6756,0.8,1.0,2.0,No,0.428286,No
Uncertain small effect,1573,-0.9308,0.8,1.0,2.0,Yes,0.428286,No
Uncertain small effect,1574,-0.4469,0.8,1.0,2.0,No,0.428286,No
Uncertain small effect,1575,0.3223,0.8,1.0,2.0,No,0.428286,No
Uncertain small effect,1576,0.3246,0.8,1.0,2.0,No,0.428286,No
Uncertain small effect,1577,-0.71,0.8,1.0,2.0,No,0.428286,No
Uncertain small effect,1578,-0.0777,0.8,1.0,2.0,No,0.428286,No
Uncertain small effect,1579,1.6303,0.8,1.0,2.0,Yes,0.428286,No
Uncertain small effect,1580,-0.912,0.8,1.0,2.0,Yes,0.428286,No
Uncertain small effect,1581,1.4427,0.8,1.0,2.0,Yes,0.428286,No
Uncertain small effect,1582,0.8969,0.8,1.0,2.0,Yes,0.428286,No
Uncertain small effect,1583,0.2758,0.8,1.0,2.0,No,0.428286,No
Uncertain small effect,1584,-0.3116,0.8,1.0,2.0,No,0.428286,No
Uncertain small effect,1585,-1.0802,0.8,1.0,2.0,Yes,0.428286,No
Uncertain small effect,1586,-0.6287,0.8,1.0,2.0,No,0.428286,No
Uncertain small effect,1587,-0.2448,0.8,1.0,2.0,No,0.428286,No
Uncertain small effect,1588,0.6712,0.8,1.0,2.0,No,0.428286,No
Uncertain small effect,1589,0.2019,0.8,1.0,2.0,No,0.428286,No
Uncertain small effect,1590,-0.7102,0.8,1.0,2.0,No,0.428286,No
Uncertain small effect,1591,1.2302,0.8,1.0,2.0,Yes,0.428286,No
Uncertain small effect,1592,1.1933,0.8,1.0,2.0,Yes,0.428286,No
Uncertain small effect,1593,0.4197,0.8,1.0,2.0,No,0.428286,No
Uncertain small effect,1594,0.1752,0.8,1.0,2.0,No,0.428286,No
Uncertain small effect,1595,-1.4482,0.8,1.0,2.0,Yes,0.428286,No
Uncertain small effect,1596,-2.2065,0.8,1.0,2.0,Yes,0.428286,No
Uncertain small effect,1597,-0.3044,0.8,1.0,2.0,No,0.428286,No
Uncertain small effect,1598,-0.7533,0.8,1.0,2.0,No,0.428286,No
Uncertain small effect,1599,0.1367,0.8,1.0,2.0,No,0.428286,No
Uncertain small effect,1600,-0.5044,0.8,1.0,2.0,No,0.428286,No
Uncertain small effect,1601,0.8854,0.8,1.0,2.0,Yes,0.428286,No
Uncertain small effect,1602,1.9778,0.8,1.0,2.0,Yes,0.428286,No
Uncertain small effect,1603,-1.2599,0.8,1.0,2.0,Yes,0.428286,No
Uncertain small effect,1604,0.1368,0.8,1.0,2.0,No,0.428286,No
Uncertain small effect,1605,-1.0756,0.8,1.0,2.0,Yes,0.428286,No
Uncertain small effect,1606,1.7457,0.8,1.0,2.0,Yes,0.428286,No
Uncertain small effect,1607,-0.3135,0.8,1.0,2.0,No,0.428286,No
Uncertain small effect,1608,0.0581,0.8,1.0,2.0,No,0.428286,No
Uncertain small effect,1609,0.6332,0.8,1.0,2.0,No,0.428286,No
Uncertain small effect,1610,-1.3676,0.8,1.0,2.0,Yes,0.428286,No
Uncertain small effect,1611,-1.1279,0.8,1.0,2.0,Yes,0.428286,No
Uncertain small effect,1612,-0.0291,0.8,1.0,2.0,No,0.428286,No
Uncertain small effect,1613,-0.8231,0.8,1.0,2.0,Yes,0.428286,No
Uncertain small effect,1614,0.1375,0.8,1.0,2.0,No,0.428286,No
Uncertain small effect,1615,0.2811,0.8,1.0,2.0,No,0.428286,No
Uncertain small effect,1616,1.1349,0.8,1.0,2.0,Yes,0.428286,No
Uncertain small effect,1617,2.0022,0.8,1.0,2.0,Yes,0.428286,No
Uncertain small effect,1618,0.3707,0.8,1.0,2.0,No,0.428286,No
Uncertain small effect,1619,-0.9864,0.8,1.0,2.0,Yes,0.428286,No
Uncertain small effect,1620,-0.835,0.8,1.0,2.0,Yes,0.428286,No
Uncertain small effect,1621,1.1636,0.8,1.0,2.0,Yes,0.428286,No
Uncertain small effect,1622,0.416,0.8,1.0,2.0,No,0.428286,No
Uncertain small effect,1623,-0.5853,0.8,1.0,2.0,No,0.428286,No
Uncertain small effect,1624,-0.3747,0.8,1.0,2.0,No,0.428286,No
Uncertain small effect,1625,1.3014,0.8,1.0,2.0,Yes,0.428286,No
Uncertain small effect,1626,-0.5429,0.8,1.0,2.0,No,0.428286,No
Uncertain small effect,1627,1.1995,0.8,1.0,2.0,Yes,0.428286,No
Uncertain small effect,1628,0.8577,0.8,1.0,2.0,Yes,0.428286,No
Uncertain small effect,1629,0.6258,0.8,1.0,2.0,No,0.428286,No
Uncertain small effect,1630,1.1769,0.8,1.0,2.0,Yes,0.428286,No
Uncertain small effect,1631,-0.3248,0.8,1.0,2.0,No,0.428286,No
Uncertain small effect,1632,-1.316,0.8,1.0,2.0,Yes,0.428286,No
Uncertain small effect,1633,-0.4473,0.8,1.0,2.0,No,0.428286,No
Uncertain small effect,1634,-0.6512,0.8,1.0,2.0,No,0.428286,No
Uncertain small effect,1635,-0.3039,0.8,1.0,2.0,No,0.428286,No
Uncertain small effect,1636,-0.3171,0.8,1.0,2.0,No,0.428286,No
Uncertain small effect,1637,-1.166,0.8,1.0,2.0,Yes,0.428286,No
Uncertain small effect,1638,-0.5115,0.8,1.0,2.0,No,0.428286,No
Uncertain small effect,1639,-1.0782,0.8,1.0,2.0,Yes,0.428286,No
Uncertain small effect,1640,0.6502,0.8,1.0,2.0,No,0.428286,No
Uncertain small effect,1641,0.2605,0.8,1.0,2.0,No,0.428286,No
Uncertain small effect,1642,1.1605,0.8,1.0,2.0,Yes,0.428286,No
Uncertain small effect,1643,-0.7249,0.8,1.0,2.0,No,0.428286,No
Uncertain small effect,1644,-0.3153,0.8,1.0,2.0,No,0.428286,No
Uncertain small effect,1645,-0.7604,0.8,1.0,2.0,No,0.428286,No
Uncertain small effect,1646,0.5358,0.8,1.0,2.0,No,0.428286,No
Uncertain small effect,1647,0.8693,0.8,1.0,2.0,Yes,0.428286,No
Uncertain small effect,1648,-0.4903,0.8,1.0,2.0,No,0.428286,No
Uncertain small effect,1649,-0.783,0.8,1.0,2.0,No,0.428286,No
Uncertain small effect,1650,-1.0271,0.8,1.0,2.0,Yes,0.428286,No
Uncertain small effect,1651,0.6947,0.8,1.0,2.0,No,0.428286,No
Uncertain small effect,1652,-1.2809,0.8,1.0,2.0,Yes,0.428286,No
Uncertain small effect,1653,0.053,0.8,1.0,2.0,No,0.428286,No
Uncertain small effect,1654,-1.791,0.8,1.0,2.0,Yes,0.428286,No
Uncertain small effect,1655,0.6103,0.8,1.0,2.0,No,0.428286,No
Uncertain small effect,1656,-1.2676,0.8,1.0,2.0,Yes,0.428286,No
Uncertain small effect,1657,-2.3424,0.8,1.0,2.0,Yes,0.428286,No
Uncertain small effect,1658,0.1412,0.8,1.0,2.0,No,0.428286,No
Uncertain small effect,1659,-0.5922,0.8,1.0,2.0,No,0.428286,No
Uncertain small effect,1660,-0.8346,0.8,1.0,2.0,Yes,0.428286,No
Uncertain small effect,1661,-1.0082,0.8,1.0,2.0,Yes,0.428286,No
Uncertain small effect,1662,0.0712,0.8,1.0,2.0,No,0.428286,No
Uncertain small effect,1663,-0.493,0.8,1.0,2.0,No,0.428286,No
Uncertain small effect,1664,0.5356,0.8,1.0,2.0,No,0.428286,No
Uncertain small effect,1665,0.7482,0.8,1.0,2.0,No,0.428286,No
Uncertain small effect,1666,0.5965,0.8,1.0,2.0,No,0.428286,No
Uncertain small effect,1667,-1.216,0.8,1.0,2.0,Yes,0.428286,No
Uncertain small effect,1668,-0.1351,0.8,1.0,2.0,No,0.428286,No
Uncertain small effect,1669,1.3171,0.8,1.0,2.0,Yes,0.428286,No
Uncertain small effect,1670,-0.557,0.8,1.0,2.0,No,0.428286,No
Uncertain small effect,1671,-0.2907,0.8,1.0,2.0,No,0.428286,No
Uncertain small effect,1672,0.2744,0.8,1.0,2.0,No,0.428286,No
Uncertain small effect,1673,0.727,0.8,1.0,2.0,No,0.428286,No
Uncertain small effect,1674,-0.5105,0.8,1.0,2.0,No,0.428286,No
Uncertain small effect,1675,0.3045,0.8,1.0,2.0,No,0.428286,No
Uncertain small effect,1676,-0.2092,0.8,1.0,2.0,No,0.428286,No
Uncertain small effect,1677,0.8927,0.8,1.0,2.0,Yes,0.428286,No
Uncertain small effect,1678,-0.2094,0.8,1.0,2.0,No,0.428286,No
Uncertain small effect,1679,0.4386,0.8,1.0,2.0,No,0.428286,No
Uncertain small effect,1680,0.0442,0.8,1.0,2.0,No,0.428286,No
Uncertain small effect,1681,-2.6192,0.8,1.0,2.0,Yes,0.428286,No
Uncertain small effect,1682,-0.1483,0.8,1.0,2.0,No,0.428286,No
Uncertain small effect,1683,1.6796,0.8,1.0,2.0,Yes,0.428286,No
Uncertain small effect,1684,-0.0598,0.8,1.0,2.0,No,0.428286,No
Uncertain small effect,1685,-1.128,0.8,1.0,2.0,Yes,0.428286,No
Uncertain small effect,1686,0.1357,0.8,1.0,2.0,No,0.428286,No
Uncertain small effect,1687,0.6854,0.8,1.0,2.0,No,0.428286,No
Uncertain small effect,1688,-1.2848,0.8,1.0,2.0,Yes,0.428286,No
Uncertain small effect,1689,1.6814,0.8,1.0,2.0,Yes,0.428286,No
Uncertain small effect,1690,1.2399,0.8,1.0,2.0,Yes,0.428286,No
Uncertain small effect,1691,1.7388,0.8,1.0,2.0,Yes,0.428286,No
Uncertain small effect,1692,0.6706,0.8,1.0,2.0,No,0.428286,No
Uncertain small effect,1693,-0.9611,0.8,1.0,2.0,Yes,0.428286,No
Uncertain small effect,1694,2.7218,0.8,1.0,2.0,Yes,0.428286,No
Uncertain small effect,1695,-1.5275,0.8,1.0,2.0,Yes,0.428286,No
Uncertain small effect,1696,-1.5192,0.8,1.0,2.0,Yes,0.428286,No
Uncertain small effect,1697,-0.2518,0.8,1.0,2.0,No,0.428286,No
Uncertain small effect,1698,1.4614,0.8,1.0,2.0,Yes,0.428286,No
Uncertain small effect,1699,0.1211,0.8,1.0,2.0,No,0.428286,No
Uncertain small effect,1700,0.9248,0.8,1.0,2.0,Yes,0.428286,No
Uncertain small effect,1701,0.9304,0.8,1.0,2.0,Yes,0.428286,No
Uncertain small effect,1702,0.8745,0.8,1.0,2.0,Yes,0.428286,No
Uncertain small effect,1703,0.3421,0.8,1.0,2.0,No,0.428286,No
Uncertain small effect,1704,0.2723,0.8,1.0,2.0,No,0.428286,No
Uncertain small effect,1705,-0.2169,0.8,1.0,2.0,No,0.428286,No
Uncertain small effect,1706,0.9517,0.8,1.0,2.0,Yes,0.428286,No
Uncertain small effect,1707,-0.5732,0.8,1.0,2.0,No,0.428286,No
Uncertain small effect,1708,-0.4726,0.8,1.0,2.0,No,0.428286,No
Uncertain small effect,1709,-0.3455,0.8,1.0,2.0,No,0.428286,No
Uncertain small effect,1710,0.4669,0.8,1.0,2.0,No,0.428286,No
Uncertain small effect,1711,-0.2218,0.8,1.0,2.0,No,0.428286,No
Uncertain small effect,1712,-0.1223,0.8,1.0,2.0,No,0.428286,No
Uncertain small effect,1713,1.8539,0.8,1.0,2.0,Yes,0.428286,No
Uncertain small effect,1714,-1.25,0.8,1.0,2.0,Yes,0.428286,No
Uncertain small effect,1715,-0.2279,0.8,1.0,2.0,No,0.428286,No
Uncertain small effect,1716,1.4999,0.8,1.0,2.0,Yes,0.428286,No
Uncertain small effect,1717,1.1484,0.8,1.0,2.0,Yes,0.428286,No
Uncertain small effect,1718,-1.4959,0.8,1.0,2.0,Yes,0.428286,No
Uncertain small effect,1719,0.1927,0.8,1.0,2.0,No,0.428286,No
Uncertain small effect,1720,0.8526,0.8,1.0,2.0,Yes,0.428286,No
Uncertain small effect,1721,0.4957,0.8,1.0,2.0,No,0.428286,No
Uncertain small effect,1722,0.6573,0.8,1.0,2.0,No,0.428286,No
Uncertain small effect,1723,-0.8949,0.8,1.0,2.0,Yes,0.428286,No
Uncertain small effect,1724,0.7119,0.8,1.0,2.0,No,0.428286,No
Uncertain small effect,1725,-1.2802,0.8,1.0,2.0,Yes,0.428286,No
Uncertain small effect,1726,-0.1162,0.8,1.0,2.0,No,0.428286,No
Uncertain small effect,1727,1.3834,0.8,1.0,2.0,Yes,0.428286,No
Uncertain small effect,1728,0.7345,0.8,1.0,2.0,No,0.428286,No
Uncertain small effect,1729,-1.3841,0.8,1.0,2.0,Yes,0.428286,No
Uncertain small effect,1730,0.7665,0.8,1.0,2.0,No,0.428286,No
Uncertain small effect,1731,0.2782,0.8,1.0,2.0,No,0.428286,No
Uncertain small effect,1732,0.6487,0.8,1.0,2.0,No,0.428286,No
Uncertain small effect,1733,0.7471,0.8,1.0,2.0,No,0.428286,No
Uncertain small effect,1734,1.9174,0.8,1.0,2.0,Yes,0.428286,No
Uncertain small effect,1735,0.6069,0.8,1.0,2.0,No,0.428286,No
Uncertain small effect,1736,-0.7403,0.8,1.0,2.0,No,0.428286,No
Uncertain small effect,1737,-0.9898,0.8,1.0,2.0,Yes,0.428286,No
Uncertain small effect,1738,0.6849,0.8,1.0,2.0,No,0.428286,No
Uncertain small effect,1739,-1.7434,0.8,1.0,2.0,Yes,0.428286,No
Uncertain small effect,1740,0.6608,0.8,1.0,2.0,No,0.428286,No
Uncertain small effect,1741,-0.878,0.8,1.0,2.0,Yes,0.428286,No
Uncertain small effect,1742,0.7715,0.8,1.0,2.0,No,0.428286,No
Uncertain small effect,1743,2.3332,0.8,1.0,2.0,Yes,0.428286,No
Uncertain small effect,1744,0.4785,0.8,1.0,2.0,No,0.428286,No
Uncertain small effect,1745,1.2961,0.8,1.0,2.0,Yes,0.428286,No
Uncertain small effect,1746,-1.1069,0.8,1.0,2.0,Yes,0.428286,No
Uncertain small effect,1747,-1.1661,0.8,1.0,2.0,Yes,0.428286,No
Uncertain small effect,1748,-0.2644,0.8,1.0,2.0,No,0.428286,No
Uncertain small effect,1749,-2.1209,0.8,1.0,2.0,Yes,0.428286,No
Uncertain small effect,1750,1.4672,0.8,1.0,2.0,Yes,0.428286,No
Uncertain small effect,1751,0.4239,0.8,1.0,2.0,No,0.428286,No
Uncertain small effect,1752,1.1563,0.8,1.0,2.0,Yes,0.428286,No
Uncertain small effect,1753,3.507,0.8,1.0,2.0,Yes,0.428286,No
Uncertain small effect,1754,0.4165,0.8,1.0,2.0,No,0.428286,No
Uncertain small effect,1755,-0.1437,0.8,1.0,2.0,No,0.428286,No
Uncertain small effect,1756,-1.1631,0.8,1.0,2.0,Yes,0.428286,No
Uncertain small effect,1757,-1.2083,0.8,1.0,2.0,Yes,0.428286,No
Uncertain small effect,1758,-1.7185,0.8,1.0,2.0,Yes,0.428286,No
Uncertain small effect,1759,0.76,0.8,1.0,2.0,No,0.428286,No
Uncertain small effect,1760,0.2791,0.8,1.0,2.0,No,0.428286,No
Uncertain small effect,1761,0.2512,0.8,1.0,2.0,No,0.428286,No
Uncertain small effect,1762,-1.5968,0.8,1.0,2.0,Yes,0.428286,No
Uncertain small effect,1763,0.7753,0.8,1.0,2.0,No,0.428286,No
Uncertain small effect,1764,1.1786,0.8,1.0,2.0,Yes,0.428286,No
Uncertain small effect,1765,-0.4946,0.8,1.0,2.0,No,0.428286,No
Uncertain small effect,1766,0.5117,0.8,1.0,2.0,No,0.428286,No
Uncertain small effect,1767,-1.3846,0.8,1.0,2.0,Yes,0.428286,No
Uncertain small effect,1768,0.3604,0.8,1.0,2.0,No,0.428286,No
Uncertain small effect,1769,-1.0341,0.8,1.0,2.0,Yes,0.428286,No
Uncertain small effect,1770,-0.3974,0.8,1.0,2.0,No,0.428286,No
Uncertain small effect,1771,0.126,0.8,1.0,2.0,No,0.428286,No
Uncertain small effect,1772,-0.9595,0.8,1.0,2.0,Yes,0.428286,No
Uncertain small effect,1773,-1.0629,0.8,1.0,2.0,Yes,0.428286,No
Uncertain small effect,1774,1.9983,0.8,1.0,2.0,Yes,0.428286,No
Uncertain small effect,1775,-1.0319,0.8,1.0,2.0,Yes,0.428286,No
Uncertain small effect,1776,-1.4165,0.8,1.0,2.0,Yes,0.428286,No
Uncertain small effect,1777,0.9979,0.8,1.0,2.0,Yes,0.428286,No
Uncertain small effect,1778,0.7096,0.8,1.0,2.0,No,0.428286,No
Uncertain small effect,1779,0.8943,0.8,1.0,2.0,Yes,0.428286,No
Uncertain small effect,1780,-1.1469,0.8,1.0,2.0,Yes,0.428286,No
Uncertain small effect,1781,0.3697,0.8,1.0,2.0,No,0.428286,No
Uncertain small effect,1782,0.8427,0.8,1.0,2.0,Yes,0.428286,No
Uncertain small effect,1783,-0.9151,0.8,1.0,2.0,Yes,0.428286,No
Uncertain small effect,1784,-1.0855,0.8,1.0,2.0,Yes,0.428286,No
Uncertain small effect,1785,-1.2051,0.8,1.0,2.0,Yes,0.428286,No
Uncertain small effect,1786,0.6265,0.8,1.0,2.0,No,0.428286,No
Uncertain small effect,1787,2.2507,0.8,1.0,2.0,Yes,0.428286,No
Uncertain small effect,1788,-0.7703,0.8,1.0,2.0,No,0.428286,No
Uncertain small effect,1789,-1.1785,0.8,1.0,2.0,Yes,0.428286,No
Uncertain small effect,1790,1.8518,0.8,1.0,2.0,Yes,0.428286,No
Uncertain small effect,1791,0.1688,0.8,1.0,2.0,No,0.428286,No
Uncertain small effect,1792,0.7118,0.8,1.0,2.0,No,0.428286,No
Uncertain small effect,1793,0.1385,0.8,1.0,2.0,No,0.428286,No
Uncertain small effect,1794,1.4829,0.8,1.0,2.0,Yes,0.428286,No
Uncertain small effect,1795,1.3089,0.8,1.0,2.0,Yes,0.428286,No
Uncertain small effect,1796,1.2575,0.8,1.0,2.0,Yes,0.428286,No
Uncertain small effect,1797,1.0754,0.8,1.0,2.0,Yes,0.428286,No
Uncertain small effect,1798,-1.2594,0.8,1.0,2.0,Yes,0.428286,No
Uncertain small effect,1799,-0.3964,0.8,1.0,2.0,No,0.428286,No
Uncertain small effect,1800,-1.6192,0.8,1.0,2.0,Yes,0.428286,No
Uncertain small effect,1801,0.8775,0.8,1.0,2.0,Yes,0.428286,No
Uncertain small effect,1802,-2.3633,0.8,1.0,2.0,Yes,0.428286,No
Uncertain small effect,1803,-0.3522,0.8,1.0,2.0,No,0.428286,No
Uncertain small effect,1804,-1.1201,0.8,1.0,2.0,Yes,0.428286,No
Uncertain small effect,1805,-0.4931,0.8,1.0,2.0,No,0.428286,No
Uncertain small effect,1806,0.4944,0.8,1.0,2.0,No,0.428286,No
Uncertain small effect,1807,1.1154,0.8,1.0,2.0,Yes,0.428286,No
Uncertain small effect,1808,-1.1403,0.8,1.0,2.0,Yes,0.428286,No
Uncertain small effect,1809,0.9906,0.8,1.0,2.0,Yes,0.428286,No
Uncertain small effect,1810,1.4813,0.8,1.0,2.0,Yes,0.428286,No
Uncertain small effect,1811,-1.1462,0.8,1.0,2.0,Yes,0.428286,No
Uncertain small effect,1812,1.0746,0.8,1.0,2.0,Yes,0.428286,No
Uncertain small effect,1813,-0.1573,0.8,1.0,2.0,No,0.428286,No
Uncertain small effect,1814,0.1456,0.8,1.0,2.0,No,0.428286,No
Uncertain small effect,1815,-0.6112,0.8,1.0,2.0,No,0.428286,No
Uncertain small effect,1816,-1.3154,0.8,1.0,2.0,Yes,0.428286,No
Uncertain small effect,1817,-1.9519,0.8,1.0,2.0,Yes,0.428286,No
Uncertain small effect,1818,0.3564,0.8,1.0,2.0,No,0.428286,No
Uncertain small effect,1819,0.1182,0.8,1.0,2.0,No,0.428286,No
Uncertain small effect,1820,-0.8845,0.8,1.0,2.0,Yes,0.428286,No
Uncertain small effect,1821,-0.0546,0.8,1.0,2.0,No,0.428286,No
Uncertain small effect,1822,-1.2646,0.8,1.0,2.0,Yes,0.428286,No
Uncertain small effect,1823,-0.1026,0.8,1.0,2.0,No,0.428286,No
Uncertain small effect,1824,-0.2797,0.8,1.0,2.0,No,0.428286,No
Uncertain small effect,1825,-0.2756,0.8,1.0,2.0,No,0.428286,No
Uncertain small effect,1826,0.2746,0.8,1.0,2.0,No,0.428286,No
Uncertain small effect,1827,-0.6289,0.8,1.0,2.0,No,0.428286,No
Uncertain small effect,1828,0.9519,0.8,1.0,2.0,Yes,0.428286,No
Uncertain small effect,1829,0.8923,0.8,1.0,2.0,Yes,0.428286,No
Uncertain small effect,1830,-0.2903,0.8,1.0,2.0,No,0.428286,No
Uncertain small effect,1831,1.0753,0.8,1.0,2.0,Yes,0.428286,No
Uncertain small effect,1832,2.4673,0.8,1.0,2.0,Yes,0.428286,No
Uncertain small effect,1833,2.0471,0.8,1.0,2.0,Yes,0.428286,No
Uncertain small effect,1834,1.1797,0.8,1.0,2.0,Yes,0.428286,No
Uncertain small effect,1835,-0.8418,0.8,1.0,2.0,Yes,0.428286,No
Uncertain small effect,1836,-0.0859,0.8,1.0,2.0,No,0.428286,No
Uncertain small effect,1837,0.2223,0.8,1.0,2.0,No,0.428286,No
Uncertain small effect,1838,-0.7155,0.8,1.0,2.0,No,0.428286,No
Uncertain small effect,1839,0.5351,0.8,1.0,2.0,No,0.428286,No
Uncertain small effect,1840,-0.4261,0.8,1.0,2.0,No,0.428286,No
Uncertain small effect,1841,-0.1198,0.8,1.0,2.0,No,0.428286,No
Uncertain small effect,1842,-0.8515,0.8,1.0,2.0,Yes,0.428286,No
Uncertain small effect,1843,0.9128,0.8,1.0,2.0,Yes,0.428286,No
Uncertain small effect,1844,0.4992,0.8,1.0,2.0,No,0.428286,No
Uncertain small effect,1845,0.7507,0.8,1.0,2.0,No,0.428286,No
Uncertain small effect,1846,-0.3912,0.8,1.0,2.0,No,0.428286,No
Uncertain small effect,1847,1.4407,0.8,1.0,2.0,Yes,0.428286,No
Uncertain small effect,1848,-0.4696,0.8,1.0,2.0,No,0.428286,No
Uncertain small effect,1849,0.5319,0.8,1.0,2.0,No,0.428286,No
Uncertain small effect,1850,-0.6107,0.8,1.0,2.0,No,0.428286,No
Uncertain small effect,1851,0.6782,0.8,1.0,2.0,No,0.428286,No
Uncertain small effect,1852,-0.0366,0.8,1.0,2.0,No,0.428286,No
Uncertain small effect,1853,-1.4369,0.8,1.0,2.0,Yes,0.428286,No
Uncertain small effect,1854,0.6531,0.8,1.0,2.0,No,0.428286,No
Uncertain small effect,1855,-0.6729,0.8,1.0,2.0,No,0.428286,No
Uncertain small effect,1856,1.3015,0.8,1.0,2.0,Yes,0.428286,No
Uncertain small effect,1857,-0.9495,0.8,1.0,2.0,Yes,0.428286,No
Uncertain small effect,1858,-1.0097,0.8,1.0,2.0,Yes,0.428286,No
Uncertain small effect,1859,-0.292,0.8,1.0,2.0,No,0.428286,No
Uncertain small effect,1860,-0.9021,0.8,1.0,2.0,Yes,0.428286,No
Uncertain small effect,1861,1.6669,0.8,1.0,2.0,Yes,0.428286,No
Uncertain small effect,1862,-0.5314,0.8,1.0,2.0,No,0.428286,No
Uncertain small effect,1863,-0.1703,0.8,1.0,2.0,No,0.428286,No
Uncertain small effect,1864,-1.5546,0.8,1.0,2.0,Yes,0.428286,No
Uncertain small effect,1865,0.4737,0.8,1.0,2.0,No,0.428286,No
Uncertain small effect,1866,-0.0788,0.8,1.0,2.0,No,0.428286,No
Uncertain small effect,1867,-0.9372,0.8,1.0,2.0,Yes,0.428286,No
Uncertain small effect,1868,0.4026,0.8,1.0,2.0,No,0.428286,No
Uncertain small effect,1869,-0.9709,0.8,1.0,2.0,Yes,0.428286,No
Uncertain small effect,1870,1.1399,0.8,1.0,2.0,Yes,0.428286,No
Uncertain small effect,1871,0.5908,0.8,1.0,2.0,No,0.428286,No
Uncertain small effect,1872,0.3332,0.8,1.0,2.0,No,0.428286,No
Uncertain small effect,1873,0.6677,0.8,1.0,2.0,No,0.428286,No
Uncertain small effect,1874,-0.1773,0.8,1.0,2.0,No,0.428286,No
Uncertain small effect,1875,0.1199,0.8,1.0,2.0,No,0.428286,No
Uncertain small effect,1876,0.1397,0.8,1.0,2.0,No,0.428286,No
Uncertain small effect,1877,0.8803,0.8,1.0,2.0,Yes,0.428286,No
Uncertain small effect,1878,-0.058,0.8,1.0,2.0,No,0.428286,No
Uncertain small effect,1879,0.8372,0.8,1.0,2.0,Yes,0.428286,No
Uncertain small effect,1880,0.4011,0.8,1.0,2.0,No,0.428286,No
Uncertain small effect,1881,0.7464,0.8,1.0,2.0,No,0.428286,No
Uncertain small effect,1882,2.4256,0.8,1.0,2.0,Yes,0.428286,No
Uncertain small effect,1883,-1.2775,0.8,1.0,2.0,Yes,0.428286,No
Uncertain small effect,1884,-3.1003,0.8,1.0,2.0,Yes,0.428286,No
Uncertain small effect,1885,-0.3655,0.8,1.0,2.0,No,0.428286,No
Uncertain small effect,1886,-0.1276,0.8,1.0,2.0,No,0.428286,No
Uncertain small effect,1887,0.7792,0.8,1.0,2.0,No,0.428286,No
Uncertain small effect,1888,-0.4959,0.8,1.0,2.0,No,0.428286,No
Uncertain small effect,1889,-1.3463,0.8,1.0,2.0,Yes,0.428286,No
Uncertain small effect,1890,0.1195,0.8,1.0,2.0,No,0.428286,No
Uncertain small effect,1891,1.5845,0.8,1.0,2.0,Yes,0.428286,No
Uncertain small effect,1892,0.8264,0.8,1.0,2.0,Yes,0.428286,No
Uncertain small effect,1893,0.9802,0.8,1.0,2.0,Yes,0.428286,No
Uncertain small effect,1894,-0.1724,0.8,1.0,2.0,No,0.428286,No
Uncertain small effect,1895,-0.1964,0.8,1.0,2.0,No,0.428286,No
Uncertain small effect,1896,1.0134,0.8,1.0,2.0,Yes,0.428286,No
Uncertain small effect,1897,-0.6803,0.8,1.0,2.0,No,0.428286,No
Uncertain small effect,1898,0.3816,0.8,1.0,2.0,No,0.428286,No
Uncertain small effect,1899,0.3867,0.8,1.0,2.0,No,0.428286,No
Uncertain small effect,1900,0.036,0.8,1.0,2.0,No,0.428286,No
Uncertain small effect,1901,0.5549,0.8,1.0,2.0,No,0.428286,No
Uncertain small effect,1902,-2.5223,0.8,1.0,2.0,Yes,0.428286,No
Uncertain small effect,1903,-1.4039,0.8,1.0,2.0,Yes,0.428286,No
Uncertain small effect,1904,0.3732,0.8,1.0,2.0,No,0.428286,No
Uncertain small effect,1905,0.7297,0.8,1.0,2.0,No,0.428286,No
Uncertain small effect,1906,0.4424,0.8,1.0,2.0,No,0.428286,No
Uncertain small effect,1907,-0.6709,0.8,1.0,2.0,No,0.428286,No
Uncertain small effect,1908,1.1939,0.8,1.0,2.0,Yes,0.428286,No
Uncertain small effect,1909,-0.8765,0.8,1.0,2.0,Yes,0.428286,No
Uncertain small effect,1910,0.861,0.8,1.0,2.0,Yes,0.428286,No
Uncertain small effect,1911,-0.0363,0.8,1.0,2.0,No,0.428286,No
Uncertain small effect,1912,-3.4676,0.8,1.0,2.0,Yes,0.428286,No
Uncertain small effect,1913,0.2865,0.8,1.0,2.0,No,0.428286,No
Uncertain small effect,1914,0.2005,0.8,1.0,2.0,No,0.428286,No
Uncertain small effect,1915,0.9648,0.8,1.0,2.0,Yes,0.428286,No
Uncertain small effect,1916,-0.0846,0.8,1.0,2.0,No,0.428286,No
Uncertain small effect,1917,1.0699,0.8,1.0,2.0,Yes,0.428286,No
Uncertain small effect,1918,-0.4334,0.8,1.0,2.0,No,0.428286,No
Uncertain small effect,1919,0.7587,0.8,1.0,2.0,No,0.428286,No
Uncertain small effect,1920,0.1999,0.8,1.0,2.0,No,0.428286,No
Uncertain small effect,1921,0.1418,0.8,1.0,2.0,No,0.428286,No
Uncertain small effect,1922,0.7715,0.8,1.0,2.0,No,0.428286,No
Uncertain small effect,1923,-0.2527,0.8,1.0,2.0,No,0.428286,No
Uncertain small effect,1924,-0.7758,0.8,1.0,2.0,No,0.428286,No
Uncertain small effect,1925,-0.3022,0.8,1.0,2.0,No,0.428286,No
Uncertain small effect,1926,0.9378,0.8,1.0,2.0,Yes,0.428286,No
Uncertain small effect,1927,-0.5974,0.8,1.0,2.0,No,0.428286,No
Uncertain small effect,1928,-1.3065,0.8,1.0,2.0,Yes,0.428286,No
Uncertain small effect,1929,-0.6359,0.8,1.0,2.0,No,0.428286,No
Uncertain small effect,1930,1.4291,0.8,1.0,2.0,Yes,0.428286,No
Uncertain small effect,1931,-0.5388,0.8,1.0,2.0,No,0.428286,No
Uncertain small effect,1932,-1.168,0.8,1.0,2.0,Yes,0.428286,No
Uncertain small effect,1933,1.4956,0.8,1.0,2.0,Yes,0.428286,No
Uncertain small effect,1934,-0.4715,0.8,1.0,2.0,No,0.428286,No
Uncertain small effect,1935,0.9434,0.8,1.0,2.0,Yes,0.428286,No
Uncertain small effect,1936,-0.8282,0.8,1.0,2.0,Yes,0.428286,No
Uncertain small effect,1937,0.9143,0.8,1.0,2.0,Yes,0.428286,No
Uncertain small effect,1938,-0.2443,0.8,1.0,2.0,No,0.428286,No
Uncertain small effect,1939,1.2174,0.8,1.0,2.0,Yes,0.428286,No
Uncertain small effect,1940,0.6312,0.8,1.0,2.0,No,0.428286,No
Uncertain small effect,1941,1.5062,0.8,1.0,2.0,Yes,0.428286,No
Uncertain small effect,1942,-0.4049,0.8,1.0,2.0,No,0.428286,No
Uncertain small effect,1943,0.0547,0.8,1.0,2.0,No,0.428286,No
Uncertain small effect,1944,-0.3675,0.8,1.0,2.0,No,0.428286,No
Uncertain small effect,1945,0.5824,0.8,1.0,2.0,No,0.428286,No
Uncertain small effect,1946,0.2322,0.8,1.0,2.0,No,0.428286,No
Uncertain small effect,1947,2.6356,0.8,1.0,2.0,Yes,0.428286,No
Uncertain small effect,1948,0.4081,0.8,1.0,2.0,No,0.428286,No
Uncertain small effect,1949,-0.3669,0.8,1.0,2.0,No,0.428286,No
Uncertain small effect,1950,-0.217,0.8,1.0,2.0,No,0.428286,No
Uncertain small effect,1951,-0.2232,0.8,1.0,2.0,No,0.428286,No
Uncertain small effect,1952,-0.0967,0.8,1.0,2.0,No,0.428286,No
Uncertain small effect,1953,0.4275,0.8,1.0,2.0,No,0.428286,No
Uncertain small effect,1954,0.1711,0.8,1.0,2.0,No,0.428286,No
Uncertain small effect,1955,0.1926,0.8,1.0,2.0,No,0.428286,No
Uncertain small effect,1956,0.9186,0.8,1.0,2.0,Yes,0.428286,No
Uncertain small effect,1957,-1.263,0.8,1.0,2.0,Yes,0.428286,No
Uncertain small effect,1958,-0.706,0.8,1.0,2.0,No,0.428286,No
Uncertain small effect,1959,0.8443,0.8,1.0,2.0,Yes,0.428286,No
Uncertain small effect,1960,2.4399,0.8,1.0,2.0,Yes,0.428286,No
Uncertain small effect,1961,-0.2394,0.8,1.0,2.0,No,0.428286,No
Uncertain small effect,1962,0.2415,0.8,1.0,2.0,No,0.428286,No
Uncertain small effect,1963,-0.2948,0.8,1.0,2.0,No,0.428286,No
Uncertain small effect,1964,-0.0723,0.8,1.0,2.0,No,0.428286,No
Uncertain small effect,1965,-0.8971,0.8,1.0,2.0,Yes,0.428286,No
Uncertain small effect,1966,0.1756,0.8,1.0,2.0,No,0.428286,No
Uncertain small effect,1967,0.1286,0.8,1.0,2.0,No,0.428286,No
Uncertain small effect,1968,-2.5516,0.8,1.0,2.0,Yes,0.428286,No
Uncertain small effect,1969,0.7304,0.8,1.0,2.0,No,0.428286,No
Uncertain small effect,1970,-0.3578,0.8,1.0,2.0,No,0.428286,No
Uncertain small effect,1971,-1.0717,0.8,1.0,2.0,Yes,0.428286,No
Uncertain small effect,1972,0.9346,0.8,1.0,2.0,Yes,0.428286,No
Uncertain small effect,1973,1.0625,0.8,1.0,2.0,Yes,0.428286,No
Uncertain small effect,1974,-0.4319,0.8,1.0,2.0,No,0.428286,No
Uncertain small effect,1975,1.2042,0.8,1.0,2.0,Yes,0.428286,No
Uncertain small effect,1976,-0.6968,0.8,1.0,2.0,No,0.428286,No
Uncertain small effect,1977,0.4298,0.8,1.0,2.0,No,0.428286,No
Uncertain small effect,1978,1.2236,0.8,1.0,2.0,Yes,0.428286,No
Uncertain small effect,1979,-0.8935,0.8,1.0,2.0,Yes,0.428286,No
Uncertain small effect,1980,0.5587,0.8,1.0,2.0,No,0.428286,No
Uncertain small effect,1981,-1.1049,0.8,1.0,2.0,Yes,0.428286,No
Uncertain small effect,1982,0.2533,0.8,1.0,2.0,No,0.428286,No
Uncertain small effect,1983,0.18,0.8,1.0,2.0,No,0.428286,No
Uncertain small effect,1984,-0.4884,0.8,1.0,2.0,No,0.428286,No
Uncertain small effect,1985,0.8866,0.8,1.0,2.0,Yes,0.428286,No
Uncertain small effect,1986,0.0589,0.8,1.0,2.0,No,0.428286,No
Uncertain small effect,1987,-1.6973,0.8,1.0,2.0,Yes,0.428286,No
Uncertain small effect,1988,-1.1047,0.8,1.0,2.0,Yes,0.428286,No
Uncertain small effect,1989,-0.3983,0.8,1.0,2.0,No,0.428286,No
Uncertain small effect,1990,-1.8196,0.8,1.0,2.0,Yes,0.428286,No
Uncertain small effect,1991,-1.7547,0.8,1.0,2.0,Yes,0.428286,No
Uncertain small effect,1992,-0.4837,0.8,1.0,2.0,No,0.428286,No
Uncertain small effect,1993,0.5232,0.8,1.0,2.0,No,0.428286,No
Uncertain small effect,1994,0.7985,0.8,1.0,2.0,No,0.428286,No
Uncertain small effect,1995,-1.2965,0.8,1.0,2.0,Yes,0.428286,No
Uncertain small effect,1996,-1.0908,0.8,1.0,2.0,Yes,0.428286,No
Uncertain small effect,1997,-0.7438,0.8,1.0,2.0,No,0.428286,No
Uncertain small effect,1998,0.7109,0.8,1.0,2.0,No,0.428286,No
Uncertain small effect,1999,1.6329,0.8,1.0,2.0,Yes,0.428286,No
Uncertain small effect,2000,-0.932,0.8,1.0,2.0,Yes,0.428286,No
Uncertain meaningful effect,1,-0.5573,3.0,2.0,2.0,No,0.121439,Yes
Uncertain meaningful effect,2,0.7229,3.0,2.0,2.0,No,0.121439,Yes
Uncertain meaningful effect,3,-0.514,3.0,2.0,2.0,No,0.121439,Yes
Uncertain meaningful effect,4,3.6034,3.0,2.0,2.0,Yes,0.121439,Yes
Uncertain meaningful effect,5,-1.4719,3.0,2.0,2.0,No,0.121439,Yes
Uncertain meaningful effect,6,-4.8395,3.0,2.0,2.0,Yes,0.121439,Yes
Uncertain meaningful effect,7,-0.519,3.0,2.0,2.0,No,0.121439,Yes
Uncertain meaningful effect,8,0.3432,3.0,2.0,2.0,No,0.121439,Yes
Uncertain meaningful effect,9,2.2204,3.0,2.0,2.0,No,0.121439,Yes
Uncertain meaningful effect,10,2.36,3.0,2.0,2.0,No,0.121439,Yes
Uncertain meaningful effect,11,-0.2503,3.0,2.0,2.0,No,0.121439,Yes
Uncertain meaningful effect,12,-0.6714,3.0,2.0,2.0,No,0.121439,Yes
Uncertain meaningful effect,13,0.2674,3.0,2.0,2.0,No,0.121439,Yes
Uncertain meaningful effect,14,-1.9215,3.0,2.0,2.0,No,0.121439,Yes
Uncertain meaningful effect,15,-0.7635,3.0,2.0,2.0,No,0.121439,Yes
Uncertain meaningful effect,16,-0.7598,3.0,2.0,2.0,No,0.121439,Yes
Uncertain meaningful effect,17,1.9355,3.0,2.0,2.0,No,0.121439,Yes
Uncertain meaningful effect,18,-1.8254,3.0,2.0,2.0,No,0.121439,Yes
Uncertain meaningful effect,19,0.376,3.0,2.0,2.0,No,0.121439,Yes
Uncertain meaningful effect,20,-0.4805,3.0,2.0,2.0,No,0.121439,Yes
Uncertain meaningful effect,21,0.1238,3.0,2.0,2.0,No,0.121439,Yes
Uncertain meaningful effect,22,-1.9319,3.0,2.0,2.0,No,0.121439,Yes
Uncertain meaningful effect,23,1.2649,3.0,2.0,2.0,No,0.121439,Yes
Uncertain meaningful effect,24,-3.6103,3.0,2.0,2.0,Yes,0.121439,Yes
Uncertain meaningful effect,25,3.7914,3.0,2.0,2.0,Yes,0.121439,Yes
Uncertain meaningful effect,26,1.0608,3.0,2.0,2.0,No,0.121439,Yes
Uncertain meaningful effect,27,0.8766,3.0,2.0,2.0,No,0.121439,Yes
Uncertain meaningful effect,28,-1.2872,3.0,2.0,2.0,No,0.121439,Yes
Uncertain meaningful effect,29,0.5205,3.0,2.0,2.0,No,0.121439,Yes
Uncertain meaningful effect,30,-2.2624,3.0,2.0,2.0,No,0.121439,Yes
Uncertain meaningful effect,31,-1.914,3.0,2.0,2.0,No,0.121439,Yes
Uncertain meaningful effect,32,0.2653,3.0,2.0,2.0,No,0.121439,Yes
Uncertain meaningful effect,33,-1.7144,3.0,2.0,2.0,No,0.121439,Yes
Uncertain meaningful effect,34,-2.5852,3.0,2.0,2.0,No,0.121439,Yes
Uncertain meaningful effect,35,1.5874,3.0,2.0,2.0,No,0.121439,Yes
Uncertain meaningful effect,36,0.4965,3.0,2.0,2.0,No,0.121439,Yes
Uncertain meaningful effect,37,0.8791,3.0,2.0,2.0,No,0.121439,Yes
Uncertain meaningful effect,38,-4.8088,3.0,2.0,2.0,Yes,0.121439,Yes
Uncertain meaningful effect,39,3.4193,3.0,2.0,2.0,Yes,0.121439,Yes
Uncertain meaningful effect,40,1.5205,3.0,2.0,2.0,No,0.121439,Yes
Uncertain meaningful effect,41,-1.5635,3.0,2.0,2.0,No,0.121439,Yes
Uncertain meaningful effect,42,3.0239,3.0,2.0,2.0,Yes,0.121439,Yes
Uncertain meaningful effect,43,0.3214,3.0,2.0,2.0,No,0.121439,Yes
Uncertain meaningful effect,44,2.219,3.0,2.0,2.0,No,0.121439,Yes
Uncertain meaningful effect,45,0.2065,3.0,2.0,2.0,No,0.121439,Yes
Uncertain meaningful effect,46,-3.2702,3.0,2.0,2.0,Yes,0.121439,Yes
Uncertain meaningful effect,47,1.0117,3.0,2.0,2.0,No,0.121439,Yes
Uncertain meaningful effect,48,-1.5857,3.0,2.0,2.0,No,0.121439,Yes
Uncertain meaningful effect,49,0.2621,3.0,2.0,2.0,No,0.121439,Yes
Uncertain meaningful effect,50,-0.307,3.0,2.0,2.0,No,0.121439,Yes
Uncertain meaningful effect,51,3.8976,3.0,2.0,2.0,Yes,0.121439,Yes
Uncertain meaningful effect,52,-1.7091,3.0,2.0,2.0,No,0.121439,Yes
Uncertain meaningful effect,53,-1.1367,3.0,2.0,2.0,No,0.121439,Yes
Uncertain meaningful effect,54,3.906,3.0,2.0,2.0,Yes,0.121439,Yes
Uncertain meaningful effect,55,1.1256,3.0,2.0,2.0,No,0.121439,Yes
Uncertain meaningful effect,56,0.9141,3.0,2.0,2.0,No,0.121439,Yes
Uncertain meaningful effect,57,1.1894,3.0,2.0,2.0,No,0.121439,Yes
Uncertain meaningful effect,58,-0.099,3.0,2.0,2.0,No,0.121439,Yes
Uncertain meaningful effect,59,0.4048,3.0,2.0,2.0,No,0.121439,Yes
Uncertain meaningful effect,60,-0.5974,3.0,2.0,2.0,No,0.121439,Yes
Uncertain meaningful effect,61,1.1028,3.0,2.0,2.0,No,0.121439,Yes
Uncertain meaningful effect,62,2.3169,3.0,2.0,2.0,No,0.121439,Yes
Uncertain meaningful effect,63,-1.3845,3.0,2.0,2.0,No,0.121439,Yes
Uncertain meaningful effect,64,0.3426,3.0,2.0,2.0,No,0.121439,Yes
Uncertain meaningful effect,65,-0.4229,3.0,2.0,2.0,No,0.121439,Yes
Uncertain meaningful effect,66,1.6111,3.0,2.0,2.0,No,0.121439,Yes
Uncertain meaningful effect,67,0.245,3.0,2.0,2.0,No,0.121439,Yes
Uncertain meaningful effect,68,-0.6739,3.0,2.0,2.0,No,0.121439,Yes
Uncertain meaningful effect,69,3.2481,3.0,2.0,2.0,Yes,0.121439,Yes
Uncertain meaningful effect,70,-0.2856,3.0,2.0,2.0,No,0.121439,Yes
Uncertain meaningful effect,71,-2.2691,3.0,2.0,2.0,No,0.121439,Yes
Uncertain meaningful effect,72,-1.523,3.0,2.0,2.0,No,0.121439,Yes
Uncertain meaningful effect,73,-0.3516,3.0,2.0,2.0,No,0.121439,Yes
Uncertain meaningful effect,74,-3.5266,3.0,2.0,2.0,Yes,0.121439,Yes
Uncertain meaningful effect,75,-2.7447,3.0,2.0,2.0,No,0.121439,Yes
Uncertain meaningful effect,76,3.0481,3.0,2.0,2.0,Yes,0.121439,Yes
Uncertain meaningful effect,77,-0.7822,3.0,2.0,2.0,No,0.121439,Yes
Uncertain meaningful effect,78,-1.3398,3.0,2.0,2.0,No,0.121439,Yes
Uncertain meaningful effect,79,1.6907,3.0,2.0,2.0,No,0.121439,Yes
Uncertain meaningful effect,80,-1.843,3.0,2.0,2.0,No,0.121439,Yes
Uncertain meaningful effect,81,-2.221,3.0,2.0,2.0,No,0.121439,Yes
Uncertain meaningful effect,82,1.2479,3.0,2.0,2.0,No,0.121439,Yes
Uncertain meaningful effect,83,1.4852,3.0,2.0,2.0,No,0.121439,Yes
Uncertain meaningful effect,84,2.231,3.0,2.0,2.0,No,0.121439,Yes
Uncertain meaningful effect,85,0.0919,3.0,2.0,2.0,No,0.121439,Yes
Uncertain meaningful effect,86,1.5258,3.0,2.0,2.0,No,0.121439,Yes
Uncertain meaningful effect,87,1.983,3.0,2.0,2.0,No,0.121439,Yes
Uncertain meaningful effect,88,0.697,3.0,2.0,2.0,No,0.121439,Yes
Uncertain meaningful effect,89,3.3401,3.0,2.0,2.0,Yes,0.121439,Yes
Uncertain meaningful effect,90,0.0606,3.0,2.0,2.0,No,0.121439,Yes
Uncertain meaningful effect,91,-1.0927,3.0,2.0,2.0,No,0.121439,Yes
Uncertain meaningful effect,92,1.6941,3.0,2.0,2.0,No,0.121439,Yes
Uncertain meaningful effect,93,-3.4941,3.0,2.0,2.0,Yes,0.121439,Yes
Uncertain meaningful effect,94,-0.8425,3.0,2.0,2.0,No,0.121439,Yes
Uncertain meaningful effect,95,-0.5658,3.0,2.0,2.0,No,0.121439,Yes
Uncertain meaningful effect,96,1.2701,3.0,2.0,2.0,No,0.121439,Yes
Uncertain meaningful effect,97,-0.4406,3.0,2.0,2.0,No,0.121439,Yes
Uncertain meaningful effect,98,1.3817,3.0,2.0,2.0,No,0.121439,Yes
Uncertain meaningful effect,99,-1.4845,3.0,2.0,2.0,No,0.121439,Yes
Uncertain meaningful effect,100,1.5276,3.0,2.0,2.0,No,0.121439,Yes
Uncertain meaningful effect,101,0.1102,3.0,2.0,2.0,No,0.121439,Yes
Uncertain meaningful effect,102,0.739,3.0,2.0,2.0,No,0.121439,Yes
Uncertain meaningful effect,103,-3.325,3.0,2.0,2.0,Yes,0.121439,Yes
Uncertain meaningful effect,104,2.4849,3.0,2.0,2.0,No,0.121439,Yes
Uncertain meaningful effect,105,0.3019,3.0,2.0,2.0,No,0.121439,Yes
Uncertain meaningful effect,106,0.0416,3.0,2.0,2.0,No,0.121439,Yes
Uncertain meaningful effect,107,-1.2085,3.0,2.0,2.0,No,0.121439,Yes
Uncertain meaningful effect,108,-2.2333,3.0,2.0,2.0,No,0.121439,Yes
Uncertain meaningful effect,109,3.2893,3.0,2.0,2.0,Yes,0.121439,Yes
Uncertain meaningful effect,110,0.0459,3.0,2.0,2.0,No,0.121439,Yes
Uncertain meaningful effect,111,1.1043,3.0,2.0,2.0,No,0.121439,Yes
Uncertain meaningful effect,112,1.0667,3.0,2.0,2.0,No,0.121439,Yes
Uncertain meaningful effect,113,-3.3538,3.0,2.0,2.0,Yes,0.121439,Yes
Uncertain meaningful effect,114,-1.5427,3.0,2.0,2.0,No,0.121439,Yes
Uncertain meaningful effect,115,-2.5278,3.0,2.0,2.0,No,0.121439,Yes
Uncertain meaningful effect,116,-0.6282,3.0,2.0,2.0,No,0.121439,Yes
Uncertain meaningful effect,117,1.8917,3.0,2.0,2.0,No,0.121439,Yes
Uncertain meaningful effect,118,-1.6631,3.0,2.0,2.0,No,0.121439,Yes
Uncertain meaningful effect,119,0.059,3.0,2.0,2.0,No,0.121439,Yes
Uncertain meaningful effect,120,-5.3304,3.0,2.0,2.0,Yes,0.121439,Yes
Uncertain meaningful effect,121,2.3988,3.0,2.0,2.0,No,0.121439,Yes
Uncertain meaningful effect,122,3.5678,3.0,2.0,2.0,Yes,0.121439,Yes
Uncertain meaningful effect,123,-1.3245,3.0,2.0,2.0,No,0.121439,Yes
Uncertain meaningful effect,124,0.1387,3.0,2.0,2.0,No,0.121439,Yes
Uncertain meaningful effect,125,0.6471,3.0,2.0,2.0,No,0.121439,Yes
Uncertain meaningful effect,126,0.9344,3.0,2.0,2.0,No,0.121439,Yes
Uncertain meaningful effect,127,-2.9962,3.0,2.0,2.0,No,0.121439,Yes
Uncertain meaningful effect,128,-0.5943,3.0,2.0,2.0,No,0.121439,Yes
Uncertain meaningful effect,129,2.4951,3.0,2.0,2.0,No,0.121439,Yes
Uncertain meaningful effect,130,4.6165,3.0,2.0,2.0,Yes,0.121439,Yes
Uncertain meaningful effect,131,-0.2811,3.0,2.0,2.0,No,0.121439,Yes
Uncertain meaningful effect,132,1.1266,3.0,2.0,2.0,No,0.121439,Yes
Uncertain meaningful effect,133,0.8153,3.0,2.0,2.0,No,0.121439,Yes
Uncertain meaningful effect,134,-2.4782,3.0,2.0,2.0,No,0.121439,Yes
Uncertain meaningful effect,135,-0.542,3.0,2.0,2.0,No,0.121439,Yes
Uncertain meaningful effect,136,-0.501,3.0,2.0,2.0,No,0.121439,Yes
Uncertain meaningful effect,137,-1.5177,3.0,2.0,2.0,No,0.121439,Yes
Uncertain meaningful effect,138,-0.7437,3.0,2.0,2.0,No,0.121439,Yes
Uncertain meaningful effect,139,0.6446,3.0,2.0,2.0,No,0.121439,Yes
Uncertain meaningful effect,140,0.2772,3.0,2.0,2.0,No,0.121439,Yes
Uncertain meaningful effect,141,2.5542,3.0,2.0,2.0,No,0.121439,Yes
Uncertain meaningful effect,142,-0.1371,3.0,2.0,2.0,No,0.121439,Yes
Uncertain meaningful effect,143,0.9773,3.0,2.0,2.0,No,0.121439,Yes
Uncertain meaningful effect,144,-0.4497,3.0,2.0,2.0,No,0.121439,Yes
Uncertain meaningful effect,145,-4.4221,3.0,2.0,2.0,Yes,0.121439,Yes
Uncertain meaningful effect,146,3.8569,3.0,2.0,2.0,Yes,0.121439,Yes
Uncertain meaningful effect,147,0.3733,3.0,2.0,2.0,No,0.121439,Yes
Uncertain meaningful effect,148,0.6103,3.0,2.0,2.0,No,0.121439,Yes
Uncertain meaningful effect,149,3.1952,3.0,2.0,2.0,Yes,0.121439,Yes
Uncertain meaningful effect,150,-0.0099,3.0,2.0,2.0,No,0.121439,Yes
Uncertain meaningful effect,151,-1.272,3.0,2.0,2.0,No,0.121439,Yes
Uncertain meaningful effect,152,1.482,3.0,2.0,2.0,No,0.121439,Yes
Uncertain meaningful effect,153,-0.5883,3.0,2.0,2.0,No,0.121439,Yes
Uncertain meaningful effect,154,0.7586,3.0,2.0,2.0,No,0.121439,Yes
Uncertain meaningful effect,155,1.264,3.0,2.0,2.0,No,0.121439,Yes
Uncertain meaningful effect,156,-0.3784,3.0,2.0,2.0,No,0.121439,Yes
Uncertain meaningful effect,157,0.034,3.0,2.0,2.0,No,0.121439,Yes
Uncertain meaningful effect,158,-0.8843,3.0,2.0,2.0,No,0.121439,Yes
Uncertain meaningful effect,159,0.0227,3.0,2.0,2.0,No,0.121439,Yes
Uncertain meaningful effect,160,-0.1029,3.0,2.0,2.0,No,0.121439,Yes
Uncertain meaningful effect,161,2.2495,3.0,2.0,2.0,No,0.121439,Yes
Uncertain meaningful effect,162,-1.6518,3.0,2.0,2.0,No,0.121439,Yes
Uncertain meaningful effect,163,-0.7633,3.0,2.0,2.0,No,0.121439,Yes
Uncertain meaningful effect,164,0.0739,3.0,2.0,2.0,No,0.121439,Yes
Uncertain meaningful effect,165,0.8884,3.0,2.0,2.0,No,0.121439,Yes
Uncertain meaningful effect,166,-1.6273,3.0,2.0,2.0,No,0.121439,Yes
Uncertain meaningful effect,167,-0.1024,3.0,2.0,2.0,No,0.121439,Yes
Uncertain meaningful effect,168,1.6644,3.0,2.0,2.0,No,0.121439,Yes
Uncertain meaningful effect,169,1.0051,3.0,2.0,2.0,No,0.121439,Yes
Uncertain meaningful effect,170,-0.6517,3.0,2.0,2.0,No,0.121439,Yes
Uncertain meaningful effect,171,3.4914,3.0,2.0,2.0,Yes,0.121439,Yes
Uncertain meaningful effect,172,1.2816,3.0,2.0,2.0,No,0.121439,Yes
Uncertain meaningful effect,173,-1.5815,3.0,2.0,2.0,No,0.121439,Yes
Uncertain meaningful effect,174,-1.2973,3.0,2.0,2.0,No,0.121439,Yes
Uncertain meaningful effect,175,-0.2132,3.0,2.0,2.0,No,0.121439,Yes
Uncertain meaningful effect,176,-1.2988,3.0,2.0,2.0,No,0.121439,Yes
Uncertain meaningful effect,177,-1.5568,3.0,2.0,2.0,No,0.121439,Yes
Uncertain meaningful effect,178,-3.9748,3.0,2.0,2.0,Yes,0.121439,Yes
Uncertain meaningful effect,179,-0.827,3.0,2.0,2.0,No,0.121439,Yes
Uncertain meaningful effect,180,0.6703,3.0,2.0,2.0,No,0.121439,Yes
Uncertain meaningful effect,181,-2.3682,3.0,2.0,2.0,No,0.121439,Yes
Uncertain meaningful effect,182,-0.4775,3.0,2.0,2.0,No,0.121439,Yes
Uncertain meaningful effect,183,-1.946,3.0,2.0,2.0,No,0.121439,Yes
Uncertain meaningful effect,184,2.6184,3.0,2.0,2.0,No,0.121439,Yes
Uncertain meaningful effect,185,-1.3639,3.0,2.0,2.0,No,0.121439,Yes
Uncertain meaningful effect,186,0.8216,3.0,2.0,2.0,No,0.121439,Yes
Uncertain meaningful effect,187,0.8353,3.0,2.0,2.0,No,0.121439,Yes
Uncertain meaningful effect,188,-2.5952,3.0,2.0,2.0,No,0.121439,Yes
Uncertain meaningful effect,189,1.9666,3.0,2.0,2.0,No,0.121439,Yes
Uncertain meaningful effect,190,-0.9282,3.0,2.0,2.0,No,0.121439,Yes
Uncertain meaningful effect,191,1.566,3.0,2.0,2.0,No,0.121439,Yes
Uncertain meaningful effect,192,-1.4796,3.0,2.0,2.0,No,0.121439,Yes
Uncertain meaningful effect,193,0.4331,3.0,2.0,2.0,No,0.121439,Yes
Uncertain meaningful effect,194,0.8429,3.0,2.0,2.0,No,0.121439,Yes
Uncertain meaningful effect,195,0.3036,3.0,2.0,2.0,No,0.121439,Yes
Uncertain meaningful effect,196,-2.8606,3.0,2.0,2.0,No,0.121439,Yes
Uncertain meaningful effect,197,1.2352,3.0,2.0,2.0,No,0.121439,Yes
Uncertain meaningful effect,198,-0.5586,3.0,2.0,2.0,No,0.121439,Yes
Uncertain meaningful effect,199,-0.4981,3.0,2.0,2.0,No,0.121439,Yes
Uncertain meaningful effect,200,6.2112,3.0,2.0,2.0,Yes,0.121439,Yes
Uncertain meaningful effect,201,-2.9348,3.0,2.0,2.0,No,0.121439,Yes
Uncertain meaningful effect,202,-0.3459,3.0,2.0,2.0,No,0.121439,Yes
Uncertain meaningful effect,203,-2.0411,3.0,2.0,2.0,No,0.121439,Yes
Uncertain meaningful effect,204,1.5275,3.0,2.0,2.0,No,0.121439,Yes
Uncertain meaningful effect,205,-2.8827,3.0,2.0,2.0,No,0.121439,Yes
Uncertain meaningful effect,206,2.0206,3.0,2.0,2.0,No,0.121439,Yes
Uncertain meaningful effect,207,0.0694,3.0,2.0,2.0,No,0.121439,Yes
Uncertain meaningful effect,208,0.2833,3.0,2.0,2.0,No,0.121439,Yes
Uncertain meaningful effect,209,-0.1051,3.0,2.0,2.0,No,0.121439,Yes
Uncertain meaningful effect,210,-2.2968,3.0,2.0,2.0,No,0.121439,Yes
Uncertain meaningful effect,211,-0.2449,3.0,2.0,2.0,No,0.121439,Yes
Uncertain meaningful effect,212,-0.8284,3.0,2.0,2.0,No,0.121439,Yes
Uncertain meaningful effect,213,-0.3377,3.0,2.0,2.0,No,0.121439,Yes
Uncertain meaningful effect,214,1.6365,3.0,2.0,2.0,No,0.121439,Yes
Uncertain meaningful effect,215,0.6143,3.0,2.0,2.0,No,0.121439,Yes
Uncertain meaningful effect,216,2.855,3.0,2.0,2.0,No,0.121439,Yes
Uncertain meaningful effect,217,-0.7179,3.0,2.0,2.0,No,0.121439,Yes
Uncertain meaningful effect,218,-0.2056,3.0,2.0,2.0,No,0.121439,Yes
Uncertain meaningful effect,219,2.8131,3.0,2.0,2.0,No,0.121439,Yes
Uncertain meaningful effect,220,-2.6408,3.0,2.0,2.0,No,0.121439,Yes
Uncertain meaningful effect,221,0.1329,3.0,2.0,2.0,No,0.121439,Yes
Uncertain meaningful effect,222,0.3078,3.0,2.0,2.0,No,0.121439,Yes
Uncertain meaningful effect,223,0.7919,3.0,2.0,2.0,No,0.121439,Yes
Uncertain meaningful effect,224,0.0766,3.0,2.0,2.0,No,0.121439,Yes
Uncertain meaningful effect,225,-1.143,3.0,2.0,2.0,No,0.121439,Yes
Uncertain meaningful effect,226,-0.4099,3.0,2.0,2.0,No,0.121439,Yes
Uncertain meaningful effect,227,-2.8851,3.0,2.0,2.0,No,0.121439,Yes
Uncertain meaningful effect,228,-0.0178,3.0,2.0,2.0,No,0.121439,Yes
Uncertain meaningful effect,229,0.7547,3.0,2.0,2.0,No,0.121439,Yes
Uncertain meaningful effect,230,1.451,3.0,2.0,2.0,No,0.121439,Yes
Uncertain meaningful effect,231,-3.524,3.0,2.0,2.0,Yes,0.121439,Yes
Uncertain meaningful effect,232,1.2853,3.0,2.0,2.0,No,0.121439,Yes
Uncertain meaningful effect,233,-1.8797,3.0,2.0,2.0,No,0.121439,Yes
Uncertain meaningful effect,234,1.7294,3.0,2.0,2.0,No,0.121439,Yes
Uncertain meaningful effect,235,-1.5966,3.0,2.0,2.0,No,0.121439,Yes
Uncertain meaningful effect,236,0.8349,3.0,2.0,2.0,No,0.121439,Yes
Uncertain meaningful effect,237,0.0189,3.0,2.0,2.0,No,0.121439,Yes
Uncertain meaningful effect,238,1.7559,3.0,2.0,2.0,No,0.121439,Yes
Uncertain meaningful effect,239,-2.8659,3.0,2.0,2.0,No,0.121439,Yes
Uncertain meaningful effect,240,-0.388,3.0,2.0,2.0,No,0.121439,Yes
Uncertain meaningful effect,241,1.5752,3.0,2.0,2.0,No,0.121439,Yes
Uncertain meaningful effect,242,3.8523,3.0,2.0,2.0,Yes,0.121439,Yes
Uncertain meaningful effect,243,-1.893,3.0,2.0,2.0,No,0.121439,Yes
Uncertain meaningful effect,244,1.0816,3.0,2.0,2.0,No,0.121439,Yes
Uncertain meaningful effect,245,-0.6358,3.0,2.0,2.0,No,0.121439,Yes
Uncertain meaningful effect,246,-3.2848,3.0,2.0,2.0,Yes,0.121439,Yes
Uncertain meaningful effect,247,-0.0652,3.0,2.0,2.0,No,0.121439,Yes
Uncertain meaningful effect,248,0.5164,3.0,2.0,2.0,No,0.121439,Yes
Uncertain meaningful effect,249,0.9546,3.0,2.0,2.0,No,0.121439,Yes
Uncertain meaningful effect,250,0.5675,3.0,2.0,2.0,No,0.121439,Yes
Uncertain meaningful effect,251,-0.2862,3.0,2.0,2.0,No,0.121439,Yes
Uncertain meaningful effect,252,0.0085,3.0,2.0,2.0,No,0.121439,Yes
Uncertain meaningful effect,253,1.3281,3.0,2.0,2.0,No,0.121439,Yes
Uncertain meaningful effect,254,1.59,3.0,2.0,2.0,No,0.121439,Yes
Uncertain meaningful effect,255,2.3641,3.0,2.0,2.0,No,0.121439,Yes
Uncertain meaningful effect,256,-0.0382,3.0,2.0,2.0,No,0.121439,Yes
Uncertain meaningful effect,257,2.7443,3.0,2.0,2.0,No,0.121439,Yes
Uncertain meaningful effect,258,-1.0516,3.0,2.0,2.0,No,0.121439,Yes
Uncertain meaningful effect,259,4.3051,3.0,2.0,2.0,Yes,0.121439,Yes
Uncertain meaningful effect,260,0.2651,3.0,2.0,2.0,No,0.121439,Yes
Uncertain meaningful effect,261,-2.7247,3.0,2.0,2.0,No,0.121439,Yes
Uncertain meaningful effect,262,3.94,3.0,2.0,2.0,Yes,0.121439,Yes
Uncertain meaningful effect,263,2.9521,3.0,2.0,2.0,No,0.121439,Yes
Uncertain meaningful effect,264,0.2059,3.0,2.0,2.0,No,0.121439,Yes
Uncertain meaningful effect,265,1.6941,3.0,2.0,2.0,No,0.121439,Yes
Uncertain meaningful effect,266,1.6118,3.0,2.0,2.0,No,0.121439,Yes
Uncertain meaningful effect,267,-0.8776,3.0,2.0,2.0,No,0.121439,Yes
Uncertain meaningful effect,268,2.5814,3.0,2.0,2.0,No,0.121439,Yes
Uncertain meaningful effect,269,2.163,3.0,2.0,2.0,No,0.121439,Yes
Uncertain meaningful effect,270,-2.3742,3.0,2.0,2.0,No,0.121439,Yes
Uncertain meaningful effect,271,-1.1154,3.0,2.0,2.0,No,0.121439,Yes
Uncertain meaningful effect,272,-0.9635,3.0,2.0,2.0,No,0.121439,Yes
Uncertain meaningful effect,273,-1.5561,3.0,2.0,2.0,No,0.121439,Yes
Uncertain meaningful effect,274,0.2042,3.0,2.0,2.0,No,0.121439,Yes
Uncertain meaningful effect,275,-0.2865,3.0,2.0,2.0,No,0.121439,Yes
Uncertain meaningful effect,276,1.7172,3.0,2.0,2.0,No,0.121439,Yes
Uncertain meaningful effect,277,-2.9005,3.0,2.0,2.0,No,0.121439,Yes
Uncertain meaningful effect,278,-1.1356,3.0,2.0,2.0,No,0.121439,Yes
Uncertain meaningful effect,279,1.1141,3.0,2.0,2.0,No,0.121439,Yes
Uncertain meaningful effect,280,0.6467,3.0,2.0,2.0,No,0.121439,Yes
Uncertain meaningful effect,281,3.8593,3.0,2.0,2.0,Yes,0.121439,Yes
Uncertain meaningful effect,282,-3.0947,3.0,2.0,2.0,Yes,0.121439,Yes
Uncertain meaningful effect,283,1.3623,3.0,2.0,2.0,No,0.121439,Yes
Uncertain meaningful effect,284,4.2582,3.0,2.0,2.0,Yes,0.121439,Yes
Uncertain meaningful effect,285,3.0567,3.0,2.0,2.0,Yes,0.121439,Yes
Uncertain meaningful effect,286,-0.9256,3.0,2.0,2.0,No,0.121439,Yes
Uncertain meaningful effect,287,2.9995,3.0,2.0,2.0,No,0.121439,Yes
Uncertain meaningful effect,288,2.2698,3.0,2.0,2.0,No,0.121439,Yes
Uncertain meaningful effect,289,-3.385,3.0,2.0,2.0,Yes,0.121439,Yes
Uncertain meaningful effect,290,1.5593,3.0,2.0,2.0,No,0.121439,Yes
Uncertain meaningful effect,291,-0.5125,3.0,2.0,2.0,No,0.121439,Yes
Uncertain meaningful effect,292,-4.2006,3.0,2.0,2.0,Yes,0.121439,Yes
Uncertain meaningful effect,293,0.7117,3.0,2.0,2.0,No,0.121439,Yes
Uncertain meaningful effect,294,-0.8745,3.0,2.0,2.0,No,0.121439,Yes
Uncertain meaningful effect,295,1.5625,3.0,2.0,2.0,No,0.121439,Yes
Uncertain meaningful effect,296,2.3568,3.0,2.0,2.0,No,0.121439,Yes
Uncertain meaningful effect,297,1.1852,3.0,2.0,2.0,No,0.121439,Yes
Uncertain meaningful effect,298,-3.1452,3.0,2.0,2.0,Yes,0.121439,Yes
Uncertain meaningful effect,299,-0.0508,3.0,2.0,2.0,No,0.121439,Yes
Uncertain meaningful effect,300,4.6111,3.0,2.0,2.0,Yes,0.121439,Yes
Uncertain meaningful effect,301,-3.8498,3.0,2.0,2.0,Yes,0.121439,Yes
Uncertain meaningful effect,302,1.662,3.0,2.0,2.0,No,0.121439,Yes
Uncertain meaningful effect,303,-5.7213,3.0,2.0,2.0,Yes,0.121439,Yes
Uncertain meaningful effect,304,-0.2878,3.0,2.0,2.0,No,0.121439,Yes
Uncertain meaningful effect,305,1.902,3.0,2.0,2.0,No,0.121439,Yes
Uncertain meaningful effect,306,1.9757,3.0,2.0,2.0,No,0.121439,Yes
Uncertain meaningful effect,307,1.0895,3.0,2.0,2.0,No,0.121439,Yes
Uncertain meaningful effect,308,2.0876,3.0,2.0,2.0,No,0.121439,Yes
Uncertain meaningful effect,309,-2.1811,3.0,2.0,2.0,No,0.121439,Yes
Uncertain meaningful effect,310,0.7802,3.0,2.0,2.0,No,0.121439,Yes
Uncertain meaningful effect,311,2.4426,3.0,2.0,2.0,No,0.121439,Yes
Uncertain meaningful effect,312,2.7879,3.0,2.0,2.0,No,0.121439,Yes
Uncertain meaningful effect,313,3.2584,3.0,2.0,2.0,Yes,0.121439,Yes
Uncertain meaningful effect,314,1.4606,3.0,2.0,2.0,No,0.121439,Yes
Uncertain meaningful effect,315,1.3833,3.0,2.0,2.0,No,0.121439,Yes
Uncertain meaningful effect,316,-2.5171,3.0,2.0,2.0,No,0.121439,Yes
Uncertain meaningful effect,317,1.9349,3.0,2.0,2.0,No,0.121439,Yes
Uncertain meaningful effect,318,-3.055,3.0,2.0,2.0,Yes,0.121439,Yes
Uncertain meaningful effect,319,-1.9511,3.0,2.0,2.0,No,0.121439,Yes
Uncertain meaningful effect,320,-0.2364,3.0,2.0,2.0,No,0.121439,Yes
Uncertain meaningful effect,321,-0.2095,3.0,2.0,2.0,No,0.121439,Yes
Uncertain meaningful effect,322,-1.0153,3.0,2.0,2.0,No,0.121439,Yes
Uncertain meaningful effect,323,0.2405,3.0,2.0,2.0,No,0.121439,Yes
Uncertain meaningful effect,324,0.602,3.0,2.0,2.0,No,0.121439,Yes
Uncertain meaningful effect,325,-0.7353,3.0,2.0,2.0,No,0.121439,Yes
Uncertain meaningful effect,326,0.7442,3.0,2.0,2.0,No,0.121439,Yes
Uncertain meaningful effect,327,1.6087,3.0,2.0,2.0,No,0.121439,Yes
Uncertain meaningful effect,328,-1.3399,3.0,2.0,2.0,No,0.121439,Yes
Uncertain meaningful effect,329,1.0572,3.0,2.0,2.0,No,0.121439,Yes
Uncertain meaningful effect,330,-0.1884,3.0,2.0,2.0,No,0.121439,Yes
Uncertain meaningful effect,331,3.0481,3.0,2.0,2.0,Yes,0.121439,Yes
Uncertain meaningful effect,332,1.9381,3.0,2.0,2.0,No,0.121439,Yes
Uncertain meaningful effect,333,-0.1381,3.0,2.0,2.0,No,0.121439,Yes
Uncertain meaningful effect,334,0.2133,3.0,2.0,2.0,No,0.121439,Yes
Uncertain meaningful effect,335,-3.1397,3.0,2.0,2.0,Yes,0.121439,Yes
Uncertain meaningful effect,336,-1.9031,3.0,2.0,2.0,No,0.121439,Yes
Uncertain meaningful effect,337,0.5915,3.0,2.0,2.0,No,0.121439,Yes
Uncertain meaningful effect,338,3.9078,3.0,2.0,2.0,Yes,0.121439,Yes
Uncertain meaningful effect,339,1.5567,3.0,2.0,2.0,No,0.121439,Yes
Uncertain meaningful effect,340,0.1981,3.0,2.0,2.0,No,0.121439,Yes
Uncertain meaningful effect,341,0.9224,3.0,2.0,2.0,No,0.121439,Yes
Uncertain meaningful effect,342,1.4456,3.0,2.0,2.0,No,0.121439,Yes
Uncertain meaningful effect,343,0.5182,3.0,2.0,2.0,No,0.121439,Yes
Uncertain meaningful effect,344,0.866,3.0,2.0,2.0,No,0.121439,Yes
Uncertain meaningful effect,345,-1.8253,3.0,2.0,2.0,No,0.121439,Yes
Uncertain meaningful effect,346,2.4423,3.0,2.0,2.0,No,0.121439,Yes
Uncertain meaningful effect,347,1.9112,3.0,2.0,2.0,No,0.121439,Yes
Uncertain meaningful effect,348,0.4868,3.0,2.0,2.0,No,0.121439,Yes
Uncertain meaningful effect,349,0.3431,3.0,2.0,2.0,No,0.121439,Yes
Uncertain meaningful effect,350,-1.9332,3.0,2.0,2.0,No,0.121439,Yes
Uncertain meaningful effect,351,-1.6241,3.0,2.0,2.0,No,0.121439,Yes
Uncertain meaningful effect,352,0.2553,3.0,2.0,2.0,No,0.121439,Yes
Uncertain meaningful effect,353,1.7795,3.0,2.0,2.0,No,0.121439,Yes
Uncertain meaningful effect,354,-2.2347,3.0,2.0,2.0,No,0.121439,Yes
Uncertain meaningful effect,355,2.1819,3.0,2.0,2.0,No,0.121439,Yes
Uncertain meaningful effect,356,2.2052,3.0,2.0,2.0,No,0.121439,Yes
Uncertain meaningful effect,357,0.6561,3.0,2.0,2.0,No,0.121439,Yes
Uncertain meaningful effect,358,-1.9563,3.0,2.0,2.0,No,0.121439,Yes
Uncertain meaningful effect,359,4.029,3.0,2.0,2.0,Yes,0.121439,Yes
Uncertain meaningful effect,360,-1.5425,3.0,2.0,2.0,No,0.121439,Yes
Uncertain meaningful effect,361,-0.5307,3.0,2.0,2.0,No,0.121439,Yes
Uncertain meaningful effect,362,1.4573,3.0,2.0,2.0,No,0.121439,Yes
Uncertain meaningful effect,363,1.5785,3.0,2.0,2.0,No,0.121439,Yes
Uncertain meaningful effect,364,-1.0498,3.0,2.0,2.0,No,0.121439,Yes
Uncertain meaningful effect,365,1.8172,3.0,2.0,2.0,No,0.121439,Yes
Uncertain meaningful effect,366,-1.8229,3.0,2.0,2.0,No,0.121439,Yes
Uncertain meaningful effect,367,0.7898,3.0,2.0,2.0,No,0.121439,Yes
Uncertain meaningful effect,368,0.9525,3.0,2.0,2.0,No,0.121439,Yes
Uncertain meaningful effect,369,-0.5303,3.0,2.0,2.0,No,0.121439,Yes
Uncertain meaningful effect,370,2.8324,3.0,2.0,2.0,No,0.121439,Yes
Uncertain meaningful effect,371,2.0197,3.0,2.0,2.0,No,0.121439,Yes
Uncertain meaningful effect,372,0.889,3.0,2.0,2.0,No,0.121439,Yes
Uncertain meaningful effect,373,1.2042,3.0,2.0,2.0,No,0.121439,Yes
Uncertain meaningful effect,374,-1.4906,3.0,2.0,2.0,No,0.121439,Yes
Uncertain meaningful effect,375,1.3391,3.0,2.0,2.0,No,0.121439,Yes
Uncertain meaningful effect,376,2.3583,3.0,2.0,2.0,No,0.121439,Yes
Uncertain meaningful effect,377,1.6188,3.0,2.0,2.0,No,0.121439,Yes
Uncertain meaningful effect,378,1.7033,3.0,2.0,2.0,No,0.121439,Yes
Uncertain meaningful effect,379,-0.6068,3.0,2.0,2.0,No,0.121439,Yes
Uncertain meaningful effect,380,0.9821,3.0,2.0,2.0,No,0.121439,Yes
Uncertain meaningful effect,381,1.4171,3.0,2.0,2.0,No,0.121439,Yes
Uncertain meaningful effect,382,2.0339,3.0,2.0,2.0,No,0.121439,Yes
Uncertain meaningful effect,383,-0.0206,3.0,2.0,2.0,No,0.121439,Yes
Uncertain meaningful effect,384,-0.6693,3.0,2.0,2.0,No,0.121439,Yes
Uncertain meaningful effect,385,2.1341,3.0,2.0,2.0,No,0.121439,Yes
Uncertain meaningful effect,386,-2.5719,3.0,2.0,2.0,No,0.121439,Yes
Uncertain meaningful effect,387,0.6684,3.0,2.0,2.0,No,0.121439,Yes
Uncertain meaningful effect,388,-0.4429,3.0,2.0,2.0,No,0.121439,Yes
Uncertain meaningful effect,389,-0.4051,3.0,2.0,2.0,No,0.121439,Yes
Uncertain meaningful effect,390,1.4554,3.0,2.0,2.0,No,0.121439,Yes
Uncertain meaningful effect,391,-0.3927,3.0,2.0,2.0,No,0.121439,Yes
Uncertain meaningful effect,392,2.9448,3.0,2.0,2.0,No,0.121439,Yes
Uncertain meaningful effect,393,-0.1887,3.0,2.0,2.0,No,0.121439,Yes
Uncertain meaningful effect,394,-2.671,3.0,2.0,2.0,No,0.121439,Yes
Uncertain meaningful effect,395,1.5965,3.0,2.0,2.0,No,0.121439,Yes
Uncertain meaningful effect,396,3.7066,3.0,2.0,2.0,Yes,0.121439,Yes
Uncertain meaningful effect,397,2.9365,3.0,2.0,2.0,No,0.121439,Yes
Uncertain meaningful effect,398,6.3343,3.0,2.0,2.0,Yes,0.121439,Yes
Uncertain meaningful effect,399,-2.1457,3.0,2.0,2.0,No,0.121439,Yes
Uncertain meaningful effect,400,-2.6108,3.0,2.0,2.0,No,0.121439,Yes
Uncertain meaningful effect,401,0.2621,3.0,2.0,2.0,No,0.121439,Yes
Uncertain meaningful effect,402,1.4334,3.0,2.0,2.0,No,0.121439,Yes
Uncertain meaningful effect,403,0.5987,3.0,2.0,2.0,No,0.121439,Yes
Uncertain meaningful effect,404,1.2137,3.0,2.0,2.0,No,0.121439,Yes
Uncertain meaningful effect,405,-1.0068,3.0,2.0,2.0,No,0.121439,Yes
Uncertain meaningful effect,406,-1.1062,3.0,2.0,2.0,No,0.121439,Yes
Uncertain meaningful effect,407,-1.4348,3.0,2.0,2.0,No,0.121439,Yes
Uncertain meaningful effect,408,0.8416,3.0,2.0,2.0,No,0.121439,Yes
Uncertain meaningful effect,409,0.0426,3.0,2.0,2.0,No,0.121439,Yes
Uncertain meaningful effect,410,-2.6452,3.0,2.0,2.0,No,0.121439,Yes
Uncertain meaningful effect,411,2.6179,3.0,2.0,2.0,No,0.121439,Yes
Uncertain meaningful effect,412,2.6465,3.0,2.0,2.0,No,0.121439,Yes
Uncertain meaningful effect,413,1.3072,3.0,2.0,2.0,No,0.121439,Yes
Uncertain meaningful effect,414,-0.3762,3.0,2.0,2.0,No,0.121439,Yes
Uncertain meaningful effect,415,1.6714,3.0,2.0,2.0,No,0.121439,Yes
Uncertain meaningful effect,416,-1.0828,3.0,2.0,2.0,No,0.121439,Yes
Uncertain meaningful effect,417,-0.4714,3.0,2.0,2.0,No,0.121439,Yes
Uncertain meaningful effect,418,-4.0537,3.0,2.0,2.0,Yes,0.121439,Yes
Uncertain meaningful effect,419,0.8643,3.0,2.0,2.0,No,0.121439,Yes
Uncertain meaningful effect,420,-0.3058,3.0,2.0,2.0,No,0.121439,Yes
Uncertain meaningful effect,421,0.4044,3.0,2.0,2.0,No,0.121439,Yes
Uncertain meaningful effect,422,-4.2261,3.0,2.0,2.0,Yes,0.121439,Yes
Uncertain meaningful effect,423,0.2937,3.0,2.0,2.0,No,0.121439,Yes
Uncertain meaningful effect,424,3.4597,3.0,2.0,2.0,Yes,0.121439,Yes
Uncertain meaningful effect,425,0.6138,3.0,2.0,2.0,No,0.121439,Yes
Uncertain meaningful effect,426,-1.5557,3.0,2.0,2.0,No,0.121439,Yes
Uncertain meaningful effect,427,0.046,3.0,2.0,2.0,No,0.121439,Yes
Uncertain meaningful effect,428,-3.3958,3.0,2.0,2.0,Yes,0.121439,Yes
Uncertain meaningful effect,429,-0.8264,3.0,2.0,2.0,No,0.121439,Yes
Uncertain meaningful effect,430,2.6815,3.0,2.0,2.0,No,0.121439,Yes
Uncertain meaningful effect,431,-0.5178,3.0,2.0,2.0,No,0.121439,Yes
Uncertain meaningful effect,432,2.9046,3.0,2.0,2.0,No,0.121439,Yes
Uncertain meaningful effect,433,2.5131,3.0,2.0,2.0,No,0.121439,Yes
Uncertain meaningful effect,434,-3.5143,3.0,2.0,2.0,Yes,0.121439,Yes
Uncertain meaningful effect,435,-3.053,3.0,2.0,2.0,Yes,0.121439,Yes
Uncertain meaningful effect,436,-0.8148,3.0,2.0,2.0,No,0.121439,Yes
Uncertain meaningful effect,437,-3.0951,3.0,2.0,2.0,Yes,0.121439,Yes
Uncertain meaningful effect,438,-0.5373,3.0,2.0,2.0,No,0.121439,Yes
Uncertain meaningful effect,439,-0.4995,3.0,2.0,2.0,No,0.121439,Yes
Uncertain meaningful effect,440,-0.5844,3.0,2.0,2.0,No,0.121439,Yes
Uncertain meaningful effect,441,-0.1011,3.0,2.0,2.0,No,0.121439,Yes
Uncertain meaningful effect,442,-0.9469,3.0,2.0,2.0,No,0.121439,Yes
Uncertain meaningful effect,443,0.2627,3.0,2.0,2.0,No,0.121439,Yes
Uncertain meaningful effect,444,1.5412,3.0,2.0,2.0,No,0.121439,Yes
Uncertain meaningful effect,445,-1.3462,3.0,2.0,2.0,No,0.121439,Yes
Uncertain meaningful effect,446,2.4132,3.0,2.0,2.0,No,0.121439,Yes
Uncertain meaningful effect,447,-0.5612,3.0,2.0,2.0,No,0.121439,Yes
Uncertain meaningful effect,448,-1.6696,3.0,2.0,2.0,No,0.121439,Yes
Uncertain meaningful effect,449,0.9519,3.0,2.0,2.0,No,0.121439,Yes
Uncertain meaningful effect,450,1.4645,3.0,2.0,2.0,No,0.121439,Yes
Uncertain meaningful effect,451,2.115,3.0,2.0,2.0,No,0.121439,Yes
Uncertain meaningful effect,452,2.61,3.0,2.0,2.0,No,0.121439,Yes
Uncertain meaningful effect,453,-1.7843,3.0,2.0,2.0,No,0.121439,Yes
Uncertain meaningful effect,454,-1.0403,3.0,2.0,2.0,No,0.121439,Yes
Uncertain meaningful effect,455,-1.7954,3.0,2.0,2.0,No,0.121439,Yes
Uncertain meaningful effect,456,1.0397,3.0,2.0,2.0,No,0.121439,Yes
Uncertain meaningful effect,457,-1.8037,3.0,2.0,2.0,No,0.121439,Yes
Uncertain meaningful effect,458,2.3059,3.0,2.0,2.0,No,0.121439,Yes
Uncertain meaningful effect,459,-2.0788,3.0,2.0,2.0,No,0.121439,Yes
Uncertain meaningful effect,460,-3.3552,3.0,2.0,2.0,Yes,0.121439,Yes
Uncertain meaningful effect,461,0.1479,3.0,2.0,2.0,No,0.121439,Yes
Uncertain meaningful effect,462,-0.7791,3.0,2.0,2.0,No,0.121439,Yes
Uncertain meaningful effect,463,-1.4785,3.0,2.0,2.0,No,0.121439,Yes
Uncertain meaningful effect,464,0.4309,3.0,2.0,2.0,No,0.121439,Yes
Uncertain meaningful effect,465,-1.3084,3.0,2.0,2.0,No,0.121439,Yes
Uncertain meaningful effect,466,-1.6307,3.0,2.0,2.0,No,0.121439,Yes
Uncertain meaningful effect,467,1.2969,3.0,2.0,2.0,No,0.121439,Yes
Uncertain meaningful effect,468,-4.6558,3.0,2.0,2.0,Yes,0.121439,Yes
Uncertain meaningful effect,469,2.2593,3.0,2.0,2.0,No,0.121439,Yes
Uncertain meaningful effect,470,-1.4436,3.0,2.0,2.0,No,0.121439,Yes
Uncertain meaningful effect,471,1.8641,3.0,2.0,2.0,No,0.121439,Yes
Uncertain meaningful effect,472,1.7432,3.0,2.0,2.0,No,0.121439,Yes
Uncertain meaningful effect,473,1.1205,3.0,2.0,2.0,No,0.121439,Yes
Uncertain meaningful effect,474,-3.7208,3.0,2.0,2.0,Yes,0.121439,Yes
Uncertain meaningful effect,475,-0.461,3.0,2.0,2.0,No,0.121439,Yes
Uncertain meaningful effect,476,-1.2691,3.0,2.0,2.0,No,0.121439,Yes
Uncertain meaningful effect,477,0.0016,3.0,2.0,2.0,No,0.121439,Yes
Uncertain meaningful effect,478,-0.8717,3.0,2.0,2.0,No,0.121439,Yes
Uncertain meaningful effect,479,-1.7121,3.0,2.0,2.0,No,0.121439,Yes
Uncertain meaningful effect,480,2.7773,3.0,2.0,2.0,No,0.121439,Yes
Uncertain meaningful effect,481,1.7115,3.0,2.0,2.0,No,0.121439,Yes
Uncertain meaningful effect,482,-1.7127,3.0,2.0,2.0,No,0.121439,Yes
Uncertain meaningful effect,483,2.9362,3.0,2.0,2.0,No,0.121439,Yes
Uncertain meaningful effect,484,0.9697,3.0,2.0,2.0,No,0.121439,Yes
Uncertain meaningful effect,485,-0.2975,3.0,2.0,2.0,No,0.121439,Yes
Uncertain meaningful effect,486,0.9588,3.0,2.0,2.0,No,0.121439,Yes
Uncertain meaningful effect,487,-0.6429,3.0,2.0,2.0,No,0.121439,Yes
Uncertain meaningful effect,488,-2.2881,3.0,2.0,2.0,No,0.121439,Yes
Uncertain meaningful effect,489,-2.1583,3.0,2.0,2.0,No,0.121439,Yes
Uncertain meaningful effect,490,0.2166,3.0,2.0,2.0,No,0.121439,Yes
Uncertain meaningful effect,491,-2.1298,3.0,2.0,2.0,No,0.121439,Yes
Uncertain meaningful effect,492,0.7389,3.0,2.0,2.0,No,0.121439,Yes
Uncertain meaningful effect,493,-1.8584,3.0,2.0,2.0,No,0.121439,Yes
Uncertain meaningful effect,494,1.4025,3.0,2.0,2.0,No,0.121439,Yes
Uncertain meaningful effect,495,1.6174,3.0,2.0,2.0,No,0.121439,Yes
Uncertain meaningful effect,496,0.6974,3.0,2.0,2.0,No,0.121439,Yes
Uncertain meaningful effect,497,1.3122,3.0,2.0,2.0,No,0.121439,Yes
Uncertain meaningful effect,498,-5.3814,3.0,2.0,2.0,Yes,0.121439,Yes
Uncertain meaningful effect,499,-2.3908,3.0,2.0,2.0,No,0.121439,Yes
Uncertain meaningful effect,500,3.8456,3.0,2.0,2.0,Yes,0.121439,Yes
Uncertain meaningful effect,501,-0.7138,3.0,2.0,2.0,No,0.121439,Yes
Uncertain meaningful effect,502,1.6754,3.0,2.0,2.0,No,0.121439,Yes
Uncertain meaningful effect,503,2.0325,3.0,2.0,2.0,No,0.121439,Yes
Uncertain meaningful effect,504,1.2861,3.0,2.0,2.0,No,0.121439,Yes
Uncertain meaningful effect,505,-1.1412,3.0,2.0,2.0,No,0.121439,Yes
Uncertain meaningful effect,506,-1.8911,3.0,2.0,2.0,No,0.121439,Yes
Uncertain meaningful effect,507,-0.3837,3.0,2.0,2.0,No,0.121439,Yes
Uncertain meaningful effect,508,-2.0442,3.0,2.0,2.0,No,0.121439,Yes
Uncertain meaningful effect,509,-1.619,3.0,2.0,2.0,No,0.121439,Yes
Uncertain meaningful effect,510,-1.3857,3.0,2.0,2.0,No,0.121439,Yes
Uncertain meaningful effect,511,0.5503,3.0,2.0,2.0,No,0.121439,Yes
Uncertain meaningful effect,512,4.7365,3.0,2.0,2.0,Yes,0.121439,Yes
Uncertain meaningful effect,513,0.4643,3.0,2.0,2.0,No,0.121439,Yes
Uncertain meaningful effect,514,1.1378,3.0,2.0,2.0,No,0.121439,Yes
Uncertain meaningful effect,515,-3.5666,3.0,2.0,2.0,Yes,0.121439,Yes
Uncertain meaningful effect,516,-1.3673,3.0,2.0,2.0,No,0.121439,Yes
Uncertain meaningful effect,517,-0.2257,3.0,2.0,2.0,No,0.121439,Yes
Uncertain meaningful effect,518,-1.5869,3.0,2.0,2.0,No,0.121439,Yes
Uncertain meaningful effect,519,1.001,3.0,2.0,2.0,No,0.121439,Yes
Uncertain meaningful effect,520,-0.8692,3.0,2.0,2.0,No,0.121439,Yes
Uncertain meaningful effect,521,-1.65,3.0,2.0,2.0,No,0.121439,Yes
Uncertain meaningful effect,522,-0.9476,3.0,2.0,2.0,No,0.121439,Yes
Uncertain meaningful effect,523,-4.978,3.0,2.0,2.0,Yes,0.121439,Yes
Uncertain meaningful effect,524,0.793,3.0,2.0,2.0,No,0.121439,Yes
Uncertain meaningful effect,525,-1.745,3.0,2.0,2.0,No,0.121439,Yes
Uncertain meaningful effect,526,-1.168,3.0,2.0,2.0,No,0.121439,Yes
Uncertain meaningful effect,527,-2.0432,3.0,2.0,2.0,No,0.121439,Yes
Uncertain meaningful effect,528,-1.0806,3.0,2.0,2.0,No,0.121439,Yes
Uncertain meaningful effect,529,1.882,3.0,2.0,2.0,No,0.121439,Yes
Uncertain meaningful effect,530,-0.0197,3.0,2.0,2.0,No,0.121439,Yes
Uncertain meaningful effect,531,-0.0156,3.0,2.0,2.0,No,0.121439,Yes
Uncertain meaningful effect,532,-0.521,3.0,2.0,2.0,No,0.121439,Yes
Uncertain meaningful effect,533,-0.2639,3.0,2.0,2.0,No,0.121439,Yes
Uncertain meaningful effect,534,-3.789,3.0,2.0,2.0,Yes,0.121439,Yes
Uncertain meaningful effect,535,-2.6069,3.0,2.0,2.0,No,0.121439,Yes
Uncertain meaningful effect,536,0.6345,3.0,2.0,2.0,No,0.121439,Yes
Uncertain meaningful effect,537,-1.7253,3.0,2.0,2.0,No,0.121439,Yes
Uncertain meaningful effect,538,0.88,3.0,2.0,2.0,No,0.121439,Yes
Uncertain meaningful effect,539,1.2083,3.0,2.0,2.0,No,0.121439,Yes
Uncertain meaningful effect,540,-0.3969,3.0,2.0,2.0,No,0.121439,Yes
Uncertain meaningful effect,541,-1.8672,3.0,2.0,2.0,No,0.121439,Yes
Uncertain meaningful effect,542,0.7836,3.0,2.0,2.0,No,0.121439,Yes
Uncertain meaningful effect,543,-0.3825,3.0,2.0,2.0,No,0.121439,Yes
Uncertain meaningful effect,544,0.7527,3.0,2.0,2.0,No,0.121439,Yes
Uncertain meaningful effect,545,-1.0556,3.0,2.0,2.0,No,0.121439,Yes
Uncertain meaningful effect,546,4.9432,3.0,2.0,2.0,Yes,0.121439,Yes
Uncertain meaningful effect,547,1.7628,3.0,2.0,2.0,No,0.121439,Yes
Uncertain meaningful effect,548,2.0455,3.0,2.0,2.0,No,0.121439,Yes
Uncertain meaningful effect,549,-1.5398,3.0,2.0,2.0,No,0.121439,Yes
Uncertain meaningful effect,550,-1.2905,3.0,2.0,2.0,No,0.121439,Yes
Uncertain meaningful effect,551,-0.0233,3.0,2.0,2.0,No,0.121439,Yes
Uncertain meaningful effect,552,-2.1471,3.0,2.0,2.0,No,0.121439,Yes
Uncertain meaningful effect,553,0.1822,3.0,2.0,2.0,No,0.121439,Yes
Uncertain meaningful effect,554,-2.1955,3.0,2.0,2.0,No,0.121439,Yes
Uncertain meaningful effect,555,1.7994,3.0,2.0,2.0,No,0.121439,Yes
Uncertain meaningful effect,556,0.9432,3.0,2.0,2.0,No,0.121439,Yes
Uncertain meaningful effect,557,-1.5997,3.0,2.0,2.0,No,0.121439,Yes
Uncertain meaningful effect,558,0.6455,3.0,2.0,2.0,No,0.121439,Yes
Uncertain meaningful effect,559,3.4801,3.0,2.0,2.0,Yes,0.121439,Yes
Uncertain meaningful effect,560,0.873,3.0,2.0,2.0,No,0.121439,Yes
Uncertain meaningful effect,561,-4.3779,3.0,2.0,2.0,Yes,0.121439,Yes
Uncertain meaningful effect,562,0.578,3.0,2.0,2.0,No,0.121439,Yes
Uncertain meaningful effect,563,1.2151,3.0,2.0,2.0,No,0.121439,Yes
Uncertain meaningful effect,564,0.7366,3.0,2.0,2.0,No,0.121439,Yes
Uncertain meaningful effect,565,1.9869,3.0,2.0,2.0,No,0.121439,Yes
Uncertain meaningful effect,566,0.6361,3.0,2.0,2.0,No,0.121439,Yes
Uncertain meaningful effect,567,1.6513,3.0,2.0,2.0,No,0.121439,Yes
Uncertain meaningful effect,568,-1.8317,3.0,2.0,2.0,No,0.121439,Yes
Uncertain meaningful effect,569,0.9899,3.0,2.0,2.0,No,0.121439,Yes
Uncertain meaningful effect,570,-2.7041,3.0,2.0,2.0,No,0.121439,Yes
Uncertain meaningful effect,571,0.7645,3.0,2.0,2.0,No,0.121439,Yes
Uncertain meaningful effect,572,-1.7974,3.0,2.0,2.0,No,0.121439,Yes
Uncertain meaningful effect,573,-2.4478,3.0,2.0,2.0,No,0.121439,Yes
Uncertain meaningful effect,574,-3.3918,3.0,2.0,2.0,Yes,0.121439,Yes
Uncertain meaningful effect,575,-1.7774,3.0,2.0,2.0,No,0.121439,Yes
Uncertain meaningful effect,576,3.4821,3.0,2.0,2.0,Yes,0.121439,Yes
Uncertain meaningful effect,577,-1.3748,3.0,2.0,2.0,No,0.121439,Yes
Uncertain meaningful effect,578,2.2177,3.0,2.0,2.0,No,0.121439,Yes
Uncertain meaningful effect,579,-0.9466,3.0,2.0,2.0,No,0.121439,Yes
Uncertain meaningful effect,580,-1.482,3.0,2.0,2.0,No,0.121439,Yes
Uncertain meaningful effect,581,-1.7966,3.0,2.0,2.0,No,0.121439,Yes
Uncertain meaningful effect,582,3.1062,3.0,2.0,2.0,Yes,0.121439,Yes
Uncertain meaningful effect,583,1.7339,3.0,2.0,2.0,No,0.121439,Yes
Uncertain meaningful effect,584,-0.7609,3.0,2.0,2.0,No,0.121439,Yes
Uncertain meaningful effect,585,-1.1007,3.0,2.0,2.0,No,0.121439,Yes
Uncertain meaningful effect,586,-3.5309,3.0,2.0,2.0,Yes,0.121439,Yes
Uncertain meaningful effect,587,-2.6387,3.0,2.0,2.0,No,0.121439,Yes
Uncertain meaningful effect,588,0.8073,3.0,2.0,2.0,No,0.121439,Yes
Uncertain meaningful effect,589,0.3424,3.0,2.0,2.0,No,0.121439,Yes
Uncertain meaningful effect,590,-1.4019,3.0,2.0,2.0,No,0.121439,Yes
Uncertain meaningful effect,591,-1.6922,3.0,2.0,2.0,No,0.121439,Yes
Uncertain meaningful effect,592,3.4442,3.0,2.0,2.0,Yes,0.121439,Yes
Uncertain meaningful effect,593,-0.7334,3.0,2.0,2.0,No,0.121439,Yes
Uncertain meaningful effect,594,-0.6391,3.0,2.0,2.0,No,0.121439,Yes
Uncertain meaningful effect,595,0.3305,3.0,2.0,2.0,No,0.121439,Yes
Uncertain meaningful effect,596,-1.8126,3.0,2.0,2.0,No,0.121439,Yes
Uncertain meaningful effect,597,-0.2935,3.0,2.0,2.0,No,0.121439,Yes
Uncertain meaningful effect,598,-2.3966,3.0,2.0,2.0,No,0.121439,Yes
Uncertain meaningful effect,599,0.8003,3.0,2.0,2.0,No,0.121439,Yes
Uncertain meaningful effect,600,1.9687,3.0,2.0,2.0,No,0.121439,Yes
Uncertain meaningful effect,601,-1.5853,3.0,2.0,2.0,No,0.121439,Yes
Uncertain meaningful effect,602,1.8708,3.0,2.0,2.0,No,0.121439,Yes
Uncertain meaningful effect,603,-0.5456,3.0,2.0,2.0,No,0.121439,Yes
Uncertain meaningful effect,604,0.0233,3.0,2.0,2.0,No,0.121439,Yes
Uncertain meaningful effect,605,2.7059,3.0,2.0,2.0,No,0.121439,Yes
Uncertain meaningful effect,606,-0.1187,3.0,2.0,2.0,No,0.121439,Yes
Uncertain meaningful effect,607,1.5139,3.0,2.0,2.0,No,0.121439,Yes
Uncertain meaningful effect,608,0.1833,3.0,2.0,2.0,No,0.121439,Yes
Uncertain meaningful effect,609,0.3671,3.0,2.0,2.0,No,0.121439,Yes
Uncertain meaningful effect,610,2.8625,3.0,2.0,2.0,No,0.121439,Yes
Uncertain meaningful effect,611,-3.718,3.0,2.0,2.0,Yes,0.121439,Yes
Uncertain meaningful effect,612,-5.8011,3.0,2.0,2.0,Yes,0.121439,Yes
Uncertain meaningful effect,613,2.1858,3.0,2.0,2.0,No,0.121439,Yes
Uncertain meaningful effect,614,1.514,3.0,2.0,2.0,No,0.121439,Yes
Uncertain meaningful effect,615,0.3863,3.0,2.0,2.0,No,0.121439,Yes
Uncertain meaningful effect,616,-0.1739,3.0,2.0,2.0,No,0.121439,Yes
Uncertain meaningful effect,617,0.1644,3.0,2.0,2.0,No,0.121439,Yes
Uncertain meaningful effect,618,3.0604,3.0,2.0,2.0,Yes,0.121439,Yes
Uncertain meaningful effect,619,-0.1296,3.0,2.0,2.0,No,0.121439,Yes
Uncertain meaningful effect,620,-0.4729,3.0,2.0,2.0,No,0.121439,Yes
Uncertain meaningful effect,621,-0.014,3.0,2.0,2.0,No,0.121439,Yes
Uncertain meaningful effect,622,-0.1047,3.0,2.0,2.0,No,0.121439,Yes
Uncertain meaningful effect,623,1.6122,3.0,2.0,2.0,No,0.121439,Yes
Uncertain meaningful effect,624,1.1548,3.0,2.0,2.0,No,0.121439,Yes
Uncertain meaningful effect,625,1.7453,3.0,2.0,2.0,No,0.121439,Yes
Uncertain meaningful effect,626,-0.234,3.0,2.0,2.0,No,0.121439,Yes
Uncertain meaningful effect,627,0.8702,3.0,2.0,2.0,No,0.121439,Yes
Uncertain meaningful effect,628,1.5941,3.0,2.0,2.0,No,0.121439,Yes
Uncertain meaningful effect,629,0.5336,3.0,2.0,2.0,No,0.121439,Yes
Uncertain meaningful effect,630,-1.6139,3.0,2.0,2.0,No,0.121439,Yes
Uncertain meaningful effect,631,1.5802,3.0,2.0,2.0,No,0.121439,Yes
Uncertain meaningful effect,632,-2.3296,3.0,2.0,2.0,No,0.121439,Yes
Uncertain meaningful effect,633,-3.8013,3.0,2.0,2.0,Yes,0.121439,Yes
Uncertain meaningful effect,634,-1.9718,3.0,2.0,2.0,No,0.121439,Yes
Uncertain meaningful effect,635,0.5676,3.0,2.0,2.0,No,0.121439,Yes
Uncertain meaningful effect,636,1.151,3.0,2.0,2.0,No,0.121439,Yes
Uncertain meaningful effect,637,-0.567,3.0,2.0,2.0,No,0.121439,Yes
Uncertain meaningful effect,638,-6.5915,3.0,2.0,2.0,Yes,0.121439,Yes
Uncertain meaningful effect,639,-2.7026,3.0,2.0,2.0,No,0.121439,Yes
Uncertain meaningful effect,640,0.918,3.0,2.0,2.0,No,0.121439,Yes
Uncertain meaningful effect,641,-2.5411,3.0,2.0,2.0,No,0.121439,Yes
Uncertain meaningful effect,642,-1.8586,3.0,2.0,2.0,No,0.121439,Yes
Uncertain meaningful effect,643,0.9078,3.0,2.0,2.0,No,0.121439,Yes
Uncertain meaningful effect,644,-1.5152,3.0,2.0,2.0,No,0.121439,Yes
Uncertain meaningful effect,645,-1.7896,3.0,2.0,2.0,No,0.121439,Yes
Uncertain meaningful effect,646,0.1826,3.0,2.0,2.0,No,0.121439,Yes
Uncertain meaningful effect,647,3.5087,3.0,2.0,2.0,Yes,0.121439,Yes
Uncertain meaningful effect,648,-0.0383,3.0,2.0,2.0,No,0.121439,Yes
Uncertain meaningful effect,649,-0.7508,3.0,2.0,2.0,No,0.121439,Yes
Uncertain meaningful effect,650,-0.0973,3.0,2.0,2.0,No,0.121439,Yes
Uncertain meaningful effect,651,-1.5971,3.0,2.0,2.0,No,0.121439,Yes
Uncertain meaningful effect,652,-1.9803,3.0,2.0,2.0,No,0.121439,Yes
Uncertain meaningful effect,653,-0.2487,3.0,2.0,2.0,No,0.121439,Yes
Uncertain meaningful effect,654,-0.6429,3.0,2.0,2.0,No,0.121439,Yes
Uncertain meaningful effect,655,4.8812,3.0,2.0,2.0,Yes,0.121439,Yes
Uncertain meaningful effect,656,-1.0252,3.0,2.0,2.0,No,0.121439,Yes
Uncertain meaningful effect,657,-0.2436,3.0,2.0,2.0,No,0.121439,Yes
Uncertain meaningful effect,658,2.0931,3.0,2.0,2.0,No,0.121439,Yes
Uncertain meaningful effect,659,0.8695,3.0,2.0,2.0,No,0.121439,Yes
Uncertain meaningful effect,660,6.4666,3.0,2.0,2.0,Yes,0.121439,Yes
Uncertain meaningful effect,661,-0.2219,3.0,2.0,2.0,No,0.121439,Yes
Uncertain meaningful effect,662,-0.2692,3.0,2.0,2.0,No,0.121439,Yes
Uncertain meaningful effect,663,-0.8206,3.0,2.0,2.0,No,0.121439,Yes
Uncertain meaningful effect,664,1.6656,3.0,2.0,2.0,No,0.121439,Yes
Uncertain meaningful effect,665,0.997,3.0,2.0,2.0,No,0.121439,Yes
Uncertain meaningful effect,666,1.042,3.0,2.0,2.0,No,0.121439,Yes
Uncertain meaningful effect,667,-1.8196,3.0,2.0,2.0,No,0.121439,Yes
Uncertain meaningful effect,668,-2.4832,3.0,2.0,2.0,No,0.121439,Yes
Uncertain meaningful effect,669,0.153,3.0,2.0,2.0,No,0.121439,Yes
Uncertain meaningful effect,670,-2.4186,3.0,2.0,2.0,No,0.121439,Yes
Uncertain meaningful effect,671,3.2838,3.0,2.0,2.0,Yes,0.121439,Yes
Uncertain meaningful effect,672,1.9151,3.0,2.0,2.0,No,0.121439,Yes
Uncertain meaningful effect,673,-1.5005,3.0,2.0,2.0,No,0.121439,Yes
Uncertain meaningful effect,674,-0.8974,3.0,2.0,2.0,No,0.121439,Yes
Uncertain meaningful effect,675,5.0325,3.0,2.0,2.0,Yes,0.121439,Yes
Uncertain meaningful effect,676,-2.1182,3.0,2.0,2.0,No,0.121439,Yes
Uncertain meaningful effect,677,4.6469,3.0,2.0,2.0,Yes,0.121439,Yes
Uncertain meaningful effect,678,-0.8549,3.0,2.0,2.0,No,0.121439,Yes
Uncertain meaningful effect,679,-0.608,3.0,2.0,2.0,No,0.121439,Yes
Uncertain meaningful effect,680,-0.6013,3.0,2.0,2.0,No,0.121439,Yes
Uncertain meaningful effect,681,-1.068,3.0,2.0,2.0,No,0.121439,Yes
Uncertain meaningful effect,682,1.264,3.0,2.0,2.0,No,0.121439,Yes
Uncertain meaningful effect,683,1.019,3.0,2.0,2.0,No,0.121439,Yes
Uncertain meaningful effect,684,0.938,3.0,2.0,2.0,No,0.121439,Yes
Uncertain meaningful effect,685,2.8038,3.0,2.0,2.0,No,0.121439,Yes
Uncertain meaningful effect,686,-0.0759,3.0,2.0,2.0,No,0.121439,Yes
Uncertain meaningful effect,687,4.1518,3.0,2.0,2.0,Yes,0.121439,Yes
Uncertain meaningful effect,688,-0.0887,3.0,2.0,2.0,No,0.121439,Yes
Uncertain meaningful effect,689,-7.6223,3.0,2.0,2.0,Yes,0.121439,Yes
Uncertain meaningful effect,690,2.2819,3.0,2.0,2.0,No,0.121439,Yes
Uncertain meaningful effect,691,-1.7081,3.0,2.0,2.0,No,0.121439,Yes
Uncertain meaningful effect,692,-2.3067,3.0,2.0,2.0,No,0.121439,Yes
Uncertain meaningful effect,693,0.6911,3.0,2.0,2.0,No,0.121439,Yes
Uncertain meaningful effect,694,1.9301,3.0,2.0,2.0,No,0.121439,Yes
Uncertain meaningful effect,695,-2.1686,3.0,2.0,2.0,No,0.121439,Yes
Uncertain meaningful effect,696,-2.993,3.0,2.0,2.0,No,0.121439,Yes
Uncertain meaningful effect,697,0.2083,3.0,2.0,2.0,No,0.121439,Yes
Uncertain meaningful effect,698,0.6926,3.0,2.0,2.0,No,0.121439,Yes
Uncertain meaningful effect,699,-1.0455,3.0,2.0,2.0,No,0.121439,Yes
Uncertain meaningful effect,700,0.8538,3.0,2.0,2.0,No,0.121439,Yes
Uncertain meaningful effect,701,-2.5609,3.0,2.0,2.0,No,0.121439,Yes
Uncertain meaningful effect,702,0.679,3.0,2.0,2.0,No,0.121439,Yes
Uncertain meaningful effect,703,0.3821,3.0,2.0,2.0,No,0.121439,Yes
Uncertain meaningful effect,704,-5.6421,3.0,2.0,2.0,Yes,0.121439,Yes
Uncertain meaningful effect,705,-2.0967,3.0,2.0,2.0,No,0.121439,Yes
Uncertain meaningful effect,706,2.3067,3.0,2.0,2.0,No,0.121439,Yes
Uncertain meaningful effect,707,-1.6188,3.0,2.0,2.0,No,0.121439,Yes
Uncertain meaningful effect,708,-0.979,3.0,2.0,2.0,No,0.121439,Yes
Uncertain meaningful effect,709,2.9481,3.0,2.0,2.0,No,0.121439,Yes
Uncertain meaningful effect,710,-1.0372,3.0,2.0,2.0,No,0.121439,Yes
Uncertain meaningful effect,711,3.8406,3.0,2.0,2.0,Yes,0.121439,Yes
Uncertain meaningful effect,712,-1.503,3.0,2.0,2.0,No,0.121439,Yes
Uncertain meaningful effect,713,-0.122,3.0,2.0,2.0,No,0.121439,Yes
Uncertain meaningful effect,714,-4.3474,3.0,2.0,2.0,Yes,0.121439,Yes
Uncertain meaningful effect,715,-0.5313,3.0,2.0,2.0,No,0.121439,Yes
Uncertain meaningful effect,716,-0.1297,3.0,2.0,2.0,No,0.121439,Yes
Uncertain meaningful effect,717,0.0353,3.0,2.0,2.0,No,0.121439,Yes
Uncertain meaningful effect,718,-2.8992,3.0,2.0,2.0,No,0.121439,Yes
Uncertain meaningful effect,719,-0.647,3.0,2.0,2.0,No,0.121439,Yes
Uncertain meaningful effect,720,-1.1335,3.0,2.0,2.0,No,0.121439,Yes
Uncertain meaningful effect,721,-3.8779,3.0,2.0,2.0,Yes,0.121439,Yes
Uncertain meaningful effect,722,1.1688,3.0,2.0,2.0,No,0.121439,Yes
Uncertain meaningful effect,723,-2.3552,3.0,2.0,2.0,No,0.121439,Yes
Uncertain meaningful effect,724,2.4949,3.0,2.0,2.0,No,0.121439,Yes
Uncertain meaningful effect,725,-0.2275,3.0,2.0,2.0,No,0.121439,Yes
Uncertain meaningful effect,726,1.537,3.0,2.0,2.0,No,0.121439,Yes
Uncertain meaningful effect,727,-0.3367,3.0,2.0,2.0,No,0.121439,Yes
Uncertain meaningful effect,728,1.4569,3.0,2.0,2.0,No,0.121439,Yes
Uncertain meaningful effect,729,-1.5106,3.0,2.0,2.0,No,0.121439,Yes
Uncertain meaningful effect,730,1.5448,3.0,2.0,2.0,No,0.121439,Yes
Uncertain meaningful effect,731,-2.2039,3.0,2.0,2.0,No,0.121439,Yes
Uncertain meaningful effect,732,2.4928,3.0,2.0,2.0,No,0.121439,Yes
Uncertain meaningful effect,733,-0.7715,3.0,2.0,2.0,No,0.121439,Yes
Uncertain meaningful effect,734,1.5855,3.0,2.0,2.0,No,0.121439,Yes
Uncertain meaningful effect,735,1.3341,3.0,2.0,2.0,No,0.121439,Yes
Uncertain meaningful effect,736,4.4694,3.0,2.0,2.0,Yes,0.121439,Yes
Uncertain meaningful effect,737,-0.2889,3.0,2.0,2.0,No,0.121439,Yes
Uncertain meaningful effect,738,1.0601,3.0,2.0,2.0,No,0.121439,Yes
Uncertain meaningful effect,739,-1.2323,3.0,2.0,2.0,No,0.121439,Yes
Uncertain meaningful effect,740,-0.4683,3.0,2.0,2.0,No,0.121439,Yes
Uncertain meaningful effect,741,-0.133,3.0,2.0,2.0,No,0.121439,Yes
Uncertain meaningful effect,742,-1.2271,3.0,2.0,2.0,No,0.121439,Yes
Uncertain meaningful effect,743,1.1101,3.0,2.0,2.0,No,0.121439,Yes
Uncertain meaningful effect,744,-1.2823,3.0,2.0,2.0,No,0.121439,Yes
Uncertain meaningful effect,745,-2.4255,3.0,2.0,2.0,No,0.121439,Yes
Uncertain meaningful effect,746,-4.0747,3.0,2.0,2.0,Yes,0.121439,Yes
Uncertain meaningful effect,747,1.2577,3.0,2.0,2.0,No,0.121439,Yes
Uncertain meaningful effect,748,-1.6975,3.0,2.0,2.0,No,0.121439,Yes
Uncertain meaningful effect,749,3.1844,3.0,2.0,2.0,Yes,0.121439,Yes
Uncertain meaningful effect,750,-0.1156,3.0,2.0,2.0,No,0.121439,Yes
Uncertain meaningful effect,751,-0.6305,3.0,2.0,2.0,No,0.121439,Yes
Uncertain meaningful effect,752,1.0257,3.0,2.0,2.0,No,0.121439,Yes
Uncertain meaningful effect,753,-1.4075,3.0,2.0,2.0,No,0.121439,Yes
Uncertain meaningful effect,754,-0.5489,3.0,2.0,2.0,No,0.121439,Yes
Uncertain meaningful effect,755,2.2962,3.0,2.0,2.0,No,0.121439,Yes
Uncertain meaningful effect,756,1.1923,3.0,2.0,2.0,No,0.121439,Yes
Uncertain meaningful effect,757,-1.263,3.0,2.0,2.0,No,0.121439,Yes
Uncertain meaningful effect,758,-2.5601,3.0,2.0,2.0,No,0.121439,Yes
Uncertain meaningful effect,759,1.2796,3.0,2.0,2.0,No,0.121439,Yes
Uncertain meaningful effect,760,3.4836,3.0,2.0,2.0,Yes,0.121439,Yes
Uncertain meaningful effect,761,-1.5653,3.0,2.0,2.0,No,0.121439,Yes
Uncertain meaningful effect,762,-1.8486,3.0,2.0,2.0,No,0.121439,Yes
Uncertain meaningful effect,763,-0.1987,3.0,2.0,2.0,No,0.121439,Yes
Uncertain meaningful effect,764,-1.0453,3.0,2.0,2.0,No,0.121439,Yes
Uncertain meaningful effect,765,-5.4862,3.0,2.0,2.0,Yes,0.121439,Yes
Uncertain meaningful effect,766,-2.0629,3.0,2.0,2.0,No,0.121439,Yes
Uncertain meaningful effect,767,-3.5774,3.0,2.0,2.0,Yes,0.121439,Yes
Uncertain meaningful effect,768,-2.152,3.0,2.0,2.0,No,0.121439,Yes
Uncertain meaningful effect,769,0.9308,3.0,2.0,2.0,No,0.121439,Yes
Uncertain meaningful effect,770,-1.0117,3.0,2.0,2.0,No,0.121439,Yes
Uncertain meaningful effect,771,-0.1088,3.0,2.0,2.0,No,0.121439,Yes
Uncertain meaningful effect,772,-1.6222,3.0,2.0,2.0,No,0.121439,Yes
Uncertain meaningful effect,773,1.4293,3.0,2.0,2.0,No,0.121439,Yes
Uncertain meaningful effect,774,-1.8278,3.0,2.0,2.0,No,0.121439,Yes
Uncertain meaningful effect,775,0.529,3.0,2.0,2.0,No,0.121439,Yes
Uncertain meaningful effect,776,-0.6839,3.0,2.0,2.0,No,0.121439,Yes
Uncertain meaningful effect,777,0.5203,3.0,2.0,2.0,No,0.121439,Yes
Uncertain meaningful effect,778,-0.4358,3.0,2.0,2.0,No,0.121439,Yes
Uncertain meaningful effect,779,1.5703,3.0,2.0,2.0,No,0.121439,Yes
Uncertain meaningful effect,780,0.2713,3.0,2.0,2.0,No,0.121439,Yes
Uncertain meaningful effect,781,0.0066,3.0,2.0,2.0,No,0.121439,Yes
Uncertain meaningful effect,782,1.2963,3.0,2.0,2.0,No,0.121439,Yes
Uncertain meaningful effect,783,5.0414,3.0,2.0,2.0,Yes,0.121439,Yes
Uncertain meaningful effect,784,-1.5484,3.0,2.0,2.0,No,0.121439,Yes
Uncertain meaningful effect,785,-2.2079,3.0,2.0,2.0,No,0.121439,Yes
Uncertain meaningful effect,786,-0.8456,3.0,2.0,2.0,No,0.121439,Yes
Uncertain meaningful effect,787,0.8921,3.0,2.0,2.0,No,0.121439,Yes
Uncertain meaningful effect,788,0.3026,3.0,2.0,2.0,No,0.121439,Yes
Uncertain meaningful effect,789,0.7192,3.0,2.0,2.0,No,0.121439,Yes
Uncertain meaningful effect,790,1.0223,3.0,2.0,2.0,No,0.121439,Yes
Uncertain meaningful effect,791,2.5267,3.0,2.0,2.0,No,0.121439,Yes
Uncertain meaningful effect,792,-1.6476,3.0,2.0,2.0,No,0.121439,Yes
Uncertain meaningful effect,793,-0.4447,3.0,2.0,2.0,No,0.121439,Yes
Uncertain meaningful effect,794,0.7488,3.0,2.0,2.0,No,0.121439,Yes
Uncertain meaningful effect,795,-2.9321,3.0,2.0,2.0,No,0.121439,Yes
Uncertain meaningful effect,796,2.5499,3.0,2.0,2.0,No,0.121439,Yes
Uncertain meaningful effect,797,3.9942,3.0,2.0,2.0,Yes,0.121439,Yes
Uncertain meaningful effect,798,-1.5741,3.0,2.0,2.0,No,0.121439,Yes
Uncertain meaningful effect,799,1.2045,3.0,2.0,2.0,No,0.121439,Yes
Uncertain meaningful effect,800,0.865,3.0,2.0,2.0,No,0.121439,Yes
Uncertain meaningful effect,801,1.5008,3.0,2.0,2.0,No,0.121439,Yes
Uncertain meaningful effect,802,1.3078,3.0,2.0,2.0,No,0.121439,Yes
Uncertain meaningful effect,803,-2.3395,3.0,2.0,2.0,No,0.121439,Yes
Uncertain meaningful effect,804,-2.1739,3.0,2.0,2.0,No,0.121439,Yes
Uncertain meaningful effect,805,-3.1194,3.0,2.0,2.0,Yes,0.121439,Yes
Uncertain meaningful effect,806,1.0992,3.0,2.0,2.0,No,0.121439,Yes
Uncertain meaningful effect,807,0.7633,3.0,2.0,2.0,No,0.121439,Yes
Uncertain meaningful effect,808,1.5516,3.0,2.0,2.0,No,0.121439,Yes
Uncertain meaningful effect,809,-0.0129,3.0,2.0,2.0,No,0.121439,Yes
Uncertain meaningful effect,810,-1.1549,3.0,2.0,2.0,No,0.121439,Yes
Uncertain meaningful effect,811,3.1912,3.0,2.0,2.0,Yes,0.121439,Yes
Uncertain meaningful effect,812,1.7731,3.0,2.0,2.0,No,0.121439,Yes
Uncertain meaningful effect,813,-0.6028,3.0,2.0,2.0,No,0.121439,Yes
Uncertain meaningful effect,814,2.3921,3.0,2.0,2.0,No,0.121439,Yes
Uncertain meaningful effect,815,0.6817,3.0,2.0,2.0,No,0.121439,Yes
Uncertain meaningful effect,816,1.412,3.0,2.0,2.0,No,0.121439,Yes
Uncertain meaningful effect,817,1.7031,3.0,2.0,2.0,No,0.121439,Yes
Uncertain meaningful effect,818,2.7587,3.0,2.0,2.0,No,0.121439,Yes
Uncertain meaningful effect,819,-0.8484,3.0,2.0,2.0,No,0.121439,Yes
Uncertain meaningful effect,820,2.7355,3.0,2.0,2.0,No,0.121439,Yes
Uncertain meaningful effect,821,-1.9997,3.0,2.0,2.0,No,0.121439,Yes
Uncertain meaningful effect,822,1.6037,3.0,2.0,2.0,No,0.121439,Yes
Uncertain meaningful effect,823,0.3926,3.0,2.0,2.0,No,0.121439,Yes
Uncertain meaningful effect,824,-0.3026,3.0,2.0,2.0,No,0.121439,Yes
Uncertain meaningful effect,825,3.5394,3.0,2.0,2.0,Yes,0.121439,Yes
Uncertain meaningful effect,826,-0.1365,3.0,2.0,2.0,No,0.121439,Yes
Uncertain meaningful effect,827,2.426,3.0,2.0,2.0,No,0.121439,Yes
Uncertain meaningful effect,828,2.418,3.0,2.0,2.0,No,0.121439,Yes
Uncertain meaningful effect,829,-2.7576,3.0,2.0,2.0,No,0.121439,Yes
Uncertain meaningful effect,830,-0.4425,3.0,2.0,2.0,No,0.121439,Yes
Uncertain meaningful effect,831,0.1382,3.0,2.0,2.0,No,0.121439,Yes
Uncertain meaningful effect,832,0.9659,3.0,2.0,2.0,No,0.121439,Yes
Uncertain meaningful effect,833,3.1742,3.0,2.0,2.0,Yes,0.121439,Yes
Uncertain meaningful effect,834,-0.4622,3.0,2.0,2.0,No,0.121439,Yes
Uncertain meaningful effect,835,1.4235,3.0,2.0,2.0,No,0.121439,Yes
Uncertain meaningful effect,836,1.9966,3.0,2.0,2.0,No,0.121439,Yes
Uncertain meaningful effect,837,2.5417,3.0,2.0,2.0,No,0.121439,Yes
Uncertain meaningful effect,838,-1.3317,3.0,2.0,2.0,No,0.121439,Yes
Uncertain meaningful effect,839,-0.2329,3.0,2.0,2.0,No,0.121439,Yes
Uncertain meaningful effect,840,-0.3755,3.0,2.0,2.0,No,0.121439,Yes
Uncertain meaningful effect,841,1.1158,3.0,2.0,2.0,No,0.121439,Yes
Uncertain meaningful effect,842,0.9306,3.0,2.0,2.0,No,0.121439,Yes
Uncertain meaningful effect,843,2.7946,3.0,2.0,2.0,No,0.121439,Yes
Uncertain meaningful effect,844,-3.0502,3.0,2.0,2.0,Yes,0.121439,Yes
Uncertain meaningful effect,845,0.063,3.0,2.0,2.0,No,0.121439,Yes
Uncertain meaningful effect,846,-1.7183,3.0,2.0,2.0,No,0.121439,Yes
Uncertain meaningful effect,847,-0.0968,3.0,2.0,2.0,No,0.121439,Yes
Uncertain meaningful effect,848,-2.9651,3.0,2.0,2.0,No,0.121439,Yes
Uncertain meaningful effect,849,0.0795,3.0,2.0,2.0,No,0.121439,Yes
Uncertain meaningful effect,850,0.0988,3.0,2.0,2.0,No,0.121439,Yes
Uncertain meaningful effect,851,-1.7348,3.0,2.0,2.0,No,0.121439,Yes
Uncertain meaningful effect,852,0.141,3.0,2.0,2.0,No,0.121439,Yes
Uncertain meaningful effect,853,2.2606,3.0,2.0,2.0,No,0.121439,Yes
Uncertain meaningful effect,854,-1.6815,3.0,2.0,2.0,No,0.121439,Yes
Uncertain meaningful effect,855,-2.9686,3.0,2.0,2.0,No,0.121439,Yes
Uncertain meaningful effect,856,-0.6177,3.0,2.0,2.0,No,0.121439,Yes
Uncertain meaningful effect,857,-2.7964,3.0,2.0,2.0,No,0.121439,Yes
Uncertain meaningful effect,858,1.1899,3.0,2.0,2.0,No,0.121439,Yes
Uncertain meaningful effect,859,-1.5328,3.0,2.0,2.0,No,0.121439,Yes
Uncertain meaningful effect,860,0.2313,3.0,2.0,2.0,No,0.121439,Yes
Uncertain meaningful effect,861,1.7711,3.0,2.0,2.0,No,0.121439,Yes
Uncertain meaningful effect,862,0.9115,3.0,2.0,2.0,No,0.121439,Yes
Uncertain meaningful effect,863,0.1152,3.0,2.0,2.0,No,0.121439,Yes
Uncertain meaningful effect,864,1.4086,3.0,2.0,2.0,No,0.121439,Yes
Uncertain meaningful effect,865,-0.9158,3.0,2.0,2.0,No,0.121439,Yes
Uncertain meaningful effect,866,2.1596,3.0,2.0,2.0,No,0.121439,Yes
Uncertain meaningful effect,867,-1.7647,3.0,2.0,2.0,No,0.121439,Yes
Uncertain meaningful effect,868,-3.2516,3.0,2.0,2.0,Yes,0.121439,Yes
Uncertain meaningful effect,869,-0.951,3.0,2.0,2.0,No,0.121439,Yes
Uncertain meaningful effect,870,1.2927,3.0,2.0,2.0,No,0.121439,Yes
Uncertain meaningful effect,871,0.1888,3.0,2.0,2.0,No,0.121439,Yes
Uncertain meaningful effect,872,-0.8715,3.0,2.0,2.0,No,0.121439,Yes
Uncertain meaningful effect,873,-2.7422,3.0,2.0,2.0,No,0.121439,Yes
Uncertain meaningful effect,874,3.7734,3.0,2.0,2.0,Yes,0.121439,Yes
Uncertain meaningful effect,875,-1.0474,3.0,2.0,2.0,No,0.121439,Yes
Uncertain meaningful effect,876,1.618,3.0,2.0,2.0,No,0.121439,Yes
Uncertain meaningful effect,877,0.7412,3.0,2.0,2.0,No,0.121439,Yes
Uncertain meaningful effect,878,-4.4669,3.0,2.0,2.0,Yes,0.121439,Yes
Uncertain meaningful effect,879,-0.6502,3.0,2.0,2.0,No,0.121439,Yes
Uncertain meaningful effect,880,2.1098,3.0,2.0,2.0,No,0.121439,Yes
Uncertain meaningful effect,881,-3.0486,3.0,2.0,2.0,Yes,0.121439,Yes
Uncertain meaningful effect,882,-0.928,3.0,2.0,2.0,No,0.121439,Yes
Uncertain meaningful effect,883,-5.1755,3.0,2.0,2.0,Yes,0.121439,Yes
Uncertain meaningful effect,884,-1.1897,3.0,2.0,2.0,No,0.121439,Yes
Uncertain meaningful effect,885,0.5061,3.0,2.0,2.0,No,0.121439,Yes
Uncertain meaningful effect,886,-3.4047,3.0,2.0,2.0,Yes,0.121439,Yes
Uncertain meaningful effect,887,2.0967,3.0,2.0,2.0,No,0.121439,Yes
Uncertain meaningful effect,888,2.1608,3.0,2.0,2.0,No,0.121439,Yes
Uncertain meaningful effect,889,3.6658,3.0,2.0,2.0,Yes,0.121439,Yes
Uncertain meaningful effect,890,2.1326,3.0,2.0,2.0,No,0.121439,Yes
Uncertain meaningful effect,891,1.7376,3.0,2.0,2.0,No,0.121439,Yes
Uncertain meaningful effect,892,5.0711,3.0,2.0,2.0,Yes,0.121439,Yes
Uncertain meaningful effect,893,2.8559,3.0,2.0,2.0,No,0.121439,Yes
Uncertain meaningful effect,894,2.8942,3.0,2.0,2.0,No,0.121439,Yes
Uncertain meaningful effect,895,-0.7674,3.0,2.0,2.0,No,0.121439,Yes
Uncertain meaningful effect,896,-2.7444,3.0,2.0,2.0,No,0.121439,Yes
Uncertain meaningful effect,897,1.2296,3.0,2.0,2.0,No,0.121439,Yes
Uncertain meaningful effect,898,0.1023,3.0,2.0,2.0,No,0.121439,Yes
Uncertain meaningful effect,899,5.2792,3.0,2.0,2.0,Yes,0.121439,Yes
Uncertain meaningful effect,900,3.3005,3.0,2.0,2.0,Yes,0.121439,Yes
Uncertain meaningful effect,901,0.7772,3.0,2.0,2.0,No,0.121439,Yes
Uncertain meaningful effect,902,0.6574,3.0,2.0,2.0,No,0.121439,Yes
Uncertain meaningful effect,903,-0.6412,3.0,2.0,2.0,No,0.121439,Yes
Uncertain meaningful effect,904,1.8275,3.0,2.0,2.0,No,0.121439,Yes
Uncertain meaningful effect,905,-2.3862,3.0,2.0,2.0,No,0.121439,Yes
Uncertain meaningful effect,906,-1.4943,3.0,2.0,2.0,No,0.121439,Yes
Uncertain meaningful effect,907,2.0607,3.0,2.0,2.0,No,0.121439,Yes
Uncertain meaningful effect,908,1.1473,3.0,2.0,2.0,No,0.121439,Yes
Uncertain meaningful effect,909,-3.0045,3.0,2.0,2.0,Yes,0.121439,Yes
Uncertain meaningful effect,910,1.2882,3.0,2.0,2.0,No,0.121439,Yes
Uncertain meaningful effect,911,-1.0891,3.0,2.0,2.0,No,0.121439,Yes
Uncertain meaningful effect,912,-2.1319,3.0,2.0,2.0,No,0.121439,Yes
Uncertain meaningful effect,913,1.1474,3.0,2.0,2.0,No,0.121439,Yes
Uncertain meaningful effect,914,-1.1994,3.0,2.0,2.0,No,0.121439,Yes
Uncertain meaningful effect,915,-1.13,3.0,2.0,2.0,No,0.121439,Yes
Uncertain meaningful effect,916,-0.8184,3.0,2.0,2.0,No,0.121439,Yes
Uncertain meaningful effect,917,6.4629,3.0,2.0,2.0,Yes,0.121439,Yes
Uncertain meaningful effect,918,-0.0881,3.0,2.0,2.0,No,0.121439,Yes
Uncertain meaningful effect,919,-0.649,3.0,2.0,2.0,No,0.121439,Yes
Uncertain meaningful effect,920,2.7324,3.0,2.0,2.0,No,0.121439,Yes
Uncertain meaningful effect,921,3.2351,3.0,2.0,2.0,Yes,0.121439,Yes
Uncertain meaningful effect,922,-0.4345,3.0,2.0,2.0,No,0.121439,Yes
Uncertain meaningful effect,923,-3.8976,3.0,2.0,2.0,Yes,0.121439,Yes
Uncertain meaningful effect,924,-1.9194,3.0,2.0,2.0,No,0.121439,Yes
Uncertain meaningful effect,925,-2.3109,3.0,2.0,2.0,No,0.121439,Yes
Uncertain meaningful effect,926,1.1871,3.0,2.0,2.0,No,0.121439,Yes
Uncertain meaningful effect,927,1.0447,3.0,2.0,2.0,No,0.121439,Yes
Uncertain meaningful effect,928,2.6515,3.0,2.0,2.0,No,0.121439,Yes
Uncertain meaningful effect,929,-3.8697,3.0,2.0,2.0,Yes,0.121439,Yes
Uncertain meaningful effect,930,-0.6081,3.0,2.0,2.0,No,0.121439,Yes
Uncertain meaningful effect,931,-0.627,3.0,2.0,2.0,No,0.121439,Yes
Uncertain meaningful effect,932,1.0343,3.0,2.0,2.0,No,0.121439,Yes
Uncertain meaningful effect,933,1.7729,3.0,2.0,2.0,No,0.121439,Yes
Uncertain meaningful effect,934,-1.5431,3.0,2.0,2.0,No,0.121439,Yes
Uncertain meaningful effect,935,2.0038,3.0,2.0,2.0,No,0.121439,Yes
Uncertain meaningful effect,936,-0.1796,3.0,2.0,2.0,No,0.121439,Yes
Uncertain meaningful effect,937,-0.3196,3.0,2.0,2.0,No,0.121439,Yes
Uncertain meaningful effect,938,-1.7503,3.0,2.0,2.0,No,0.121439,Yes
Uncertain meaningful effect,939,-1.0747,3.0,2.0,2.0,No,0.121439,Yes
Uncertain meaningful effect,940,1.1453,3.0,2.0,2.0,No,0.121439,Yes
Uncertain meaningful effect,941,-0.2778,3.0,2.0,2.0,No,0.121439,Yes
Uncertain meaningful effect,942,-1.0717,3.0,2.0,2.0,No,0.121439,Yes
Uncertain meaningful effect,943,-2.145,3.0,2.0,2.0,No,0.121439,Yes
Uncertain meaningful effect,944,-0.091,3.0,2.0,2.0,No,0.121439,Yes
Uncertain meaningful effect,945,2.216,3.0,2.0,2.0,No,0.121439,Yes
Uncertain meaningful effect,946,-1.0611,3.0,2.0,2.0,No,0.121439,Yes
Uncertain meaningful effect,947,-3.4832,3.0,2.0,2.0,Yes,0.121439,Yes
Uncertain meaningful effect,948,0.0783,3.0,2.0,2.0,No,0.121439,Yes
Uncertain meaningful effect,949,0.0079,3.0,2.0,2.0,No,0.121439,Yes
Uncertain meaningful effect,950,-0.6071,3.0,2.0,2.0,No,0.121439,Yes
Uncertain meaningful effect,951,-1.0221,3.0,2.0,2.0,No,0.121439,Yes
Uncertain meaningful effect,952,1.8615,3.0,2.0,2.0,No,0.121439,Yes
Uncertain meaningful effect,953,1.8061,3.0,2.0,2.0,No,0.121439,Yes
Uncertain meaningful effect,954,0.2735,3.0,2.0,2.0,No,0.121439,Yes
Uncertain meaningful effect,955,-1.7682,3.0,2.0,2.0,No,0.121439,Yes
Uncertain meaningful effect,956,1.7726,3.0,2.0,2.0,No,0.121439,Yes
Uncertain meaningful effect,957,1.5964,3.0,2.0,2.0,No,0.121439,Yes
Uncertain meaningful effect,958,-2.0755,3.0,2.0,2.0,No,0.121439,Yes
Uncertain meaningful effect,959,-0.2208,3.0,2.0,2.0,No,0.121439,Yes
Uncertain meaningful effect,960,0.6946,3.0,2.0,2.0,No,0.121439,Yes
Uncertain meaningful effect,961,3.3306,3.0,2.0,2.0,Yes,0.121439,Yes
Uncertain meaningful effect,962,-2.2185,3.0,2.0,2.0,No,0.121439,Yes
Uncertain meaningful effect,963,0.4671,3.0,2.0,2.0,No,0.121439,Yes
Uncertain meaningful effect,964,0.8654,3.0,2.0,2.0,No,0.121439,Yes
Uncertain meaningful effect,965,-0.5877,3.0,2.0,2.0,No,0.121439,Yes
Uncertain meaningful effect,966,0.8245,3.0,2.0,2.0,No,0.121439,Yes
Uncertain meaningful effect,967,2.5973,3.0,2.0,2.0,No,0.121439,Yes
Uncertain meaningful effect,968,-5.0002,3.0,2.0,2.0,Yes,0.121439,Yes
Uncertain meaningful effect,969,-0.2071,3.0,2.0,2.0,No,0.121439,Yes
Uncertain meaningful effect,970,-1.8355,3.0,2.0,2.0,No,0.121439,Yes
Uncertain meaningful effect,971,-0.2902,3.0,2.0,2.0,No,0.121439,Yes
Uncertain meaningful effect,972,-0.2152,3.0,2.0,2.0,No,0.121439,Yes
Uncertain meaningful effect,973,0.8157,3.0,2.0,2.0,No,0.121439,Yes
Uncertain meaningful effect,974,-5.3229,3.0,2.0,2.0,Yes,0.121439,Yes
Uncertain meaningful effect,975,-3.9886,3.0,2.0,2.0,Yes,0.121439,Yes
Uncertain meaningful effect,976,-2.5731,3.0,2.0,2.0,No,0.121439,Yes
Uncertain meaningful effect,977,2.4828,3.0,2.0,2.0,No,0.121439,Yes
Uncertain meaningful effect,978,-1.1118,3.0,2.0,2.0,No,0.121439,Yes
Uncertain meaningful effect,979,2.5197,3.0,2.0,2.0,No,0.121439,Yes
Uncertain meaningful effect,980,-4.5129,3.0,2.0,2.0,Yes,0.121439,Yes
Uncertain meaningful effect,981,-1.9898,3.0,2.0,2.0,No,0.121439,Yes
Uncertain meaningful effect,982,2.9,3.0,2.0,2.0,No,0.121439,Yes
Uncertain meaningful effect,983,3.6945,3.0,2.0,2.0,Yes,0.121439,Yes
Uncertain meaningful effect,984,-1.4716,3.0,2.0,2.0,No,0.121439,Yes
Uncertain meaningful effect,985,-1.4511,3.0,2.0,2.0,No,0.121439,Yes
Uncertain meaningful effect,986,0.1401,3.0,2.0,2.0,No,0.121439,Yes
Uncertain meaningful effect,987,1.461,3.0,2.0,2.0,No,0.121439,Yes
Uncertain meaningful effect,988,0.3992,3.0,2.0,2.0,No,0.121439,Yes
Uncertain meaningful effect,989,-4.2264,3.0,2.0,2.0,Yes,0.121439,Yes
Uncertain meaningful effect,990,-1.659,3.0,2.0,2.0,No,0.121439,Yes
Uncertain meaningful effect,991,-0.9094,3.0,2.0,2.0,No,0.121439,Yes
Uncertain meaningful effect,992,2.7854,3.0,2.0,2.0,No,0.121439,Yes
Uncertain meaningful effect,993,-1.9042,3.0,2.0,2.0,No,0.121439,Yes
Uncertain meaningful effect,994,-0.4295,3.0,2.0,2.0,No,0.121439,Yes
Uncertain meaningful effect,995,1.9518,3.0,2.0,2.0,No,0.121439,Yes
Uncertain meaningful effect,996,-2.986,3.0,2.0,2.0,No,0.121439,Yes
Uncertain meaningful effect,997,0.9081,3.0,2.0,2.0,No,0.121439,Yes
Uncertain meaningful effect,998,-0.9764,3.0,2.0,2.0,No,0.121439,Yes
Uncertain meaningful effect,999,-0.3168,3.0,2.0,2.0,No,0.121439,Yes
Uncertain meaningful effect,1000,-0.2563,3.0,2.0,2.0,No,0.121439,Yes
Uncertain meaningful effect,1001,1.811,3.0,2.0,2.0,No,0.121439,Yes
Uncertain meaningful effect,1002,3.1779,3.0,2.0,2.0,Yes,0.121439,Yes
Uncertain meaningful effect,1003,1.3223,3.0,2.0,2.0,No,0.121439,Yes
Uncertain meaningful effect,1004,2.0843,3.0,2.0,2.0,No,0.121439,Yes
Uncertain meaningful effect,1005,-0.4326,3.0,2.0,2.0,No,0.121439,Yes
Uncertain meaningful effect,1006,-2.8606,3.0,2.0,2.0,No,0.121439,Yes
Uncertain meaningful effect,1007,-1.239,3.0,2.0,2.0,No,0.121439,Yes
Uncertain meaningful effect,1008,1.0457,3.0,2.0,2.0,No,0.121439,Yes
Uncertain meaningful effect,1009,1.2699,3.0,2.0,2.0,No,0.121439,Yes
Uncertain meaningful effect,1010,-0.8999,3.0,2.0,2.0,No,0.121439,Yes
Uncertain meaningful effect,1011,-1.3714,3.0,2.0,2.0,No,0.121439,Yes
Uncertain meaningful effect,1012,0.087,3.0,2.0,2.0,No,0.121439,Yes
Uncertain meaningful effect,1013,0.2528,3.0,2.0,2.0,No,0.121439,Yes
Uncertain meaningful effect,1014,0.0044,3.0,2.0,2.0,No,0.121439,Yes
Uncertain meaningful effect,1015,2.039,3.0,2.0,2.0,No,0.121439,Yes
Uncertain meaningful effect,1016,1.5019,3.0,2.0,2.0,No,0.121439,Yes
Uncertain meaningful effect,1017,-1.5082,3.0,2.0,2.0,No,0.121439,Yes
Uncertain meaningful effect,1018,-2.57,3.0,2.0,2.0,No,0.121439,Yes
Uncertain meaningful effect,1019,1.5251,3.0,2.0,2.0,No,0.121439,Yes
Uncertain meaningful effect,1020,2.1468,3.0,2.0,2.0,No,0.121439,Yes
Uncertain meaningful effect,1021,0.6329,3.0,2.0,2.0,No,0.121439,Yes
Uncertain meaningful effect,1022,-0.4875,3.0,2.0,2.0,No,0.121439,Yes
Uncertain meaningful effect,1023,1.902,3.0,2.0,2.0,No,0.121439,Yes
Uncertain meaningful effect,1024,0.7086,3.0,2.0,2.0,No,0.121439,Yes
Uncertain meaningful effect,1025,1.8428,3.0,2.0,2.0,No,0.121439,Yes
Uncertain meaningful effect,1026,0.3218,3.0,2.0,2.0,No,0.121439,Yes
Uncertain meaningful effect,1027,0.91,3.0,2.0,2.0,No,0.121439,Yes
Uncertain meaningful effect,1028,1.4465,3.0,2.0,2.0,No,0.121439,Yes
Uncertain meaningful effect,1029,0.5487,3.0,2.0,2.0,No,0.121439,Yes
Uncertain meaningful effect,1030,0.7674,3.0,2.0,2.0,No,0.121439,Yes
Uncertain meaningful effect,1031,0.4181,3.0,2.0,2.0,No,0.121439,Yes
Uncertain meaningful effect,1032,-0.107,3.0,2.0,2.0,No,0.121439,Yes
Uncertain meaningful effect,1033,-0.7908,3.0,2.0,2.0,No,0.121439,Yes
Uncertain meaningful effect,1034,0.1885,3.0,2.0,2.0,No,0.121439,Yes
Uncertain meaningful effect,1035,-3.0893,3.0,2.0,2.0,Yes,0.121439,Yes
Uncertain meaningful effect,1036,-1.1887,3.0,2.0,2.0,No,0.121439,Yes
Uncertain meaningful effect,1037,1.4694,3.0,2.0,2.0,No,0.121439,Yes
Uncertain meaningful effect,1038,0.7653,3.0,2.0,2.0,No,0.121439,Yes
Uncertain meaningful effect,1039,1.4684,3.0,2.0,2.0,No,0.121439,Yes
Uncertain meaningful effect,1040,0.8261,3.0,2.0,2.0,No,0.121439,Yes
Uncertain meaningful effect,1041,2.4792,3.0,2.0,2.0,No,0.121439,Yes
Uncertain meaningful effect,1042,0.7486,3.0,2.0,2.0,No,0.121439,Yes
Uncertain meaningful effect,1043,0.2728,3.0,2.0,2.0,No,0.121439,Yes
Uncertain meaningful effect,1044,-0.8626,3.0,2.0,2.0,No,0.121439,Yes
Uncertain meaningful effect,1045,0.2046,3.0,2.0,2.0,No,0.121439,Yes
Uncertain meaningful effect,1046,-1.4256,3.0,2.0,2.0,No,0.121439,Yes
Uncertain meaningful effect,1047,3.101,3.0,2.0,2.0,Yes,0.121439,Yes
Uncertain meaningful effect,1048,-1.4047,3.0,2.0,2.0,No,0.121439,Yes
Uncertain meaningful effect,1049,1.4262,3.0,2.0,2.0,No,0.121439,Yes
Uncertain meaningful effect,1050,3.0256,3.0,2.0,2.0,Yes,0.121439,Yes
Uncertain meaningful effect,1051,0.5632,3.0,2.0,2.0,No,0.121439,Yes
Uncertain meaningful effect,1052,-0.1275,3.0,2.0,2.0,No,0.121439,Yes
Uncertain meaningful effect,1053,-0.1637,3.0,2.0,2.0,No,0.121439,Yes
Uncertain meaningful effect,1054,-1.0017,3.0,2.0,2.0,No,0.121439,Yes
Uncertain meaningful effect,1055,1.6737,3.0,2.0,2.0,No,0.121439,Yes
Uncertain meaningful effect,1056,0.639,3.0,2.0,2.0,No,0.121439,Yes
Uncertain meaningful effect,1057,0.2425,3.0,2.0,2.0,No,0.121439,Yes
Uncertain meaningful effect,1058,-1.6361,3.0,2.0,2.0,No,0.121439,Yes
Uncertain meaningful effect,1059,-1.9165,3.0,2.0,2.0,No,0.121439,Yes
Uncertain meaningful effect,1060,-0.493,3.0,2.0,2.0,No,0.121439,Yes
Uncertain meaningful effect,1061,-0.1097,3.0,2.0,2.0,No,0.121439,Yes
Uncertain meaningful effect,1062,1.4751,3.0,2.0,2.0,No,0.121439,Yes
Uncertain meaningful effect,1063,-3.02,3.0,2.0,2.0,Yes,0.121439,Yes
Uncertain meaningful effect,1064,0.0539,3.0,2.0,2.0,No,0.121439,Yes
Uncertain meaningful effect,1065,-1.291,3.0,2.0,2.0,No,0.121439,Yes
Uncertain meaningful effect,1066,1.1666,3.0,2.0,2.0,No,0.121439,Yes
Uncertain meaningful effect,1067,-0.8772,3.0,2.0,2.0,No,0.121439,Yes
Uncertain meaningful effect,1068,-0.5139,3.0,2.0,2.0,No,0.121439,Yes
Uncertain meaningful effect,1069,-0.11,3.0,2.0,2.0,No,0.121439,Yes
Uncertain meaningful effect,1070,-0.2885,3.0,2.0,2.0,No,0.121439,Yes
Uncertain meaningful effect,1071,-1.9245,3.0,2.0,2.0,No,0.121439,Yes
Uncertain meaningful effect,1072,4.3818,3.0,2.0,2.0,Yes,0.121439,Yes
Uncertain meaningful effect,1073,-1.976,3.0,2.0,2.0,No,0.121439,Yes
Uncertain meaningful effect,1074,1.2161,3.0,2.0,2.0,No,0.121439,Yes
Uncertain meaningful effect,1075,-0.508,3.0,2.0,2.0,No,0.121439,Yes
Uncertain meaningful effect,1076,-3.0986,3.0,2.0,2.0,Yes,0.121439,Yes
Uncertain meaningful effect,1077,0.2866,3.0,2.0,2.0,No,0.121439,Yes
Uncertain meaningful effect,1078,-2.2124,3.0,2.0,2.0,No,0.121439,Yes
Uncertain meaningful effect,1079,-0.0422,3.0,2.0,2.0,No,0.121439,Yes
Uncertain meaningful effect,1080,0.1824,3.0,2.0,2.0,No,0.121439,Yes
Uncertain meaningful effect,1081,-0.1116,3.0,2.0,2.0,No,0.121439,Yes
Uncertain meaningful effect,1082,-0.694,3.0,2.0,2.0,No,0.121439,Yes
Uncertain meaningful effect,1083,-0.4236,3.0,2.0,2.0,No,0.121439,Yes
Uncertain meaningful effect,1084,1.2635,3.0,2.0,2.0,No,0.121439,Yes
Uncertain meaningful effect,1085,1.2882,3.0,2.0,2.0,No,0.121439,Yes
Uncertain meaningful effect,1086,1.0721,3.0,2.0,2.0,No,0.121439,Yes
Uncertain meaningful effect,1087,2.2214,3.0,2.0,2.0,No,0.121439,Yes
Uncertain meaningful effect,1088,-1.8327,3.0,2.0,2.0,No,0.121439,Yes
Uncertain meaningful effect,1089,3.6589,3.0,2.0,2.0,Yes,0.121439,Yes
Uncertain meaningful effect,1090,1.3027,3.0,2.0,2.0,No,0.121439,Yes
Uncertain meaningful effect,1091,-2.6297,3.0,2.0,2.0,No,0.121439,Yes
Uncertain meaningful effect,1092,-1.3208,3.0,2.0,2.0,No,0.121439,Yes
Uncertain meaningful effect,1093,0.7335,3.0,2.0,2.0,No,0.121439,Yes
Uncertain meaningful effect,1094,1.5396,3.0,2.0,2.0,No,0.121439,Yes
Uncertain meaningful effect,1095,-1.1361,3.0,2.0,2.0,No,0.121439,Yes
Uncertain meaningful effect,1096,4.5629,3.0,2.0,2.0,Yes,0.121439,Yes
Uncertain meaningful effect,1097,0.5879,3.0,2.0,2.0,No,0.121439,Yes
Uncertain meaningful effect,1098,-1.5142,3.0,2.0,2.0,No,0.121439,Yes
Uncertain meaningful effect,1099,-0.2146,3.0,2.0,2.0,No,0.121439,Yes
Uncertain meaningful effect,1100,-0.1085,3.0,2.0,2.0,No,0.121439,Yes
Uncertain meaningful effect,1101,0.9426,3.0,2.0,2.0,No,0.121439,Yes
Uncertain meaningful effect,1102,1.824,3.0,2.0,2.0,No,0.121439,Yes
Uncertain meaningful effect,1103,1.8102,3.0,2.0,2.0,No,0.121439,Yes
Uncertain meaningful effect,1104,1.2272,3.0,2.0,2.0,No,0.121439,Yes
Uncertain meaningful effect,1105,2.2109,3.0,2.0,2.0,No,0.121439,Yes
Uncertain meaningful effect,1106,-2.402,3.0,2.0,2.0,No,0.121439,Yes
Uncertain meaningful effect,1107,5.177,3.0,2.0,2.0,Yes,0.121439,Yes
Uncertain meaningful effect,1108,0.6305,3.0,2.0,2.0,No,0.121439,Yes
Uncertain meaningful effect,1109,0.9576,3.0,2.0,2.0,No,0.121439,Yes
Uncertain meaningful effect,1110,0.8583,3.0,2.0,2.0,No,0.121439,Yes
Uncertain meaningful effect,1111,2.8936,3.0,2.0,2.0,No,0.121439,Yes
Uncertain meaningful effect,1112,-0.7558,3.0,2.0,2.0,No,0.121439,Yes
Uncertain meaningful effect,1113,0.8626,3.0,2.0,2.0,No,0.121439,Yes
Uncertain meaningful effect,1114,1.469,3.0,2.0,2.0,No,0.121439,Yes
Uncertain meaningful effect,1115,1.211,3.0,2.0,2.0,No,0.121439,Yes
Uncertain meaningful effect,1116,-0.6679,3.0,2.0,2.0,No,0.121439,Yes
Uncertain meaningful effect,1117,0.5827,3.0,2.0,2.0,No,0.121439,Yes
Uncertain meaningful effect,1118,2.6546,3.0,2.0,2.0,No,0.121439,Yes
Uncertain meaningful effect,1119,0.3662,3.0,2.0,2.0,No,0.121439,Yes
Uncertain meaningful effect,1120,1.2239,3.0,2.0,2.0,No,0.121439,Yes
Uncertain meaningful effect,1121,1.8613,3.0,2.0,2.0,No,0.121439,Yes
Uncertain meaningful effect,1122,0.9583,3.0,2.0,2.0,No,0.121439,Yes
Uncertain meaningful effect,1123,5.8075,3.0,2.0,2.0,Yes,0.121439,Yes
Uncertain meaningful effect,1124,2.0831,3.0,2.0,2.0,No,0.121439,Yes
Uncertain meaningful effect,1125,2.6512,3.0,2.0,2.0,No,0.121439,Yes
Uncertain meaningful effect,1126,0.1399,3.0,2.0,2.0,No,0.121439,Yes
Uncertain meaningful effect,1127,1.2854,3.0,2.0,2.0,No,0.121439,Yes
Uncertain meaningful effect,1128,0.2234,3.0,2.0,2.0,No,0.121439,Yes
Uncertain meaningful effect,1129,0.4701,3.0,2.0,2.0,No,0.121439,Yes
Uncertain meaningful effect,1130,-2.1713,3.0,2.0,2.0,No,0.121439,Yes
Uncertain meaningful effect,1131,2.4442,3.0,2.0,2.0,No,0.121439,Yes
Uncertain meaningful effect,1132,-1.7381,3.0,2.0,2.0,No,0.121439,Yes
Uncertain meaningful effect,1133,0.532,3.0,2.0,2.0,No,0.121439,Yes
Uncertain meaningful effect,1134,-2.8066,3.0,2.0,2.0,No,0.121439,Yes
Uncertain meaningful effect,1135,1.9377,3.0,2.0,2.0,No,0.121439,Yes
Uncertain meaningful effect,1136,-1.3863,3.0,2.0,2.0,No,0.121439,Yes
Uncertain meaningful effect,1137,2.2438,3.0,2.0,2.0,No,0.121439,Yes
Uncertain meaningful effect,1138,-0.1021,3.0,2.0,2.0,No,0.121439,Yes
Uncertain meaningful effect,1139,1.5345,3.0,2.0,2.0,No,0.121439,Yes
Uncertain meaningful effect,1140,-0.9277,3.0,2.0,2.0,No,0.121439,Yes
Uncertain meaningful effect,1141,1.651,3.0,2.0,2.0,No,0.121439,Yes
Uncertain meaningful effect,1142,-3.0643,3.0,2.0,2.0,Yes,0.121439,Yes
Uncertain meaningful effect,1143,0.4856,3.0,2.0,2.0,No,0.121439,Yes
Uncertain meaningful effect,1144,0.1896,3.0,2.0,2.0,No,0.121439,Yes
Uncertain meaningful effect,1145,2.01,3.0,2.0,2.0,No,0.121439,Yes
Uncertain meaningful effect,1146,-0.9197,3.0,2.0,2.0,No,0.121439,Yes
Uncertain meaningful effect,1147,2.1701,3.0,2.0,2.0,No,0.121439,Yes
Uncertain meaningful effect,1148,2.5396,3.0,2.0,2.0,No,0.121439,Yes
Uncertain meaningful effect,1149,-1.6772,3.0,2.0,2.0,No,0.121439,Yes
Uncertain meaningful effect,1150,0.5453,3.0,2.0,2.0,No,0.121439,Yes
Uncertain meaningful effect,1151,-0.1248,3.0,2.0,2.0,No,0.121439,Yes
Uncertain meaningful effect,1152,3.8597,3.0,2.0,2.0,Yes,0.121439,Yes
Uncertain meaningful effect,1153,0.4315,3.0,2.0,2.0,No,0.121439,Yes
Uncertain meaningful effect,1154,-1.1407,3.0,2.0,2.0,No,0.121439,Yes
Uncertain meaningful effect,1155,1.7805,3.0,2.0,2.0,No,0.121439,Yes
Uncertain meaningful effect,1156,-1.1091,3.0,2.0,2.0,No,0.121439,Yes
Uncertain meaningful effect,1157,-2.6546,3.0,2.0,2.0,No,0.121439,Yes
Uncertain meaningful effect,1158,-0.7987,3.0,2.0,2.0,No,0.121439,Yes
Uncertain meaningful effect,1159,0.5522,3.0,2.0,2.0,No,0.121439,Yes
Uncertain meaningful effect,1160,2.2608,3.0,2.0,2.0,No,0.121439,Yes
Uncertain meaningful effect,1161,1.6725,3.0,2.0,2.0,No,0.121439,Yes
Uncertain meaningful effect,1162,-0.2584,3.0,2.0,2.0,No,0.121439,Yes
Uncertain meaningful effect,1163,-2.1665,3.0,2.0,2.0,No,0.121439,Yes
Uncertain meaningful effect,1164,-2.471,3.0,2.0,2.0,No,0.121439,Yes
Uncertain meaningful effect,1165,-3.4363,3.0,2.0,2.0,Yes,0.121439,Yes
Uncertain meaningful effect,1166,0.8928,3.0,2.0,2.0,No,0.121439,Yes
Uncertain meaningful effect,1167,-0.2489,3.0,2.0,2.0,No,0.121439,Yes
Uncertain meaningful effect,1168,-2.2672,3.0,2.0,2.0,No,0.121439,Yes
Uncertain meaningful effect,1169,4.2284,3.0,2.0,2.0,Yes,0.121439,Yes
Uncertain meaningful effect,1170,1.2859,3.0,2.0,2.0,No,0.121439,Yes
Uncertain meaningful effect,1171,-0.217,3.0,2.0,2.0,No,0.121439,Yes
Uncertain meaningful effect,1172,-3.6363,3.0,2.0,2.0,Yes,0.121439,Yes
Uncertain meaningful effect,1173,-0.9506,3.0,2.0,2.0,No,0.121439,Yes
Uncertain meaningful effect,1174,-0.153,3.0,2.0,2.0,No,0.121439,Yes
Uncertain meaningful effect,1175,-1.6669,3.0,2.0,2.0,No,0.121439,Yes
Uncertain meaningful effect,1176,0.1331,3.0,2.0,2.0,No,0.121439,Yes
Uncertain meaningful effect,1177,-0.5223,3.0,2.0,2.0,No,0.121439,Yes
Uncertain meaningful effect,1178,0.812,3.0,2.0,2.0,No,0.121439,Yes
Uncertain meaningful effect,1179,-1.9179,3.0,2.0,2.0,No,0.121439,Yes
Uncertain meaningful effect,1180,2.8752,3.0,2.0,2.0,No,0.121439,Yes
Uncertain meaningful effect,1181,-0.7918,3.0,2.0,2.0,No,0.121439,Yes
Uncertain meaningful effect,1182,-1.479,3.0,2.0,2.0,No,0.121439,Yes
Uncertain meaningful effect,1183,-0.1019,3.0,2.0,2.0,No,0.121439,Yes
Uncertain meaningful effect,1184,-1.83,3.0,2.0,2.0,No,0.121439,Yes
Uncertain meaningful effect,1185,3.3014,3.0,2.0,2.0,Yes,0.121439,Yes
Uncertain meaningful effect,1186,0.4593,3.0,2.0,2.0,No,0.121439,Yes
Uncertain meaningful effect,1187,0.84,3.0,2.0,2.0,No,0.121439,Yes
Uncertain meaningful effect,1188,2.3095,3.0,2.0,2.0,No,0.121439,Yes
Uncertain meaningful effect,1189,0.9182,3.0,2.0,2.0,No,0.121439,Yes
Uncertain meaningful effect,1190,-1.1016,3.0,2.0,2.0,No,0.121439,Yes
Uncertain meaningful effect,1191,-1.3374,3.0,2.0,2.0,No,0.121439,Yes
Uncertain meaningful effect,1192,-4.0,3.0,2.0,2.0,Yes,0.121439,Yes
Uncertain meaningful effect,1193,-1.46,3.0,2.0,2.0,No,0.121439,Yes
Uncertain meaningful effect,1194,-0.3029,3.0,2.0,2.0,No,0.121439,Yes
Uncertain meaningful effect,1195,0.9224,3.0,2.0,2.0,No,0.121439,Yes
Uncertain meaningful effect,1196,-1.3626,3.0,2.0,2.0,No,0.121439,Yes
Uncertain meaningful effect,1197,4.3034,3.0,2.0,2.0,Yes,0.121439,Yes
Uncertain meaningful effect,1198,1.9106,3.0,2.0,2.0,No,0.121439,Yes
Uncertain meaningful effect,1199,3.1631,3.0,2.0,2.0,Yes,0.121439,Yes
Uncertain meaningful effect,1200,2.4912,3.0,2.0,2.0,No,0.121439,Yes
Uncertain meaningful effect,1201,1.0668,3.0,2.0,2.0,No,0.121439,Yes
Uncertain meaningful effect,1202,1.2499,3.0,2.0,2.0,No,0.121439,Yes
Uncertain meaningful effect,1203,-4.9358,3.0,2.0,2.0,Yes,0.121439,Yes
Uncertain meaningful effect,1204,-0.7906,3.0,2.0,2.0,No,0.121439,Yes
Uncertain meaningful effect,1205,1.4358,3.0,2.0,2.0,No,0.121439,Yes
Uncertain meaningful effect,1206,-0.2871,3.0,2.0,2.0,No,0.121439,Yes
Uncertain meaningful effect,1207,1.9003,3.0,2.0,2.0,No,0.121439,Yes
Uncertain meaningful effect,1208,2.5328,3.0,2.0,2.0,No,0.121439,Yes
Uncertain meaningful effect,1209,1.9884,3.0,2.0,2.0,No,0.121439,Yes
Uncertain meaningful effect,1210,0.7881,3.0,2.0,2.0,No,0.121439,Yes
Uncertain meaningful effect,1211,-0.8116,3.0,2.0,2.0,No,0.121439,Yes
Uncertain meaningful effect,1212,-1.0548,3.0,2.0,2.0,No,0.121439,Yes
Uncertain meaningful effect,1213,-1.5538,3.0,2.0,2.0,No,0.121439,Yes
Uncertain meaningful effect,1214,4.17,3.0,2.0,2.0,Yes,0.121439,Yes
Uncertain meaningful effect,1215,-3.3354,3.0,2.0,2.0,Yes,0.121439,Yes
Uncertain meaningful effect,1216,0.0587,3.0,2.0,2.0,No,0.121439,Yes
Uncertain meaningful effect,1217,-1.3351,3.0,2.0,2.0,No,0.121439,Yes
Uncertain meaningful effect,1218,0.8665,3.0,2.0,2.0,No,0.121439,Yes
Uncertain meaningful effect,1219,2.3624,3.0,2.0,2.0,No,0.121439,Yes
Uncertain meaningful effect,1220,-0.0264,3.0,2.0,2.0,No,0.121439,Yes
Uncertain meaningful effect,1221,1.9292,3.0,2.0,2.0,No,0.121439,Yes
Uncertain meaningful effect,1222,0.0583,3.0,2.0,2.0,No,0.121439,Yes
Uncertain meaningful effect,1223,2.0745,3.0,2.0,2.0,No,0.121439,Yes
Uncertain meaningful effect,1224,-0.1612,3.0,2.0,2.0,No,0.121439,Yes
Uncertain meaningful effect,1225,0.8228,3.0,2.0,2.0,No,0.121439,Yes
Uncertain meaningful effect,1226,0.7888,3.0,2.0,2.0,No,0.121439,Yes
Uncertain meaningful effect,1227,0.2453,3.0,2.0,2.0,No,0.121439,Yes
Uncertain meaningful effect,1228,1.4771,3.0,2.0,2.0,No,0.121439,Yes
Uncertain meaningful effect,1229,0.0947,3.0,2.0,2.0,No,0.121439,Yes
Uncertain meaningful effect,1230,-0.1235,3.0,2.0,2.0,No,0.121439,Yes
Uncertain meaningful effect,1231,0.0121,3.0,2.0,2.0,No,0.121439,Yes
Uncertain meaningful effect,1232,0.0394,3.0,2.0,2.0,No,0.121439,Yes
Uncertain meaningful effect,1233,-1.9375,3.0,2.0,2.0,No,0.121439,Yes
Uncertain meaningful effect,1234,-0.355,3.0,2.0,2.0,No,0.121439,Yes
Uncertain meaningful effect,1235,0.4664,3.0,2.0,2.0,No,0.121439,Yes
Uncertain meaningful effect,1236,-0.2607,3.0,2.0,2.0,No,0.121439,Yes
Uncertain meaningful effect,1237,3.0646,3.0,2.0,2.0,Yes,0.121439,Yes
Uncertain meaningful effect,1238,0.407,3.0,2.0,2.0,No,0.121439,Yes
Uncertain meaningful effect,1239,-0.8307,3.0,2.0,2.0,No,0.121439,Yes
Uncertain meaningful effect,1240,1.6113,3.0,2.0,2.0,No,0.121439,Yes
Uncertain meaningful effect,1241,-2.7571,3.0,2.0,2.0,No,0.121439,Yes
Uncertain meaningful effect,1242,-0.9854,3.0,2.0,2.0,No,0.121439,Yes
Uncertain meaningful effect,1243,0.6114,3.0,2.0,2.0,No,0.121439,Yes
Uncertain meaningful effect,1244,-0.9335,3.0,2.0,2.0,No,0.121439,Yes
Uncertain meaningful effect,1245,1.596,3.0,2.0,2.0,No,0.121439,Yes
Uncertain meaningful effect,1246,-2.7313,3.0,2.0,2.0,No,0.121439,Yes
Uncertain meaningful effect,1247,0.2177,3.0,2.0,2.0,No,0.121439,Yes
Uncertain meaningful effect,1248,2.2445,3.0,2.0,2.0,No,0.121439,Yes
Uncertain meaningful effect,1249,-1.4107,3.0,2.0,2.0,No,0.121439,Yes
Uncertain meaningful effect,1250,-1.9271,3.0,2.0,2.0,No,0.121439,Yes
Uncertain meaningful effect,1251,-0.2086,3.0,2.0,2.0,No,0.121439,Yes
Uncertain meaningful effect,1252,1.0953,3.0,2.0,2.0,No,0.121439,Yes
Uncertain meaningful effect,1253,-0.7006,3.0,2.0,2.0,No,0.121439,Yes
Uncertain meaningful effect,1254,-0.4499,3.0,2.0,2.0,No,0.121439,Yes
Uncertain meaningful effect,1255,1.2195,3.0,2.0,2.0,No,0.121439,Yes
Uncertain meaningful effect,1256,0.9645,3.0,2.0,2.0,No,0.121439,Yes
Uncertain meaningful effect,1257,-1.4646,3.0,2.0,2.0,No,0.121439,Yes
Uncertain meaningful effect,1258,-1.5654,3.0,2.0,2.0,No,0.121439,Yes
Uncertain meaningful effect,1259,-0.7143,3.0,2.0,2.0,No,0.121439,Yes
Uncertain meaningful effect,1260,-1.4892,3.0,2.0,2.0,No,0.121439,Yes
Uncertain meaningful effect,1261,0.9301,3.0,2.0,2.0,No,0.121439,Yes
Uncertain meaningful effect,1262,-2.7456,3.0,2.0,2.0,No,0.121439,Yes
Uncertain meaningful effect,1263,-0.7648,3.0,2.0,2.0,No,0.121439,Yes
Uncertain meaningful effect,1264,-3.2913,3.0,2.0,2.0,Yes,0.121439,Yes
Uncertain meaningful effect,1265,2.5151,3.0,2.0,2.0,No,0.121439,Yes
Uncertain meaningful effect,1266,-2.4801,3.0,2.0,2.0,No,0.121439,Yes
Uncertain meaningful effect,1267,-0.4384,3.0,2.0,2.0,No,0.121439,Yes
Uncertain meaningful effect,1268,-2.2134,3.0,2.0,2.0,No,0.121439,Yes
Uncertain meaningful effect,1269,1.5726,3.0,2.0,2.0,No,0.121439,Yes
Uncertain meaningful effect,1270,-0.811,3.0,2.0,2.0,No,0.121439,Yes
Uncertain meaningful effect,1271,2.1417,3.0,2.0,2.0,No,0.121439,Yes
Uncertain meaningful effect,1272,0.1976,3.0,2.0,2.0,No,0.121439,Yes
Uncertain meaningful effect,1273,3.3355,3.0,2.0,2.0,Yes,0.121439,Yes
Uncertain meaningful effect,1274,0.809,3.0,2.0,2.0,No,0.121439,Yes
Uncertain meaningful effect,1275,1.5029,3.0,2.0,2.0,No,0.121439,Yes
Uncertain meaningful effect,1276,0.0505,3.0,2.0,2.0,No,0.121439,Yes
Uncertain meaningful effect,1277,-1.3562,3.0,2.0,2.0,No,0.121439,Yes
Uncertain meaningful effect,1278,-0.0042,3.0,2.0,2.0,No,0.121439,Yes
Uncertain meaningful effect,1279,-1.9741,3.0,2.0,2.0,No,0.121439,Yes
Uncertain meaningful effect,1280,-1.3657,3.0,2.0,2.0,No,0.121439,Yes
Uncertain meaningful effect,1281,0.0353,3.0,2.0,2.0,No,0.121439,Yes
Uncertain meaningful effect,1282,-4.7328,3.0,2.0,2.0,Yes,0.121439,Yes
Uncertain meaningful effect,1283,0.1799,3.0,2.0,2.0,No,0.121439,Yes
Uncertain meaningful effect,1284,-0.5721,3.0,2.0,2.0,No,0.121439,Yes
Uncertain meaningful effect,1285,3.416,3.0,2.0,2.0,Yes,0.121439,Yes
Uncertain meaningful effect,1286,1.6327,3.0,2.0,2.0,No,0.121439,Yes
Uncertain meaningful effect,1287,1.1289,3.0,2.0,2.0,No,0.121439,Yes
Uncertain meaningful effect,1288,3.0342,3.0,2.0,2.0,Yes,0.121439,Yes
Uncertain meaningful effect,1289,-2.816,3.0,2.0,2.0,No,0.121439,Yes
Uncertain meaningful effect,1290,-4.0011,3.0,2.0,2.0,Yes,0.121439,Yes
Uncertain meaningful effect,1291,-2.7062,3.0,2.0,2.0,No,0.121439,Yes
Uncertain meaningful effect,1292,1.1397,3.0,2.0,2.0,No,0.121439,Yes
Uncertain meaningful effect,1293,0.8995,3.0,2.0,2.0,No,0.121439,Yes
Uncertain meaningful effect,1294,0.3001,3.0,2.0,2.0,No,0.121439,Yes
Uncertain meaningful effect,1295,2.8163,3.0,2.0,2.0,No,0.121439,Yes
Uncertain meaningful effect,1296,2.6936,3.0,2.0,2.0,No,0.121439,Yes
Uncertain meaningful effect,1297,-2.0083,3.0,2.0,2.0,No,0.121439,Yes
Uncertain meaningful effect,1298,0.8055,3.0,2.0,2.0,No,0.121439,Yes
Uncertain meaningful effect,1299,2.0723,3.0,2.0,2.0,No,0.121439,Yes
Uncertain meaningful effect,1300,-0.4728,3.0,2.0,2.0,No,0.121439,Yes
Uncertain meaningful effect,1301,-1.3661,3.0,2.0,2.0,No,0.121439,Yes
Uncertain meaningful effect,1302,2.0587,3.0,2.0,2.0,No,0.121439,Yes
Uncertain meaningful effect,1303,-2.8832,3.0,2.0,2.0,No,0.121439,Yes
Uncertain meaningful effect,1304,-0.5254,3.0,2.0,2.0,No,0.121439,Yes
Uncertain meaningful effect,1305,-1.8765,3.0,2.0,2.0,No,0.121439,Yes
Uncertain meaningful effect,1306,-1.2178,3.0,2.0,2.0,No,0.121439,Yes
Uncertain meaningful effect,1307,2.4972,3.0,2.0,2.0,No,0.121439,Yes
Uncertain meaningful effect,1308,0.5962,3.0,2.0,2.0,No,0.121439,Yes
Uncertain meaningful effect,1309,-1.2483,3.0,2.0,2.0,No,0.121439,Yes
Uncertain meaningful effect,1310,-2.5997,3.0,2.0,2.0,No,0.121439,Yes
Uncertain meaningful effect,1311,3.5387,3.0,2.0,2.0,Yes,0.121439,Yes
Uncertain meaningful effect,1312,1.3899,3.0,2.0,2.0,No,0.121439,Yes
Uncertain meaningful effect,1313,-1.3138,3.0,2.0,2.0,No,0.121439,Yes
Uncertain meaningful effect,1314,0.8807,3.0,2.0,2.0,No,0.121439,Yes
Uncertain meaningful effect,1315,-1.9513,3.0,2.0,2.0,No,0.121439,Yes
Uncertain meaningful effect,1316,-3.3389,3.0,2.0,2.0,Yes,0.121439,Yes
Uncertain meaningful effect,1317,0.3031,3.0,2.0,2.0,No,0.121439,Yes
Uncertain meaningful effect,1318,-2.4414,3.0,2.0,2.0,No,0.121439,Yes
Uncertain meaningful effect,1319,0.0531,3.0,2.0,2.0,No,0.121439,Yes
Uncertain meaningful effect,1320,0.019,3.0,2.0,2.0,No,0.121439,Yes
Uncertain meaningful effect,1321,1.5845,3.0,2.0,2.0,No,0.121439,Yes
Uncertain meaningful effect,1322,-0.0847,3.0,2.0,2.0,No,0.121439,Yes
Uncertain meaningful effect,1323,-0.7754,3.0,2.0,2.0,No,0.121439,Yes
Uncertain meaningful effect,1324,1.4786,3.0,2.0,2.0,No,0.121439,Yes
Uncertain meaningful effect,1325,-0.9553,3.0,2.0,2.0,No,0.121439,Yes
Uncertain meaningful effect,1326,2.0156,3.0,2.0,2.0,No,0.121439,Yes
Uncertain meaningful effect,1327,1.1819,3.0,2.0,2.0,No,0.121439,Yes
Uncertain meaningful effect,1328,-0.3027,3.0,2.0,2.0,No,0.121439,Yes
Uncertain meaningful effect,1329,-1.4604,3.0,2.0,2.0,No,0.121439,Yes
Uncertain meaningful effect,1330,2.7448,3.0,2.0,2.0,No,0.121439,Yes
Uncertain meaningful effect,1331,-1.408,3.0,2.0,2.0,No,0.121439,Yes
Uncertain meaningful effect,1332,0.8639,3.0,2.0,2.0,No,0.121439,Yes
Uncertain meaningful effect,1333,-1.2463,3.0,2.0,2.0,No,0.121439,Yes
Uncertain meaningful effect,1334,-3.4304,3.0,2.0,2.0,Yes,0.121439,Yes
Uncertain meaningful effect,1335,-0.4385,3.0,2.0,2.0,No,0.121439,Yes
Uncertain meaningful effect,1336,2.0805,3.0,2.0,2.0,No,0.121439,Yes
Uncertain meaningful effect,1337,-2.5679,3.0,2.0,2.0,No,0.121439,Yes
Uncertain meaningful effect,1338,-4.5634,3.0,2.0,2.0,Yes,0.121439,Yes
Uncertain meaningful effect,1339,-0.9902,3.0,2.0,2.0,No,0.121439,Yes
Uncertain meaningful effect,1340,-0.4673,3.0,2.0,2.0,No,0.121439,Yes
Uncertain meaningful effect,1341,-2.4072,3.0,2.0,2.0,No,0.121439,Yes
Uncertain meaningful effect,1342,-2.4554,3.0,2.0,2.0,No,0.121439,Yes
Uncertain meaningful effect,1343,3.2272,3.0,2.0,2.0,Yes,0.121439,Yes
Uncertain meaningful effect,1344,3.0597,3.0,2.0,2.0,Yes,0.121439,Yes
Uncertain meaningful effect,1345,0.5426,3.0,2.0,2.0,No,0.121439,Yes
Uncertain meaningful effect,1346,0.2237,3.0,2.0,2.0,No,0.121439,Yes
Uncertain meaningful effect,1347,1.0053,3.0,2.0,2.0,No,0.121439,Yes
Uncertain meaningful effect,1348,-2.5161,3.0,2.0,2.0,No,0.121439,Yes
Uncertain meaningful effect,1349,-1.9003,3.0,2.0,2.0,No,0.121439,Yes
Uncertain meaningful effect,1350,1.317,3.0,2.0,2.0,No,0.121439,Yes
Uncertain meaningful effect,1351,-0.1648,3.0,2.0,2.0,No,0.121439,Yes
Uncertain meaningful effect,1352,-3.7516,3.0,2.0,2.0,Yes,0.121439,Yes
Uncertain meaningful effect,1353,1.8816,3.0,2.0,2.0,No,0.121439,Yes
Uncertain meaningful effect,1354,-2.8012,3.0,2.0,2.0,No,0.121439,Yes
Uncertain meaningful effect,1355,1.1859,3.0,2.0,2.0,No,0.121439,Yes
Uncertain meaningful effect,1356,-2.3522,3.0,2.0,2.0,No,0.121439,Yes
Uncertain meaningful effect,1357,-0.7808,3.0,2.0,2.0,No,0.121439,Yes
Uncertain meaningful effect,1358,-3.852,3.0,2.0,2.0,Yes,0.121439,Yes
Uncertain meaningful effect,1359,-0.9002,3.0,2.0,2.0,No,0.121439,Yes
Uncertain meaningful effect,1360,0.1467,3.0,2.0,2.0,No,0.121439,Yes
Uncertain meaningful effect,1361,0.2671,3.0,2.0,2.0,No,0.121439,Yes
Uncertain meaningful effect,1362,-3.5596,3.0,2.0,2.0,Yes,0.121439,Yes
Uncertain meaningful effect,1363,-0.0596,3.0,2.0,2.0,No,0.121439,Yes
Uncertain meaningful effect,1364,-0.3573,3.0,2.0,2.0,No,0.121439,Yes
Uncertain meaningful effect,1365,0.5455,3.0,2.0,2.0,No,0.121439,Yes
Uncertain meaningful effect,1366,4.3529,3.0,2.0,2.0,Yes,0.121439,Yes
Uncertain meaningful effect,1367,-0.4321,3.0,2.0,2.0,No,0.121439,Yes
Uncertain meaningful effect,1368,0.9901,3.0,2.0,2.0,No,0.121439,Yes
Uncertain meaningful effect,1369,-1.5648,3.0,2.0,2.0,No,0.121439,Yes
Uncertain meaningful effect,1370,0.7913,3.0,2.0,2.0,No,0.121439,Yes
Uncertain meaningful effect,1371,2.2822,3.0,2.0,2.0,No,0.121439,Yes
Uncertain meaningful effect,1372,3.7797,3.0,2.0,2.0,Yes,0.121439,Yes
Uncertain meaningful effect,1373,1.185,3.0,2.0,2.0,No,0.121439,Yes
Uncertain meaningful effect,1374,-1.2375,3.0,2.0,2.0,No,0.121439,Yes
Uncertain meaningful effect,1375,-0.7886,3.0,2.0,2.0,No,0.121439,Yes
Uncertain meaningful effect,1376,0.6072,3.0,2.0,2.0,No,0.121439,Yes
Uncertain meaningful effect,1377,-0.1386,3.0,2.0,2.0,No,0.121439,Yes
Uncertain meaningful effect,1378,0.5064,3.0,2.0,2.0,No,0.121439,Yes
Uncertain meaningful effect,1379,2.378,3.0,2.0,2.0,No,0.121439,Yes
Uncertain meaningful effect,1380,-0.4864,3.0,2.0,2.0,No,0.121439,Yes
Uncertain meaningful effect,1381,4.4899,3.0,2.0,2.0,Yes,0.121439,Yes
Uncertain meaningful effect,1382,0.9299,3.0,2.0,2.0,No,0.121439,Yes
Uncertain meaningful effect,1383,-2.004,3.0,2.0,2.0,No,0.121439,Yes
Uncertain meaningful effect,1384,-1.1399,3.0,2.0,2.0,No,0.121439,Yes
Uncertain meaningful effect,1385,0.782,3.0,2.0,2.0,No,0.121439,Yes
Uncertain meaningful effect,1386,-0.3929,3.0,2.0,2.0,No,0.121439,Yes
Uncertain meaningful effect,1387,2.6061,3.0,2.0,2.0,No,0.121439,Yes
Uncertain meaningful effect,1388,-0.3421,3.0,2.0,2.0,No,0.121439,Yes
Uncertain meaningful effect,1389,0.6864,3.0,2.0,2.0,No,0.121439,Yes
Uncertain meaningful effect,1390,-0.6222,3.0,2.0,2.0,No,0.121439,Yes
Uncertain meaningful effect,1391,-2.3761,3.0,2.0,2.0,No,0.121439,Yes
Uncertain meaningful effect,1392,0.3056,3.0,2.0,2.0,No,0.121439,Yes
Uncertain meaningful effect,1393,-2.3823,3.0,2.0,2.0,No,0.121439,Yes
Uncertain meaningful effect,1394,-0.7218,3.0,2.0,2.0,No,0.121439,Yes
Uncertain meaningful effect,1395,-0.1731,3.0,2.0,2.0,No,0.121439,Yes
Uncertain meaningful effect,1396,-0.79,3.0,2.0,2.0,No,0.121439,Yes
Uncertain meaningful effect,1397,-0.2128,3.0,2.0,2.0,No,0.121439,Yes
Uncertain meaningful effect,1398,-1.5142,3.0,2.0,2.0,No,0.121439,Yes
Uncertain meaningful effect,1399,1.502,3.0,2.0,2.0,No,0.121439,Yes
Uncertain meaningful effect,1400,1.3657,3.0,2.0,2.0,No,0.121439,Yes
Uncertain meaningful effect,1401,-1.7056,3.0,2.0,2.0,No,0.121439,Yes
Uncertain meaningful effect,1402,2.3983,3.0,2.0,2.0,No,0.121439,Yes
Uncertain meaningful effect,1403,-2.3569,3.0,2.0,2.0,No,0.121439,Yes
Uncertain meaningful effect,1404,1.4973,3.0,2.0,2.0,No,0.121439,Yes
Uncertain meaningful effect,1405,-0.3787,3.0,2.0,2.0,No,0.121439,Yes
Uncertain meaningful effect,1406,-3.73,3.0,2.0,2.0,Yes,0.121439,Yes
Uncertain meaningful effect,1407,-0.004,3.0,2.0,2.0,No,0.121439,Yes
Uncertain meaningful effect,1408,-1.4133,3.0,2.0,2.0,No,0.121439,Yes
Uncertain meaningful effect,1409,-1.1724,3.0,2.0,2.0,No,0.121439,Yes
Uncertain meaningful effect,1410,-0.786,3.0,2.0,2.0,No,0.121439,Yes
Uncertain meaningful effect,1411,-0.0349,3.0,2.0,2.0,No,0.121439,Yes
Uncertain meaningful effect,1412,-2.9189,3.0,2.0,2.0,No,0.121439,Yes
Uncertain meaningful effect,1413,-1.7481,3.0,2.0,2.0,No,0.121439,Yes
Uncertain meaningful effect,1414,2.1256,3.0,2.0,2.0,No,0.121439,Yes
Uncertain meaningful effect,1415,-0.3416,3.0,2.0,2.0,No,0.121439,Yes
Uncertain meaningful effect,1416,-2.1265,3.0,2.0,2.0,No,0.121439,Yes
Uncertain meaningful effect,1417,-1.3122,3.0,2.0,2.0,No,0.121439,Yes
Uncertain meaningful effect,1418,1.3959,3.0,2.0,2.0,No,0.121439,Yes
Uncertain meaningful effect,1419,2.4048,3.0,2.0,2.0,No,0.121439,Yes
Uncertain meaningful effect,1420,2.4727,3.0,2.0,2.0,No,0.121439,Yes
Uncertain meaningful effect,1421,0.774,3.0,2.0,2.0,No,0.121439,Yes
Uncertain meaningful effect,1422,1.4256,3.0,2.0,2.0,No,0.121439,Yes
Uncertain meaningful effect,1423,0.3524,3.0,2.0,2.0,No,0.121439,Yes
Uncertain meaningful effect,1424,-1.7796,3.0,2.0,2.0,No,0.121439,Yes
Uncertain meaningful effect,1425,0.8349,3.0,2.0,2.0,No,0.121439,Yes
Uncertain meaningful effect,1426,1.6217,3.0,2.0,2.0,No,0.121439,Yes
Uncertain meaningful effect,1427,2.1115,3.0,2.0,2.0,No,0.121439,Yes
Uncertain meaningful effect,1428,0.3075,3.0,2.0,2.0,No,0.121439,Yes
Uncertain meaningful effect,1429,-1.3552,3.0,2.0,2.0,No,0.121439,Yes
Uncertain meaningful effect,1430,-0.0144,3.0,2.0,2.0,No,0.121439,Yes
Uncertain meaningful effect,1431,-3.7978,3.0,2.0,2.0,Yes,0.121439,Yes
Uncertain meaningful effect,1432,-1.3287,3.0,2.0,2.0,No,0.121439,Yes
Uncertain meaningful effect,1433,0.2062,3.0,2.0,2.0,No,0.121439,Yes
Uncertain meaningful effect,1434,1.8573,3.0,2.0,2.0,No,0.121439,Yes
Uncertain meaningful effect,1435,2.203,3.0,2.0,2.0,No,0.121439,Yes
Uncertain meaningful effect,1436,-1.7852,3.0,2.0,2.0,No,0.121439,Yes
Uncertain meaningful effect,1437,0.833,3.0,2.0,2.0,No,0.121439,Yes
Uncertain meaningful effect,1438,-1.3416,3.0,2.0,2.0,No,0.121439,Yes
Uncertain meaningful effect,1439,3.8405,3.0,2.0,2.0,Yes,0.121439,Yes
Uncertain meaningful effect,1440,0.1851,3.0,2.0,2.0,No,0.121439,Yes
Uncertain meaningful effect,1441,-0.2951,3.0,2.0,2.0,No,0.121439,Yes
Uncertain meaningful effect,1442,2.8833,3.0,2.0,2.0,No,0.121439,Yes
Uncertain meaningful effect,1443,-2.208,3.0,2.0,2.0,No,0.121439,Yes
Uncertain meaningful effect,1444,-0.7913,3.0,2.0,2.0,No,0.121439,Yes
Uncertain meaningful effect,1445,-0.6608,3.0,2.0,2.0,No,0.121439,Yes
Uncertain meaningful effect,1446,-0.4082,3.0,2.0,2.0,No,0.121439,Yes
Uncertain meaningful effect,1447,-3.269,3.0,2.0,2.0,Yes,0.121439,Yes
Uncertain meaningful effect,1448,1.067,3.0,2.0,2.0,No,0.121439,Yes
Uncertain meaningful effect,1449,0.9463,3.0,2.0,2.0,No,0.121439,Yes
Uncertain meaningful effect,1450,2.9337,3.0,2.0,2.0,No,0.121439,Yes
Uncertain meaningful effect,1451,0.5902,3.0,2.0,2.0,No,0.121439,Yes
Uncertain meaningful effect,1452,0.6825,3.0,2.0,2.0,No,0.121439,Yes
Uncertain meaningful effect,1453,0.7137,3.0,2.0,2.0,No,0.121439,Yes
Uncertain meaningful effect,1454,-0.1295,3.0,2.0,2.0,No,0.121439,Yes
Uncertain meaningful effect,1455,-0.5157,3.0,2.0,2.0,No,0.121439,Yes
Uncertain meaningful effect,1456,0.9035,3.0,2.0,2.0,No,0.121439,Yes
Uncertain meaningful effect,1457,4.2825,3.0,2.0,2.0,Yes,0.121439,Yes
Uncertain meaningful effect,1458,0.8151,3.0,2.0,2.0,No,0.121439,Yes
Uncertain meaningful effect,1459,-0.758,3.0,2.0,2.0,No,0.121439,Yes
Uncertain meaningful effect,1460,3.5904,3.0,2.0,2.0,Yes,0.121439,Yes
Uncertain meaningful effect,1461,-3.9958,3.0,2.0,2.0,Yes,0.121439,Yes
Uncertain meaningful effect,1462,4.0461,3.0,2.0,2.0,Yes,0.121439,Yes
Uncertain meaningful effect,1463,1.3981,3.0,2.0,2.0,No,0.121439,Yes
Uncertain meaningful effect,1464,2.0941,3.0,2.0,2.0,No,0.121439,Yes
Uncertain meaningful effect,1465,-0.9376,3.0,2.0,2.0,No,0.121439,Yes
Uncertain meaningful effect,1466,0.0066,3.0,2.0,2.0,No,0.121439,Yes
Uncertain meaningful effect,1467,-1.0057,3.0,2.0,2.0,No,0.121439,Yes
Uncertain meaningful effect,1468,-2.3521,3.0,2.0,2.0,No,0.121439,Yes
Uncertain meaningful effect,1469,0.5238,3.0,2.0,2.0,No,0.121439,Yes
Uncertain meaningful effect,1470,0.0287,3.0,2.0,2.0,No,0.121439,Yes
Uncertain meaningful effect,1471,1.6855,3.0,2.0,2.0,No,0.121439,Yes
Uncertain meaningful effect,1472,-0.2267,3.0,2.0,2.0,No,0.121439,Yes
Uncertain meaningful effect,1473,2.0438,3.0,2.0,2.0,No,0.121439,Yes
Uncertain meaningful effect,1474,-0.8984,3.0,2.0,2.0,No,0.121439,Yes
Uncertain meaningful effect,1475,1.771,3.0,2.0,2.0,No,0.121439,Yes
Uncertain meaningful effect,1476,-2.3756,3.0,2.0,2.0,No,0.121439,Yes
Uncertain meaningful effect,1477,-0.5414,3.0,2.0,2.0,No,0.121439,Yes
Uncertain meaningful effect,1478,0.9937,3.0,2.0,2.0,No,0.121439,Yes
Uncertain meaningful effect,1479,-1.688,3.0,2.0,2.0,No,0.121439,Yes
Uncertain meaningful effect,1480,-2.3835,3.0,2.0,2.0,No,0.121439,Yes
Uncertain meaningful effect,1481,-3.5002,3.0,2.0,2.0,Yes,0.121439,Yes
Uncertain meaningful effect,1482,1.6548,3.0,2.0,2.0,No,0.121439,Yes
Uncertain meaningful effect,1483,-1.3429,3.0,2.0,2.0,No,0.121439,Yes
Uncertain meaningful effect,1484,-1.0776,3.0,2.0,2.0,No,0.121439,Yes
Uncertain meaningful effect,1485,-1.381,3.0,2.0,2.0,No,0.121439,Yes
Uncertain meaningful effect,1486,-0.7376,3.0,2.0,2.0,No,0.121439,Yes
Uncertain meaningful effect,1487,-2.1681,3.0,2.0,2.0,No,0.121439,Yes
Uncertain meaningful effect,1488,2.6254,3.0,2.0,2.0,No,0.121439,Yes
Uncertain meaningful effect,1489,-1.8407,3.0,2.0,2.0,No,0.121439,Yes
Uncertain meaningful effect,1490,1.0469,3.0,2.0,2.0,No,0.121439,Yes
Uncertain meaningful effect,1491,-3.4109,3.0,2.0,2.0,Yes,0.121439,Yes
Uncertain meaningful effect,1492,-3.2229,3.0,2.0,2.0,Yes,0.121439,Yes
Uncertain meaningful effect,1493,-2.3454,3.0,2.0,2.0,No,0.121439,Yes
Uncertain meaningful effect,1494,1.7715,3.0,2.0,2.0,No,0.121439,Yes
Uncertain meaningful effect,1495,-1.3485,3.0,2.0,2.0,No,0.121439,Yes
Uncertain meaningful effect,1496,0.4488,3.0,2.0,2.0,No,0.121439,Yes
Uncertain meaningful effect,1497,0.5438,3.0,2.0,2.0,No,0.121439,Yes
Uncertain meaningful effect,1498,-3.6047,3.0,2.0,2.0,Yes,0.121439,Yes
Uncertain meaningful effect,1499,0.4986,3.0,2.0,2.0,No,0.121439,Yes
Uncertain meaningful effect,1500,3.0916,3.0,2.0,2.0,Yes,0.121439,Yes
Uncertain meaningful effect,1501,0.863,3.0,2.0,2.0,No,0.121439,Yes
Uncertain meaningful effect,1502,1.5815,3.0,2.0,2.0,No,0.121439,Yes
Uncertain meaningful effect,1503,-1.882,3.0,2.0,2.0,No,0.121439,Yes
Uncertain meaningful effect,1504,0.0927,3.0,2.0,2.0,No,0.121439,Yes
Uncertain meaningful effect,1505,0.8948,3.0,2.0,2.0,No,0.121439,Yes
Uncertain meaningful effect,1506,-0.8426,3.0,2.0,2.0,No,0.121439,Yes
Uncertain meaningful effect,1507,6.2259,3.0,2.0,2.0,Yes,0.121439,Yes
Uncertain meaningful effect,1508,1.9597,3.0,2.0,2.0,No,0.121439,Yes
Uncertain meaningful effect,1509,-2.1849,3.0,2.0,2.0,No,0.121439,Yes
Uncertain meaningful effect,1510,-3.2583,3.0,2.0,2.0,Yes,0.121439,Yes
Uncertain meaningful effect,1511,0.3206,3.0,2.0,2.0,No,0.121439,Yes
Uncertain meaningful effect,1512,-1.688,3.0,2.0,2.0,No,0.121439,Yes
Uncertain meaningful effect,1513,-2.9876,3.0,2.0,2.0,No,0.121439,Yes
Uncertain meaningful effect,1514,-0.5114,3.0,2.0,2.0,No,0.121439,Yes
Uncertain meaningful effect,1515,2.3458,3.0,2.0,2.0,No,0.121439,Yes
Uncertain meaningful effect,1516,1.6179,3.0,2.0,2.0,No,0.121439,Yes
Uncertain meaningful effect,1517,-2.1728,3.0,2.0,2.0,No,0.121439,Yes
Uncertain meaningful effect,1518,1.7733,3.0,2.0,2.0,No,0.121439,Yes
Uncertain meaningful effect,1519,2.0824,3.0,2.0,2.0,No,0.121439,Yes
Uncertain meaningful effect,1520,2.675,3.0,2.0,2.0,No,0.121439,Yes
Uncertain meaningful effect,1521,-0.8898,3.0,2.0,2.0,No,0.121439,Yes
Uncertain meaningful effect,1522,2.8961,3.0,2.0,2.0,No,0.121439,Yes
Uncertain meaningful effect,1523,0.0576,3.0,2.0,2.0,No,0.121439,Yes
Uncertain meaningful effect,1524,1.2506,3.0,2.0,2.0,No,0.121439,Yes
Uncertain meaningful effect,1525,1.3963,3.0,2.0,2.0,No,0.121439,Yes
Uncertain meaningful effect,1526,3.3269,3.0,2.0,2.0,Yes,0.121439,Yes
Uncertain meaningful effect,1527,1.224,3.0,2.0,2.0,No,0.121439,Yes
Uncertain meaningful effect,1528,0.2132,3.0,2.0,2.0,No,0.121439,Yes
Uncertain meaningful effect,1529,-1.8549,3.0,2.0,2.0,No,0.121439,Yes
Uncertain meaningful effect,1530,0.3968,3.0,2.0,2.0,No,0.121439,Yes
Uncertain meaningful effect,1531,-0.5659,3.0,2.0,2.0,No,0.121439,Yes
Uncertain meaningful effect,1532,-2.7602,3.0,2.0,2.0,No,0.121439,Yes
Uncertain meaningful effect,1533,-1.1618,3.0,2.0,2.0,No,0.121439,Yes
Uncertain meaningful effect,1534,-1.6502,3.0,2.0,2.0,No,0.121439,Yes
Uncertain meaningful effect,1535,-0.8917,3.0,2.0,2.0,No,0.121439,Yes
Uncertain meaningful effect,1536,-2.8406,3.0,2.0,2.0,No,0.121439,Yes
Uncertain meaningful effect,1537,-0.4069,3.0,2.0,2.0,No,0.121439,Yes
Uncertain meaningful effect,1538,-0.6382,3.0,2.0,2.0,No,0.121439,Yes
Uncertain meaningful effect,1539,-0.787,3.0,2.0,2.0,No,0.121439,Yes
Uncertain meaningful effect,1540,-1.4541,3.0,2.0,2.0,No,0.121439,Yes
Uncertain meaningful effect,1541,0.1161,3.0,2.0,2.0,No,0.121439,Yes
Uncertain meaningful effect,1542,-0.6098,3.0,2.0,2.0,No,0.121439,Yes
Uncertain meaningful effect,1543,-0.5581,3.0,2.0,2.0,No,0.121439,Yes
Uncertain meaningful effect,1544,0.2559,3.0,2.0,2.0,No,0.121439,Yes
Uncertain meaningful effect,1545,1.6665,3.0,2.0,2.0,No,0.121439,Yes
Uncertain meaningful effect,1546,-0.0233,3.0,2.0,2.0,No,0.121439,Yes
Uncertain meaningful effect,1547,-0.6513,3.0,2.0,2.0,No,0.121439,Yes
Uncertain meaningful effect,1548,5.6346,3.0,2.0,2.0,Yes,0.121439,Yes
Uncertain meaningful effect,1549,0.7523,3.0,2.0,2.0,No,0.121439,Yes
Uncertain meaningful effect,1550,-2.7354,3.0,2.0,2.0,No,0.121439,Yes
Uncertain meaningful effect,1551,-0.5045,3.0,2.0,2.0,No,0.121439,Yes
Uncertain meaningful effect,1552,0.6052,3.0,2.0,2.0,No,0.121439,Yes
Uncertain meaningful effect,1553,0.7165,3.0,2.0,2.0,No,0.121439,Yes
Uncertain meaningful effect,1554,1.923,3.0,2.0,2.0,No,0.121439,Yes
Uncertain meaningful effect,1555,0.9238,3.0,2.0,2.0,No,0.121439,Yes
Uncertain meaningful effect,1556,-1.9165,3.0,2.0,2.0,No,0.121439,Yes
Uncertain meaningful effect,1557,0.5679,3.0,2.0,2.0,No,0.121439,Yes
Uncertain meaningful effect,1558,2.2641,3.0,2.0,2.0,No,0.121439,Yes
Uncertain meaningful effect,1559,-2.418,3.0,2.0,2.0,No,0.121439,Yes
Uncertain meaningful effect,1560,1.1201,3.0,2.0,2.0,No,0.121439,Yes
Uncertain meaningful effect,1561,-4.6997,3.0,2.0,2.0,Yes,0.121439,Yes
Uncertain meaningful effect,1562,1.147,3.0,2.0,2.0,No,0.121439,Yes
Uncertain meaningful effect,1563,-1.8819,3.0,2.0,2.0,No,0.121439,Yes
Uncertain meaningful effect,1564,2.1921,3.0,2.0,2.0,No,0.121439,Yes
Uncertain meaningful effect,1565,3.4702,3.0,2.0,2.0,Yes,0.121439,Yes
Uncertain meaningful effect,1566,-1.0463,3.0,2.0,2.0,No,0.121439,Yes
Uncertain meaningful effect,1567,-0.6821,3.0,2.0,2.0,No,0.121439,Yes
Uncertain meaningful effect,1568,0.4405,3.0,2.0,2.0,No,0.121439,Yes
Uncertain meaningful effect,1569,-1.8654,3.0,2.0,2.0,No,0.121439,Yes
Uncertain meaningful effect,1570,-1.1185,3.0,2.0,2.0,No,0.121439,Yes
Uncertain meaningful effect,1571,0.4841,3.0,2.0,2.0,No,0.121439,Yes
Uncertain meaningful effect,1572,0.485,3.0,2.0,2.0,No,0.121439,Yes
Uncertain meaningful effect,1573,1.1109,3.0,2.0,2.0,No,0.121439,Yes
Uncertain meaningful effect,1574,-3.2857,3.0,2.0,2.0,Yes,0.121439,Yes
Uncertain meaningful effect,1575,1.9266,3.0,2.0,2.0,No,0.121439,Yes
Uncertain meaningful effect,1576,2.0391,3.0,2.0,2.0,No,0.121439,Yes
Uncertain meaningful effect,1577,1.456,3.0,2.0,2.0,No,0.121439,Yes
Uncertain meaningful effect,1578,0.2874,3.0,2.0,2.0,No,0.121439,Yes
Uncertain meaningful effect,1579,-2.2494,3.0,2.0,2.0,No,0.121439,Yes
Uncertain meaningful effect,1580,0.7208,3.0,2.0,2.0,No,0.121439,Yes
Uncertain meaningful effect,1581,3.5449,3.0,2.0,2.0,Yes,0.121439,Yes
Uncertain meaningful effect,1582,0.6348,3.0,2.0,2.0,No,0.121439,Yes
Uncertain meaningful effect,1583,-1.622,3.0,2.0,2.0,No,0.121439,Yes
Uncertain meaningful effect,1584,0.9686,3.0,2.0,2.0,No,0.121439,Yes
Uncertain meaningful effect,1585,0.3664,3.0,2.0,2.0,No,0.121439,Yes
Uncertain meaningful effect,1586,-1.2529,3.0,2.0,2.0,No,0.121439,Yes
Uncertain meaningful effect,1587,-2.3503,3.0,2.0,2.0,No,0.121439,Yes
Uncertain meaningful effect,1588,1.8817,3.0,2.0,2.0,No,0.121439,Yes
Uncertain meaningful effect,1589,0.9912,3.0,2.0,2.0,No,0.121439,Yes
Uncertain meaningful effect,1590,0.1386,3.0,2.0,2.0,No,0.121439,Yes
Uncertain meaningful effect,1591,-1.421,3.0,2.0,2.0,No,0.121439,Yes
Uncertain meaningful effect,1592,0.6487,3.0,2.0,2.0,No,0.121439,Yes
Uncertain meaningful effect,1593,-0.3024,3.0,2.0,2.0,No,0.121439,Yes
Uncertain meaningful effect,1594,0.7809,3.0,2.0,2.0,No,0.121439,Yes
Uncertain meaningful effect,1595,-0.5442,3.0,2.0,2.0,No,0.121439,Yes
Uncertain meaningful effect,1596,-3.7841,3.0,2.0,2.0,Yes,0.121439,Yes
Uncertain meaningful effect,1597,0.298,3.0,2.0,2.0,No,0.121439,Yes
Uncertain meaningful effect,1598,0.1623,3.0,2.0,2.0,No,0.121439,Yes
Uncertain meaningful effect,1599,1.2254,3.0,2.0,2.0,No,0.121439,Yes
Uncertain meaningful effect,1600,0.1883,3.0,2.0,2.0,No,0.121439,Yes
Uncertain meaningful effect,1601,1.4077,3.0,2.0,2.0,No,0.121439,Yes
Uncertain meaningful effect,1602,1.5177,3.0,2.0,2.0,No,0.121439,Yes
Uncertain meaningful effect,1603,0.0426,3.0,2.0,2.0,No,0.121439,Yes
Uncertain meaningful effect,1604,-1.1458,3.0,2.0,2.0,No,0.121439,Yes
Uncertain meaningful effect,1605,1.7002,3.0,2.0,2.0,No,0.121439,Yes
Uncertain meaningful effect,1606,1.0219,3.0,2.0,2.0,No,0.121439,Yes
Uncertain meaningful effect,1607,-2.221,3.0,2.0,2.0,No,0.121439,Yes
Uncertain meaningful effect,1608,2.0173,3.0,2.0,2.0,No,0.121439,Yes
Uncertain meaningful effect,1609,0.103,3.0,2.0,2.0,No,0.121439,Yes
Uncertain meaningful effect,1610,1.7233,3.0,2.0,2.0,No,0.121439,Yes
Uncertain meaningful effect,1611,-0.4634,3.0,2.0,2.0,No,0.121439,Yes
Uncertain meaningful effect,1612,0.3021,3.0,2.0,2.0,No,0.121439,Yes
Uncertain meaningful effect,1613,-0.0106,3.0,2.0,2.0,No,0.121439,Yes
Uncertain meaningful effect,1614,-5.77,3.0,2.0,2.0,Yes,0.121439,Yes
Uncertain meaningful effect,1615,-2.7726,3.0,2.0,2.0,No,0.121439,Yes
Uncertain meaningful effect,1616,2.659,3.0,2.0,2.0,No,0.121439,Yes
Uncertain meaningful effect,1617,-0.2651,3.0,2.0,2.0,No,0.121439,Yes
Uncertain meaningful effect,1618,1.2069,3.0,2.0,2.0,No,0.121439,Yes
Uncertain meaningful effect,1619,-1.1288,3.0,2.0,2.0,No,0.121439,Yes
Uncertain meaningful effect,1620,0.4859,3.0,2.0,2.0,No,0.121439,Yes
Uncertain meaningful effect,1621,-1.2728,3.0,2.0,2.0,No,0.121439,Yes
Uncertain meaningful effect,1622,-1.1002,3.0,2.0,2.0,No,0.121439,Yes
Uncertain meaningful effect,1623,-1.129,3.0,2.0,2.0,No,0.121439,Yes
Uncertain meaningful effect,1624,3.7642,3.0,2.0,2.0,Yes,0.121439,Yes
Uncertain meaningful effect,1625,1.031,3.0,2.0,2.0,No,0.121439,Yes
Uncertain meaningful effect,1626,-2.2474,3.0,2.0,2.0,No,0.121439,Yes
Uncertain meaningful effect,1627,-1.8159,3.0,2.0,2.0,No,0.121439,Yes
Uncertain meaningful effect,1628,-1.6103,3.0,2.0,2.0,No,0.121439,Yes
Uncertain meaningful effect,1629,2.0811,3.0,2.0,2.0,No,0.121439,Yes
Uncertain meaningful effect,1630,2.8276,3.0,2.0,2.0,No,0.121439,Yes
Uncertain meaningful effect,1631,1.1309,3.0,2.0,2.0,No,0.121439,Yes
Uncertain meaningful effect,1632,-1.0017,3.0,2.0,2.0,No,0.121439,Yes
Uncertain meaningful effect,1633,-2.1963,3.0,2.0,2.0,No,0.121439,Yes
Uncertain meaningful effect,1634,1.2999,3.0,2.0,2.0,No,0.121439,Yes
Uncertain meaningful effect,1635,-1.1569,3.0,2.0,2.0,No,0.121439,Yes
Uncertain meaningful effect,1636,-2.2539,3.0,2.0,2.0,No,0.121439,Yes
Uncertain meaningful effect,1637,-0.2479,3.0,2.0,2.0,No,0.121439,Yes
Uncertain meaningful effect,1638,-1.2701,3.0,2.0,2.0,No,0.121439,Yes
Uncertain meaningful effect,1639,1.6269,3.0,2.0,2.0,No,0.121439,Yes
Uncertain meaningful effect,1640,-3.3265,3.0,2.0,2.0,Yes,0.121439,Yes
Uncertain meaningful effect,1641,2.109,3.0,2.0,2.0,No,0.121439,Yes
Uncertain meaningful effect,1642,-0.4684,3.0,2.0,2.0,No,0.121439,Yes
Uncertain meaningful effect,1643,-0.3585,3.0,2.0,2.0,No,0.121439,Yes
Uncertain meaningful effect,1644,5.3108,3.0,2.0,2.0,Yes,0.121439,Yes
Uncertain meaningful effect,1645,-2.9562,3.0,2.0,2.0,No,0.121439,Yes
Uncertain meaningful effect,1646,-1.1644,3.0,2.0,2.0,No,0.121439,Yes
Uncertain meaningful effect,1647,-1.289,3.0,2.0,2.0,No,0.121439,Yes
Uncertain meaningful effect,1648,0.8069,3.0,2.0,2.0,No,0.121439,Yes
Uncertain meaningful effect,1649,-0.2588,3.0,2.0,2.0,No,0.121439,Yes
Uncertain meaningful effect,1650,2.8012,3.0,2.0,2.0,No,0.121439,Yes
Uncertain meaningful effect,1651,-1.4142,3.0,2.0,2.0,No,0.121439,Yes
Uncertain meaningful effect,1652,3.8102,3.0,2.0,2.0,Yes,0.121439,Yes
Uncertain meaningful effect,1653,0.1193,3.0,2.0,2.0,No,0.121439,Yes
Uncertain meaningful effect,1654,0.5427,3.0,2.0,2.0,No,0.121439,Yes
Uncertain meaningful effect,1655,1.3785,3.0,2.0,2.0,No,0.121439,Yes
Uncertain meaningful effect,1656,1.192,3.0,2.0,2.0,No,0.121439,Yes
Uncertain meaningful effect,1657,-2.2839,3.0,2.0,2.0,No,0.121439,Yes
Uncertain meaningful effect,1658,-2.055,3.0,2.0,2.0,No,0.121439,Yes
Uncertain meaningful effect,1659,1.025,3.0,2.0,2.0,No,0.121439,Yes
Uncertain meaningful effect,1660,-1.252,3.0,2.0,2.0,No,0.121439,Yes
Uncertain meaningful effect,1661,-2.1473,3.0,2.0,2.0,No,0.121439,Yes
Uncertain meaningful effect,1662,-1.766,3.0,2.0,2.0,No,0.121439,Yes
Uncertain meaningful effect,1663,-1.0014,3.0,2.0,2.0,No,0.121439,Yes
Uncertain meaningful effect,1664,1.2605,3.0,2.0,2.0,No,0.121439,Yes
Uncertain meaningful effect,1665,1.2825,3.0,2.0,2.0,No,0.121439,Yes
Uncertain meaningful effect,1666,0.1609,3.0,2.0,2.0,No,0.121439,Yes
Uncertain meaningful effect,1667,0.9701,3.0,2.0,2.0,No,0.121439,Yes
Uncertain meaningful effect,1668,2.1289,3.0,2.0,2.0,No,0.121439,Yes
Uncertain meaningful effect,1669,5.0102,3.0,2.0,2.0,Yes,0.121439,Yes
Uncertain meaningful effect,1670,2.0741,3.0,2.0,2.0,No,0.121439,Yes
Uncertain meaningful effect,1671,-1.8309,3.0,2.0,2.0,No,0.121439,Yes
Uncertain meaningful effect,1672,1.3734,3.0,2.0,2.0,No,0.121439,Yes
Uncertain meaningful effect,1673,-5.6182,3.0,2.0,2.0,Yes,0.121439,Yes
Uncertain meaningful effect,1674,0.049,3.0,2.0,2.0,No,0.121439,Yes
Uncertain meaningful effect,1675,0.3159,3.0,2.0,2.0,No,0.121439,Yes
Uncertain meaningful effect,1676,-1.9806,3.0,2.0,2.0,No,0.121439,Yes
Uncertain meaningful effect,1677,2.5343,3.0,2.0,2.0,No,0.121439,Yes
Uncertain meaningful effect,1678,0.7829,3.0,2.0,2.0,No,0.121439,Yes
Uncertain meaningful effect,1679,3.7402,3.0,2.0,2.0,Yes,0.121439,Yes
Uncertain meaningful effect,1680,-1.3649,3.0,2.0,2.0,No,0.121439,Yes
Uncertain meaningful effect,1681,0.049,3.0,2.0,2.0,No,0.121439,Yes
Uncertain meaningful effect,1682,0.5549,3.0,2.0,2.0,No,0.121439,Yes
Uncertain meaningful effect,1683,0.7948,3.0,2.0,2.0,No,0.121439,Yes
Uncertain meaningful effect,1684,-0.2662,3.0,2.0,2.0,No,0.121439,Yes
Uncertain meaningful effect,1685,-2.206,3.0,2.0,2.0,No,0.121439,Yes
Uncertain meaningful effect,1686,-0.7809,3.0,2.0,2.0,No,0.121439,Yes
Uncertain meaningful effect,1687,0.46,3.0,2.0,2.0,No,0.121439,Yes
Uncertain meaningful effect,1688,-0.6794,3.0,2.0,2.0,No,0.121439,Yes
Uncertain meaningful effect,1689,-0.9295,3.0,2.0,2.0,No,0.121439,Yes
Uncertain meaningful effect,1690,2.2111,3.0,2.0,2.0,No,0.121439,Yes
Uncertain meaningful effect,1691,1.1124,3.0,2.0,2.0,No,0.121439,Yes
Uncertain meaningful effect,1692,0.712,3.0,2.0,2.0,No,0.121439,Yes
Uncertain meaningful effect,1693,-2.5758,3.0,2.0,2.0,No,0.121439,Yes
Uncertain meaningful effect,1694,1.2097,3.0,2.0,2.0,No,0.121439,Yes
Uncertain meaningful effect,1695,0.9423,3.0,2.0,2.0,No,0.121439,Yes
Uncertain meaningful effect,1696,1.1306,3.0,2.0,2.0,No,0.121439,Yes
Uncertain meaningful effect,1697,-2.1825,3.0,2.0,2.0,No,0.121439,Yes
Uncertain meaningful effect,1698,-1.2449,3.0,2.0,2.0,No,0.121439,Yes
Uncertain meaningful effect,1699,-0.0674,3.0,2.0,2.0,No,0.121439,Yes
Uncertain meaningful effect,1700,0.5879,3.0,2.0,2.0,No,0.121439,Yes
Uncertain meaningful effect,1701,-1.1835,3.0,2.0,2.0,No,0.121439,Yes
Uncertain meaningful effect,1702,1.9671,3.0,2.0,2.0,No,0.121439,Yes
Uncertain meaningful effect,1703,2.3621,3.0,2.0,2.0,No,0.121439,Yes
Uncertain meaningful effect,1704,2.9758,3.0,2.0,2.0,No,0.121439,Yes
Uncertain meaningful effect,1705,3.1382,3.0,2.0,2.0,Yes,0.121439,Yes
Uncertain meaningful effect,1706,-1.7832,3.0,2.0,2.0,No,0.121439,Yes
Uncertain meaningful effect,1707,0.9802,3.0,2.0,2.0,No,0.121439,Yes
Uncertain meaningful effect,1708,1.428,3.0,2.0,2.0,No,0.121439,Yes
Uncertain meaningful effect,1709,2.3264,3.0,2.0,2.0,No,0.121439,Yes
Uncertain meaningful effect,1710,-0.6485,3.0,2.0,2.0,No,0.121439,Yes
Uncertain meaningful effect,1711,4.82,3.0,2.0,2.0,Yes,0.121439,Yes
Uncertain meaningful effect,1712,3.7695,3.0,2.0,2.0,Yes,0.121439,Yes
Uncertain meaningful effect,1713,-3.0437,3.0,2.0,2.0,Yes,0.121439,Yes
Uncertain meaningful effect,1714,1.4617,3.0,2.0,2.0,No,0.121439,Yes
Uncertain meaningful effect,1715,0.5465,3.0,2.0,2.0,No,0.121439,Yes
Uncertain meaningful effect,1716,-2.9338,3.0,2.0,2.0,No,0.121439,Yes
Uncertain meaningful effect,1717,-0.5565,3.0,2.0,2.0,No,0.121439,Yes
Uncertain meaningful effect,1718,-2.0189,3.0,2.0,2.0,No,0.121439,Yes
Uncertain meaningful effect,1719,0.8288,3.0,2.0,2.0,No,0.121439,Yes
Uncertain meaningful effect,1720,2.0668,3.0,2.0,2.0,No,0.121439,Yes
Uncertain meaningful effect,1721,-2.1636,3.0,2.0,2.0,No,0.121439,Yes
Uncertain meaningful effect,1722,-0.0996,3.0,2.0,2.0,No,0.121439,Yes
Uncertain meaningful effect,1723,-4.2263,3.0,2.0,2.0,Yes,0.121439,Yes
Uncertain meaningful effect,1724,2.1477,3.0,2.0,2.0,No,0.121439,Yes
Uncertain meaningful effect,1725,1.7499,3.0,2.0,2.0,No,0.121439,Yes
Uncertain meaningful effect,1726,0.6193,3.0,2.0,2.0,No,0.121439,Yes
Uncertain meaningful effect,1727,-0.3139,3.0,2.0,2.0,No,0.121439,Yes
Uncertain meaningful effect,1728,1.4606,3.0,2.0,2.0,No,0.121439,Yes
Uncertain meaningful effect,1729,-0.3542,3.0,2.0,2.0,No,0.121439,Yes
Uncertain meaningful effect,1730,2.5907,3.0,2.0,2.0,No,0.121439,Yes
Uncertain meaningful effect,1731,-1.3665,3.0,2.0,2.0,No,0.121439,Yes
Uncertain meaningful effect,1732,-0.3231,3.0,2.0,2.0,No,0.121439,Yes
Uncertain meaningful effect,1733,-0.8432,3.0,2.0,2.0,No,0.121439,Yes
Uncertain meaningful effect,1734,-1.7988,3.0,2.0,2.0,No,0.121439,Yes
Uncertain meaningful effect,1735,-1.7025,3.0,2.0,2.0,No,0.121439,Yes
Uncertain meaningful effect,1736,-1.6481,3.0,2.0,2.0,No,0.121439,Yes
Uncertain meaningful effect,1737,3.2103,3.0,2.0,2.0,Yes,0.121439,Yes
Uncertain meaningful effect,1738,0.1698,3.0,2.0,2.0,No,0.121439,Yes
Uncertain meaningful effect,1739,-0.8479,3.0,2.0,2.0,No,0.121439,Yes
Uncertain meaningful effect,1740,0.6726,3.0,2.0,2.0,No,0.121439,Yes
Uncertain meaningful effect,1741,2.077,3.0,2.0,2.0,No,0.121439,Yes
Uncertain meaningful effect,1742,1.7031,3.0,2.0,2.0,No,0.121439,Yes
Uncertain meaningful effect,1743,4.0753,3.0,2.0,2.0,Yes,0.121439,Yes
Uncertain meaningful effect,1744,0.1345,3.0,2.0,2.0,No,0.121439,Yes
Uncertain meaningful effect,1745,-1.1973,3.0,2.0,2.0,No,0.121439,Yes
Uncertain meaningful effect,1746,0.9304,3.0,2.0,2.0,No,0.121439,Yes
Uncertain meaningful effect,1747,-0.5888,3.0,2.0,2.0,No,0.121439,Yes
Uncertain meaningful effect,1748,-1.1272,3.0,2.0,2.0,No,0.121439,Yes
Uncertain meaningful effect,1749,0.9798,3.0,2.0,2.0,No,0.121439,Yes
Uncertain meaningful effect,1750,5.3945,3.0,2.0,2.0,Yes,0.121439,Yes
Uncertain meaningful effect,1751,-3.0914,3.0,2.0,2.0,Yes,0.121439,Yes
Uncertain meaningful effect,1752,-3.194,3.0,2.0,2.0,Yes,0.121439,Yes
Uncertain meaningful effect,1753,0.465,3.0,2.0,2.0,No,0.121439,Yes
Uncertain meaningful effect,1754,2.4537,3.0,2.0,2.0,No,0.121439,Yes
Uncertain meaningful effect,1755,1.1639,3.0,2.0,2.0,No,0.121439,Yes
Uncertain meaningful effect,1756,1.3005,3.0,2.0,2.0,No,0.121439,Yes
Uncertain meaningful effect,1757,0.6599,3.0,2.0,2.0,No,0.121439,Yes
Uncertain meaningful effect,1758,1.4231,3.0,2.0,2.0,No,0.121439,Yes
Uncertain meaningful effect,1759,-1.6127,3.0,2.0,2.0,No,0.121439,Yes
Uncertain meaningful effect,1760,2.7475,3.0,2.0,2.0,No,0.121439,Yes
Uncertain meaningful effect,1761,-2.6714,3.0,2.0,2.0,No,0.121439,Yes
Uncertain meaningful effect,1762,0.5596,3.0,2.0,2.0,No,0.121439,Yes
Uncertain meaningful effect,1763,-2.1861,3.0,2.0,2.0,No,0.121439,Yes
Uncertain meaningful effect,1764,-0.73,3.0,2.0,2.0,No,0.121439,Yes
Uncertain meaningful effect,1765,-0.5937,3.0,2.0,2.0,No,0.121439,Yes
Uncertain meaningful effect,1766,-0.1422,3.0,2.0,2.0,No,0.121439,Yes
Uncertain meaningful effect,1767,1.063,3.0,2.0,2.0,No,0.121439,Yes
Uncertain meaningful effect,1768,2.1589,3.0,2.0,2.0,No,0.121439,Yes
Uncertain meaningful effect,1769,0.8893,3.0,2.0,2.0,No,0.121439,Yes
Uncertain meaningful effect,1770,0.6844,3.0,2.0,2.0,No,0.121439,Yes
Uncertain meaningful effect,1771,-2.4258,3.0,2.0,2.0,No,0.121439,Yes
Uncertain meaningful effect,1772,-2.2588,3.0,2.0,2.0,No,0.121439,Yes
Uncertain meaningful effect,1773,-2.4133,3.0,2.0,2.0,No,0.121439,Yes
Uncertain meaningful effect,1774,-4.4416,3.0,2.0,2.0,Yes,0.121439,Yes
Uncertain meaningful effect,1775,-3.8203,3.0,2.0,2.0,Yes,0.121439,Yes
Uncertain meaningful effect,1776,-2.4181,3.0,2.0,2.0,No,0.121439,Yes
Uncertain meaningful effect,1777,-0.1205,3.0,2.0,2.0,No,0.121439,Yes
Uncertain meaningful effect,1778,3.407,3.0,2.0,2.0,Yes,0.121439,Yes
Uncertain meaningful effect,1779,0.6828,3.0,2.0,2.0,No,0.121439,Yes
Uncertain meaningful effect,1780,1.5502,3.0,2.0,2.0,No,0.121439,Yes
Uncertain meaningful effect,1781,0.1002,3.0,2.0,2.0,No,0.121439,Yes
Uncertain meaningful effect,1782,1.1453,3.0,2.0,2.0,No,0.121439,Yes
Uncertain meaningful effect,1783,2.8444,3.0,2.0,2.0,No,0.121439,Yes
Uncertain meaningful effect,1784,-3.9578,3.0,2.0,2.0,Yes,0.121439,Yes
Uncertain meaningful effect,1785,1.2789,3.0,2.0,2.0,No,0.121439,Yes
Uncertain meaningful effect,1786,4.1347,3.0,2.0,2.0,Yes,0.121439,Yes
Uncertain meaningful effect,1787,3.0832,3.0,2.0,2.0,Yes,0.121439,Yes
Uncertain meaningful effect,1788,-1.5194,3.0,2.0,2.0,No,0.121439,Yes
Uncertain meaningful effect,1789,0.6337,3.0,2.0,2.0,No,0.121439,Yes
Uncertain meaningful effect,1790,1.2666,3.0,2.0,2.0,No,0.121439,Yes
Uncertain meaningful effect,1791,-1.104,3.0,2.0,2.0,No,0.121439,Yes
Uncertain meaningful effect,1792,-1.2188,3.0,2.0,2.0,No,0.121439,Yes
Uncertain meaningful effect,1793,-2.095,3.0,2.0,2.0,No,0.121439,Yes
Uncertain meaningful effect,1794,2.8641,3.0,2.0,2.0,No,0.121439,Yes
Uncertain meaningful effect,1795,-1.0127,3.0,2.0,2.0,No,0.121439,Yes
Uncertain meaningful effect,1796,-0.5227,3.0,2.0,2.0,No,0.121439,Yes
Uncertain meaningful effect,1797,-1.6073,3.0,2.0,2.0,No,0.121439,Yes
Uncertain meaningful effect,1798,1.4529,3.0,2.0,2.0,No,0.121439,Yes
Uncertain meaningful effect,1799,-0.5164,3.0,2.0,2.0,No,0.121439,Yes
Uncertain meaningful effect,1800,2.1143,3.0,2.0,2.0,No,0.121439,Yes
Uncertain meaningful effect,1801,3.0964,3.0,2.0,2.0,Yes,0.121439,Yes
Uncertain meaningful effect,1802,-2.7165,3.0,2.0,2.0,No,0.121439,Yes
Uncertain meaningful effect,1803,5.1609,3.0,2.0,2.0,Yes,0.121439,Yes
Uncertain meaningful effect,1804,0.2376,3.0,2.0,2.0,No,0.121439,Yes
Uncertain meaningful effect,1805,2.1481,3.0,2.0,2.0,No,0.121439,Yes
Uncertain meaningful effect,1806,-2.1226,3.0,2.0,2.0,No,0.121439,Yes
Uncertain meaningful effect,1807,0.9934,3.0,2.0,2.0,No,0.121439,Yes
Uncertain meaningful effect,1808,-0.2903,3.0,2.0,2.0,No,0.121439,Yes
Uncertain meaningful effect,1809,-1.9553,3.0,2.0,2.0,No,0.121439,Yes
Uncertain meaningful effect,1810,-1.0195,3.0,2.0,2.0,No,0.121439,Yes
Uncertain meaningful effect,1811,-0.3969,3.0,2.0,2.0,No,0.121439,Yes
Uncertain meaningful effect,1812,1.4013,3.0,2.0,2.0,No,0.121439,Yes
Uncertain meaningful effect,1813,-4.7953,3.0,2.0,2.0,Yes,0.121439,Yes
Uncertain meaningful effect,1814,3.5572,3.0,2.0,2.0,Yes,0.121439,Yes
Uncertain meaningful effect,1815,1.2436,3.0,2.0,2.0,No,0.121439,Yes
Uncertain meaningful effect,1816,-2.1413,3.0,2.0,2.0,No,0.121439,Yes
Uncertain meaningful effect,1817,-5.9456,3.0,2.0,2.0,Yes,0.121439,Yes
Uncertain meaningful effect,1818,-1.4823,3.0,2.0,2.0,No,0.121439,Yes
Uncertain meaningful effect,1819,0.2858,3.0,2.0,2.0,No,0.121439,Yes
Uncertain meaningful effect,1820,1.1878,3.0,2.0,2.0,No,0.121439,Yes
Uncertain meaningful effect,1821,1.3064,3.0,2.0,2.0,No,0.121439,Yes
Uncertain meaningful effect,1822,0.8164,3.0,2.0,2.0,No,0.121439,Yes
Uncertain meaningful effect,1823,0.8613,3.0,2.0,2.0,No,0.121439,Yes
Uncertain meaningful effect,1824,-0.6808,3.0,2.0,2.0,No,0.121439,Yes
Uncertain meaningful effect,1825,0.8075,3.0,2.0,2.0,No,0.121439,Yes
Uncertain meaningful effect,1826,-2.4554,3.0,2.0,2.0,No,0.121439,Yes
Uncertain meaningful effect,1827,-1.9698,3.0,2.0,2.0,No,0.121439,Yes
Uncertain meaningful effect,1828,-1.9069,3.0,2.0,2.0,No,0.121439,Yes
Uncertain meaningful effect,1829,-0.471,3.0,2.0,2.0,No,0.121439,Yes
Uncertain meaningful effect,1830,-3.724,3.0,2.0,2.0,Yes,0.121439,Yes
Uncertain meaningful effect,1831,-1.336,3.0,2.0,2.0,No,0.121439,Yes
Uncertain meaningful effect,1832,0.0924,3.0,2.0,2.0,No,0.121439,Yes
Uncertain meaningful effect,1833,0.1455,3.0,2.0,2.0,No,0.121439,Yes
Uncertain meaningful effect,1834,1.4415,3.0,2.0,2.0,No,0.121439,Yes
Uncertain meaningful effect,1835,0.3115,3.0,2.0,2.0,No,0.121439,Yes
Uncertain meaningful effect,1836,-0.9086,3.0,2.0,2.0,No,0.121439,Yes
Uncertain meaningful effect,1837,0.1878,3.0,2.0,2.0,No,0.121439,Yes
Uncertain meaningful effect,1838,-0.6187,3.0,2.0,2.0,No,0.121439,Yes
Uncertain meaningful effect,1839,-1.2752,3.0,2.0,2.0,No,0.121439,Yes
Uncertain meaningful effect,1840,-0.1599,3.0,2.0,2.0,No,0.121439,Yes
Uncertain meaningful effect,1841,-1.4882,3.0,2.0,2.0,No,0.121439,Yes
Uncertain meaningful effect,1842,-3.4938,3.0,2.0,2.0,Yes,0.121439,Yes
Uncertain meaningful effect,1843,1.9171,3.0,2.0,2.0,No,0.121439,Yes
Uncertain meaningful effect,1844,0.9575,3.0,2.0,2.0,No,0.121439,Yes
Uncertain meaningful effect,1845,0.6906,3.0,2.0,2.0,No,0.121439,Yes
Uncertain meaningful effect,1846,0.7168,3.0,2.0,2.0,No,0.121439,Yes
Uncertain meaningful effect,1847,-0.1959,3.0,2.0,2.0,No,0.121439,Yes
Uncertain meaningful effect,1848,-2.7743,3.0,2.0,2.0,No,0.121439,Yes
Uncertain meaningful effect,1849,-1.3445,3.0,2.0,2.0,No,0.121439,Yes
Uncertain meaningful effect,1850,-2.1833,3.0,2.0,2.0,No,0.121439,Yes
Uncertain meaningful effect,1851,2.3904,3.0,2.0,2.0,No,0.121439,Yes
Uncertain meaningful effect,1852,-0.1852,3.0,2.0,2.0,No,0.121439,Yes
Uncertain meaningful effect,1853,1.1963,3.0,2.0,2.0,No,0.121439,Yes
Uncertain meaningful effect,1854,0.3905,3.0,2.0,2.0,No,0.121439,Yes
Uncertain meaningful effect,1855,1.5847,3.0,2.0,2.0,No,0.121439,Yes
Uncertain meaningful effect,1856,4.6791,3.0,2.0,2.0,Yes,0.121439,Yes
Uncertain meaningful effect,1857,1.2788,3.0,2.0,2.0,No,0.121439,Yes
Uncertain meaningful effect,1858,0.9615,3.0,2.0,2.0,No,0.121439,Yes
Uncertain meaningful effect,1859,-1.9312,3.0,2.0,2.0,No,0.121439,Yes
Uncertain meaningful effect,1860,0.2326,3.0,2.0,2.0,No,0.121439,Yes
Uncertain meaningful effect,1861,-2.357,3.0,2.0,2.0,No,0.121439,Yes
Uncertain meaningful effect,1862,1.4071,3.0,2.0,2.0,No,0.121439,Yes
Uncertain meaningful effect,1863,-1.7181,3.0,2.0,2.0,No,0.121439,Yes
Uncertain meaningful effect,1864,2.15,3.0,2.0,2.0,No,0.121439,Yes
Uncertain meaningful effect,1865,2.4375,3.0,2.0,2.0,No,0.121439,Yes
Uncertain meaningful effect,1866,-0.5701,3.0,2.0,2.0,No,0.121439,Yes
Uncertain meaningful effect,1867,-1.3171,3.0,2.0,2.0,No,0.121439,Yes
Uncertain meaningful effect,1868,-3.5997,3.0,2.0,2.0,Yes,0.121439,Yes
Uncertain meaningful effect,1869,2.2787,3.0,2.0,2.0,No,0.121439,Yes
Uncertain meaningful effect,1870,2.586,3.0,2.0,2.0,No,0.121439,Yes
Uncertain meaningful effect,1871,-0.5032,3.0,2.0,2.0,No,0.121439,Yes
Uncertain meaningful effect,1872,-1.4531,3.0,2.0,2.0,No,0.121439,Yes
Uncertain meaningful effect,1873,-0.0608,3.0,2.0,2.0,No,0.121439,Yes
Uncertain meaningful effect,1874,2.0643,3.0,2.0,2.0,No,0.121439,Yes
Uncertain meaningful effect,1875,-1.2566,3.0,2.0,2.0,No,0.121439,Yes
Uncertain meaningful effect,1876,-2.1334,3.0,2.0,2.0,No,0.121439,Yes
Uncertain meaningful effect,1877,-0.3461,3.0,2.0,2.0,No,0.121439,Yes
Uncertain meaningful effect,1878,0.015,3.0,2.0,2.0,No,0.121439,Yes
Uncertain meaningful effect,1879,-0.1548,3.0,2.0,2.0,No,0.121439,Yes
Uncertain meaningful effect,1880,-0.0087,3.0,2.0,2.0,No,0.121439,Yes
Uncertain meaningful effect,1881,-0.6032,3.0,2.0,2.0,No,0.121439,Yes
Uncertain meaningful effect,1882,-0.2461,3.0,2.0,2.0,No,0.121439,Yes
Uncertain meaningful effect,1883,-0.2265,3.0,2.0,2.0,No,0.121439,Yes
Uncertain meaningful effect,1884,-0.9298,3.0,2.0,2.0,No,0.121439,Yes
Uncertain meaningful effect,1885,1.8657,3.0,2.0,2.0,No,0.121439,Yes
Uncertain meaningful effect,1886,-0.0798,3.0,2.0,2.0,No,0.121439,Yes
Uncertain meaningful effect,1887,-1.4433,3.0,2.0,2.0,No,0.121439,Yes
Uncertain meaningful effect,1888,0.2613,3.0,2.0,2.0,No,0.121439,Yes
Uncertain meaningful effect,1889,2.8323,3.0,2.0,2.0,No,0.121439,Yes
Uncertain meaningful effect,1890,-3.7177,3.0,2.0,2.0,Yes,0.121439,Yes
Uncertain meaningful effect,1891,-1.7125,3.0,2.0,2.0,No,0.121439,Yes
Uncertain meaningful effect,1892,-5.1073,3.0,2.0,2.0,Yes,0.121439,Yes
Uncertain meaningful effect,1893,0.4121,3.0,2.0,2.0,No,0.121439,Yes
Uncertain meaningful effect,1894,2.3535,3.0,2.0,2.0,No,0.121439,Yes
Uncertain meaningful effect,1895,1.3017,3.0,2.0,2.0,No,0.121439,Yes
Uncertain meaningful effect,1896,-1.0207,3.0,2.0,2.0,No,0.121439,Yes
Uncertain meaningful effect,1897,3.3461,3.0,2.0,2.0,Yes,0.121439,Yes
Uncertain meaningful effect,1898,0.5816,3.0,2.0,2.0,No,0.121439,Yes
Uncertain meaningful effect,1899,0.6389,3.0,2.0,2.0,No,0.121439,Yes
Uncertain meaningful effect,1900,-1.427,3.0,2.0,2.0,No,0.121439,Yes
Uncertain meaningful effect,1901,-1.9377,3.0,2.0,2.0,No,0.121439,Yes
Uncertain meaningful effect,1902,1.8537,3.0,2.0,2.0,No,0.121439,Yes
Uncertain meaningful effect,1903,-1.9399,3.0,2.0,2.0,No,0.121439,Yes
Uncertain meaningful effect,1904,-2.9927,3.0,2.0,2.0,No,0.121439,Yes
Uncertain meaningful effect,1905,3.6484,3.0,2.0,2.0,Yes,0.121439,Yes
Uncertain meaningful effect,1906,-0.3736,3.0,2.0,2.0,No,0.121439,Yes
Uncertain meaningful effect,1907,-0.9274,3.0,2.0,2.0,No,0.121439,Yes
Uncertain meaningful effect,1908,-2.487,3.0,2.0,2.0,No,0.121439,Yes
Uncertain meaningful effect,1909,-0.2774,3.0,2.0,2.0,No,0.121439,Yes
Uncertain meaningful effect,1910,-1.9627,3.0,2.0,2.0,No,0.121439,Yes
Uncertain meaningful effect,1911,1.007,3.0,2.0,2.0,No,0.121439,Yes
Uncertain meaningful effect,1912,1.8779,3.0,2.0,2.0,No,0.121439,Yes
Uncertain meaningful effect,1913,-0.374,3.0,2.0,2.0,No,0.121439,Yes
Uncertain meaningful effect,1914,2.0867,3.0,2.0,2.0,No,0.121439,Yes
Uncertain meaningful effect,1915,-1.3135,3.0,2.0,2.0,No,0.121439,Yes
Uncertain meaningful effect,1916,-4.3133,3.0,2.0,2.0,Yes,0.121439,Yes
Uncertain meaningful effect,1917,-0.9414,3.0,2.0,2.0,No,0.121439,Yes
Uncertain meaningful effect,1918,2.4105,3.0,2.0,2.0,No,0.121439,Yes
Uncertain meaningful effect,1919,-2.305,3.0,2.0,2.0,No,0.121439,Yes
Uncertain meaningful effect,1920,-1.6291,3.0,2.0,2.0,No,0.121439,Yes
Uncertain meaningful effect,1921,-2.0966,3.0,2.0,2.0,No,0.121439,Yes
Uncertain meaningful effect,1922,0.7022,3.0,2.0,2.0,No,0.121439,Yes
Uncertain meaningful effect,1923,-1.329,3.0,2.0,2.0,No,0.121439,Yes
Uncertain meaningful effect,1924,1.098,3.0,2.0,2.0,No,0.121439,Yes
Uncertain meaningful effect,1925,-3.1723,3.0,2.0,2.0,Yes,0.121439,Yes
Uncertain meaningful effect,1926,-0.5635,3.0,2.0,2.0,No,0.121439,Yes
Uncertain meaningful effect,1927,0.2234,3.0,2.0,2.0,No,0.121439,Yes
Uncertain meaningful effect,1928,1.5381,3.0,2.0,2.0,No,0.121439,Yes
Uncertain meaningful effect,1929,3.0084,3.0,2.0,2.0,Yes,0.121439,Yes
Uncertain meaningful effect,1930,-2.1152,3.0,2.0,2.0,No,0.121439,Yes
Uncertain meaningful effect,1931,1.7028,3.0,2.0,2.0,No,0.121439,Yes
Uncertain meaningful effect,1932,-2.3665,3.0,2.0,2.0,No,0.121439,Yes
Uncertain meaningful effect,1933,-1.9893,3.0,2.0,2.0,No,0.121439,Yes
Uncertain meaningful effect,1934,-1.6852,3.0,2.0,2.0,No,0.121439,Yes
Uncertain meaningful effect,1935,-3.0471,3.0,2.0,2.0,Yes,0.121439,Yes
Uncertain meaningful effect,1936,-2.3595,3.0,2.0,2.0,No,0.121439,Yes
Uncertain meaningful effect,1937,2.2685,3.0,2.0,2.0,No,0.121439,Yes
Uncertain meaningful effect,1938,-1.1809,3.0,2.0,2.0,No,0.121439,Yes
Uncertain meaningful effect,1939,-1.0368,3.0,2.0,2.0,No,0.121439,Yes
Uncertain meaningful effect,1940,-1.1462,3.0,2.0,2.0,No,0.121439,Yes
Uncertain meaningful effect,1941,0.4985,3.0,2.0,2.0,No,0.121439,Yes
Uncertain meaningful effect,1942,1.2143,3.0,2.0,2.0,No,0.121439,Yes
Uncertain meaningful effect,1943,-0.5386,3.0,2.0,2.0,No,0.121439,Yes
Uncertain meaningful effect,1944,3.1255,3.0,2.0,2.0,Yes,0.121439,Yes
Uncertain meaningful effect,1945,1.8147,3.0,2.0,2.0,No,0.121439,Yes
Uncertain meaningful effect,1946,-1.2896,3.0,2.0,2.0,No,0.121439,Yes
Uncertain meaningful effect,1947,1.2762,3.0,2.0,2.0,No,0.121439,Yes
Uncertain meaningful effect,1948,-1.5214,3.0,2.0,2.0,No,0.121439,Yes
Uncertain meaningful effect,1949,3.66,3.0,2.0,2.0,Yes,0.121439,Yes
Uncertain meaningful effect,1950,-0.6738,3.0,2.0,2.0,No,0.121439,Yes
Uncertain meaningful effect,1951,2.6524,3.0,2.0,2.0,No,0.121439,Yes
Uncertain meaningful effect,1952,0.6951,3.0,2.0,2.0,No,0.121439,Yes
Uncertain meaningful effect,1953,1.2683,3.0,2.0,2.0,No,0.121439,Yes
Uncertain meaningful effect,1954,1.9748,3.0,2.0,2.0,No,0.121439,Yes
Uncertain meaningful effect,1955,-1.1116,3.0,2.0,2.0,No,0.121439,Yes
Uncertain meaningful effect,1956,1.3426,3.0,2.0,2.0,No,0.121439,Yes
Uncertain meaningful effect,1957,-1.4985,3.0,2.0,2.0,No,0.121439,Yes
Uncertain meaningful effect,1958,-2.829,3.0,2.0,2.0,No,0.121439,Yes
Uncertain meaningful effect,1959,-0.1269,3.0,2.0,2.0,No,0.121439,Yes
Uncertain meaningful effect,1960,-0.8281,3.0,2.0,2.0,No,0.121439,Yes
Uncertain meaningful effect,1961,-2.1453,3.0,2.0,2.0,No,0.121439,Yes
Uncertain meaningful effect,1962,-0.7712,3.0,2.0,2.0,No,0.121439,Yes
Uncertain meaningful effect,1963,-1.2159,3.0,2.0,2.0,No,0.121439,Yes
Uncertain meaningful effect,1964,0.523,3.0,2.0,2.0,No,0.121439,Yes
Uncertain meaningful effect,1965,-1.1497,3.0,2.0,2.0,No,0.121439,Yes
Uncertain meaningful effect,1966,0.0842,3.0,2.0,2.0,No,0.121439,Yes
Uncertain meaningful effect,1967,0.442,3.0,2.0,2.0,No,0.121439,Yes
Uncertain meaningful effect,1968,-3.4311,3.0,2.0,2.0,Yes,0.121439,Yes
Uncertain meaningful effect,1969,1.9537,3.0,2.0,2.0,No,0.121439,Yes
Uncertain meaningful effect,1970,4.0791,3.0,2.0,2.0,Yes,0.121439,Yes
Uncertain meaningful effect,1971,-1.1886,3.0,2.0,2.0,No,0.121439,Yes
Uncertain meaningful effect,1972,2.151,3.0,2.0,2.0,No,0.121439,Yes
Uncertain meaningful effect,1973,-2.9068,3.0,2.0,2.0,No,0.121439,Yes
Uncertain meaningful effect,1974,2.3839,3.0,2.0,2.0,No,0.121439,Yes
Uncertain meaningful effect,1975,-1.289,3.0,2.0,2.0,No,0.121439,Yes
Uncertain meaningful effect,1976,2.7937,3.0,2.0,2.0,No,0.121439,Yes
Uncertain meaningful effect,1977,-1.5526,3.0,2.0,2.0,No,0.121439,Yes
Uncertain meaningful effect,1978,5.4383,3.0,2.0,2.0,Yes,0.121439,Yes
Uncertain meaningful effect,1979,-0.2662,3.0,2.0,2.0,No,0.121439,Yes
Uncertain meaningful effect,1980,0.5027,3.0,2.0,2.0,No,0.121439,Yes
Uncertain meaningful effect,1981,-3.4207,3.0,2.0,2.0,Yes,0.121439,Yes
Uncertain meaningful effect,1982,3.8176,3.0,2.0,2.0,Yes,0.121439,Yes
Uncertain meaningful effect,1983,0.3,3.0,2.0,2.0,No,0.121439,Yes
Uncertain meaningful effect,1984,2.0779,3.0,2.0,2.0,No,0.121439,Yes
Uncertain meaningful effect,1985,-2.9822,3.0,2.0,2.0,No,0.121439,Yes
Uncertain meaningful effect,1986,-0.0454,3.0,2.0,2.0,No,0.121439,Yes
Uncertain meaningful effect,1987,-2.4159,3.0,2.0,2.0,No,0.121439,Yes
Uncertain meaningful effect,1988,0.1211,3.0,2.0,2.0,No,0.121439,Yes
Uncertain meaningful effect,1989,0.9058,3.0,2.0,2.0,No,0.121439,Yes
Uncertain meaningful effect,1990,-1.3636,3.0,2.0,2.0,No,0.121439,Yes
Uncertain meaningful effect,1991,-0.3914,3.0,2.0,2.0,No,0.121439,Yes
Uncertain meaningful effect,1992,-0.519,3.0,2.0,2.0,No,0.121439,Yes
Uncertain meaningful effect,1993,3.7722,3.0,2.0,2.0,Yes,0.121439,Yes
Uncertain meaningful effect,1994,0.8269,3.0,2.0,2.0,No,0.121439,Yes
Uncertain meaningful effect,1995,-1.464,3.0,2.0,2.0,No,0.121439,Yes
Uncertain meaningful effect,1996,3.7049,3.0,2.0,2.0,Yes,0.121439,Yes
Uncertain meaningful effect,1997,0.5231,3.0,2.0,2.0,No,0.121439,Yes
Uncertain meaningful effect,1998,2.0659,3.0,2.0,2.0,No,0.121439,Yes
Uncertain meaningful effect,1999,-1.2486,3.0,2.0,2.0,No,0.121439,Yes
Uncertain meaningful effect,2000,-3.1615,3.0,2.0,2.0,Yes,0.121439,Yes
