account_id,region,account_tier,randomization_block,assignment,block_arm_index,completed_order_7d,correction_request,support_contact
ACC-0001,Java,Standard,Java-Standard,Control,1,Yes,Yes,No
ACC-0002,Java,Standard,Java-Standard,Control,2,Yes,Yes,No
ACC-0003,Java,Standard,Java-Standard,Control,3,Yes,Yes,No
ACC-0004,Java,Standard,Java-Standard,Control,4,Yes,Yes,No
ACC-0005,Java,Standard,Java-Standard,Control,5,Yes,Yes,No
ACC-0006,Java,Standard,Java-Standard,Control,6,Yes,No,Yes
ACC-0007,Java,Standard,Java-Standard,Control,7,Yes,No,Yes
ACC-0008,Java,Standard,Java-Standard,Control,8,Yes,No,Yes
ACC-0009,Java,Standard,Java-Standard,Control,9,Yes,No,Yes
ACC-0010,Java,Standard,Java-Standard,Control,10,Yes,No,Yes
ACC-0011,Java,Standard,Java-Standard,Control,11,Yes,No,Yes
ACC-0012,Java,Standard,Java-Standard,Control,12,Yes,No,No
ACC-0013,Java,Standard,Java-Standard,Control,13,Yes,No,No
ACC-0014,Java,Standard,Java-Standard,Control,14,Yes,No,No
ACC-0015,Java,Standard,Java-Standard,Control,15,Yes,No,No
ACC-0016,Java,Standard,Java-Standard,Control,16,Yes,No,No
ACC-0017,Java,Standard,Java-Standard,Control,17,Yes,No,No
ACC-0018,Java,Standard,Java-Standard,Control,18,Yes,No,No
ACC-0019,Java,Standard,Java-Standard,Control,19,Yes,No,No
ACC-0020,Java,Standard,Java-Standard,Control,20,Yes,No,No
ACC-0021,Java,Standard,Java-Standard,Control,21,Yes,No,No
ACC-0022,Java,Standard,Java-Standard,Control,22,Yes,No,No
ACC-0023,Java,Standard,Java-Standard,Control,23,Yes,No,No
ACC-0024,Java,Standard,Java-Standard,Control,24,Yes,No,No
ACC-0025,Java,Standard,Java-Standard,Control,25,Yes,No,No
ACC-0026,Java,Standard,Java-Standard,Control,26,Yes,No,No
ACC-0027,Java,Standard,Java-Standard,Control,27,Yes,No,No
ACC-0028,Java,Standard,Java-Standard,Control,28,Yes,No,No
ACC-0029,Java,Standard,Java-Standard,Control,29,Yes,No,No
ACC-0030,Java,Standard,Java-Standard,Control,30,Yes,No,No
ACC-0031,Java,Standard,Java-Standard,Control,31,Yes,No,No
ACC-0032,Java,Standard,Java-Standard,Control,32,Yes,No,No
ACC-0033,Java,Standard,Java-Standard,Control,33,Yes,No,No
ACC-0034,Java,Standard,Java-Standard,Control,34,Yes,No,No
ACC-0035,Java,Standard,Java-Standard,Control,35,Yes,No,No
ACC-0036,Java,Standard,Java-Standard,Control,36,Yes,No,No
ACC-0037,Java,Standard,Java-Standard,Control,37,Yes,No,No
ACC-0038,Java,Standard,Java-Standard,Control,38,Yes,No,No
ACC-0039,Java,Standard,Java-Standard,Control,39,Yes,No,No
ACC-0040,Java,Standard,Java-Standard,Control,40,Yes,No,No
ACC-0041,Java,Standard,Java-Standard,Control,41,Yes,No,No
ACC-0042,Java,Standard,Java-Standard,Control,42,Yes,No,No
ACC-0043,Java,Standard,Java-Standard,Control,43,Yes,No,No
ACC-0044,Java,Standard,Java-Standard,Control,44,Yes,No,No
ACC-0045,Java,Standard,Java-Standard,Control,45,Yes,No,No
ACC-0046,Java,Standard,Java-Standard,Control,46,Yes,No,No
ACC-0047,Java,Standard,Java-Standard,Control,47,Yes,No,No
ACC-0048,Java,Standard,Java-Standard,Control,48,Yes,No,No
ACC-0049,Java,Standard,Java-Standard,Control,49,Yes,No,No
ACC-0050,Java,Standard,Java-Standard,Control,50,Yes,No,No
ACC-0051,Java,Standard,Java-Standard,Control,51,Yes,No,No
ACC-0052,Java,Standard,Java-Standard,Control,52,Yes,No,No
ACC-0053,Java,Standard,Java-Standard,Control,53,Yes,No,No
ACC-0054,Java,Standard,Java-Standard,Control,54,Yes,No,No
ACC-0055,Java,Standard,Java-Standard,Control,55,Yes,No,No
ACC-0056,Java,Standard,Java-Standard,Control,56,Yes,No,No
ACC-0057,Java,Standard,Java-Standard,Control,57,Yes,No,No
ACC-0058,Java,Standard,Java-Standard,Control,58,Yes,No,No
ACC-0059,Java,Standard,Java-Standard,Control,59,Yes,No,No
ACC-0060,Java,Standard,Java-Standard,Control,60,Yes,No,No
ACC-0061,Java,Standard,Java-Standard,Control,61,Yes,No,No
ACC-0062,Java,Standard,Java-Standard,Control,62,Yes,No,No
ACC-0063,Java,Standard,Java-Standard,Control,63,Yes,No,No
ACC-0064,Java,Standard,Java-Standard,Control,64,Yes,No,No
ACC-0065,Java,Standard,Java-Standard,Control,65,Yes,No,No
ACC-0066,Java,Standard,Java-Standard,Control,66,Yes,No,No
ACC-0067,Java,Standard,Java-Standard,Control,67,Yes,No,No
ACC-0068,Java,Standard,Java-Standard,Control,68,Yes,No,No
ACC-0069,Java,Standard,Java-Standard,Control,69,Yes,No,No
ACC-0070,Java,Standard,Java-Standard,Control,70,Yes,No,No
ACC-0071,Java,Standard,Java-Standard,Control,71,Yes,No,No
ACC-0072,Java,Standard,Java-Standard,Control,72,Yes,No,No
ACC-0073,Java,Standard,Java-Standard,Control,73,Yes,No,No
ACC-0074,Java,Standard,Java-Standard,Control,74,Yes,No,No
ACC-0075,Java,Standard,Java-Standard,Control,75,Yes,No,No
ACC-0076,Java,Standard,Java-Standard,Control,76,Yes,No,No
ACC-0077,Java,Standard,Java-Standard,Control,77,Yes,No,No
ACC-0078,Java,Standard,Java-Standard,Control,78,Yes,No,No
ACC-0079,Java,Standard,Java-Standard,Control,79,No,No,No
ACC-0080,Java,Standard,Java-Standard,Control,80,No,No,No
ACC-0081,Java,Standard,Java-Standard,Control,81,No,No,No
ACC-0082,Java,Standard,Java-Standard,Control,82,No,No,No
ACC-0083,Java,Standard,Java-Standard,Control,83,No,No,No
ACC-0084,Java,Standard,Java-Standard,Control,84,No,No,No
ACC-0085,Java,Standard,Java-Standard,Control,85,No,No,No
ACC-0086,Java,Standard,Java-Standard,Control,86,No,No,No
ACC-0087,Java,Standard,Java-Standard,Control,87,No,No,No
ACC-0088,Java,Standard,Java-Standard,Control,88,No,No,No
ACC-0089,Java,Standard,Java-Standard,Control,89,No,No,No
ACC-0090,Java,Standard,Java-Standard,Control,90,No,No,No
ACC-0091,Java,Standard,Java-Standard,Control,91,No,No,No
ACC-0092,Java,Standard,Java-Standard,Control,92,No,No,No
ACC-0093,Java,Standard,Java-Standard,Control,93,No,No,No
ACC-0094,Java,Standard,Java-Standard,Control,94,No,No,No
ACC-0095,Java,Standard,Java-Standard,Control,95,No,No,No
ACC-0096,Java,Standard,Java-Standard,Control,96,No,No,No
ACC-0097,Java,Standard,Java-Standard,Control,97,No,No,No
ACC-0098,Java,Standard,Java-Standard,Control,98,No,No,No
ACC-0099,Java,Standard,Java-Standard,Control,99,No,No,No
ACC-0100,Java,Standard,Java-Standard,Control,100,No,No,No
ACC-0101,Java,Standard,Java-Standard,Control,101,No,No,No
ACC-0102,Java,Standard,Java-Standard,Control,102,No,No,No
ACC-0103,Java,Standard,Java-Standard,Control,103,No,No,No
ACC-0104,Java,Standard,Java-Standard,Control,104,No,No,No
ACC-0105,Java,Standard,Java-Standard,Control,105,No,No,No
ACC-0106,Java,Standard,Java-Standard,Control,106,No,No,No
ACC-0107,Java,Standard,Java-Standard,Control,107,No,No,No
ACC-0108,Java,Standard,Java-Standard,Control,108,No,No,No
ACC-0109,Java,Standard,Java-Standard,Control,109,No,No,No
ACC-0110,Java,Standard,Java-Standard,Control,110,No,No,No
ACC-0111,Java,Standard,Java-Standard,Control,111,No,No,No
ACC-0112,Java,Standard,Java-Standard,Control,112,No,No,No
ACC-0113,Java,Standard,Java-Standard,Control,113,No,No,No
ACC-0114,Java,Standard,Java-Standard,Control,114,No,No,No
ACC-0115,Java,Standard,Java-Standard,Control,115,No,No,No
ACC-0116,Java,Standard,Java-Standard,Control,116,No,No,No
ACC-0117,Java,Standard,Java-Standard,Control,117,No,No,No
ACC-0118,Java,Standard,Java-Standard,Control,118,No,No,No
ACC-0119,Java,Standard,Java-Standard,Control,119,No,No,No
ACC-0120,Java,Standard,Java-Standard,Control,120,No,No,No
ACC-0121,Java,Standard,Java-Standard,Control,121,No,No,No
ACC-0122,Java,Standard,Java-Standard,Control,122,No,No,No
ACC-0123,Java,Standard,Java-Standard,Control,123,No,No,No
ACC-0124,Java,Standard,Java-Standard,Control,124,No,No,No
ACC-0125,Java,Standard,Java-Standard,Control,125,No,No,No
ACC-0126,Java,Standard,Java-Standard,Control,126,No,No,No
ACC-0127,Java,Standard,Java-Standard,Control,127,No,No,No
ACC-0128,Java,Standard,Java-Standard,Control,128,No,No,No
ACC-0129,Java,Standard,Java-Standard,Control,129,No,No,No
ACC-0130,Java,Standard,Java-Standard,Control,130,No,No,No
ACC-0131,Java,Standard,Java-Standard,Control,131,No,No,No
ACC-0132,Java,Standard,Java-Standard,Control,132,No,No,No
ACC-0133,Java,Standard,Java-Standard,Control,133,No,No,No
ACC-0134,Java,Standard,Java-Standard,Control,134,No,No,No
ACC-0135,Java,Standard,Java-Standard,Control,135,No,No,No
ACC-0136,Java,Standard,Java-Standard,Control,136,No,No,No
ACC-0137,Java,Standard,Java-Standard,Control,137,No,No,No
ACC-0138,Java,Standard,Java-Standard,Control,138,No,No,No
ACC-0139,Java,Standard,Java-Standard,Control,139,No,No,No
ACC-0140,Java,Standard,Java-Standard,Control,140,No,No,No
ACC-0141,Java,Standard,Java-Standard,Control,141,No,No,No
ACC-0142,Java,Standard,Java-Standard,Control,142,No,No,No
ACC-0143,Java,Standard,Java-Standard,Control,143,No,No,No
ACC-0144,Java,Standard,Java-Standard,Control,144,No,No,No
ACC-0145,Java,Standard,Java-Standard,Control,145,No,No,No
ACC-0146,Java,Standard,Java-Standard,Control,146,No,No,No
ACC-0147,Java,Standard,Java-Standard,Control,147,No,No,No
ACC-0148,Java,Standard,Java-Standard,Control,148,No,No,No
ACC-0149,Java,Standard,Java-Standard,Control,149,No,No,No
ACC-0150,Java,Standard,Java-Standard,Control,150,No,No,No
ACC-0151,Java,Standard,Java-Standard,Control,151,No,No,No
ACC-0152,Java,Standard,Java-Standard,Control,152,No,No,No
ACC-0153,Java,Standard,Java-Standard,Control,153,No,No,No
ACC-0154,Java,Standard,Java-Standard,Control,154,No,No,No
ACC-0155,Java,Standard,Java-Standard,Control,155,No,No,No
ACC-0156,Java,Standard,Java-Standard,Control,156,No,No,No
ACC-0157,Java,Standard,Java-Standard,Control,157,No,No,No
ACC-0158,Java,Standard,Java-Standard,Control,158,No,No,No
ACC-0159,Java,Standard,Java-Standard,Control,159,No,No,No
ACC-0160,Java,Standard,Java-Standard,Control,160,No,No,No
ACC-0161,Java,Standard,Java-Standard,Control,161,No,No,No
ACC-0162,Java,Standard,Java-Standard,Control,162,No,No,No
ACC-0163,Java,Standard,Java-Standard,Control,163,No,No,No
ACC-0164,Java,Standard,Java-Standard,Control,164,No,No,No
ACC-0165,Java,Standard,Java-Standard,Control,165,No,No,No
ACC-0166,Java,Standard,Java-Standard,Control,166,No,No,No
ACC-0167,Java,Standard,Java-Standard,Control,167,No,No,No
ACC-0168,Java,Standard,Java-Standard,Control,168,No,No,No
ACC-0169,Java,Standard,Java-Standard,Control,169,No,No,No
ACC-0170,Java,Standard,Java-Standard,Control,170,No,No,No
ACC-0171,Java,Standard,Java-Standard,Control,171,No,No,No
ACC-0172,Java,Standard,Java-Standard,Control,172,No,No,No
ACC-0173,Java,Standard,Java-Standard,Control,173,No,No,No
ACC-0174,Java,Standard,Java-Standard,Control,174,No,No,No
ACC-0175,Java,Standard,Java-Standard,Control,175,No,No,No
ACC-0176,Java,Standard,Java-Standard,Control,176,No,No,No
ACC-0177,Java,Standard,Java-Standard,Control,177,No,No,No
ACC-0178,Java,Standard,Java-Standard,Control,178,No,No,No
ACC-0179,Java,Standard,Java-Standard,Control,179,No,No,No
ACC-0180,Java,Standard,Java-Standard,Control,180,No,No,No
ACC-0181,Java,Standard,Java-Standard,Control,181,No,No,No
ACC-0182,Java,Standard,Java-Standard,Control,182,No,No,No
ACC-0183,Java,Standard,Java-Standard,Control,183,No,No,No
ACC-0184,Java,Standard,Java-Standard,Control,184,No,No,No
ACC-0185,Java,Standard,Java-Standard,Control,185,No,No,No
ACC-0186,Java,Standard,Java-Standard,Control,186,No,No,No
ACC-0187,Java,Standard,Java-Standard,Control,187,No,No,No
ACC-0188,Java,Standard,Java-Standard,Control,188,No,No,No
ACC-0189,Java,Standard,Java-Standard,Control,189,No,No,No
ACC-0190,Java,Standard,Java-Standard,Control,190,No,No,No
ACC-0191,Java,Standard,Java-Standard,Control,191,No,No,No
ACC-0192,Java,Standard,Java-Standard,Control,192,No,No,No
ACC-0193,Java,Standard,Java-Standard,Control,193,No,No,No
ACC-0194,Java,Standard,Java-Standard,Control,194,No,No,No
ACC-0195,Java,Standard,Java-Standard,Control,195,No,No,No
ACC-0196,Java,Standard,Java-Standard,Control,196,No,No,No
ACC-0197,Java,Standard,Java-Standard,Control,197,No,No,No
ACC-0198,Java,Standard,Java-Standard,Control,198,No,No,No
ACC-0199,Java,Standard,Java-Standard,Control,199,No,No,No
ACC-0200,Java,Standard,Java-Standard,Control,200,No,No,No
ACC-0201,Java,Standard,Java-Standard,Control,201,No,No,No
ACC-0202,Java,Standard,Java-Standard,Control,202,No,No,No
ACC-0203,Java,Standard,Java-Standard,Control,203,No,No,No
ACC-0204,Java,Standard,Java-Standard,Control,204,No,No,No
ACC-0205,Java,Standard,Java-Standard,Control,205,No,No,No
ACC-0206,Java,Standard,Java-Standard,Control,206,No,No,No
ACC-0207,Java,Standard,Java-Standard,Control,207,No,No,No
ACC-0208,Java,Standard,Java-Standard,Control,208,No,No,No
ACC-0209,Java,Standard,Java-Standard,Control,209,No,No,No
ACC-0210,Java,Standard,Java-Standard,Control,210,No,No,No
ACC-0211,Java,Standard,Java-Standard,Control,211,No,No,No
ACC-0212,Java,Standard,Java-Standard,Control,212,No,No,No
ACC-0213,Java,Standard,Java-Standard,Control,213,No,No,No
ACC-0214,Java,Standard,Java-Standard,Control,214,No,No,No
ACC-0215,Java,Standard,Java-Standard,Control,215,No,No,No
ACC-0216,Java,Standard,Java-Standard,Control,216,No,No,No
ACC-0217,Java,Standard,Java-Standard,Control,217,No,No,No
ACC-0218,Java,Standard,Java-Standard,Control,218,No,No,No
ACC-0219,Java,Standard,Java-Standard,Control,219,No,No,No
ACC-0220,Java,Standard,Java-Standard,Control,220,No,No,No
ACC-0221,Java,Standard,Java-Standard,Control,221,No,No,No
ACC-0222,Java,Standard,Java-Standard,Control,222,No,No,No
ACC-0223,Java,Standard,Java-Standard,Control,223,No,No,No
ACC-0224,Java,Standard,Java-Standard,Control,224,No,No,No
ACC-0225,Java,Standard,Java-Standard,Control,225,No,No,No
ACC-0226,Java,Standard,Java-Standard,Control,226,No,No,No
ACC-0227,Java,Standard,Java-Standard,Control,227,No,No,No
ACC-0228,Java,Standard,Java-Standard,Control,228,No,No,No
ACC-0229,Java,Standard,Java-Standard,Control,229,No,No,No
ACC-0230,Java,Standard,Java-Standard,Control,230,No,No,No
ACC-0231,Java,Standard,Java-Standard,Control,231,No,No,No
ACC-0232,Java,Standard,Java-Standard,Control,232,No,No,No
ACC-0233,Java,Standard,Java-Standard,Control,233,No,No,No
ACC-0234,Java,Standard,Java-Standard,Control,234,No,No,No
ACC-0235,Java,Standard,Java-Standard,Control,235,No,No,No
ACC-0236,Java,Standard,Java-Standard,Control,236,No,No,No
ACC-0237,Java,Standard,Java-Standard,Control,237,No,No,No
ACC-0238,Java,Standard,Java-Standard,Control,238,No,No,No
ACC-0239,Java,Standard,Java-Standard,Control,239,No,No,No
ACC-0240,Java,Standard,Java-Standard,Control,240,No,No,No
ACC-0241,Java,Standard,Java-Standard,Control,241,No,No,No
ACC-0242,Java,Standard,Java-Standard,Control,242,No,No,No
ACC-0243,Java,Standard,Java-Standard,Control,243,No,No,No
ACC-0244,Java,Standard,Java-Standard,Control,244,No,No,No
ACC-0245,Java,Standard,Java-Standard,Control,245,No,No,No
ACC-0246,Java,Standard,Java-Standard,Control,246,No,No,No
ACC-0247,Java,Standard,Java-Standard,Control,247,No,No,No
ACC-0248,Java,Standard,Java-Standard,Control,248,No,No,No
ACC-0249,Java,Standard,Java-Standard,Control,249,No,No,No
ACC-0250,Java,Standard,Java-Standard,Control,250,No,No,No
ACC-0251,Java,Standard,Java-Standard,Treatment,1,Yes,Yes,No
ACC-0252,Java,Standard,Java-Standard,Treatment,2,Yes,Yes,No
ACC-0253,Java,Standard,Java-Standard,Treatment,3,Yes,Yes,No
ACC-0254,Java,Standard,Java-Standard,Treatment,4,Yes,Yes,No
ACC-0255,Java,Standard,Java-Standard,Treatment,5,Yes,Yes,No
ACC-0256,Java,Standard,Java-Standard,Treatment,6,Yes,Yes,No
ACC-0257,Java,Standard,Java-Standard,Treatment,7,Yes,Yes,No
ACC-0258,Java,Standard,Java-Standard,Treatment,8,Yes,Yes,No
ACC-0259,Java,Standard,Java-Standard,Treatment,9,Yes,No,Yes
ACC-0260,Java,Standard,Java-Standard,Treatment,10,Yes,No,Yes
ACC-0261,Java,Standard,Java-Standard,Treatment,11,Yes,No,Yes
ACC-0262,Java,Standard,Java-Standard,Treatment,12,Yes,No,Yes
ACC-0263,Java,Standard,Java-Standard,Treatment,13,Yes,No,Yes
ACC-0264,Java,Standard,Java-Standard,Treatment,14,Yes,No,Yes
ACC-0265,Java,Standard,Java-Standard,Treatment,15,Yes,No,Yes
ACC-0266,Java,Standard,Java-Standard,Treatment,16,Yes,No,No
ACC-0267,Java,Standard,Java-Standard,Treatment,17,Yes,No,No
ACC-0268,Java,Standard,Java-Standard,Treatment,18,Yes,No,No
ACC-0269,Java,Standard,Java-Standard,Treatment,19,Yes,No,No
ACC-0270,Java,Standard,Java-Standard,Treatment,20,Yes,No,No
ACC-0271,Java,Standard,Java-Standard,Treatment,21,Yes,No,No
ACC-0272,Java,Standard,Java-Standard,Treatment,22,Yes,No,No
ACC-0273,Java,Standard,Java-Standard,Treatment,23,Yes,No,No
ACC-0274,Java,Standard,Java-Standard,Treatment,24,Yes,No,No
ACC-0275,Java,Standard,Java-Standard,Treatment,25,Yes,No,No
ACC-0276,Java,Standard,Java-Standard,Treatment,26,Yes,No,No
ACC-0277,Java,Standard,Java-Standard,Treatment,27,Yes,No,No
ACC-0278,Java,Standard,Java-Standard,Treatment,28,Yes,No,No
ACC-0279,Java,Standard,Java-Standard,Treatment,29,Yes,No,No
ACC-0280,Java,Standard,Java-Standard,Treatment,30,Yes,No,No
ACC-0281,Java,Standard,Java-Standard,Treatment,31,Yes,No,No
ACC-0282,Java,Standard,Java-Standard,Treatment,32,Yes,No,No
ACC-0283,Java,Standard,Java-Standard,Treatment,33,Yes,No,No
ACC-0284,Java,Standard,Java-Standard,Treatment,34,Yes,No,No
ACC-0285,Java,Standard,Java-Standard,Treatment,35,Yes,No,No
ACC-0286,Java,Standard,Java-Standard,Treatment,36,Yes,No,No
ACC-0287,Java,Standard,Java-Standard,Treatment,37,Yes,No,No
ACC-0288,Java,Standard,Java-Standard,Treatment,38,Yes,No,No
ACC-0289,Java,Standard,Java-Standard,Treatment,39,Yes,No,No
ACC-0290,Java,Standard,Java-Standard,Treatment,40,Yes,No,No
ACC-0291,Java,Standard,Java-Standard,Treatment,41,Yes,No,No
ACC-0292,Java,Standard,Java-Standard,Treatment,42,Yes,No,No
ACC-0293,Java,Standard,Java-Standard,Treatment,43,Yes,No,No
ACC-0294,Java,Standard,Java-Standard,Treatment,44,Yes,No,No
ACC-0295,Java,Standard,Java-Standard,Treatment,45,Yes,No,No
ACC-0296,Java,Standard,Java-Standard,Treatment,46,Yes,No,No
ACC-0297,Java,Standard,Java-Standard,Treatment,47,Yes,No,No
ACC-0298,Java,Standard,Java-Standard,Treatment,48,Yes,No,No
ACC-0299,Java,Standard,Java-Standard,Treatment,49,Yes,No,No
ACC-0300,Java,Standard,Java-Standard,Treatment,50,Yes,No,No
ACC-0301,Java,Standard,Java-Standard,Treatment,51,Yes,No,No
ACC-0302,Java,Standard,Java-Standard,Treatment,52,Yes,No,No
ACC-0303,Java,Standard,Java-Standard,Treatment,53,Yes,No,No
ACC-0304,Java,Standard,Java-Standard,Treatment,54,Yes,No,No
ACC-0305,Java,Standard,Java-Standard,Treatment,55,Yes,No,No
ACC-0306,Java,Standard,Java-Standard,Treatment,56,Yes,No,No
ACC-0307,Java,Standard,Java-Standard,Treatment,57,Yes,No,No
ACC-0308,Java,Standard,Java-Standard,Treatment,58,Yes,No,No
ACC-0309,Java,Standard,Java-Standard,Treatment,59,Yes,No,No
ACC-0310,Java,Standard,Java-Standard,Treatment,60,Yes,No,No
ACC-0311,Java,Standard,Java-Standard,Treatment,61,Yes,No,No
ACC-0312,Java,Standard,Java-Standard,Treatment,62,Yes,No,No
ACC-0313,Java,Standard,Java-Standard,Treatment,63,Yes,No,No
ACC-0314,Java,Standard,Java-Standard,Treatment,64,Yes,No,No
ACC-0315,Java,Standard,Java-Standard,Treatment,65,Yes,No,No
ACC-0316,Java,Standard,Java-Standard,Treatment,66,Yes,No,No
ACC-0317,Java,Standard,Java-Standard,Treatment,67,Yes,No,No
ACC-0318,Java,Standard,Java-Standard,Treatment,68,Yes,No,No
ACC-0319,Java,Standard,Java-Standard,Treatment,69,Yes,No,No
ACC-0320,Java,Standard,Java-Standard,Treatment,70,Yes,No,No
ACC-0321,Java,Standard,Java-Standard,Treatment,71,Yes,No,No
ACC-0322,Java,Standard,Java-Standard,Treatment,72,Yes,No,No
ACC-0323,Java,Standard,Java-Standard,Treatment,73,Yes,No,No
ACC-0324,Java,Standard,Java-Standard,Treatment,74,Yes,No,No
ACC-0325,Java,Standard,Java-Standard,Treatment,75,Yes,No,No
ACC-0326,Java,Standard,Java-Standard,Treatment,76,Yes,No,No
ACC-0327,Java,Standard,Java-Standard,Treatment,77,Yes,No,No
ACC-0328,Java,Standard,Java-Standard,Treatment,78,Yes,No,No
ACC-0329,Java,Standard,Java-Standard,Treatment,79,Yes,No,No
ACC-0330,Java,Standard,Java-Standard,Treatment,80,Yes,No,No
ACC-0331,Java,Standard,Java-Standard,Treatment,81,Yes,No,No
ACC-0332,Java,Standard,Java-Standard,Treatment,82,Yes,No,No
ACC-0333,Java,Standard,Java-Standard,Treatment,83,Yes,No,No
ACC-0334,Java,Standard,Java-Standard,Treatment,84,Yes,No,No
ACC-0335,Java,Standard,Java-Standard,Treatment,85,Yes,No,No
ACC-0336,Java,Standard,Java-Standard,Treatment,86,No,No,No
ACC-0337,Java,Standard,Java-Standard,Treatment,87,No,No,No
ACC-0338,Java,Standard,Java-Standard,Treatment,88,No,No,No
ACC-0339,Java,Standard,Java-Standard,Treatment,89,No,No,No
ACC-0340,Java,Standard,Java-Standard,Treatment,90,No,No,No
ACC-0341,Java,Standard,Java-Standard,Treatment,91,No,No,No
ACC-0342,Java,Standard,Java-Standard,Treatment,92,No,No,No
ACC-0343,Java,Standard,Java-Standard,Treatment,93,No,No,No
ACC-0344,Java,Standard,Java-Standard,Treatment,94,No,No,No
ACC-0345,Java,Standard,Java-Standard,Treatment,95,No,No,No
ACC-0346,Java,Standard,Java-Standard,Treatment,96,No,No,No
ACC-0347,Java,Standard,Java-Standard,Treatment,97,No,No,No
ACC-0348,Java,Standard,Java-Standard,Treatment,98,No,No,No
ACC-0349,Java,Standard,Java-Standard,Treatment,99,No,No,No
ACC-0350,Java,Standard,Java-Standard,Treatment,100,No,No,No
ACC-0351,Java,Standard,Java-Standard,Treatment,101,No,No,No
ACC-0352,Java,Standard,Java-Standard,Treatment,102,No,No,No
ACC-0353,Java,Standard,Java-Standard,Treatment,103,No,No,No
ACC-0354,Java,Standard,Java-Standard,Treatment,104,No,No,No
ACC-0355,Java,Standard,Java-Standard,Treatment,105,No,No,No
ACC-0356,Java,Standard,Java-Standard,Treatment,106,No,No,No
ACC-0357,Java,Standard,Java-Standard,Treatment,107,No,No,No
ACC-0358,Java,Standard,Java-Standard,Treatment,108,No,No,No
ACC-0359,Java,Standard,Java-Standard,Treatment,109,No,No,No
ACC-0360,Java,Standard,Java-Standard,Treatment,110,No,No,No
ACC-0361,Java,Standard,Java-Standard,Treatment,111,No,No,No
ACC-0362,Java,Standard,Java-Standard,Treatment,112,No,No,No
ACC-0363,Java,Standard,Java-Standard,Treatment,113,No,No,No
ACC-0364,Java,Standard,Java-Standard,Treatment,114,No,No,No
ACC-0365,Java,Standard,Java-Standard,Treatment,115,No,No,No
ACC-0366,Java,Standard,Java-Standard,Treatment,116,No,No,No
ACC-0367,Java,Standard,Java-Standard,Treatment,117,No,No,No
ACC-0368,Java,Standard,Java-Standard,Treatment,118,No,No,No
ACC-0369,Java,Standard,Java-Standard,Treatment,119,No,No,No
ACC-0370,Java,Standard,Java-Standard,Treatment,120,No,No,No
ACC-0371,Java,Standard,Java-Standard,Treatment,121,No,No,No
ACC-0372,Java,Standard,Java-Standard,Treatment,122,No,No,No
ACC-0373,Java,Standard,Java-Standard,Treatment,123,No,No,No
ACC-0374,Java,Standard,Java-Standard,Treatment,124,No,No,No
ACC-0375,Java,Standard,Java-Standard,Treatment,125,No,No,No
ACC-0376,Java,Standard,Java-Standard,Treatment,126,No,No,No
ACC-0377,Java,Standard,Java-Standard,Treatment,127,No,No,No
ACC-0378,Java,Standard,Java-Standard,Treatment,128,No,No,No
ACC-0379,Java,Standard,Java-Standard,Treatment,129,No,No,No
ACC-0380,Java,Standard,Java-Standard,Treatment,130,No,No,No
ACC-0381,Java,Standard,Java-Standard,Treatment,131,No,No,No
ACC-0382,Java,Standard,Java-Standard,Treatment,132,No,No,No
ACC-0383,Java,Standard,Java-Standard,Treatment,133,No,No,No
ACC-0384,Java,Standard,Java-Standard,Treatment,134,No,No,No
ACC-0385,Java,Standard,Java-Standard,Treatment,135,No,No,No
ACC-0386,Java,Standard,Java-Standard,Treatment,136,No,No,No
ACC-0387,Java,Standard,Java-Standard,Treatment,137,No,No,No
ACC-0388,Java,Standard,Java-Standard,Treatment,138,No,No,No
ACC-0389,Java,Standard,Java-Standard,Treatment,139,No,No,No
ACC-0390,Java,Standard,Java-Standard,Treatment,140,No,No,No
ACC-0391,Java,Standard,Java-Standard,Treatment,141,No,No,No
ACC-0392,Java,Standard,Java-Standard,Treatment,142,No,No,No
ACC-0393,Java,Standard,Java-Standard,Treatment,143,No,No,No
ACC-0394,Java,Standard,Java-Standard,Treatment,144,No,No,No
ACC-0395,Java,Standard,Java-Standard,Treatment,145,No,No,No
ACC-0396,Java,Standard,Java-Standard,Treatment,146,No,No,No
ACC-0397,Java,Standard,Java-Standard,Treatment,147,No,No,No
ACC-0398,Java,Standard,Java-Standard,Treatment,148,No,No,No
ACC-0399,Java,Standard,Java-Standard,Treatment,149,No,No,No
ACC-0400,Java,Standard,Java-Standard,Treatment,150,No,No,No
ACC-0401,Java,Standard,Java-Standard,Treatment,151,No,No,No
ACC-0402,Java,Standard,Java-Standard,Treatment,152,No,No,No
ACC-0403,Java,Standard,Java-Standard,Treatment,153,No,No,No
ACC-0404,Java,Standard,Java-Standard,Treatment,154,No,No,No
ACC-0405,Java,Standard,Java-Standard,Treatment,155,No,No,No
ACC-0406,Java,Standard,Java-Standard,Treatment,156,No,No,No
ACC-0407,Java,Standard,Java-Standard,Treatment,157,No,No,No
ACC-0408,Java,Standard,Java-Standard,Treatment,158,No,No,No
ACC-0409,Java,Standard,Java-Standard,Treatment,159,No,No,No
ACC-0410,Java,Standard,Java-Standard,Treatment,160,No,No,No
ACC-0411,Java,Standard,Java-Standard,Treatment,161,No,No,No
ACC-0412,Java,Standard,Java-Standard,Treatment,162,No,No,No
ACC-0413,Java,Standard,Java-Standard,Treatment,163,No,No,No
ACC-0414,Java,Standard,Java-Standard,Treatment,164,No,No,No
ACC-0415,Java,Standard,Java-Standard,Treatment,165,No,No,No
ACC-0416,Java,Standard,Java-Standard,Treatment,166,No,No,No
ACC-0417,Java,Standard,Java-Standard,Treatment,167,No,No,No
ACC-0418,Java,Standard,Java-Standard,Treatment,168,No,No,No
ACC-0419,Java,Standard,Java-Standard,Treatment,169,No,No,No
ACC-0420,Java,Standard,Java-Standard,Treatment,170,No,No,No
ACC-0421,Java,Standard,Java-Standard,Treatment,171,No,No,No
ACC-0422,Java,Standard,Java-Standard,Treatment,172,No,No,No
ACC-0423,Java,Standard,Java-Standard,Treatment,173,No,No,No
ACC-0424,Java,Standard,Java-Standard,Treatment,174,No,No,No
ACC-0425,Java,Standard,Java-Standard,Treatment,175,No,No,No
ACC-0426,Java,Standard,Java-Standard,Treatment,176,No,No,No
ACC-0427,Java,Standard,Java-Standard,Treatment,177,No,No,No
ACC-0428,Java,Standard,Java-Standard,Treatment,178,No,No,No
ACC-0429,Java,Standard,Java-Standard,Treatment,179,No,No,No
ACC-0430,Java,Standard,Java-Standard,Treatment,180,No,No,No
ACC-0431,Java,Standard,Java-Standard,Treatment,181,No,No,No
ACC-0432,Java,Standard,Java-Standard,Treatment,182,No,No,No
ACC-0433,Java,Standard,Java-Standard,Treatment,183,No,No,No
ACC-0434,Java,Standard,Java-Standard,Treatment,184,No,No,No
ACC-0435,Java,Standard,Java-Standard,Treatment,185,No,No,No
ACC-0436,Java,Standard,Java-Standard,Treatment,186,No,No,No
ACC-0437,Java,Standard,Java-Standard,Treatment,187,No,No,No
ACC-0438,Java,Standard,Java-Standard,Treatment,188,No,No,No
ACC-0439,Java,Standard,Java-Standard,Treatment,189,No,No,No
ACC-0440,Java,Standard,Java-Standard,Treatment,190,No,No,No
ACC-0441,Java,Standard,Java-Standard,Treatment,191,No,No,No
ACC-0442,Java,Standard,Java-Standard,Treatment,192,No,No,No
ACC-0443,Java,Standard,Java-Standard,Treatment,193,No,No,No
ACC-0444,Java,Standard,Java-Standard,Treatment,194,No,No,No
ACC-0445,Java,Standard,Java-Standard,Treatment,195,No,No,No
ACC-0446,Java,Standard,Java-Standard,Treatment,196,No,No,No
ACC-0447,Java,Standard,Java-Standard,Treatment,197,No,No,No
ACC-0448,Java,Standard,Java-Standard,Treatment,198,No,No,No
ACC-0449,Java,Standard,Java-Standard,Treatment,199,No,No,No
ACC-0450,Java,Standard,Java-Standard,Treatment,200,No,No,No
ACC-0451,Java,Standard,Java-Standard,Treatment,201,No,No,No
ACC-0452,Java,Standard,Java-Standard,Treatment,202,No,No,No
ACC-0453,Java,Standard,Java-Standard,Treatment,203,No,No,No
ACC-0454,Java,Standard,Java-Standard,Treatment,204,No,No,No
ACC-0455,Java,Standard,Java-Standard,Treatment,205,No,No,No
ACC-0456,Java,Standard,Java-Standard,Treatment,206,No,No,No
ACC-0457,Java,Standard,Java-Standard,Treatment,207,No,No,No
ACC-0458,Java,Standard,Java-Standard,Treatment,208,No,No,No
ACC-0459,Java,Standard,Java-Standard,Treatment,209,No,No,No
ACC-0460,Java,Standard,Java-Standard,Treatment,210,No,No,No
ACC-0461,Java,Standard,Java-Standard,Treatment,211,No,No,No
ACC-0462,Java,Standard,Java-Standard,Treatment,212,No,No,No
ACC-0463,Java,Standard,Java-Standard,Treatment,213,No,No,No
ACC-0464,Java,Standard,Java-Standard,Treatment,214,No,No,No
ACC-0465,Java,Standard,Java-Standard,Treatment,215,No,No,No
ACC-0466,Java,Standard,Java-Standard,Treatment,216,No,No,No
ACC-0467,Java,Standard,Java-Standard,Treatment,217,No,No,No
ACC-0468,Java,Standard,Java-Standard,Treatment,218,No,No,No
ACC-0469,Java,Standard,Java-Standard,Treatment,219,No,No,No
ACC-0470,Java,Standard,Java-Standard,Treatment,220,No,No,No
ACC-0471,Java,Standard,Java-Standard,Treatment,221,No,No,No
ACC-0472,Java,Standard,Java-Standard,Treatment,222,No,No,No
ACC-0473,Java,Standard,Java-Standard,Treatment,223,No,No,No
ACC-0474,Java,Standard,Java-Standard,Treatment,224,No,No,No
ACC-0475,Java,Standard,Java-Standard,Treatment,225,No,No,No
ACC-0476,Java,Standard,Java-Standard,Treatment,226,No,No,No
ACC-0477,Java,Standard,Java-Standard,Treatment,227,No,No,No
ACC-0478,Java,Standard,Java-Standard,Treatment,228,No,No,No
ACC-0479,Java,Standard,Java-Standard,Treatment,229,No,No,No
ACC-0480,Java,Standard,Java-Standard,Treatment,230,No,No,No
ACC-0481,Java,Standard,Java-Standard,Treatment,231,No,No,No
ACC-0482,Java,Standard,Java-Standard,Treatment,232,No,No,No
ACC-0483,Java,Standard,Java-Standard,Treatment,233,No,No,No
ACC-0484,Java,Standard,Java-Standard,Treatment,234,No,No,No
ACC-0485,Java,Standard,Java-Standard,Treatment,235,No,No,No
ACC-0486,Java,Standard,Java-Standard,Treatment,236,No,No,No
ACC-0487,Java,Standard,Java-Standard,Treatment,237,No,No,No
ACC-0488,Java,Standard,Java-Standard,Treatment,238,No,No,No
ACC-0489,Java,Standard,Java-Standard,Treatment,239,No,No,No
ACC-0490,Java,Standard,Java-Standard,Treatment,240,No,No,No
ACC-0491,Java,Standard,Java-Standard,Treatment,241,No,No,No
ACC-0492,Java,Standard,Java-Standard,Treatment,242,No,No,No
ACC-0493,Java,Standard,Java-Standard,Treatment,243,No,No,No
ACC-0494,Java,Standard,Java-Standard,Treatment,244,No,No,No
ACC-0495,Java,Standard,Java-Standard,Treatment,245,No,No,No
ACC-0496,Java,Standard,Java-Standard,Treatment,246,No,No,No
ACC-0497,Java,Standard,Java-Standard,Treatment,247,No,No,No
ACC-0498,Java,Standard,Java-Standard,Treatment,248,No,No,No
ACC-0499,Java,Standard,Java-Standard,Treatment,249,No,No,No
ACC-0500,Java,Standard,Java-Standard,Treatment,250,No,No,No
ACC-0501,Java,Key,Java-Key,Control,1,Yes,Yes,No
ACC-0502,Java,Key,Java-Key,Control,2,Yes,Yes,No
ACC-0503,Java,Key,Java-Key,Control,3,Yes,Yes,No
ACC-0504,Java,Key,Java-Key,Control,4,Yes,Yes,No
ACC-0505,Java,Key,Java-Key,Control,5,Yes,Yes,No
ACC-0506,Java,Key,Java-Key,Control,6,Yes,No,Yes
ACC-0507,Java,Key,Java-Key,Control,7,Yes,No,Yes
ACC-0508,Java,Key,Java-Key,Control,8,Yes,No,Yes
ACC-0509,Java,Key,Java-Key,Control,9,Yes,No,Yes
ACC-0510,Java,Key,Java-Key,Control,10,Yes,No,Yes
ACC-0511,Java,Key,Java-Key,Control,11,Yes,No,Yes
ACC-0512,Java,Key,Java-Key,Control,12,Yes,No,No
ACC-0513,Java,Key,Java-Key,Control,13,Yes,No,No
ACC-0514,Java,Key,Java-Key,Control,14,Yes,No,No
ACC-0515,Java,Key,Java-Key,Control,15,Yes,No,No
ACC-0516,Java,Key,Java-Key,Control,16,Yes,No,No
ACC-0517,Java,Key,Java-Key,Control,17,Yes,No,No
ACC-0518,Java,Key,Java-Key,Control,18,Yes,No,No
ACC-0519,Java,Key,Java-Key,Control,19,Yes,No,No
ACC-0520,Java,Key,Java-Key,Control,20,Yes,No,No
ACC-0521,Java,Key,Java-Key,Control,21,Yes,No,No
ACC-0522,Java,Key,Java-Key,Control,22,Yes,No,No
ACC-0523,Java,Key,Java-Key,Control,23,Yes,No,No
ACC-0524,Java,Key,Java-Key,Control,24,Yes,No,No
ACC-0525,Java,Key,Java-Key,Control,25,Yes,No,No
ACC-0526,Java,Key,Java-Key,Control,26,Yes,No,No
ACC-0527,Java,Key,Java-Key,Control,27,Yes,No,No
ACC-0528,Java,Key,Java-Key,Control,28,Yes,No,No
ACC-0529,Java,Key,Java-Key,Control,29,Yes,No,No
ACC-0530,Java,Key,Java-Key,Control,30,Yes,No,No
ACC-0531,Java,Key,Java-Key,Control,31,Yes,No,No
ACC-0532,Java,Key,Java-Key,Control,32,Yes,No,No
ACC-0533,Java,Key,Java-Key,Control,33,Yes,No,No
ACC-0534,Java,Key,Java-Key,Control,34,Yes,No,No
ACC-0535,Java,Key,Java-Key,Control,35,Yes,No,No
ACC-0536,Java,Key,Java-Key,Control,36,Yes,No,No
ACC-0537,Java,Key,Java-Key,Control,37,Yes,No,No
ACC-0538,Java,Key,Java-Key,Control,38,Yes,No,No
ACC-0539,Java,Key,Java-Key,Control,39,Yes,No,No
ACC-0540,Java,Key,Java-Key,Control,40,Yes,No,No
ACC-0541,Java,Key,Java-Key,Control,41,Yes,No,No
ACC-0542,Java,Key,Java-Key,Control,42,Yes,No,No
ACC-0543,Java,Key,Java-Key,Control,43,Yes,No,No
ACC-0544,Java,Key,Java-Key,Control,44,Yes,No,No
ACC-0545,Java,Key,Java-Key,Control,45,Yes,No,No
ACC-0546,Java,Key,Java-Key,Control,46,Yes,No,No
ACC-0547,Java,Key,Java-Key,Control,47,Yes,No,No
ACC-0548,Java,Key,Java-Key,Control,48,Yes,No,No
ACC-0549,Java,Key,Java-Key,Control,49,Yes,No,No
ACC-0550,Java,Key,Java-Key,Control,50,Yes,No,No
ACC-0551,Java,Key,Java-Key,Control,51,Yes,No,No
ACC-0552,Java,Key,Java-Key,Control,52,Yes,No,No
ACC-0553,Java,Key,Java-Key,Control,53,Yes,No,No
ACC-0554,Java,Key,Java-Key,Control,54,Yes,No,No
ACC-0555,Java,Key,Java-Key,Control,55,Yes,No,No
ACC-0556,Java,Key,Java-Key,Control,56,Yes,No,No
ACC-0557,Java,Key,Java-Key,Control,57,Yes,No,No
ACC-0558,Java,Key,Java-Key,Control,58,Yes,No,No
ACC-0559,Java,Key,Java-Key,Control,59,Yes,No,No
ACC-0560,Java,Key,Java-Key,Control,60,Yes,No,No
ACC-0561,Java,Key,Java-Key,Control,61,Yes,No,No
ACC-0562,Java,Key,Java-Key,Control,62,Yes,No,No
ACC-0563,Java,Key,Java-Key,Control,63,Yes,No,No
ACC-0564,Java,Key,Java-Key,Control,64,Yes,No,No
ACC-0565,Java,Key,Java-Key,Control,65,Yes,No,No
ACC-0566,Java,Key,Java-Key,Control,66,Yes,No,No
ACC-0567,Java,Key,Java-Key,Control,67,Yes,No,No
ACC-0568,Java,Key,Java-Key,Control,68,Yes,No,No
ACC-0569,Java,Key,Java-Key,Control,69,Yes,No,No
ACC-0570,Java,Key,Java-Key,Control,70,Yes,No,No
ACC-0571,Java,Key,Java-Key,Control,71,Yes,No,No
ACC-0572,Java,Key,Java-Key,Control,72,Yes,No,No
ACC-0573,Java,Key,Java-Key,Control,73,Yes,No,No
ACC-0574,Java,Key,Java-Key,Control,74,Yes,No,No
ACC-0575,Java,Key,Java-Key,Control,75,Yes,No,No
ACC-0576,Java,Key,Java-Key,Control,76,Yes,No,No
ACC-0577,Java,Key,Java-Key,Control,77,Yes,No,No
ACC-0578,Java,Key,Java-Key,Control,78,Yes,No,No
ACC-0579,Java,Key,Java-Key,Control,79,No,No,No
ACC-0580,Java,Key,Java-Key,Control,80,No,No,No
ACC-0581,Java,Key,Java-Key,Control,81,No,No,No
ACC-0582,Java,Key,Java-Key,Control,82,No,No,No
ACC-0583,Java,Key,Java-Key,Control,83,No,No,No
ACC-0584,Java,Key,Java-Key,Control,84,No,No,No
ACC-0585,Java,Key,Java-Key,Control,85,No,No,No
ACC-0586,Java,Key,Java-Key,Control,86,No,No,No
ACC-0587,Java,Key,Java-Key,Control,87,No,No,No
ACC-0588,Java,Key,Java-Key,Control,88,No,No,No
ACC-0589,Java,Key,Java-Key,Control,89,No,No,No
ACC-0590,Java,Key,Java-Key,Control,90,No,No,No
ACC-0591,Java,Key,Java-Key,Control,91,No,No,No
ACC-0592,Java,Key,Java-Key,Control,92,No,No,No
ACC-0593,Java,Key,Java-Key,Control,93,No,No,No
ACC-0594,Java,Key,Java-Key,Control,94,No,No,No
ACC-0595,Java,Key,Java-Key,Control,95,No,No,No
ACC-0596,Java,Key,Java-Key,Control,96,No,No,No
ACC-0597,Java,Key,Java-Key,Control,97,No,No,No
ACC-0598,Java,Key,Java-Key,Control,98,No,No,No
ACC-0599,Java,Key,Java-Key,Control,99,No,No,No
ACC-0600,Java,Key,Java-Key,Control,100,No,No,No
ACC-0601,Java,Key,Java-Key,Control,101,No,No,No
ACC-0602,Java,Key,Java-Key,Control,102,No,No,No
ACC-0603,Java,Key,Java-Key,Control,103,No,No,No
ACC-0604,Java,Key,Java-Key,Control,104,No,No,No
ACC-0605,Java,Key,Java-Key,Control,105,No,No,No
ACC-0606,Java,Key,Java-Key,Control,106,No,No,No
ACC-0607,Java,Key,Java-Key,Control,107,No,No,No
ACC-0608,Java,Key,Java-Key,Control,108,No,No,No
ACC-0609,Java,Key,Java-Key,Control,109,No,No,No
ACC-0610,Java,Key,Java-Key,Control,110,No,No,No
ACC-0611,Java,Key,Java-Key,Control,111,No,No,No
ACC-0612,Java,Key,Java-Key,Control,112,No,No,No
ACC-0613,Java,Key,Java-Key,Control,113,No,No,No
ACC-0614,Java,Key,Java-Key,Control,114,No,No,No
ACC-0615,Java,Key,Java-Key,Control,115,No,No,No
ACC-0616,Java,Key,Java-Key,Control,116,No,No,No
ACC-0617,Java,Key,Java-Key,Control,117,No,No,No
ACC-0618,Java,Key,Java-Key,Control,118,No,No,No
ACC-0619,Java,Key,Java-Key,Control,119,No,No,No
ACC-0620,Java,Key,Java-Key,Control,120,No,No,No
ACC-0621,Java,Key,Java-Key,Control,121,No,No,No
ACC-0622,Java,Key,Java-Key,Control,122,No,No,No
ACC-0623,Java,Key,Java-Key,Control,123,No,No,No
ACC-0624,Java,Key,Java-Key,Control,124,No,No,No
ACC-0625,Java,Key,Java-Key,Control,125,No,No,No
ACC-0626,Java,Key,Java-Key,Control,126,No,No,No
ACC-0627,Java,Key,Java-Key,Control,127,No,No,No
ACC-0628,Java,Key,Java-Key,Control,128,No,No,No
ACC-0629,Java,Key,Java-Key,Control,129,No,No,No
ACC-0630,Java,Key,Java-Key,Control,130,No,No,No
ACC-0631,Java,Key,Java-Key,Control,131,No,No,No
ACC-0632,Java,Key,Java-Key,Control,132,No,No,No
ACC-0633,Java,Key,Java-Key,Control,133,No,No,No
ACC-0634,Java,Key,Java-Key,Control,134,No,No,No
ACC-0635,Java,Key,Java-Key,Control,135,No,No,No
ACC-0636,Java,Key,Java-Key,Control,136,No,No,No
ACC-0637,Java,Key,Java-Key,Control,137,No,No,No
ACC-0638,Java,Key,Java-Key,Control,138,No,No,No
ACC-0639,Java,Key,Java-Key,Control,139,No,No,No
ACC-0640,Java,Key,Java-Key,Control,140,No,No,No
ACC-0641,Java,Key,Java-Key,Control,141,No,No,No
ACC-0642,Java,Key,Java-Key,Control,142,No,No,No
ACC-0643,Java,Key,Java-Key,Control,143,No,No,No
ACC-0644,Java,Key,Java-Key,Control,144,No,No,No
ACC-0645,Java,Key,Java-Key,Control,145,No,No,No
ACC-0646,Java,Key,Java-Key,Control,146,No,No,No
ACC-0647,Java,Key,Java-Key,Control,147,No,No,No
ACC-0648,Java,Key,Java-Key,Control,148,No,No,No
ACC-0649,Java,Key,Java-Key,Control,149,No,No,No
ACC-0650,Java,Key,Java-Key,Control,150,No,No,No
ACC-0651,Java,Key,Java-Key,Control,151,No,No,No
ACC-0652,Java,Key,Java-Key,Control,152,No,No,No
ACC-0653,Java,Key,Java-Key,Control,153,No,No,No
ACC-0654,Java,Key,Java-Key,Control,154,No,No,No
ACC-0655,Java,Key,Java-Key,Control,155,No,No,No
ACC-0656,Java,Key,Java-Key,Control,156,No,No,No
ACC-0657,Java,Key,Java-Key,Control,157,No,No,No
ACC-0658,Java,Key,Java-Key,Control,158,No,No,No
ACC-0659,Java,Key,Java-Key,Control,159,No,No,No
ACC-0660,Java,Key,Java-Key,Control,160,No,No,No
ACC-0661,Java,Key,Java-Key,Control,161,No,No,No
ACC-0662,Java,Key,Java-Key,Control,162,No,No,No
ACC-0663,Java,Key,Java-Key,Control,163,No,No,No
ACC-0664,Java,Key,Java-Key,Control,164,No,No,No
ACC-0665,Java,Key,Java-Key,Control,165,No,No,No
ACC-0666,Java,Key,Java-Key,Control,166,No,No,No
ACC-0667,Java,Key,Java-Key,Control,167,No,No,No
ACC-0668,Java,Key,Java-Key,Control,168,No,No,No
ACC-0669,Java,Key,Java-Key,Control,169,No,No,No
ACC-0670,Java,Key,Java-Key,Control,170,No,No,No
ACC-0671,Java,Key,Java-Key,Control,171,No,No,No
ACC-0672,Java,Key,Java-Key,Control,172,No,No,No
ACC-0673,Java,Key,Java-Key,Control,173,No,No,No
ACC-0674,Java,Key,Java-Key,Control,174,No,No,No
ACC-0675,Java,Key,Java-Key,Control,175,No,No,No
ACC-0676,Java,Key,Java-Key,Control,176,No,No,No
ACC-0677,Java,Key,Java-Key,Control,177,No,No,No
ACC-0678,Java,Key,Java-Key,Control,178,No,No,No
ACC-0679,Java,Key,Java-Key,Control,179,No,No,No
ACC-0680,Java,Key,Java-Key,Control,180,No,No,No
ACC-0681,Java,Key,Java-Key,Control,181,No,No,No
ACC-0682,Java,Key,Java-Key,Control,182,No,No,No
ACC-0683,Java,Key,Java-Key,Control,183,No,No,No
ACC-0684,Java,Key,Java-Key,Control,184,No,No,No
ACC-0685,Java,Key,Java-Key,Control,185,No,No,No
ACC-0686,Java,Key,Java-Key,Control,186,No,No,No
ACC-0687,Java,Key,Java-Key,Control,187,No,No,No
ACC-0688,Java,Key,Java-Key,Control,188,No,No,No
ACC-0689,Java,Key,Java-Key,Control,189,No,No,No
ACC-0690,Java,Key,Java-Key,Control,190,No,No,No
ACC-0691,Java,Key,Java-Key,Control,191,No,No,No
ACC-0692,Java,Key,Java-Key,Control,192,No,No,No
ACC-0693,Java,Key,Java-Key,Control,193,No,No,No
ACC-0694,Java,Key,Java-Key,Control,194,No,No,No
ACC-0695,Java,Key,Java-Key,Control,195,No,No,No
ACC-0696,Java,Key,Java-Key,Control,196,No,No,No
ACC-0697,Java,Key,Java-Key,Control,197,No,No,No
ACC-0698,Java,Key,Java-Key,Control,198,No,No,No
ACC-0699,Java,Key,Java-Key,Control,199,No,No,No
ACC-0700,Java,Key,Java-Key,Control,200,No,No,No
ACC-0701,Java,Key,Java-Key,Control,201,No,No,No
ACC-0702,Java,Key,Java-Key,Control,202,No,No,No
ACC-0703,Java,Key,Java-Key,Control,203,No,No,No
ACC-0704,Java,Key,Java-Key,Control,204,No,No,No
ACC-0705,Java,Key,Java-Key,Control,205,No,No,No
ACC-0706,Java,Key,Java-Key,Control,206,No,No,No
ACC-0707,Java,Key,Java-Key,Control,207,No,No,No
ACC-0708,Java,Key,Java-Key,Control,208,No,No,No
ACC-0709,Java,Key,Java-Key,Control,209,No,No,No
ACC-0710,Java,Key,Java-Key,Control,210,No,No,No
ACC-0711,Java,Key,Java-Key,Control,211,No,No,No
ACC-0712,Java,Key,Java-Key,Control,212,No,No,No
ACC-0713,Java,Key,Java-Key,Control,213,No,No,No
ACC-0714,Java,Key,Java-Key,Control,214,No,No,No
ACC-0715,Java,Key,Java-Key,Control,215,No,No,No
ACC-0716,Java,Key,Java-Key,Control,216,No,No,No
ACC-0717,Java,Key,Java-Key,Control,217,No,No,No
ACC-0718,Java,Key,Java-Key,Control,218,No,No,No
ACC-0719,Java,Key,Java-Key,Control,219,No,No,No
ACC-0720,Java,Key,Java-Key,Control,220,No,No,No
ACC-0721,Java,Key,Java-Key,Control,221,No,No,No
ACC-0722,Java,Key,Java-Key,Control,222,No,No,No
ACC-0723,Java,Key,Java-Key,Control,223,No,No,No
ACC-0724,Java,Key,Java-Key,Control,224,No,No,No
ACC-0725,Java,Key,Java-Key,Control,225,No,No,No
ACC-0726,Java,Key,Java-Key,Control,226,No,No,No
ACC-0727,Java,Key,Java-Key,Control,227,No,No,No
ACC-0728,Java,Key,Java-Key,Control,228,No,No,No
ACC-0729,Java,Key,Java-Key,Control,229,No,No,No
ACC-0730,Java,Key,Java-Key,Control,230,No,No,No
ACC-0731,Java,Key,Java-Key,Control,231,No,No,No
ACC-0732,Java,Key,Java-Key,Control,232,No,No,No
ACC-0733,Java,Key,Java-Key,Control,233,No,No,No
ACC-0734,Java,Key,Java-Key,Control,234,No,No,No
ACC-0735,Java,Key,Java-Key,Control,235,No,No,No
ACC-0736,Java,Key,Java-Key,Control,236,No,No,No
ACC-0737,Java,Key,Java-Key,Control,237,No,No,No
ACC-0738,Java,Key,Java-Key,Control,238,No,No,No
ACC-0739,Java,Key,Java-Key,Control,239,No,No,No
ACC-0740,Java,Key,Java-Key,Control,240,No,No,No
ACC-0741,Java,Key,Java-Key,Control,241,No,No,No
ACC-0742,Java,Key,Java-Key,Control,242,No,No,No
ACC-0743,Java,Key,Java-Key,Control,243,No,No,No
ACC-0744,Java,Key,Java-Key,Control,244,No,No,No
ACC-0745,Java,Key,Java-Key,Control,245,No,No,No
ACC-0746,Java,Key,Java-Key,Control,246,No,No,No
ACC-0747,Java,Key,Java-Key,Control,247,No,No,No
ACC-0748,Java,Key,Java-Key,Control,248,No,No,No
ACC-0749,Java,Key,Java-Key,Control,249,No,No,No
ACC-0750,Java,Key,Java-Key,Control,250,No,No,No
ACC-0751,Java,Key,Java-Key,Treatment,1,Yes,Yes,No
ACC-0752,Java,Key,Java-Key,Treatment,2,Yes,Yes,No
ACC-0753,Java,Key,Java-Key,Treatment,3,Yes,Yes,No
ACC-0754,Java,Key,Java-Key,Treatment,4,Yes,Yes,No
ACC-0755,Java,Key,Java-Key,Treatment,5,Yes,Yes,No
ACC-0756,Java,Key,Java-Key,Treatment,6,Yes,Yes,No
ACC-0757,Java,Key,Java-Key,Treatment,7,Yes,Yes,No
ACC-0758,Java,Key,Java-Key,Treatment,8,Yes,Yes,No
ACC-0759,Java,Key,Java-Key,Treatment,9,Yes,No,Yes
ACC-0760,Java,Key,Java-Key,Treatment,10,Yes,No,Yes
ACC-0761,Java,Key,Java-Key,Treatment,11,Yes,No,Yes
ACC-0762,Java,Key,Java-Key,Treatment,12,Yes,No,Yes
ACC-0763,Java,Key,Java-Key,Treatment,13,Yes,No,Yes
ACC-0764,Java,Key,Java-Key,Treatment,14,Yes,No,Yes
ACC-0765,Java,Key,Java-Key,Treatment,15,Yes,No,Yes
ACC-0766,Java,Key,Java-Key,Treatment,16,Yes,No,No
ACC-0767,Java,Key,Java-Key,Treatment,17,Yes,No,No
ACC-0768,Java,Key,Java-Key,Treatment,18,Yes,No,No
ACC-0769,Java,Key,Java-Key,Treatment,19,Yes,No,No
ACC-0770,Java,Key,Java-Key,Treatment,20,Yes,No,No
ACC-0771,Java,Key,Java-Key,Treatment,21,Yes,No,No
ACC-0772,Java,Key,Java-Key,Treatment,22,Yes,No,No
ACC-0773,Java,Key,Java-Key,Treatment,23,Yes,No,No
ACC-0774,Java,Key,Java-Key,Treatment,24,Yes,No,No
ACC-0775,Java,Key,Java-Key,Treatment,25,Yes,No,No
ACC-0776,Java,Key,Java-Key,Treatment,26,Yes,No,No
ACC-0777,Java,Key,Java-Key,Treatment,27,Yes,No,No
ACC-0778,Java,Key,Java-Key,Treatment,28,Yes,No,No
ACC-0779,Java,Key,Java-Key,Treatment,29,Yes,No,No
ACC-0780,Java,Key,Java-Key,Treatment,30,Yes,No,No
ACC-0781,Java,Key,Java-Key,Treatment,31,Yes,No,No
ACC-0782,Java,Key,Java-Key,Treatment,32,Yes,No,No
ACC-0783,Java,Key,Java-Key,Treatment,33,Yes,No,No
ACC-0784,Java,Key,Java-Key,Treatment,34,Yes,No,No
ACC-0785,Java,Key,Java-Key,Treatment,35,Yes,No,No
ACC-0786,Java,Key,Java-Key,Treatment,36,Yes,No,No
ACC-0787,Java,Key,Java-Key,Treatment,37,Yes,No,No
ACC-0788,Java,Key,Java-Key,Treatment,38,Yes,No,No
ACC-0789,Java,Key,Java-Key,Treatment,39,Yes,No,No
ACC-0790,Java,Key,Java-Key,Treatment,40,Yes,No,No
ACC-0791,Java,Key,Java-Key,Treatment,41,Yes,No,No
ACC-0792,Java,Key,Java-Key,Treatment,42,Yes,No,No
ACC-0793,Java,Key,Java-Key,Treatment,43,Yes,No,No
ACC-0794,Java,Key,Java-Key,Treatment,44,Yes,No,No
ACC-0795,Java,Key,Java-Key,Treatment,45,Yes,No,No
ACC-0796,Java,Key,Java-Key,Treatment,46,Yes,No,No
ACC-0797,Java,Key,Java-Key,Treatment,47,Yes,No,No
ACC-0798,Java,Key,Java-Key,Treatment,48,Yes,No,No
ACC-0799,Java,Key,Java-Key,Treatment,49,Yes,No,No
ACC-0800,Java,Key,Java-Key,Treatment,50,Yes,No,No
ACC-0801,Java,Key,Java-Key,Treatment,51,Yes,No,No
ACC-0802,Java,Key,Java-Key,Treatment,52,Yes,No,No
ACC-0803,Java,Key,Java-Key,Treatment,53,Yes,No,No
ACC-0804,Java,Key,Java-Key,Treatment,54,Yes,No,No
ACC-0805,Java,Key,Java-Key,Treatment,55,Yes,No,No
ACC-0806,Java,Key,Java-Key,Treatment,56,Yes,No,No
ACC-0807,Java,Key,Java-Key,Treatment,57,Yes,No,No
ACC-0808,Java,Key,Java-Key,Treatment,58,Yes,No,No
ACC-0809,Java,Key,Java-Key,Treatment,59,Yes,No,No
ACC-0810,Java,Key,Java-Key,Treatment,60,Yes,No,No
ACC-0811,Java,Key,Java-Key,Treatment,61,Yes,No,No
ACC-0812,Java,Key,Java-Key,Treatment,62,Yes,No,No
ACC-0813,Java,Key,Java-Key,Treatment,63,Yes,No,No
ACC-0814,Java,Key,Java-Key,Treatment,64,Yes,No,No
ACC-0815,Java,Key,Java-Key,Treatment,65,Yes,No,No
ACC-0816,Java,Key,Java-Key,Treatment,66,Yes,No,No
ACC-0817,Java,Key,Java-Key,Treatment,67,Yes,No,No
ACC-0818,Java,Key,Java-Key,Treatment,68,Yes,No,No
ACC-0819,Java,Key,Java-Key,Treatment,69,Yes,No,No
ACC-0820,Java,Key,Java-Key,Treatment,70,Yes,No,No
ACC-0821,Java,Key,Java-Key,Treatment,71,Yes,No,No
ACC-0822,Java,Key,Java-Key,Treatment,72,Yes,No,No
ACC-0823,Java,Key,Java-Key,Treatment,73,Yes,No,No
ACC-0824,Java,Key,Java-Key,Treatment,74,Yes,No,No
ACC-0825,Java,Key,Java-Key,Treatment,75,Yes,No,No
ACC-0826,Java,Key,Java-Key,Treatment,76,Yes,No,No
ACC-0827,Java,Key,Java-Key,Treatment,77,Yes,No,No
ACC-0828,Java,Key,Java-Key,Treatment,78,Yes,No,No
ACC-0829,Java,Key,Java-Key,Treatment,79,Yes,No,No
ACC-0830,Java,Key,Java-Key,Treatment,80,Yes,No,No
ACC-0831,Java,Key,Java-Key,Treatment,81,Yes,No,No
ACC-0832,Java,Key,Java-Key,Treatment,82,Yes,No,No
ACC-0833,Java,Key,Java-Key,Treatment,83,Yes,No,No
ACC-0834,Java,Key,Java-Key,Treatment,84,Yes,No,No
ACC-0835,Java,Key,Java-Key,Treatment,85,Yes,No,No
ACC-0836,Java,Key,Java-Key,Treatment,86,No,No,No
ACC-0837,Java,Key,Java-Key,Treatment,87,No,No,No
ACC-0838,Java,Key,Java-Key,Treatment,88,No,No,No
ACC-0839,Java,Key,Java-Key,Treatment,89,No,No,No
ACC-0840,Java,Key,Java-Key,Treatment,90,No,No,No
ACC-0841,Java,Key,Java-Key,Treatment,91,No,No,No
ACC-0842,Java,Key,Java-Key,Treatment,92,No,No,No
ACC-0843,Java,Key,Java-Key,Treatment,93,No,No,No
ACC-0844,Java,Key,Java-Key,Treatment,94,No,No,No
ACC-0845,Java,Key,Java-Key,Treatment,95,No,No,No
ACC-0846,Java,Key,Java-Key,Treatment,96,No,No,No
ACC-0847,Java,Key,Java-Key,Treatment,97,No,No,No
ACC-0848,Java,Key,Java-Key,Treatment,98,No,No,No
ACC-0849,Java,Key,Java-Key,Treatment,99,No,No,No
ACC-0850,Java,Key,Java-Key,Treatment,100,No,No,No
ACC-0851,Java,Key,Java-Key,Treatment,101,No,No,No
ACC-0852,Java,Key,Java-Key,Treatment,102,No,No,No
ACC-0853,Java,Key,Java-Key,Treatment,103,No,No,No
ACC-0854,Java,Key,Java-Key,Treatment,104,No,No,No
ACC-0855,Java,Key,Java-Key,Treatment,105,No,No,No
ACC-0856,Java,Key,Java-Key,Treatment,106,No,No,No
ACC-0857,Java,Key,Java-Key,Treatment,107,No,No,No
ACC-0858,Java,Key,Java-Key,Treatment,108,No,No,No
ACC-0859,Java,Key,Java-Key,Treatment,109,No,No,No
ACC-0860,Java,Key,Java-Key,Treatment,110,No,No,No
ACC-0861,Java,Key,Java-Key,Treatment,111,No,No,No
ACC-0862,Java,Key,Java-Key,Treatment,112,No,No,No
ACC-0863,Java,Key,Java-Key,Treatment,113,No,No,No
ACC-0864,Java,Key,Java-Key,Treatment,114,No,No,No
ACC-0865,Java,Key,Java-Key,Treatment,115,No,No,No
ACC-0866,Java,Key,Java-Key,Treatment,116,No,No,No
ACC-0867,Java,Key,Java-Key,Treatment,117,No,No,No
ACC-0868,Java,Key,Java-Key,Treatment,118,No,No,No
ACC-0869,Java,Key,Java-Key,Treatment,119,No,No,No
ACC-0870,Java,Key,Java-Key,Treatment,120,No,No,No
ACC-0871,Java,Key,Java-Key,Treatment,121,No,No,No
ACC-0872,Java,Key,Java-Key,Treatment,122,No,No,No
ACC-0873,Java,Key,Java-Key,Treatment,123,No,No,No
ACC-0874,Java,Key,Java-Key,Treatment,124,No,No,No
ACC-0875,Java,Key,Java-Key,Treatment,125,No,No,No
ACC-0876,Java,Key,Java-Key,Treatment,126,No,No,No
ACC-0877,Java,Key,Java-Key,Treatment,127,No,No,No
ACC-0878,Java,Key,Java-Key,Treatment,128,No,No,No
ACC-0879,Java,Key,Java-Key,Treatment,129,No,No,No
ACC-0880,Java,Key,Java-Key,Treatment,130,No,No,No
ACC-0881,Java,Key,Java-Key,Treatment,131,No,No,No
ACC-0882,Java,Key,Java-Key,Treatment,132,No,No,No
ACC-0883,Java,Key,Java-Key,Treatment,133,No,No,No
ACC-0884,Java,Key,Java-Key,Treatment,134,No,No,No
ACC-0885,Java,Key,Java-Key,Treatment,135,No,No,No
ACC-0886,Java,Key,Java-Key,Treatment,136,No,No,No
ACC-0887,Java,Key,Java-Key,Treatment,137,No,No,No
ACC-0888,Java,Key,Java-Key,Treatment,138,No,No,No
ACC-0889,Java,Key,Java-Key,Treatment,139,No,No,No
ACC-0890,Java,Key,Java-Key,Treatment,140,No,No,No
ACC-0891,Java,Key,Java-Key,Treatment,141,No,No,No
ACC-0892,Java,Key,Java-Key,Treatment,142,No,No,No
ACC-0893,Java,Key,Java-Key,Treatment,143,No,No,No
ACC-0894,Java,Key,Java-Key,Treatment,144,No,No,No
ACC-0895,Java,Key,Java-Key,Treatment,145,No,No,No
ACC-0896,Java,Key,Java-Key,Treatment,146,No,No,No
ACC-0897,Java,Key,Java-Key,Treatment,147,No,No,No
ACC-0898,Java,Key,Java-Key,Treatment,148,No,No,No
ACC-0899,Java,Key,Java-Key,Treatment,149,No,No,No
ACC-0900,Java,Key,Java-Key,Treatment,150,No,No,No
ACC-0901,Java,Key,Java-Key,Treatment,151,No,No,No
ACC-0902,Java,Key,Java-Key,Treatment,152,No,No,No
ACC-0903,Java,Key,Java-Key,Treatment,153,No,No,No
ACC-0904,Java,Key,Java-Key,Treatment,154,No,No,No
ACC-0905,Java,Key,Java-Key,Treatment,155,No,No,No
ACC-0906,Java,Key,Java-Key,Treatment,156,No,No,No
ACC-0907,Java,Key,Java-Key,Treatment,157,No,No,No
ACC-0908,Java,Key,Java-Key,Treatment,158,No,No,No
ACC-0909,Java,Key,Java-Key,Treatment,159,No,No,No
ACC-0910,Java,Key,Java-Key,Treatment,160,No,No,No
ACC-0911,Java,Key,Java-Key,Treatment,161,No,No,No
ACC-0912,Java,Key,Java-Key,Treatment,162,No,No,No
ACC-0913,Java,Key,Java-Key,Treatment,163,No,No,No
ACC-0914,Java,Key,Java-Key,Treatment,164,No,No,No
ACC-0915,Java,Key,Java-Key,Treatment,165,No,No,No
ACC-0916,Java,Key,Java-Key,Treatment,166,No,No,No
ACC-0917,Java,Key,Java-Key,Treatment,167,No,No,No
ACC-0918,Java,Key,Java-Key,Treatment,168,No,No,No
ACC-0919,Java,Key,Java-Key,Treatment,169,No,No,No
ACC-0920,Java,Key,Java-Key,Treatment,170,No,No,No
ACC-0921,Java,Key,Java-Key,Treatment,171,No,No,No
ACC-0922,Java,Key,Java-Key,Treatment,172,No,No,No
ACC-0923,Java,Key,Java-Key,Treatment,173,No,No,No
ACC-0924,Java,Key,Java-Key,Treatment,174,No,No,No
ACC-0925,Java,Key,Java-Key,Treatment,175,No,No,No
ACC-0926,Java,Key,Java-Key,Treatment,176,No,No,No
ACC-0927,Java,Key,Java-Key,Treatment,177,No,No,No
ACC-0928,Java,Key,Java-Key,Treatment,178,No,No,No
ACC-0929,Java,Key,Java-Key,Treatment,179,No,No,No
ACC-0930,Java,Key,Java-Key,Treatment,180,No,No,No
ACC-0931,Java,Key,Java-Key,Treatment,181,No,No,No
ACC-0932,Java,Key,Java-Key,Treatment,182,No,No,No
ACC-0933,Java,Key,Java-Key,Treatment,183,No,No,No
ACC-0934,Java,Key,Java-Key,Treatment,184,No,No,No
ACC-0935,Java,Key,Java-Key,Treatment,185,No,No,No
ACC-0936,Java,Key,Java-Key,Treatment,186,No,No,No
ACC-0937,Java,Key,Java-Key,Treatment,187,No,No,No
ACC-0938,Java,Key,Java-Key,Treatment,188,No,No,No
ACC-0939,Java,Key,Java-Key,Treatment,189,No,No,No
ACC-0940,Java,Key,Java-Key,Treatment,190,No,No,No
ACC-0941,Java,Key,Java-Key,Treatment,191,No,No,No
ACC-0942,Java,Key,Java-Key,Treatment,192,No,No,No
ACC-0943,Java,Key,Java-Key,Treatment,193,No,No,No
ACC-0944,Java,Key,Java-Key,Treatment,194,No,No,No
ACC-0945,Java,Key,Java-Key,Treatment,195,No,No,No
ACC-0946,Java,Key,Java-Key,Treatment,196,No,No,No
ACC-0947,Java,Key,Java-Key,Treatment,197,No,No,No
ACC-0948,Java,Key,Java-Key,Treatment,198,No,No,No
ACC-0949,Java,Key,Java-Key,Treatment,199,No,No,No
ACC-0950,Java,Key,Java-Key,Treatment,200,No,No,No
ACC-0951,Java,Key,Java-Key,Treatment,201,No,No,No
ACC-0952,Java,Key,Java-Key,Treatment,202,No,No,No
ACC-0953,Java,Key,Java-Key,Treatment,203,No,No,No
ACC-0954,Java,Key,Java-Key,Treatment,204,No,No,No
ACC-0955,Java,Key,Java-Key,Treatment,205,No,No,No
ACC-0956,Java,Key,Java-Key,Treatment,206,No,No,No
ACC-0957,Java,Key,Java-Key,Treatment,207,No,No,No
ACC-0958,Java,Key,Java-Key,Treatment,208,No,No,No
ACC-0959,Java,Key,Java-Key,Treatment,209,No,No,No
ACC-0960,Java,Key,Java-Key,Treatment,210,No,No,No
ACC-0961,Java,Key,Java-Key,Treatment,211,No,No,No
ACC-0962,Java,Key,Java-Key,Treatment,212,No,No,No
ACC-0963,Java,Key,Java-Key,Treatment,213,No,No,No
ACC-0964,Java,Key,Java-Key,Treatment,214,No,No,No
ACC-0965,Java,Key,Java-Key,Treatment,215,No,No,No
ACC-0966,Java,Key,Java-Key,Treatment,216,No,No,No
ACC-0967,Java,Key,Java-Key,Treatment,217,No,No,No
ACC-0968,Java,Key,Java-Key,Treatment,218,No,No,No
ACC-0969,Java,Key,Java-Key,Treatment,219,No,No,No
ACC-0970,Java,Key,Java-Key,Treatment,220,No,No,No
ACC-0971,Java,Key,Java-Key,Treatment,221,No,No,No
ACC-0972,Java,Key,Java-Key,Treatment,222,No,No,No
ACC-0973,Java,Key,Java-Key,Treatment,223,No,No,No
ACC-0974,Java,Key,Java-Key,Treatment,224,No,No,No
ACC-0975,Java,Key,Java-Key,Treatment,225,No,No,No
ACC-0976,Java,Key,Java-Key,Treatment,226,No,No,No
ACC-0977,Java,Key,Java-Key,Treatment,227,No,No,No
ACC-0978,Java,Key,Java-Key,Treatment,228,No,No,No
ACC-0979,Java,Key,Java-Key,Treatment,229,No,No,No
ACC-0980,Java,Key,Java-Key,Treatment,230,No,No,No
ACC-0981,Java,Key,Java-Key,Treatment,231,No,No,No
ACC-0982,Java,Key,Java-Key,Treatment,232,No,No,No
ACC-0983,Java,Key,Java-Key,Treatment,233,No,No,No
ACC-0984,Java,Key,Java-Key,Treatment,234,No,No,No
ACC-0985,Java,Key,Java-Key,Treatment,235,No,No,No
ACC-0986,Java,Key,Java-Key,Treatment,236,No,No,No
ACC-0987,Java,Key,Java-Key,Treatment,237,No,No,No
ACC-0988,Java,Key,Java-Key,Treatment,238,No,No,No
ACC-0989,Java,Key,Java-Key,Treatment,239,No,No,No
ACC-0990,Java,Key,Java-Key,Treatment,240,No,No,No
ACC-0991,Java,Key,Java-Key,Treatment,241,No,No,No
ACC-0992,Java,Key,Java-Key,Treatment,242,No,No,No
ACC-0993,Java,Key,Java-Key,Treatment,243,No,No,No
ACC-0994,Java,Key,Java-Key,Treatment,244,No,No,No
ACC-0995,Java,Key,Java-Key,Treatment,245,No,No,No
ACC-0996,Java,Key,Java-Key,Treatment,246,No,No,No
ACC-0997,Java,Key,Java-Key,Treatment,247,No,No,No
ACC-0998,Java,Key,Java-Key,Treatment,248,No,No,No
ACC-0999,Java,Key,Java-Key,Treatment,249,No,No,No
ACC-1000,Java,Key,Java-Key,Treatment,250,No,No,No
ACC-1001,Sumatra,Standard,Sumatra-Standard,Control,1,Yes,Yes,No
ACC-1002,Sumatra,Standard,Sumatra-Standard,Control,2,Yes,Yes,No
ACC-1003,Sumatra,Standard,Sumatra-Standard,Control,3,Yes,Yes,No
ACC-1004,Sumatra,Standard,Sumatra-Standard,Control,4,Yes,Yes,No
ACC-1005,Sumatra,Standard,Sumatra-Standard,Control,5,Yes,Yes,No
ACC-1006,Sumatra,Standard,Sumatra-Standard,Control,6,Yes,No,Yes
ACC-1007,Sumatra,Standard,Sumatra-Standard,Control,7,Yes,No,Yes
ACC-1008,Sumatra,Standard,Sumatra-Standard,Control,8,Yes,No,Yes
ACC-1009,Sumatra,Standard,Sumatra-Standard,Control,9,Yes,No,Yes
ACC-1010,Sumatra,Standard,Sumatra-Standard,Control,10,Yes,No,Yes
ACC-1011,Sumatra,Standard,Sumatra-Standard,Control,11,Yes,No,Yes
ACC-1012,Sumatra,Standard,Sumatra-Standard,Control,12,Yes,No,No
ACC-1013,Sumatra,Standard,Sumatra-Standard,Control,13,Yes,No,No
ACC-1014,Sumatra,Standard,Sumatra-Standard,Control,14,Yes,No,No
ACC-1015,Sumatra,Standard,Sumatra-Standard,Control,15,Yes,No,No
ACC-1016,Sumatra,Standard,Sumatra-Standard,Control,16,Yes,No,No
ACC-1017,Sumatra,Standard,Sumatra-Standard,Control,17,Yes,No,No
ACC-1018,Sumatra,Standard,Sumatra-Standard,Control,18,Yes,No,No
ACC-1019,Sumatra,Standard,Sumatra-Standard,Control,19,Yes,No,No
ACC-1020,Sumatra,Standard,Sumatra-Standard,Control,20,Yes,No,No
ACC-1021,Sumatra,Standard,Sumatra-Standard,Control,21,Yes,No,No
ACC-1022,Sumatra,Standard,Sumatra-Standard,Control,22,Yes,No,No
ACC-1023,Sumatra,Standard,Sumatra-Standard,Control,23,Yes,No,No
ACC-1024,Sumatra,Standard,Sumatra-Standard,Control,24,Yes,No,No
ACC-1025,Sumatra,Standard,Sumatra-Standard,Control,25,Yes,No,No
ACC-1026,Sumatra,Standard,Sumatra-Standard,Control,26,Yes,No,No
ACC-1027,Sumatra,Standard,Sumatra-Standard,Control,27,Yes,No,No
ACC-1028,Sumatra,Standard,Sumatra-Standard,Control,28,Yes,No,No
ACC-1029,Sumatra,Standard,Sumatra-Standard,Control,29,Yes,No,No
ACC-1030,Sumatra,Standard,Sumatra-Standard,Control,30,Yes,No,No
ACC-1031,Sumatra,Standard,Sumatra-Standard,Control,31,Yes,No,No
ACC-1032,Sumatra,Standard,Sumatra-Standard,Control,32,Yes,No,No
ACC-1033,Sumatra,Standard,Sumatra-Standard,Control,33,Yes,No,No
ACC-1034,Sumatra,Standard,Sumatra-Standard,Control,34,Yes,No,No
ACC-1035,Sumatra,Standard,Sumatra-Standard,Control,35,Yes,No,No
ACC-1036,Sumatra,Standard,Sumatra-Standard,Control,36,Yes,No,No
ACC-1037,Sumatra,Standard,Sumatra-Standard,Control,37,Yes,No,No
ACC-1038,Sumatra,Standard,Sumatra-Standard,Control,38,Yes,No,No
ACC-1039,Sumatra,Standard,Sumatra-Standard,Control,39,Yes,No,No
ACC-1040,Sumatra,Standard,Sumatra-Standard,Control,40,Yes,No,No
ACC-1041,Sumatra,Standard,Sumatra-Standard,Control,41,Yes,No,No
ACC-1042,Sumatra,Standard,Sumatra-Standard,Control,42,Yes,No,No
ACC-1043,Sumatra,Standard,Sumatra-Standard,Control,43,Yes,No,No
ACC-1044,Sumatra,Standard,Sumatra-Standard,Control,44,Yes,No,No
ACC-1045,Sumatra,Standard,Sumatra-Standard,Control,45,Yes,No,No
ACC-1046,Sumatra,Standard,Sumatra-Standard,Control,46,Yes,No,No
ACC-1047,Sumatra,Standard,Sumatra-Standard,Control,47,Yes,No,No
ACC-1048,Sumatra,Standard,Sumatra-Standard,Control,48,Yes,No,No
ACC-1049,Sumatra,Standard,Sumatra-Standard,Control,49,Yes,No,No
ACC-1050,Sumatra,Standard,Sumatra-Standard,Control,50,Yes,No,No
ACC-1051,Sumatra,Standard,Sumatra-Standard,Control,51,Yes,No,No
ACC-1052,Sumatra,Standard,Sumatra-Standard,Control,52,Yes,No,No
ACC-1053,Sumatra,Standard,Sumatra-Standard,Control,53,Yes,No,No
ACC-1054,Sumatra,Standard,Sumatra-Standard,Control,54,Yes,No,No
ACC-1055,Sumatra,Standard,Sumatra-Standard,Control,55,Yes,No,No
ACC-1056,Sumatra,Standard,Sumatra-Standard,Control,56,Yes,No,No
ACC-1057,Sumatra,Standard,Sumatra-Standard,Control,57,Yes,No,No
ACC-1058,Sumatra,Standard,Sumatra-Standard,Control,58,Yes,No,No
ACC-1059,Sumatra,Standard,Sumatra-Standard,Control,59,Yes,No,No
ACC-1060,Sumatra,Standard,Sumatra-Standard,Control,60,Yes,No,No
ACC-1061,Sumatra,Standard,Sumatra-Standard,Control,61,Yes,No,No
ACC-1062,Sumatra,Standard,Sumatra-Standard,Control,62,Yes,No,No
ACC-1063,Sumatra,Standard,Sumatra-Standard,Control,63,Yes,No,No
ACC-1064,Sumatra,Standard,Sumatra-Standard,Control,64,Yes,No,No
ACC-1065,Sumatra,Standard,Sumatra-Standard,Control,65,Yes,No,No
ACC-1066,Sumatra,Standard,Sumatra-Standard,Control,66,Yes,No,No
ACC-1067,Sumatra,Standard,Sumatra-Standard,Control,67,Yes,No,No
ACC-1068,Sumatra,Standard,Sumatra-Standard,Control,68,Yes,No,No
ACC-1069,Sumatra,Standard,Sumatra-Standard,Control,69,Yes,No,No
ACC-1070,Sumatra,Standard,Sumatra-Standard,Control,70,Yes,No,No
ACC-1071,Sumatra,Standard,Sumatra-Standard,Control,71,Yes,No,No
ACC-1072,Sumatra,Standard,Sumatra-Standard,Control,72,Yes,No,No
ACC-1073,Sumatra,Standard,Sumatra-Standard,Control,73,Yes,No,No
ACC-1074,Sumatra,Standard,Sumatra-Standard,Control,74,Yes,No,No
ACC-1075,Sumatra,Standard,Sumatra-Standard,Control,75,Yes,No,No
ACC-1076,Sumatra,Standard,Sumatra-Standard,Control,76,Yes,No,No
ACC-1077,Sumatra,Standard,Sumatra-Standard,Control,77,Yes,No,No
ACC-1078,Sumatra,Standard,Sumatra-Standard,Control,78,Yes,No,No
ACC-1079,Sumatra,Standard,Sumatra-Standard,Control,79,No,No,No
ACC-1080,Sumatra,Standard,Sumatra-Standard,Control,80,No,No,No
ACC-1081,Sumatra,Standard,Sumatra-Standard,Control,81,No,No,No
ACC-1082,Sumatra,Standard,Sumatra-Standard,Control,82,No,No,No
ACC-1083,Sumatra,Standard,Sumatra-Standard,Control,83,No,No,No
ACC-1084,Sumatra,Standard,Sumatra-Standard,Control,84,No,No,No
ACC-1085,Sumatra,Standard,Sumatra-Standard,Control,85,No,No,No
ACC-1086,Sumatra,Standard,Sumatra-Standard,Control,86,No,No,No
ACC-1087,Sumatra,Standard,Sumatra-Standard,Control,87,No,No,No
ACC-1088,Sumatra,Standard,Sumatra-Standard,Control,88,No,No,No
ACC-1089,Sumatra,Standard,Sumatra-Standard,Control,89,No,No,No
ACC-1090,Sumatra,Standard,Sumatra-Standard,Control,90,No,No,No
ACC-1091,Sumatra,Standard,Sumatra-Standard,Control,91,No,No,No
ACC-1092,Sumatra,Standard,Sumatra-Standard,Control,92,No,No,No
ACC-1093,Sumatra,Standard,Sumatra-Standard,Control,93,No,No,No
ACC-1094,Sumatra,Standard,Sumatra-Standard,Control,94,No,No,No
ACC-1095,Sumatra,Standard,Sumatra-Standard,Control,95,No,No,No
ACC-1096,Sumatra,Standard,Sumatra-Standard,Control,96,No,No,No
ACC-1097,Sumatra,Standard,Sumatra-Standard,Control,97,No,No,No
ACC-1098,Sumatra,Standard,Sumatra-Standard,Control,98,No,No,No
ACC-1099,Sumatra,Standard,Sumatra-Standard,Control,99,No,No,No
ACC-1100,Sumatra,Standard,Sumatra-Standard,Control,100,No,No,No
ACC-1101,Sumatra,Standard,Sumatra-Standard,Control,101,No,No,No
ACC-1102,Sumatra,Standard,Sumatra-Standard,Control,102,No,No,No
ACC-1103,Sumatra,Standard,Sumatra-Standard,Control,103,No,No,No
ACC-1104,Sumatra,Standard,Sumatra-Standard,Control,104,No,No,No
ACC-1105,Sumatra,Standard,Sumatra-Standard,Control,105,No,No,No
ACC-1106,Sumatra,Standard,Sumatra-Standard,Control,106,No,No,No
ACC-1107,Sumatra,Standard,Sumatra-Standard,Control,107,No,No,No
ACC-1108,Sumatra,Standard,Sumatra-Standard,Control,108,No,No,No
ACC-1109,Sumatra,Standard,Sumatra-Standard,Control,109,No,No,No
ACC-1110,Sumatra,Standard,Sumatra-Standard,Control,110,No,No,No
ACC-1111,Sumatra,Standard,Sumatra-Standard,Control,111,No,No,No
ACC-1112,Sumatra,Standard,Sumatra-Standard,Control,112,No,No,No
ACC-1113,Sumatra,Standard,Sumatra-Standard,Control,113,No,No,No
ACC-1114,Sumatra,Standard,Sumatra-Standard,Control,114,No,No,No
ACC-1115,Sumatra,Standard,Sumatra-Standard,Control,115,No,No,No
ACC-1116,Sumatra,Standard,Sumatra-Standard,Control,116,No,No,No
ACC-1117,Sumatra,Standard,Sumatra-Standard,Control,117,No,No,No
ACC-1118,Sumatra,Standard,Sumatra-Standard,Control,118,No,No,No
ACC-1119,Sumatra,Standard,Sumatra-Standard,Control,119,No,No,No
ACC-1120,Sumatra,Standard,Sumatra-Standard,Control,120,No,No,No
ACC-1121,Sumatra,Standard,Sumatra-Standard,Control,121,No,No,No
ACC-1122,Sumatra,Standard,Sumatra-Standard,Control,122,No,No,No
ACC-1123,Sumatra,Standard,Sumatra-Standard,Control,123,No,No,No
ACC-1124,Sumatra,Standard,Sumatra-Standard,Control,124,No,No,No
ACC-1125,Sumatra,Standard,Sumatra-Standard,Control,125,No,No,No
ACC-1126,Sumatra,Standard,Sumatra-Standard,Control,126,No,No,No
ACC-1127,Sumatra,Standard,Sumatra-Standard,Control,127,No,No,No
ACC-1128,Sumatra,Standard,Sumatra-Standard,Control,128,No,No,No
ACC-1129,Sumatra,Standard,Sumatra-Standard,Control,129,No,No,No
ACC-1130,Sumatra,Standard,Sumatra-Standard,Control,130,No,No,No
ACC-1131,Sumatra,Standard,Sumatra-Standard,Control,131,No,No,No
ACC-1132,Sumatra,Standard,Sumatra-Standard,Control,132,No,No,No
ACC-1133,Sumatra,Standard,Sumatra-Standard,Control,133,No,No,No
ACC-1134,Sumatra,Standard,Sumatra-Standard,Control,134,No,No,No
ACC-1135,Sumatra,Standard,Sumatra-Standard,Control,135,No,No,No
ACC-1136,Sumatra,Standard,Sumatra-Standard,Control,136,No,No,No
ACC-1137,Sumatra,Standard,Sumatra-Standard,Control,137,No,No,No
ACC-1138,Sumatra,Standard,Sumatra-Standard,Control,138,No,No,No
ACC-1139,Sumatra,Standard,Sumatra-Standard,Control,139,No,No,No
ACC-1140,Sumatra,Standard,Sumatra-Standard,Control,140,No,No,No
ACC-1141,Sumatra,Standard,Sumatra-Standard,Control,141,No,No,No
ACC-1142,Sumatra,Standard,Sumatra-Standard,Control,142,No,No,No
ACC-1143,Sumatra,Standard,Sumatra-Standard,Control,143,No,No,No
ACC-1144,Sumatra,Standard,Sumatra-Standard,Control,144,No,No,No
ACC-1145,Sumatra,Standard,Sumatra-Standard,Control,145,No,No,No
ACC-1146,Sumatra,Standard,Sumatra-Standard,Control,146,No,No,No
ACC-1147,Sumatra,Standard,Sumatra-Standard,Control,147,No,No,No
ACC-1148,Sumatra,Standard,Sumatra-Standard,Control,148,No,No,No
ACC-1149,Sumatra,Standard,Sumatra-Standard,Control,149,No,No,No
ACC-1150,Sumatra,Standard,Sumatra-Standard,Control,150,No,No,No
ACC-1151,Sumatra,Standard,Sumatra-Standard,Control,151,No,No,No
ACC-1152,Sumatra,Standard,Sumatra-Standard,Control,152,No,No,No
ACC-1153,Sumatra,Standard,Sumatra-Standard,Control,153,No,No,No
ACC-1154,Sumatra,Standard,Sumatra-Standard,Control,154,No,No,No
ACC-1155,Sumatra,Standard,Sumatra-Standard,Control,155,No,No,No
ACC-1156,Sumatra,Standard,Sumatra-Standard,Control,156,No,No,No
ACC-1157,Sumatra,Standard,Sumatra-Standard,Control,157,No,No,No
ACC-1158,Sumatra,Standard,Sumatra-Standard,Control,158,No,No,No
ACC-1159,Sumatra,Standard,Sumatra-Standard,Control,159,No,No,No
ACC-1160,Sumatra,Standard,Sumatra-Standard,Control,160,No,No,No
ACC-1161,Sumatra,Standard,Sumatra-Standard,Control,161,No,No,No
ACC-1162,Sumatra,Standard,Sumatra-Standard,Control,162,No,No,No
ACC-1163,Sumatra,Standard,Sumatra-Standard,Control,163,No,No,No
ACC-1164,Sumatra,Standard,Sumatra-Standard,Control,164,No,No,No
ACC-1165,Sumatra,Standard,Sumatra-Standard,Control,165,No,No,No
ACC-1166,Sumatra,Standard,Sumatra-Standard,Control,166,No,No,No
ACC-1167,Sumatra,Standard,Sumatra-Standard,Control,167,No,No,No
ACC-1168,Sumatra,Standard,Sumatra-Standard,Control,168,No,No,No
ACC-1169,Sumatra,Standard,Sumatra-Standard,Control,169,No,No,No
ACC-1170,Sumatra,Standard,Sumatra-Standard,Control,170,No,No,No
ACC-1171,Sumatra,Standard,Sumatra-Standard,Control,171,No,No,No
ACC-1172,Sumatra,Standard,Sumatra-Standard,Control,172,No,No,No
ACC-1173,Sumatra,Standard,Sumatra-Standard,Control,173,No,No,No
ACC-1174,Sumatra,Standard,Sumatra-Standard,Control,174,No,No,No
ACC-1175,Sumatra,Standard,Sumatra-Standard,Control,175,No,No,No
ACC-1176,Sumatra,Standard,Sumatra-Standard,Control,176,No,No,No
ACC-1177,Sumatra,Standard,Sumatra-Standard,Control,177,No,No,No
ACC-1178,Sumatra,Standard,Sumatra-Standard,Control,178,No,No,No
ACC-1179,Sumatra,Standard,Sumatra-Standard,Control,179,No,No,No
ACC-1180,Sumatra,Standard,Sumatra-Standard,Control,180,No,No,No
ACC-1181,Sumatra,Standard,Sumatra-Standard,Control,181,No,No,No
ACC-1182,Sumatra,Standard,Sumatra-Standard,Control,182,No,No,No
ACC-1183,Sumatra,Standard,Sumatra-Standard,Control,183,No,No,No
ACC-1184,Sumatra,Standard,Sumatra-Standard,Control,184,No,No,No
ACC-1185,Sumatra,Standard,Sumatra-Standard,Control,185,No,No,No
ACC-1186,Sumatra,Standard,Sumatra-Standard,Control,186,No,No,No
ACC-1187,Sumatra,Standard,Sumatra-Standard,Control,187,No,No,No
ACC-1188,Sumatra,Standard,Sumatra-Standard,Control,188,No,No,No
ACC-1189,Sumatra,Standard,Sumatra-Standard,Control,189,No,No,No
ACC-1190,Sumatra,Standard,Sumatra-Standard,Control,190,No,No,No
ACC-1191,Sumatra,Standard,Sumatra-Standard,Control,191,No,No,No
ACC-1192,Sumatra,Standard,Sumatra-Standard,Control,192,No,No,No
ACC-1193,Sumatra,Standard,Sumatra-Standard,Control,193,No,No,No
ACC-1194,Sumatra,Standard,Sumatra-Standard,Control,194,No,No,No
ACC-1195,Sumatra,Standard,Sumatra-Standard,Control,195,No,No,No
ACC-1196,Sumatra,Standard,Sumatra-Standard,Control,196,No,No,No
ACC-1197,Sumatra,Standard,Sumatra-Standard,Control,197,No,No,No
ACC-1198,Sumatra,Standard,Sumatra-Standard,Control,198,No,No,No
ACC-1199,Sumatra,Standard,Sumatra-Standard,Control,199,No,No,No
ACC-1200,Sumatra,Standard,Sumatra-Standard,Control,200,No,No,No
ACC-1201,Sumatra,Standard,Sumatra-Standard,Control,201,No,No,No
ACC-1202,Sumatra,Standard,Sumatra-Standard,Control,202,No,No,No
ACC-1203,Sumatra,Standard,Sumatra-Standard,Control,203,No,No,No
ACC-1204,Sumatra,Standard,Sumatra-Standard,Control,204,No,No,No
ACC-1205,Sumatra,Standard,Sumatra-Standard,Control,205,No,No,No
ACC-1206,Sumatra,Standard,Sumatra-Standard,Control,206,No,No,No
ACC-1207,Sumatra,Standard,Sumatra-Standard,Control,207,No,No,No
ACC-1208,Sumatra,Standard,Sumatra-Standard,Control,208,No,No,No
ACC-1209,Sumatra,Standard,Sumatra-Standard,Control,209,No,No,No
ACC-1210,Sumatra,Standard,Sumatra-Standard,Control,210,No,No,No
ACC-1211,Sumatra,Standard,Sumatra-Standard,Control,211,No,No,No
ACC-1212,Sumatra,Standard,Sumatra-Standard,Control,212,No,No,No
ACC-1213,Sumatra,Standard,Sumatra-Standard,Control,213,No,No,No
ACC-1214,Sumatra,Standard,Sumatra-Standard,Control,214,No,No,No
ACC-1215,Sumatra,Standard,Sumatra-Standard,Control,215,No,No,No
ACC-1216,Sumatra,Standard,Sumatra-Standard,Control,216,No,No,No
ACC-1217,Sumatra,Standard,Sumatra-Standard,Control,217,No,No,No
ACC-1218,Sumatra,Standard,Sumatra-Standard,Control,218,No,No,No
ACC-1219,Sumatra,Standard,Sumatra-Standard,Control,219,No,No,No
ACC-1220,Sumatra,Standard,Sumatra-Standard,Control,220,No,No,No
ACC-1221,Sumatra,Standard,Sumatra-Standard,Control,221,No,No,No
ACC-1222,Sumatra,Standard,Sumatra-Standard,Control,222,No,No,No
ACC-1223,Sumatra,Standard,Sumatra-Standard,Control,223,No,No,No
ACC-1224,Sumatra,Standard,Sumatra-Standard,Control,224,No,No,No
ACC-1225,Sumatra,Standard,Sumatra-Standard,Control,225,No,No,No
ACC-1226,Sumatra,Standard,Sumatra-Standard,Control,226,No,No,No
ACC-1227,Sumatra,Standard,Sumatra-Standard,Control,227,No,No,No
ACC-1228,Sumatra,Standard,Sumatra-Standard,Control,228,No,No,No
ACC-1229,Sumatra,Standard,Sumatra-Standard,Control,229,No,No,No
ACC-1230,Sumatra,Standard,Sumatra-Standard,Control,230,No,No,No
ACC-1231,Sumatra,Standard,Sumatra-Standard,Control,231,No,No,No
ACC-1232,Sumatra,Standard,Sumatra-Standard,Control,232,No,No,No
ACC-1233,Sumatra,Standard,Sumatra-Standard,Control,233,No,No,No
ACC-1234,Sumatra,Standard,Sumatra-Standard,Control,234,No,No,No
ACC-1235,Sumatra,Standard,Sumatra-Standard,Control,235,No,No,No
ACC-1236,Sumatra,Standard,Sumatra-Standard,Control,236,No,No,No
ACC-1237,Sumatra,Standard,Sumatra-Standard,Control,237,No,No,No
ACC-1238,Sumatra,Standard,Sumatra-Standard,Control,238,No,No,No
ACC-1239,Sumatra,Standard,Sumatra-Standard,Control,239,No,No,No
ACC-1240,Sumatra,Standard,Sumatra-Standard,Control,240,No,No,No
ACC-1241,Sumatra,Standard,Sumatra-Standard,Control,241,No,No,No
ACC-1242,Sumatra,Standard,Sumatra-Standard,Control,242,No,No,No
ACC-1243,Sumatra,Standard,Sumatra-Standard,Control,243,No,No,No
ACC-1244,Sumatra,Standard,Sumatra-Standard,Control,244,No,No,No
ACC-1245,Sumatra,Standard,Sumatra-Standard,Control,245,No,No,No
ACC-1246,Sumatra,Standard,Sumatra-Standard,Control,246,No,No,No
ACC-1247,Sumatra,Standard,Sumatra-Standard,Control,247,No,No,No
ACC-1248,Sumatra,Standard,Sumatra-Standard,Control,248,No,No,No
ACC-1249,Sumatra,Standard,Sumatra-Standard,Control,249,No,No,No
ACC-1250,Sumatra,Standard,Sumatra-Standard,Control,250,No,No,No
ACC-1251,Sumatra,Standard,Sumatra-Standard,Treatment,1,Yes,Yes,No
ACC-1252,Sumatra,Standard,Sumatra-Standard,Treatment,2,Yes,Yes,No
ACC-1253,Sumatra,Standard,Sumatra-Standard,Treatment,3,Yes,Yes,No
ACC-1254,Sumatra,Standard,Sumatra-Standard,Treatment,4,Yes,Yes,No
ACC-1255,Sumatra,Standard,Sumatra-Standard,Treatment,5,Yes,Yes,No
ACC-1256,Sumatra,Standard,Sumatra-Standard,Treatment,6,Yes,Yes,No
ACC-1257,Sumatra,Standard,Sumatra-Standard,Treatment,7,Yes,Yes,No
ACC-1258,Sumatra,Standard,Sumatra-Standard,Treatment,8,Yes,Yes,No
ACC-1259,Sumatra,Standard,Sumatra-Standard,Treatment,9,Yes,No,Yes
ACC-1260,Sumatra,Standard,Sumatra-Standard,Treatment,10,Yes,No,Yes
ACC-1261,Sumatra,Standard,Sumatra-Standard,Treatment,11,Yes,No,Yes
ACC-1262,Sumatra,Standard,Sumatra-Standard,Treatment,12,Yes,No,Yes
ACC-1263,Sumatra,Standard,Sumatra-Standard,Treatment,13,Yes,No,Yes
ACC-1264,Sumatra,Standard,Sumatra-Standard,Treatment,14,Yes,No,Yes
ACC-1265,Sumatra,Standard,Sumatra-Standard,Treatment,15,Yes,No,Yes
ACC-1266,Sumatra,Standard,Sumatra-Standard,Treatment,16,Yes,No,No
ACC-1267,Sumatra,Standard,Sumatra-Standard,Treatment,17,Yes,No,No
ACC-1268,Sumatra,Standard,Sumatra-Standard,Treatment,18,Yes,No,No
ACC-1269,Sumatra,Standard,Sumatra-Standard,Treatment,19,Yes,No,No
ACC-1270,Sumatra,Standard,Sumatra-Standard,Treatment,20,Yes,No,No
ACC-1271,Sumatra,Standard,Sumatra-Standard,Treatment,21,Yes,No,No
ACC-1272,Sumatra,Standard,Sumatra-Standard,Treatment,22,Yes,No,No
ACC-1273,Sumatra,Standard,Sumatra-Standard,Treatment,23,Yes,No,No
ACC-1274,Sumatra,Standard,Sumatra-Standard,Treatment,24,Yes,No,No
ACC-1275,Sumatra,Standard,Sumatra-Standard,Treatment,25,Yes,No,No
ACC-1276,Sumatra,Standard,Sumatra-Standard,Treatment,26,Yes,No,No
ACC-1277,Sumatra,Standard,Sumatra-Standard,Treatment,27,Yes,No,No
ACC-1278,Sumatra,Standard,Sumatra-Standard,Treatment,28,Yes,No,No
ACC-1279,Sumatra,Standard,Sumatra-Standard,Treatment,29,Yes,No,No
ACC-1280,Sumatra,Standard,Sumatra-Standard,Treatment,30,Yes,No,No
ACC-1281,Sumatra,Standard,Sumatra-Standard,Treatment,31,Yes,No,No
ACC-1282,Sumatra,Standard,Sumatra-Standard,Treatment,32,Yes,No,No
ACC-1283,Sumatra,Standard,Sumatra-Standard,Treatment,33,Yes,No,No
ACC-1284,Sumatra,Standard,Sumatra-Standard,Treatment,34,Yes,No,No
ACC-1285,Sumatra,Standard,Sumatra-Standard,Treatment,35,Yes,No,No
ACC-1286,Sumatra,Standard,Sumatra-Standard,Treatment,36,Yes,No,No
ACC-1287,Sumatra,Standard,Sumatra-Standard,Treatment,37,Yes,No,No
ACC-1288,Sumatra,Standard,Sumatra-Standard,Treatment,38,Yes,No,No
ACC-1289,Sumatra,Standard,Sumatra-Standard,Treatment,39,Yes,No,No
ACC-1290,Sumatra,Standard,Sumatra-Standard,Treatment,40,Yes,No,No
ACC-1291,Sumatra,Standard,Sumatra-Standard,Treatment,41,Yes,No,No
ACC-1292,Sumatra,Standard,Sumatra-Standard,Treatment,42,Yes,No,No
ACC-1293,Sumatra,Standard,Sumatra-Standard,Treatment,43,Yes,No,No
ACC-1294,Sumatra,Standard,Sumatra-Standard,Treatment,44,Yes,No,No
ACC-1295,Sumatra,Standard,Sumatra-Standard,Treatment,45,Yes,No,No
ACC-1296,Sumatra,Standard,Sumatra-Standard,Treatment,46,Yes,No,No
ACC-1297,Sumatra,Standard,Sumatra-Standard,Treatment,47,Yes,No,No
ACC-1298,Sumatra,Standard,Sumatra-Standard,Treatment,48,Yes,No,No
ACC-1299,Sumatra,Standard,Sumatra-Standard,Treatment,49,Yes,No,No
ACC-1300,Sumatra,Standard,Sumatra-Standard,Treatment,50,Yes,No,No
ACC-1301,Sumatra,Standard,Sumatra-Standard,Treatment,51,Yes,No,No
ACC-1302,Sumatra,Standard,Sumatra-Standard,Treatment,52,Yes,No,No
ACC-1303,Sumatra,Standard,Sumatra-Standard,Treatment,53,Yes,No,No
ACC-1304,Sumatra,Standard,Sumatra-Standard,Treatment,54,Yes,No,No
ACC-1305,Sumatra,Standard,Sumatra-Standard,Treatment,55,Yes,No,No
ACC-1306,Sumatra,Standard,Sumatra-Standard,Treatment,56,Yes,No,No
ACC-1307,Sumatra,Standard,Sumatra-Standard,Treatment,57,Yes,No,No
ACC-1308,Sumatra,Standard,Sumatra-Standard,Treatment,58,Yes,No,No
ACC-1309,Sumatra,Standard,Sumatra-Standard,Treatment,59,Yes,No,No
ACC-1310,Sumatra,Standard,Sumatra-Standard,Treatment,60,Yes,No,No
ACC-1311,Sumatra,Standard,Sumatra-Standard,Treatment,61,Yes,No,No
ACC-1312,Sumatra,Standard,Sumatra-Standard,Treatment,62,Yes,No,No
ACC-1313,Sumatra,Standard,Sumatra-Standard,Treatment,63,Yes,No,No
ACC-1314,Sumatra,Standard,Sumatra-Standard,Treatment,64,Yes,No,No
ACC-1315,Sumatra,Standard,Sumatra-Standard,Treatment,65,Yes,No,No
ACC-1316,Sumatra,Standard,Sumatra-Standard,Treatment,66,Yes,No,No
ACC-1317,Sumatra,Standard,Sumatra-Standard,Treatment,67,Yes,No,No
ACC-1318,Sumatra,Standard,Sumatra-Standard,Treatment,68,Yes,No,No
ACC-1319,Sumatra,Standard,Sumatra-Standard,Treatment,69,Yes,No,No
ACC-1320,Sumatra,Standard,Sumatra-Standard,Treatment,70,Yes,No,No
ACC-1321,Sumatra,Standard,Sumatra-Standard,Treatment,71,Yes,No,No
ACC-1322,Sumatra,Standard,Sumatra-Standard,Treatment,72,Yes,No,No
ACC-1323,Sumatra,Standard,Sumatra-Standard,Treatment,73,Yes,No,No
ACC-1324,Sumatra,Standard,Sumatra-Standard,Treatment,74,Yes,No,No
ACC-1325,Sumatra,Standard,Sumatra-Standard,Treatment,75,Yes,No,No
ACC-1326,Sumatra,Standard,Sumatra-Standard,Treatment,76,Yes,No,No
ACC-1327,Sumatra,Standard,Sumatra-Standard,Treatment,77,Yes,No,No
ACC-1328,Sumatra,Standard,Sumatra-Standard,Treatment,78,Yes,No,No
ACC-1329,Sumatra,Standard,Sumatra-Standard,Treatment,79,Yes,No,No
ACC-1330,Sumatra,Standard,Sumatra-Standard,Treatment,80,Yes,No,No
ACC-1331,Sumatra,Standard,Sumatra-Standard,Treatment,81,Yes,No,No
ACC-1332,Sumatra,Standard,Sumatra-Standard,Treatment,82,Yes,No,No
ACC-1333,Sumatra,Standard,Sumatra-Standard,Treatment,83,Yes,No,No
ACC-1334,Sumatra,Standard,Sumatra-Standard,Treatment,84,Yes,No,No
ACC-1335,Sumatra,Standard,Sumatra-Standard,Treatment,85,Yes,No,No
ACC-1336,Sumatra,Standard,Sumatra-Standard,Treatment,86,No,No,No
ACC-1337,Sumatra,Standard,Sumatra-Standard,Treatment,87,No,No,No
ACC-1338,Sumatra,Standard,Sumatra-Standard,Treatment,88,No,No,No
ACC-1339,Sumatra,Standard,Sumatra-Standard,Treatment,89,No,No,No
ACC-1340,Sumatra,Standard,Sumatra-Standard,Treatment,90,No,No,No
ACC-1341,Sumatra,Standard,Sumatra-Standard,Treatment,91,No,No,No
ACC-1342,Sumatra,Standard,Sumatra-Standard,Treatment,92,No,No,No
ACC-1343,Sumatra,Standard,Sumatra-Standard,Treatment,93,No,No,No
ACC-1344,Sumatra,Standard,Sumatra-Standard,Treatment,94,No,No,No
ACC-1345,Sumatra,Standard,Sumatra-Standard,Treatment,95,No,No,No
ACC-1346,Sumatra,Standard,Sumatra-Standard,Treatment,96,No,No,No
ACC-1347,Sumatra,Standard,Sumatra-Standard,Treatment,97,No,No,No
ACC-1348,Sumatra,Standard,Sumatra-Standard,Treatment,98,No,No,No
ACC-1349,Sumatra,Standard,Sumatra-Standard,Treatment,99,No,No,No
ACC-1350,Sumatra,Standard,Sumatra-Standard,Treatment,100,No,No,No
ACC-1351,Sumatra,Standard,Sumatra-Standard,Treatment,101,No,No,No
ACC-1352,Sumatra,Standard,Sumatra-Standard,Treatment,102,No,No,No
ACC-1353,Sumatra,Standard,Sumatra-Standard,Treatment,103,No,No,No
ACC-1354,Sumatra,Standard,Sumatra-Standard,Treatment,104,No,No,No
ACC-1355,Sumatra,Standard,Sumatra-Standard,Treatment,105,No,No,No
ACC-1356,Sumatra,Standard,Sumatra-Standard,Treatment,106,No,No,No
ACC-1357,Sumatra,Standard,Sumatra-Standard,Treatment,107,No,No,No
ACC-1358,Sumatra,Standard,Sumatra-Standard,Treatment,108,No,No,No
ACC-1359,Sumatra,Standard,Sumatra-Standard,Treatment,109,No,No,No
ACC-1360,Sumatra,Standard,Sumatra-Standard,Treatment,110,No,No,No
ACC-1361,Sumatra,Standard,Sumatra-Standard,Treatment,111,No,No,No
ACC-1362,Sumatra,Standard,Sumatra-Standard,Treatment,112,No,No,No
ACC-1363,Sumatra,Standard,Sumatra-Standard,Treatment,113,No,No,No
ACC-1364,Sumatra,Standard,Sumatra-Standard,Treatment,114,No,No,No
ACC-1365,Sumatra,Standard,Sumatra-Standard,Treatment,115,No,No,No
ACC-1366,Sumatra,Standard,Sumatra-Standard,Treatment,116,No,No,No
ACC-1367,Sumatra,Standard,Sumatra-Standard,Treatment,117,No,No,No
ACC-1368,Sumatra,Standard,Sumatra-Standard,Treatment,118,No,No,No
ACC-1369,Sumatra,Standard,Sumatra-Standard,Treatment,119,No,No,No
ACC-1370,Sumatra,Standard,Sumatra-Standard,Treatment,120,No,No,No
ACC-1371,Sumatra,Standard,Sumatra-Standard,Treatment,121,No,No,No
ACC-1372,Sumatra,Standard,Sumatra-Standard,Treatment,122,No,No,No
ACC-1373,Sumatra,Standard,Sumatra-Standard,Treatment,123,No,No,No
ACC-1374,Sumatra,Standard,Sumatra-Standard,Treatment,124,No,No,No
ACC-1375,Sumatra,Standard,Sumatra-Standard,Treatment,125,No,No,No
ACC-1376,Sumatra,Standard,Sumatra-Standard,Treatment,126,No,No,No
ACC-1377,Sumatra,Standard,Sumatra-Standard,Treatment,127,No,No,No
ACC-1378,Sumatra,Standard,Sumatra-Standard,Treatment,128,No,No,No
ACC-1379,Sumatra,Standard,Sumatra-Standard,Treatment,129,No,No,No
ACC-1380,Sumatra,Standard,Sumatra-Standard,Treatment,130,No,No,No
ACC-1381,Sumatra,Standard,Sumatra-Standard,Treatment,131,No,No,No
ACC-1382,Sumatra,Standard,Sumatra-Standard,Treatment,132,No,No,No
ACC-1383,Sumatra,Standard,Sumatra-Standard,Treatment,133,No,No,No
ACC-1384,Sumatra,Standard,Sumatra-Standard,Treatment,134,No,No,No
ACC-1385,Sumatra,Standard,Sumatra-Standard,Treatment,135,No,No,No
ACC-1386,Sumatra,Standard,Sumatra-Standard,Treatment,136,No,No,No
ACC-1387,Sumatra,Standard,Sumatra-Standard,Treatment,137,No,No,No
ACC-1388,Sumatra,Standard,Sumatra-Standard,Treatment,138,No,No,No
ACC-1389,Sumatra,Standard,Sumatra-Standard,Treatment,139,No,No,No
ACC-1390,Sumatra,Standard,Sumatra-Standard,Treatment,140,No,No,No
ACC-1391,Sumatra,Standard,Sumatra-Standard,Treatment,141,No,No,No
ACC-1392,Sumatra,Standard,Sumatra-Standard,Treatment,142,No,No,No
ACC-1393,Sumatra,Standard,Sumatra-Standard,Treatment,143,No,No,No
ACC-1394,Sumatra,Standard,Sumatra-Standard,Treatment,144,No,No,No
ACC-1395,Sumatra,Standard,Sumatra-Standard,Treatment,145,No,No,No
ACC-1396,Sumatra,Standard,Sumatra-Standard,Treatment,146,No,No,No
ACC-1397,Sumatra,Standard,Sumatra-Standard,Treatment,147,No,No,No
ACC-1398,Sumatra,Standard,Sumatra-Standard,Treatment,148,No,No,No
ACC-1399,Sumatra,Standard,Sumatra-Standard,Treatment,149,No,No,No
ACC-1400,Sumatra,Standard,Sumatra-Standard,Treatment,150,No,No,No
ACC-1401,Sumatra,Standard,Sumatra-Standard,Treatment,151,No,No,No
ACC-1402,Sumatra,Standard,Sumatra-Standard,Treatment,152,No,No,No
ACC-1403,Sumatra,Standard,Sumatra-Standard,Treatment,153,No,No,No
ACC-1404,Sumatra,Standard,Sumatra-Standard,Treatment,154,No,No,No
ACC-1405,Sumatra,Standard,Sumatra-Standard,Treatment,155,No,No,No
ACC-1406,Sumatra,Standard,Sumatra-Standard,Treatment,156,No,No,No
ACC-1407,Sumatra,Standard,Sumatra-Standard,Treatment,157,No,No,No
ACC-1408,Sumatra,Standard,Sumatra-Standard,Treatment,158,No,No,No
ACC-1409,Sumatra,Standard,Sumatra-Standard,Treatment,159,No,No,No
ACC-1410,Sumatra,Standard,Sumatra-Standard,Treatment,160,No,No,No
ACC-1411,Sumatra,Standard,Sumatra-Standard,Treatment,161,No,No,No
ACC-1412,Sumatra,Standard,Sumatra-Standard,Treatment,162,No,No,No
ACC-1413,Sumatra,Standard,Sumatra-Standard,Treatment,163,No,No,No
ACC-1414,Sumatra,Standard,Sumatra-Standard,Treatment,164,No,No,No
ACC-1415,Sumatra,Standard,Sumatra-Standard,Treatment,165,No,No,No
ACC-1416,Sumatra,Standard,Sumatra-Standard,Treatment,166,No,No,No
ACC-1417,Sumatra,Standard,Sumatra-Standard,Treatment,167,No,No,No
ACC-1418,Sumatra,Standard,Sumatra-Standard,Treatment,168,No,No,No
ACC-1419,Sumatra,Standard,Sumatra-Standard,Treatment,169,No,No,No
ACC-1420,Sumatra,Standard,Sumatra-Standard,Treatment,170,No,No,No
ACC-1421,Sumatra,Standard,Sumatra-Standard,Treatment,171,No,No,No
ACC-1422,Sumatra,Standard,Sumatra-Standard,Treatment,172,No,No,No
ACC-1423,Sumatra,Standard,Sumatra-Standard,Treatment,173,No,No,No
ACC-1424,Sumatra,Standard,Sumatra-Standard,Treatment,174,No,No,No
ACC-1425,Sumatra,Standard,Sumatra-Standard,Treatment,175,No,No,No
ACC-1426,Sumatra,Standard,Sumatra-Standard,Treatment,176,No,No,No
ACC-1427,Sumatra,Standard,Sumatra-Standard,Treatment,177,No,No,No
ACC-1428,Sumatra,Standard,Sumatra-Standard,Treatment,178,No,No,No
ACC-1429,Sumatra,Standard,Sumatra-Standard,Treatment,179,No,No,No
ACC-1430,Sumatra,Standard,Sumatra-Standard,Treatment,180,No,No,No
ACC-1431,Sumatra,Standard,Sumatra-Standard,Treatment,181,No,No,No
ACC-1432,Sumatra,Standard,Sumatra-Standard,Treatment,182,No,No,No
ACC-1433,Sumatra,Standard,Sumatra-Standard,Treatment,183,No,No,No
ACC-1434,Sumatra,Standard,Sumatra-Standard,Treatment,184,No,No,No
ACC-1435,Sumatra,Standard,Sumatra-Standard,Treatment,185,No,No,No
ACC-1436,Sumatra,Standard,Sumatra-Standard,Treatment,186,No,No,No
ACC-1437,Sumatra,Standard,Sumatra-Standard,Treatment,187,No,No,No
ACC-1438,Sumatra,Standard,Sumatra-Standard,Treatment,188,No,No,No
ACC-1439,Sumatra,Standard,Sumatra-Standard,Treatment,189,No,No,No
ACC-1440,Sumatra,Standard,Sumatra-Standard,Treatment,190,No,No,No
ACC-1441,Sumatra,Standard,Sumatra-Standard,Treatment,191,No,No,No
ACC-1442,Sumatra,Standard,Sumatra-Standard,Treatment,192,No,No,No
ACC-1443,Sumatra,Standard,Sumatra-Standard,Treatment,193,No,No,No
ACC-1444,Sumatra,Standard,Sumatra-Standard,Treatment,194,No,No,No
ACC-1445,Sumatra,Standard,Sumatra-Standard,Treatment,195,No,No,No
ACC-1446,Sumatra,Standard,Sumatra-Standard,Treatment,196,No,No,No
ACC-1447,Sumatra,Standard,Sumatra-Standard,Treatment,197,No,No,No
ACC-1448,Sumatra,Standard,Sumatra-Standard,Treatment,198,No,No,No
ACC-1449,Sumatra,Standard,Sumatra-Standard,Treatment,199,No,No,No
ACC-1450,Sumatra,Standard,Sumatra-Standard,Treatment,200,No,No,No
ACC-1451,Sumatra,Standard,Sumatra-Standard,Treatment,201,No,No,No
ACC-1452,Sumatra,Standard,Sumatra-Standard,Treatment,202,No,No,No
ACC-1453,Sumatra,Standard,Sumatra-Standard,Treatment,203,No,No,No
ACC-1454,Sumatra,Standard,Sumatra-Standard,Treatment,204,No,No,No
ACC-1455,Sumatra,Standard,Sumatra-Standard,Treatment,205,No,No,No
ACC-1456,Sumatra,Standard,Sumatra-Standard,Treatment,206,No,No,No
ACC-1457,Sumatra,Standard,Sumatra-Standard,Treatment,207,No,No,No
ACC-1458,Sumatra,Standard,Sumatra-Standard,Treatment,208,No,No,No
ACC-1459,Sumatra,Standard,Sumatra-Standard,Treatment,209,No,No,No
ACC-1460,Sumatra,Standard,Sumatra-Standard,Treatment,210,No,No,No
ACC-1461,Sumatra,Standard,Sumatra-Standard,Treatment,211,No,No,No
ACC-1462,Sumatra,Standard,Sumatra-Standard,Treatment,212,No,No,No
ACC-1463,Sumatra,Standard,Sumatra-Standard,Treatment,213,No,No,No
ACC-1464,Sumatra,Standard,Sumatra-Standard,Treatment,214,No,No,No
ACC-1465,Sumatra,Standard,Sumatra-Standard,Treatment,215,No,No,No
ACC-1466,Sumatra,Standard,Sumatra-Standard,Treatment,216,No,No,No
ACC-1467,Sumatra,Standard,Sumatra-Standard,Treatment,217,No,No,No
ACC-1468,Sumatra,Standard,Sumatra-Standard,Treatment,218,No,No,No
ACC-1469,Sumatra,Standard,Sumatra-Standard,Treatment,219,No,No,No
ACC-1470,Sumatra,Standard,Sumatra-Standard,Treatment,220,No,No,No
ACC-1471,Sumatra,Standard,Sumatra-Standard,Treatment,221,No,No,No
ACC-1472,Sumatra,Standard,Sumatra-Standard,Treatment,222,No,No,No
ACC-1473,Sumatra,Standard,Sumatra-Standard,Treatment,223,No,No,No
ACC-1474,Sumatra,Standard,Sumatra-Standard,Treatment,224,No,No,No
ACC-1475,Sumatra,Standard,Sumatra-Standard,Treatment,225,No,No,No
ACC-1476,Sumatra,Standard,Sumatra-Standard,Treatment,226,No,No,No
ACC-1477,Sumatra,Standard,Sumatra-Standard,Treatment,227,No,No,No
ACC-1478,Sumatra,Standard,Sumatra-Standard,Treatment,228,No,No,No
ACC-1479,Sumatra,Standard,Sumatra-Standard,Treatment,229,No,No,No
ACC-1480,Sumatra,Standard,Sumatra-Standard,Treatment,230,No,No,No
ACC-1481,Sumatra,Standard,Sumatra-Standard,Treatment,231,No,No,No
ACC-1482,Sumatra,Standard,Sumatra-Standard,Treatment,232,No,No,No
ACC-1483,Sumatra,Standard,Sumatra-Standard,Treatment,233,No,No,No
ACC-1484,Sumatra,Standard,Sumatra-Standard,Treatment,234,No,No,No
ACC-1485,Sumatra,Standard,Sumatra-Standard,Treatment,235,No,No,No
ACC-1486,Sumatra,Standard,Sumatra-Standard,Treatment,236,No,No,No
ACC-1487,Sumatra,Standard,Sumatra-Standard,Treatment,237,No,No,No
ACC-1488,Sumatra,Standard,Sumatra-Standard,Treatment,238,No,No,No
ACC-1489,Sumatra,Standard,Sumatra-Standard,Treatment,239,No,No,No
ACC-1490,Sumatra,Standard,Sumatra-Standard,Treatment,240,No,No,No
ACC-1491,Sumatra,Standard,Sumatra-Standard,Treatment,241,No,No,No
ACC-1492,Sumatra,Standard,Sumatra-Standard,Treatment,242,No,No,No
ACC-1493,Sumatra,Standard,Sumatra-Standard,Treatment,243,No,No,No
ACC-1494,Sumatra,Standard,Sumatra-Standard,Treatment,244,No,No,No
ACC-1495,Sumatra,Standard,Sumatra-Standard,Treatment,245,No,No,No
ACC-1496,Sumatra,Standard,Sumatra-Standard,Treatment,246,No,No,No
ACC-1497,Sumatra,Standard,Sumatra-Standard,Treatment,247,No,No,No
ACC-1498,Sumatra,Standard,Sumatra-Standard,Treatment,248,No,No,No
ACC-1499,Sumatra,Standard,Sumatra-Standard,Treatment,249,No,No,No
ACC-1500,Sumatra,Standard,Sumatra-Standard,Treatment,250,No,No,No
ACC-1501,Sumatra,Key,Sumatra-Key,Control,1,Yes,Yes,No
ACC-1502,Sumatra,Key,Sumatra-Key,Control,2,Yes,Yes,No
ACC-1503,Sumatra,Key,Sumatra-Key,Control,3,Yes,Yes,No
ACC-1504,Sumatra,Key,Sumatra-Key,Control,4,Yes,Yes,No
ACC-1505,Sumatra,Key,Sumatra-Key,Control,5,Yes,Yes,No
ACC-1506,Sumatra,Key,Sumatra-Key,Control,6,Yes,No,Yes
ACC-1507,Sumatra,Key,Sumatra-Key,Control,7,Yes,No,Yes
ACC-1508,Sumatra,Key,Sumatra-Key,Control,8,Yes,No,Yes
ACC-1509,Sumatra,Key,Sumatra-Key,Control,9,Yes,No,Yes
ACC-1510,Sumatra,Key,Sumatra-Key,Control,10,Yes,No,Yes
ACC-1511,Sumatra,Key,Sumatra-Key,Control,11,Yes,No,Yes
ACC-1512,Sumatra,Key,Sumatra-Key,Control,12,Yes,No,No
ACC-1513,Sumatra,Key,Sumatra-Key,Control,13,Yes,No,No
ACC-1514,Sumatra,Key,Sumatra-Key,Control,14,Yes,No,No
ACC-1515,Sumatra,Key,Sumatra-Key,Control,15,Yes,No,No
ACC-1516,Sumatra,Key,Sumatra-Key,Control,16,Yes,No,No
ACC-1517,Sumatra,Key,Sumatra-Key,Control,17,Yes,No,No
ACC-1518,Sumatra,Key,Sumatra-Key,Control,18,Yes,No,No
ACC-1519,Sumatra,Key,Sumatra-Key,Control,19,Yes,No,No
ACC-1520,Sumatra,Key,Sumatra-Key,Control,20,Yes,No,No
ACC-1521,Sumatra,Key,Sumatra-Key,Control,21,Yes,No,No
ACC-1522,Sumatra,Key,Sumatra-Key,Control,22,Yes,No,No
ACC-1523,Sumatra,Key,Sumatra-Key,Control,23,Yes,No,No
ACC-1524,Sumatra,Key,Sumatra-Key,Control,24,Yes,No,No
ACC-1525,Sumatra,Key,Sumatra-Key,Control,25,Yes,No,No
ACC-1526,Sumatra,Key,Sumatra-Key,Control,26,Yes,No,No
ACC-1527,Sumatra,Key,Sumatra-Key,Control,27,Yes,No,No
ACC-1528,Sumatra,Key,Sumatra-Key,Control,28,Yes,No,No
ACC-1529,Sumatra,Key,Sumatra-Key,Control,29,Yes,No,No
ACC-1530,Sumatra,Key,Sumatra-Key,Control,30,Yes,No,No
ACC-1531,Sumatra,Key,Sumatra-Key,Control,31,Yes,No,No
ACC-1532,Sumatra,Key,Sumatra-Key,Control,32,Yes,No,No
ACC-1533,Sumatra,Key,Sumatra-Key,Control,33,Yes,No,No
ACC-1534,Sumatra,Key,Sumatra-Key,Control,34,Yes,No,No
ACC-1535,Sumatra,Key,Sumatra-Key,Control,35,Yes,No,No
ACC-1536,Sumatra,Key,Sumatra-Key,Control,36,Yes,No,No
ACC-1537,Sumatra,Key,Sumatra-Key,Control,37,Yes,No,No
ACC-1538,Sumatra,Key,Sumatra-Key,Control,38,Yes,No,No
ACC-1539,Sumatra,Key,Sumatra-Key,Control,39,Yes,No,No
ACC-1540,Sumatra,Key,Sumatra-Key,Control,40,Yes,No,No
ACC-1541,Sumatra,Key,Sumatra-Key,Control,41,Yes,No,No
ACC-1542,Sumatra,Key,Sumatra-Key,Control,42,Yes,No,No
ACC-1543,Sumatra,Key,Sumatra-Key,Control,43,Yes,No,No
ACC-1544,Sumatra,Key,Sumatra-Key,Control,44,Yes,No,No
ACC-1545,Sumatra,Key,Sumatra-Key,Control,45,Yes,No,No
ACC-1546,Sumatra,Key,Sumatra-Key,Control,46,Yes,No,No
ACC-1547,Sumatra,Key,Sumatra-Key,Control,47,Yes,No,No
ACC-1548,Sumatra,Key,Sumatra-Key,Control,48,Yes,No,No
ACC-1549,Sumatra,Key,Sumatra-Key,Control,49,Yes,No,No
ACC-1550,Sumatra,Key,Sumatra-Key,Control,50,Yes,No,No
ACC-1551,Sumatra,Key,Sumatra-Key,Control,51,Yes,No,No
ACC-1552,Sumatra,Key,Sumatra-Key,Control,52,Yes,No,No
ACC-1553,Sumatra,Key,Sumatra-Key,Control,53,Yes,No,No
ACC-1554,Sumatra,Key,Sumatra-Key,Control,54,Yes,No,No
ACC-1555,Sumatra,Key,Sumatra-Key,Control,55,Yes,No,No
ACC-1556,Sumatra,Key,Sumatra-Key,Control,56,Yes,No,No
ACC-1557,Sumatra,Key,Sumatra-Key,Control,57,Yes,No,No
ACC-1558,Sumatra,Key,Sumatra-Key,Control,58,Yes,No,No
ACC-1559,Sumatra,Key,Sumatra-Key,Control,59,Yes,No,No
ACC-1560,Sumatra,Key,Sumatra-Key,Control,60,Yes,No,No
ACC-1561,Sumatra,Key,Sumatra-Key,Control,61,Yes,No,No
ACC-1562,Sumatra,Key,Sumatra-Key,Control,62,Yes,No,No
ACC-1563,Sumatra,Key,Sumatra-Key,Control,63,Yes,No,No
ACC-1564,Sumatra,Key,Sumatra-Key,Control,64,Yes,No,No
ACC-1565,Sumatra,Key,Sumatra-Key,Control,65,Yes,No,No
ACC-1566,Sumatra,Key,Sumatra-Key,Control,66,Yes,No,No
ACC-1567,Sumatra,Key,Sumatra-Key,Control,67,Yes,No,No
ACC-1568,Sumatra,Key,Sumatra-Key,Control,68,Yes,No,No
ACC-1569,Sumatra,Key,Sumatra-Key,Control,69,Yes,No,No
ACC-1570,Sumatra,Key,Sumatra-Key,Control,70,Yes,No,No
ACC-1571,Sumatra,Key,Sumatra-Key,Control,71,Yes,No,No
ACC-1572,Sumatra,Key,Sumatra-Key,Control,72,Yes,No,No
ACC-1573,Sumatra,Key,Sumatra-Key,Control,73,Yes,No,No
ACC-1574,Sumatra,Key,Sumatra-Key,Control,74,Yes,No,No
ACC-1575,Sumatra,Key,Sumatra-Key,Control,75,Yes,No,No
ACC-1576,Sumatra,Key,Sumatra-Key,Control,76,Yes,No,No
ACC-1577,Sumatra,Key,Sumatra-Key,Control,77,Yes,No,No
ACC-1578,Sumatra,Key,Sumatra-Key,Control,78,Yes,No,No
ACC-1579,Sumatra,Key,Sumatra-Key,Control,79,No,No,No
ACC-1580,Sumatra,Key,Sumatra-Key,Control,80,No,No,No
ACC-1581,Sumatra,Key,Sumatra-Key,Control,81,No,No,No
ACC-1582,Sumatra,Key,Sumatra-Key,Control,82,No,No,No
ACC-1583,Sumatra,Key,Sumatra-Key,Control,83,No,No,No
ACC-1584,Sumatra,Key,Sumatra-Key,Control,84,No,No,No
ACC-1585,Sumatra,Key,Sumatra-Key,Control,85,No,No,No
ACC-1586,Sumatra,Key,Sumatra-Key,Control,86,No,No,No
ACC-1587,Sumatra,Key,Sumatra-Key,Control,87,No,No,No
ACC-1588,Sumatra,Key,Sumatra-Key,Control,88,No,No,No
ACC-1589,Sumatra,Key,Sumatra-Key,Control,89,No,No,No
ACC-1590,Sumatra,Key,Sumatra-Key,Control,90,No,No,No
ACC-1591,Sumatra,Key,Sumatra-Key,Control,91,No,No,No
ACC-1592,Sumatra,Key,Sumatra-Key,Control,92,No,No,No
ACC-1593,Sumatra,Key,Sumatra-Key,Control,93,No,No,No
ACC-1594,Sumatra,Key,Sumatra-Key,Control,94,No,No,No
ACC-1595,Sumatra,Key,Sumatra-Key,Control,95,No,No,No
ACC-1596,Sumatra,Key,Sumatra-Key,Control,96,No,No,No
ACC-1597,Sumatra,Key,Sumatra-Key,Control,97,No,No,No
ACC-1598,Sumatra,Key,Sumatra-Key,Control,98,No,No,No
ACC-1599,Sumatra,Key,Sumatra-Key,Control,99,No,No,No
ACC-1600,Sumatra,Key,Sumatra-Key,Control,100,No,No,No
ACC-1601,Sumatra,Key,Sumatra-Key,Control,101,No,No,No
ACC-1602,Sumatra,Key,Sumatra-Key,Control,102,No,No,No
ACC-1603,Sumatra,Key,Sumatra-Key,Control,103,No,No,No
ACC-1604,Sumatra,Key,Sumatra-Key,Control,104,No,No,No
ACC-1605,Sumatra,Key,Sumatra-Key,Control,105,No,No,No
ACC-1606,Sumatra,Key,Sumatra-Key,Control,106,No,No,No
ACC-1607,Sumatra,Key,Sumatra-Key,Control,107,No,No,No
ACC-1608,Sumatra,Key,Sumatra-Key,Control,108,No,No,No
ACC-1609,Sumatra,Key,Sumatra-Key,Control,109,No,No,No
ACC-1610,Sumatra,Key,Sumatra-Key,Control,110,No,No,No
ACC-1611,Sumatra,Key,Sumatra-Key,Control,111,No,No,No
ACC-1612,Sumatra,Key,Sumatra-Key,Control,112,No,No,No
ACC-1613,Sumatra,Key,Sumatra-Key,Control,113,No,No,No
ACC-1614,Sumatra,Key,Sumatra-Key,Control,114,No,No,No
ACC-1615,Sumatra,Key,Sumatra-Key,Control,115,No,No,No
ACC-1616,Sumatra,Key,Sumatra-Key,Control,116,No,No,No
ACC-1617,Sumatra,Key,Sumatra-Key,Control,117,No,No,No
ACC-1618,Sumatra,Key,Sumatra-Key,Control,118,No,No,No
ACC-1619,Sumatra,Key,Sumatra-Key,Control,119,No,No,No
ACC-1620,Sumatra,Key,Sumatra-Key,Control,120,No,No,No
ACC-1621,Sumatra,Key,Sumatra-Key,Control,121,No,No,No
ACC-1622,Sumatra,Key,Sumatra-Key,Control,122,No,No,No
ACC-1623,Sumatra,Key,Sumatra-Key,Control,123,No,No,No
ACC-1624,Sumatra,Key,Sumatra-Key,Control,124,No,No,No
ACC-1625,Sumatra,Key,Sumatra-Key,Control,125,No,No,No
ACC-1626,Sumatra,Key,Sumatra-Key,Control,126,No,No,No
ACC-1627,Sumatra,Key,Sumatra-Key,Control,127,No,No,No
ACC-1628,Sumatra,Key,Sumatra-Key,Control,128,No,No,No
ACC-1629,Sumatra,Key,Sumatra-Key,Control,129,No,No,No
ACC-1630,Sumatra,Key,Sumatra-Key,Control,130,No,No,No
ACC-1631,Sumatra,Key,Sumatra-Key,Control,131,No,No,No
ACC-1632,Sumatra,Key,Sumatra-Key,Control,132,No,No,No
ACC-1633,Sumatra,Key,Sumatra-Key,Control,133,No,No,No
ACC-1634,Sumatra,Key,Sumatra-Key,Control,134,No,No,No
ACC-1635,Sumatra,Key,Sumatra-Key,Control,135,No,No,No
ACC-1636,Sumatra,Key,Sumatra-Key,Control,136,No,No,No
ACC-1637,Sumatra,Key,Sumatra-Key,Control,137,No,No,No
ACC-1638,Sumatra,Key,Sumatra-Key,Control,138,No,No,No
ACC-1639,Sumatra,Key,Sumatra-Key,Control,139,No,No,No
ACC-1640,Sumatra,Key,Sumatra-Key,Control,140,No,No,No
ACC-1641,Sumatra,Key,Sumatra-Key,Control,141,No,No,No
ACC-1642,Sumatra,Key,Sumatra-Key,Control,142,No,No,No
ACC-1643,Sumatra,Key,Sumatra-Key,Control,143,No,No,No
ACC-1644,Sumatra,Key,Sumatra-Key,Control,144,No,No,No
ACC-1645,Sumatra,Key,Sumatra-Key,Control,145,No,No,No
ACC-1646,Sumatra,Key,Sumatra-Key,Control,146,No,No,No
ACC-1647,Sumatra,Key,Sumatra-Key,Control,147,No,No,No
ACC-1648,Sumatra,Key,Sumatra-Key,Control,148,No,No,No
ACC-1649,Sumatra,Key,Sumatra-Key,Control,149,No,No,No
ACC-1650,Sumatra,Key,Sumatra-Key,Control,150,No,No,No
ACC-1651,Sumatra,Key,Sumatra-Key,Control,151,No,No,No
ACC-1652,Sumatra,Key,Sumatra-Key,Control,152,No,No,No
ACC-1653,Sumatra,Key,Sumatra-Key,Control,153,No,No,No
ACC-1654,Sumatra,Key,Sumatra-Key,Control,154,No,No,No
ACC-1655,Sumatra,Key,Sumatra-Key,Control,155,No,No,No
ACC-1656,Sumatra,Key,Sumatra-Key,Control,156,No,No,No
ACC-1657,Sumatra,Key,Sumatra-Key,Control,157,No,No,No
ACC-1658,Sumatra,Key,Sumatra-Key,Control,158,No,No,No
ACC-1659,Sumatra,Key,Sumatra-Key,Control,159,No,No,No
ACC-1660,Sumatra,Key,Sumatra-Key,Control,160,No,No,No
ACC-1661,Sumatra,Key,Sumatra-Key,Control,161,No,No,No
ACC-1662,Sumatra,Key,Sumatra-Key,Control,162,No,No,No
ACC-1663,Sumatra,Key,Sumatra-Key,Control,163,No,No,No
ACC-1664,Sumatra,Key,Sumatra-Key,Control,164,No,No,No
ACC-1665,Sumatra,Key,Sumatra-Key,Control,165,No,No,No
ACC-1666,Sumatra,Key,Sumatra-Key,Control,166,No,No,No
ACC-1667,Sumatra,Key,Sumatra-Key,Control,167,No,No,No
ACC-1668,Sumatra,Key,Sumatra-Key,Control,168,No,No,No
ACC-1669,Sumatra,Key,Sumatra-Key,Control,169,No,No,No
ACC-1670,Sumatra,Key,Sumatra-Key,Control,170,No,No,No
ACC-1671,Sumatra,Key,Sumatra-Key,Control,171,No,No,No
ACC-1672,Sumatra,Key,Sumatra-Key,Control,172,No,No,No
ACC-1673,Sumatra,Key,Sumatra-Key,Control,173,No,No,No
ACC-1674,Sumatra,Key,Sumatra-Key,Control,174,No,No,No
ACC-1675,Sumatra,Key,Sumatra-Key,Control,175,No,No,No
ACC-1676,Sumatra,Key,Sumatra-Key,Control,176,No,No,No
ACC-1677,Sumatra,Key,Sumatra-Key,Control,177,No,No,No
ACC-1678,Sumatra,Key,Sumatra-Key,Control,178,No,No,No
ACC-1679,Sumatra,Key,Sumatra-Key,Control,179,No,No,No
ACC-1680,Sumatra,Key,Sumatra-Key,Control,180,No,No,No
ACC-1681,Sumatra,Key,Sumatra-Key,Control,181,No,No,No
ACC-1682,Sumatra,Key,Sumatra-Key,Control,182,No,No,No
ACC-1683,Sumatra,Key,Sumatra-Key,Control,183,No,No,No
ACC-1684,Sumatra,Key,Sumatra-Key,Control,184,No,No,No
ACC-1685,Sumatra,Key,Sumatra-Key,Control,185,No,No,No
ACC-1686,Sumatra,Key,Sumatra-Key,Control,186,No,No,No
ACC-1687,Sumatra,Key,Sumatra-Key,Control,187,No,No,No
ACC-1688,Sumatra,Key,Sumatra-Key,Control,188,No,No,No
ACC-1689,Sumatra,Key,Sumatra-Key,Control,189,No,No,No
ACC-1690,Sumatra,Key,Sumatra-Key,Control,190,No,No,No
ACC-1691,Sumatra,Key,Sumatra-Key,Control,191,No,No,No
ACC-1692,Sumatra,Key,Sumatra-Key,Control,192,No,No,No
ACC-1693,Sumatra,Key,Sumatra-Key,Control,193,No,No,No
ACC-1694,Sumatra,Key,Sumatra-Key,Control,194,No,No,No
ACC-1695,Sumatra,Key,Sumatra-Key,Control,195,No,No,No
ACC-1696,Sumatra,Key,Sumatra-Key,Control,196,No,No,No
ACC-1697,Sumatra,Key,Sumatra-Key,Control,197,No,No,No
ACC-1698,Sumatra,Key,Sumatra-Key,Control,198,No,No,No
ACC-1699,Sumatra,Key,Sumatra-Key,Control,199,No,No,No
ACC-1700,Sumatra,Key,Sumatra-Key,Control,200,No,No,No
ACC-1701,Sumatra,Key,Sumatra-Key,Control,201,No,No,No
ACC-1702,Sumatra,Key,Sumatra-Key,Control,202,No,No,No
ACC-1703,Sumatra,Key,Sumatra-Key,Control,203,No,No,No
ACC-1704,Sumatra,Key,Sumatra-Key,Control,204,No,No,No
ACC-1705,Sumatra,Key,Sumatra-Key,Control,205,No,No,No
ACC-1706,Sumatra,Key,Sumatra-Key,Control,206,No,No,No
ACC-1707,Sumatra,Key,Sumatra-Key,Control,207,No,No,No
ACC-1708,Sumatra,Key,Sumatra-Key,Control,208,No,No,No
ACC-1709,Sumatra,Key,Sumatra-Key,Control,209,No,No,No
ACC-1710,Sumatra,Key,Sumatra-Key,Control,210,No,No,No
ACC-1711,Sumatra,Key,Sumatra-Key,Control,211,No,No,No
ACC-1712,Sumatra,Key,Sumatra-Key,Control,212,No,No,No
ACC-1713,Sumatra,Key,Sumatra-Key,Control,213,No,No,No
ACC-1714,Sumatra,Key,Sumatra-Key,Control,214,No,No,No
ACC-1715,Sumatra,Key,Sumatra-Key,Control,215,No,No,No
ACC-1716,Sumatra,Key,Sumatra-Key,Control,216,No,No,No
ACC-1717,Sumatra,Key,Sumatra-Key,Control,217,No,No,No
ACC-1718,Sumatra,Key,Sumatra-Key,Control,218,No,No,No
ACC-1719,Sumatra,Key,Sumatra-Key,Control,219,No,No,No
ACC-1720,Sumatra,Key,Sumatra-Key,Control,220,No,No,No
ACC-1721,Sumatra,Key,Sumatra-Key,Control,221,No,No,No
ACC-1722,Sumatra,Key,Sumatra-Key,Control,222,No,No,No
ACC-1723,Sumatra,Key,Sumatra-Key,Control,223,No,No,No
ACC-1724,Sumatra,Key,Sumatra-Key,Control,224,No,No,No
ACC-1725,Sumatra,Key,Sumatra-Key,Control,225,No,No,No
ACC-1726,Sumatra,Key,Sumatra-Key,Control,226,No,No,No
ACC-1727,Sumatra,Key,Sumatra-Key,Control,227,No,No,No
ACC-1728,Sumatra,Key,Sumatra-Key,Control,228,No,No,No
ACC-1729,Sumatra,Key,Sumatra-Key,Control,229,No,No,No
ACC-1730,Sumatra,Key,Sumatra-Key,Control,230,No,No,No
ACC-1731,Sumatra,Key,Sumatra-Key,Control,231,No,No,No
ACC-1732,Sumatra,Key,Sumatra-Key,Control,232,No,No,No
ACC-1733,Sumatra,Key,Sumatra-Key,Control,233,No,No,No
ACC-1734,Sumatra,Key,Sumatra-Key,Control,234,No,No,No
ACC-1735,Sumatra,Key,Sumatra-Key,Control,235,No,No,No
ACC-1736,Sumatra,Key,Sumatra-Key,Control,236,No,No,No
ACC-1737,Sumatra,Key,Sumatra-Key,Control,237,No,No,No
ACC-1738,Sumatra,Key,Sumatra-Key,Control,238,No,No,No
ACC-1739,Sumatra,Key,Sumatra-Key,Control,239,No,No,No
ACC-1740,Sumatra,Key,Sumatra-Key,Control,240,No,No,No
ACC-1741,Sumatra,Key,Sumatra-Key,Control,241,No,No,No
ACC-1742,Sumatra,Key,Sumatra-Key,Control,242,No,No,No
ACC-1743,Sumatra,Key,Sumatra-Key,Control,243,No,No,No
ACC-1744,Sumatra,Key,Sumatra-Key,Control,244,No,No,No
ACC-1745,Sumatra,Key,Sumatra-Key,Control,245,No,No,No
ACC-1746,Sumatra,Key,Sumatra-Key,Control,246,No,No,No
ACC-1747,Sumatra,Key,Sumatra-Key,Control,247,No,No,No
ACC-1748,Sumatra,Key,Sumatra-Key,Control,248,No,No,No
ACC-1749,Sumatra,Key,Sumatra-Key,Control,249,No,No,No
ACC-1750,Sumatra,Key,Sumatra-Key,Control,250,No,No,No
ACC-1751,Sumatra,Key,Sumatra-Key,Treatment,1,Yes,Yes,No
ACC-1752,Sumatra,Key,Sumatra-Key,Treatment,2,Yes,Yes,No
ACC-1753,Sumatra,Key,Sumatra-Key,Treatment,3,Yes,Yes,No
ACC-1754,Sumatra,Key,Sumatra-Key,Treatment,4,Yes,Yes,No
ACC-1755,Sumatra,Key,Sumatra-Key,Treatment,5,Yes,Yes,No
ACC-1756,Sumatra,Key,Sumatra-Key,Treatment,6,Yes,Yes,No
ACC-1757,Sumatra,Key,Sumatra-Key,Treatment,7,Yes,Yes,No
ACC-1758,Sumatra,Key,Sumatra-Key,Treatment,8,Yes,Yes,No
ACC-1759,Sumatra,Key,Sumatra-Key,Treatment,9,Yes,No,Yes
ACC-1760,Sumatra,Key,Sumatra-Key,Treatment,10,Yes,No,Yes
ACC-1761,Sumatra,Key,Sumatra-Key,Treatment,11,Yes,No,Yes
ACC-1762,Sumatra,Key,Sumatra-Key,Treatment,12,Yes,No,Yes
ACC-1763,Sumatra,Key,Sumatra-Key,Treatment,13,Yes,No,Yes
ACC-1764,Sumatra,Key,Sumatra-Key,Treatment,14,Yes,No,Yes
ACC-1765,Sumatra,Key,Sumatra-Key,Treatment,15,Yes,No,Yes
ACC-1766,Sumatra,Key,Sumatra-Key,Treatment,16,Yes,No,No
ACC-1767,Sumatra,Key,Sumatra-Key,Treatment,17,Yes,No,No
ACC-1768,Sumatra,Key,Sumatra-Key,Treatment,18,Yes,No,No
ACC-1769,Sumatra,Key,Sumatra-Key,Treatment,19,Yes,No,No
ACC-1770,Sumatra,Key,Sumatra-Key,Treatment,20,Yes,No,No
ACC-1771,Sumatra,Key,Sumatra-Key,Treatment,21,Yes,No,No
ACC-1772,Sumatra,Key,Sumatra-Key,Treatment,22,Yes,No,No
ACC-1773,Sumatra,Key,Sumatra-Key,Treatment,23,Yes,No,No
ACC-1774,Sumatra,Key,Sumatra-Key,Treatment,24,Yes,No,No
ACC-1775,Sumatra,Key,Sumatra-Key,Treatment,25,Yes,No,No
ACC-1776,Sumatra,Key,Sumatra-Key,Treatment,26,Yes,No,No
ACC-1777,Sumatra,Key,Sumatra-Key,Treatment,27,Yes,No,No
ACC-1778,Sumatra,Key,Sumatra-Key,Treatment,28,Yes,No,No
ACC-1779,Sumatra,Key,Sumatra-Key,Treatment,29,Yes,No,No
ACC-1780,Sumatra,Key,Sumatra-Key,Treatment,30,Yes,No,No
ACC-1781,Sumatra,Key,Sumatra-Key,Treatment,31,Yes,No,No
ACC-1782,Sumatra,Key,Sumatra-Key,Treatment,32,Yes,No,No
ACC-1783,Sumatra,Key,Sumatra-Key,Treatment,33,Yes,No,No
ACC-1784,Sumatra,Key,Sumatra-Key,Treatment,34,Yes,No,No
ACC-1785,Sumatra,Key,Sumatra-Key,Treatment,35,Yes,No,No
ACC-1786,Sumatra,Key,Sumatra-Key,Treatment,36,Yes,No,No
ACC-1787,Sumatra,Key,Sumatra-Key,Treatment,37,Yes,No,No
ACC-1788,Sumatra,Key,Sumatra-Key,Treatment,38,Yes,No,No
ACC-1789,Sumatra,Key,Sumatra-Key,Treatment,39,Yes,No,No
ACC-1790,Sumatra,Key,Sumatra-Key,Treatment,40,Yes,No,No
ACC-1791,Sumatra,Key,Sumatra-Key,Treatment,41,Yes,No,No
ACC-1792,Sumatra,Key,Sumatra-Key,Treatment,42,Yes,No,No
ACC-1793,Sumatra,Key,Sumatra-Key,Treatment,43,Yes,No,No
ACC-1794,Sumatra,Key,Sumatra-Key,Treatment,44,Yes,No,No
ACC-1795,Sumatra,Key,Sumatra-Key,Treatment,45,Yes,No,No
ACC-1796,Sumatra,Key,Sumatra-Key,Treatment,46,Yes,No,No
ACC-1797,Sumatra,Key,Sumatra-Key,Treatment,47,Yes,No,No
ACC-1798,Sumatra,Key,Sumatra-Key,Treatment,48,Yes,No,No
ACC-1799,Sumatra,Key,Sumatra-Key,Treatment,49,Yes,No,No
ACC-1800,Sumatra,Key,Sumatra-Key,Treatment,50,Yes,No,No
ACC-1801,Sumatra,Key,Sumatra-Key,Treatment,51,Yes,No,No
ACC-1802,Sumatra,Key,Sumatra-Key,Treatment,52,Yes,No,No
ACC-1803,Sumatra,Key,Sumatra-Key,Treatment,53,Yes,No,No
ACC-1804,Sumatra,Key,Sumatra-Key,Treatment,54,Yes,No,No
ACC-1805,Sumatra,Key,Sumatra-Key,Treatment,55,Yes,No,No
ACC-1806,Sumatra,Key,Sumatra-Key,Treatment,56,Yes,No,No
ACC-1807,Sumatra,Key,Sumatra-Key,Treatment,57,Yes,No,No
ACC-1808,Sumatra,Key,Sumatra-Key,Treatment,58,Yes,No,No
ACC-1809,Sumatra,Key,Sumatra-Key,Treatment,59,Yes,No,No
ACC-1810,Sumatra,Key,Sumatra-Key,Treatment,60,Yes,No,No
ACC-1811,Sumatra,Key,Sumatra-Key,Treatment,61,Yes,No,No
ACC-1812,Sumatra,Key,Sumatra-Key,Treatment,62,Yes,No,No
ACC-1813,Sumatra,Key,Sumatra-Key,Treatment,63,Yes,No,No
ACC-1814,Sumatra,Key,Sumatra-Key,Treatment,64,Yes,No,No
ACC-1815,Sumatra,Key,Sumatra-Key,Treatment,65,Yes,No,No
ACC-1816,Sumatra,Key,Sumatra-Key,Treatment,66,Yes,No,No
ACC-1817,Sumatra,Key,Sumatra-Key,Treatment,67,Yes,No,No
ACC-1818,Sumatra,Key,Sumatra-Key,Treatment,68,Yes,No,No
ACC-1819,Sumatra,Key,Sumatra-Key,Treatment,69,Yes,No,No
ACC-1820,Sumatra,Key,Sumatra-Key,Treatment,70,Yes,No,No
ACC-1821,Sumatra,Key,Sumatra-Key,Treatment,71,Yes,No,No
ACC-1822,Sumatra,Key,Sumatra-Key,Treatment,72,Yes,No,No
ACC-1823,Sumatra,Key,Sumatra-Key,Treatment,73,Yes,No,No
ACC-1824,Sumatra,Key,Sumatra-Key,Treatment,74,Yes,No,No
ACC-1825,Sumatra,Key,Sumatra-Key,Treatment,75,Yes,No,No
ACC-1826,Sumatra,Key,Sumatra-Key,Treatment,76,Yes,No,No
ACC-1827,Sumatra,Key,Sumatra-Key,Treatment,77,Yes,No,No
ACC-1828,Sumatra,Key,Sumatra-Key,Treatment,78,Yes,No,No
ACC-1829,Sumatra,Key,Sumatra-Key,Treatment,79,Yes,No,No
ACC-1830,Sumatra,Key,Sumatra-Key,Treatment,80,Yes,No,No
ACC-1831,Sumatra,Key,Sumatra-Key,Treatment,81,Yes,No,No
ACC-1832,Sumatra,Key,Sumatra-Key,Treatment,82,Yes,No,No
ACC-1833,Sumatra,Key,Sumatra-Key,Treatment,83,Yes,No,No
ACC-1834,Sumatra,Key,Sumatra-Key,Treatment,84,Yes,No,No
ACC-1835,Sumatra,Key,Sumatra-Key,Treatment,85,Yes,No,No
ACC-1836,Sumatra,Key,Sumatra-Key,Treatment,86,No,No,No
ACC-1837,Sumatra,Key,Sumatra-Key,Treatment,87,No,No,No
ACC-1838,Sumatra,Key,Sumatra-Key,Treatment,88,No,No,No
ACC-1839,Sumatra,Key,Sumatra-Key,Treatment,89,No,No,No
ACC-1840,Sumatra,Key,Sumatra-Key,Treatment,90,No,No,No
ACC-1841,Sumatra,Key,Sumatra-Key,Treatment,91,No,No,No
ACC-1842,Sumatra,Key,Sumatra-Key,Treatment,92,No,No,No
ACC-1843,Sumatra,Key,Sumatra-Key,Treatment,93,No,No,No
ACC-1844,Sumatra,Key,Sumatra-Key,Treatment,94,No,No,No
ACC-1845,Sumatra,Key,Sumatra-Key,Treatment,95,No,No,No
ACC-1846,Sumatra,Key,Sumatra-Key,Treatment,96,No,No,No
ACC-1847,Sumatra,Key,Sumatra-Key,Treatment,97,No,No,No
ACC-1848,Sumatra,Key,Sumatra-Key,Treatment,98,No,No,No
ACC-1849,Sumatra,Key,Sumatra-Key,Treatment,99,No,No,No
ACC-1850,Sumatra,Key,Sumatra-Key,Treatment,100,No,No,No
ACC-1851,Sumatra,Key,Sumatra-Key,Treatment,101,No,No,No
ACC-1852,Sumatra,Key,Sumatra-Key,Treatment,102,No,No,No
ACC-1853,Sumatra,Key,Sumatra-Key,Treatment,103,No,No,No
ACC-1854,Sumatra,Key,Sumatra-Key,Treatment,104,No,No,No
ACC-1855,Sumatra,Key,Sumatra-Key,Treatment,105,No,No,No
ACC-1856,Sumatra,Key,Sumatra-Key,Treatment,106,No,No,No
ACC-1857,Sumatra,Key,Sumatra-Key,Treatment,107,No,No,No
ACC-1858,Sumatra,Key,Sumatra-Key,Treatment,108,No,No,No
ACC-1859,Sumatra,Key,Sumatra-Key,Treatment,109,No,No,No
ACC-1860,Sumatra,Key,Sumatra-Key,Treatment,110,No,No,No
ACC-1861,Sumatra,Key,Sumatra-Key,Treatment,111,No,No,No
ACC-1862,Sumatra,Key,Sumatra-Key,Treatment,112,No,No,No
ACC-1863,Sumatra,Key,Sumatra-Key,Treatment,113,No,No,No
ACC-1864,Sumatra,Key,Sumatra-Key,Treatment,114,No,No,No
ACC-1865,Sumatra,Key,Sumatra-Key,Treatment,115,No,No,No
ACC-1866,Sumatra,Key,Sumatra-Key,Treatment,116,No,No,No
ACC-1867,Sumatra,Key,Sumatra-Key,Treatment,117,No,No,No
ACC-1868,Sumatra,Key,Sumatra-Key,Treatment,118,No,No,No
ACC-1869,Sumatra,Key,Sumatra-Key,Treatment,119,No,No,No
ACC-1870,Sumatra,Key,Sumatra-Key,Treatment,120,No,No,No
ACC-1871,Sumatra,Key,Sumatra-Key,Treatment,121,No,No,No
ACC-1872,Sumatra,Key,Sumatra-Key,Treatment,122,No,No,No
ACC-1873,Sumatra,Key,Sumatra-Key,Treatment,123,No,No,No
ACC-1874,Sumatra,Key,Sumatra-Key,Treatment,124,No,No,No
ACC-1875,Sumatra,Key,Sumatra-Key,Treatment,125,No,No,No
ACC-1876,Sumatra,Key,Sumatra-Key,Treatment,126,No,No,No
ACC-1877,Sumatra,Key,Sumatra-Key,Treatment,127,No,No,No
ACC-1878,Sumatra,Key,Sumatra-Key,Treatment,128,No,No,No
ACC-1879,Sumatra,Key,Sumatra-Key,Treatment,129,No,No,No
ACC-1880,Sumatra,Key,Sumatra-Key,Treatment,130,No,No,No
ACC-1881,Sumatra,Key,Sumatra-Key,Treatment,131,No,No,No
ACC-1882,Sumatra,Key,Sumatra-Key,Treatment,132,No,No,No
ACC-1883,Sumatra,Key,Sumatra-Key,Treatment,133,No,No,No
ACC-1884,Sumatra,Key,Sumatra-Key,Treatment,134,No,No,No
ACC-1885,Sumatra,Key,Sumatra-Key,Treatment,135,No,No,No
ACC-1886,Sumatra,Key,Sumatra-Key,Treatment,136,No,No,No
ACC-1887,Sumatra,Key,Sumatra-Key,Treatment,137,No,No,No
ACC-1888,Sumatra,Key,Sumatra-Key,Treatment,138,No,No,No
ACC-1889,Sumatra,Key,Sumatra-Key,Treatment,139,No,No,No
ACC-1890,Sumatra,Key,Sumatra-Key,Treatment,140,No,No,No
ACC-1891,Sumatra,Key,Sumatra-Key,Treatment,141,No,No,No
ACC-1892,Sumatra,Key,Sumatra-Key,Treatment,142,No,No,No
ACC-1893,Sumatra,Key,Sumatra-Key,Treatment,143,No,No,No
ACC-1894,Sumatra,Key,Sumatra-Key,Treatment,144,No,No,No
ACC-1895,Sumatra,Key,Sumatra-Key,Treatment,145,No,No,No
ACC-1896,Sumatra,Key,Sumatra-Key,Treatment,146,No,No,No
ACC-1897,Sumatra,Key,Sumatra-Key,Treatment,147,No,No,No
ACC-1898,Sumatra,Key,Sumatra-Key,Treatment,148,No,No,No
ACC-1899,Sumatra,Key,Sumatra-Key,Treatment,149,No,No,No
ACC-1900,Sumatra,Key,Sumatra-Key,Treatment,150,No,No,No
ACC-1901,Sumatra,Key,Sumatra-Key,Treatment,151,No,No,No
ACC-1902,Sumatra,Key,Sumatra-Key,Treatment,152,No,No,No
ACC-1903,Sumatra,Key,Sumatra-Key,Treatment,153,No,No,No
ACC-1904,Sumatra,Key,Sumatra-Key,Treatment,154,No,No,No
ACC-1905,Sumatra,Key,Sumatra-Key,Treatment,155,No,No,No
ACC-1906,Sumatra,Key,Sumatra-Key,Treatment,156,No,No,No
ACC-1907,Sumatra,Key,Sumatra-Key,Treatment,157,No,No,No
ACC-1908,Sumatra,Key,Sumatra-Key,Treatment,158,No,No,No
ACC-1909,Sumatra,Key,Sumatra-Key,Treatment,159,No,No,No
ACC-1910,Sumatra,Key,Sumatra-Key,Treatment,160,No,No,No
ACC-1911,Sumatra,Key,Sumatra-Key,Treatment,161,No,No,No
ACC-1912,Sumatra,Key,Sumatra-Key,Treatment,162,No,No,No
ACC-1913,Sumatra,Key,Sumatra-Key,Treatment,163,No,No,No
ACC-1914,Sumatra,Key,Sumatra-Key,Treatment,164,No,No,No
ACC-1915,Sumatra,Key,Sumatra-Key,Treatment,165,No,No,No
ACC-1916,Sumatra,Key,Sumatra-Key,Treatment,166,No,No,No
ACC-1917,Sumatra,Key,Sumatra-Key,Treatment,167,No,No,No
ACC-1918,Sumatra,Key,Sumatra-Key,Treatment,168,No,No,No
ACC-1919,Sumatra,Key,Sumatra-Key,Treatment,169,No,No,No
ACC-1920,Sumatra,Key,Sumatra-Key,Treatment,170,No,No,No
ACC-1921,Sumatra,Key,Sumatra-Key,Treatment,171,No,No,No
ACC-1922,Sumatra,Key,Sumatra-Key,Treatment,172,No,No,No
ACC-1923,Sumatra,Key,Sumatra-Key,Treatment,173,No,No,No
ACC-1924,Sumatra,Key,Sumatra-Key,Treatment,174,No,No,No
ACC-1925,Sumatra,Key,Sumatra-Key,Treatment,175,No,No,No
ACC-1926,Sumatra,Key,Sumatra-Key,Treatment,176,No,No,No
ACC-1927,Sumatra,Key,Sumatra-Key,Treatment,177,No,No,No
ACC-1928,Sumatra,Key,Sumatra-Key,Treatment,178,No,No,No
ACC-1929,Sumatra,Key,Sumatra-Key,Treatment,179,No,No,No
ACC-1930,Sumatra,Key,Sumatra-Key,Treatment,180,No,No,No
ACC-1931,Sumatra,Key,Sumatra-Key,Treatment,181,No,No,No
ACC-1932,Sumatra,Key,Sumatra-Key,Treatment,182,No,No,No
ACC-1933,Sumatra,Key,Sumatra-Key,Treatment,183,No,No,No
ACC-1934,Sumatra,Key,Sumatra-Key,Treatment,184,No,No,No
ACC-1935,Sumatra,Key,Sumatra-Key,Treatment,185,No,No,No
ACC-1936,Sumatra,Key,Sumatra-Key,Treatment,186,No,No,No
ACC-1937,Sumatra,Key,Sumatra-Key,Treatment,187,No,No,No
ACC-1938,Sumatra,Key,Sumatra-Key,Treatment,188,No,No,No
ACC-1939,Sumatra,Key,Sumatra-Key,Treatment,189,No,No,No
ACC-1940,Sumatra,Key,Sumatra-Key,Treatment,190,No,No,No
ACC-1941,Sumatra,Key,Sumatra-Key,Treatment,191,No,No,No
ACC-1942,Sumatra,Key,Sumatra-Key,Treatment,192,No,No,No
ACC-1943,Sumatra,Key,Sumatra-Key,Treatment,193,No,No,No
ACC-1944,Sumatra,Key,Sumatra-Key,Treatment,194,No,No,No
ACC-1945,Sumatra,Key,Sumatra-Key,Treatment,195,No,No,No
ACC-1946,Sumatra,Key,Sumatra-Key,Treatment,196,No,No,No
ACC-1947,Sumatra,Key,Sumatra-Key,Treatment,197,No,No,No
ACC-1948,Sumatra,Key,Sumatra-Key,Treatment,198,No,No,No
ACC-1949,Sumatra,Key,Sumatra-Key,Treatment,199,No,No,No
ACC-1950,Sumatra,Key,Sumatra-Key,Treatment,200,No,No,No
ACC-1951,Sumatra,Key,Sumatra-Key,Treatment,201,No,No,No
ACC-1952,Sumatra,Key,Sumatra-Key,Treatment,202,No,No,No
ACC-1953,Sumatra,Key,Sumatra-Key,Treatment,203,No,No,No
ACC-1954,Sumatra,Key,Sumatra-Key,Treatment,204,No,No,No
ACC-1955,Sumatra,Key,Sumatra-Key,Treatment,205,No,No,No
ACC-1956,Sumatra,Key,Sumatra-Key,Treatment,206,No,No,No
ACC-1957,Sumatra,Key,Sumatra-Key,Treatment,207,No,No,No
ACC-1958,Sumatra,Key,Sumatra-Key,Treatment,208,No,No,No
ACC-1959,Sumatra,Key,Sumatra-Key,Treatment,209,No,No,No
ACC-1960,Sumatra,Key,Sumatra-Key,Treatment,210,No,No,No
ACC-1961,Sumatra,Key,Sumatra-Key,Treatment,211,No,No,No
ACC-1962,Sumatra,Key,Sumatra-Key,Treatment,212,No,No,No
ACC-1963,Sumatra,Key,Sumatra-Key,Treatment,213,No,No,No
ACC-1964,Sumatra,Key,Sumatra-Key,Treatment,214,No,No,No
ACC-1965,Sumatra,Key,Sumatra-Key,Treatment,215,No,No,No
ACC-1966,Sumatra,Key,Sumatra-Key,Treatment,216,No,No,No
ACC-1967,Sumatra,Key,Sumatra-Key,Treatment,217,No,No,No
ACC-1968,Sumatra,Key,Sumatra-Key,Treatment,218,No,No,No
ACC-1969,Sumatra,Key,Sumatra-Key,Treatment,219,No,No,No
ACC-1970,Sumatra,Key,Sumatra-Key,Treatment,220,No,No,No
ACC-1971,Sumatra,Key,Sumatra-Key,Treatment,221,No,No,No
ACC-1972,Sumatra,Key,Sumatra-Key,Treatment,222,No,No,No
ACC-1973,Sumatra,Key,Sumatra-Key,Treatment,223,No,No,No
ACC-1974,Sumatra,Key,Sumatra-Key,Treatment,224,No,No,No
ACC-1975,Sumatra,Key,Sumatra-Key,Treatment,225,No,No,No
ACC-1976,Sumatra,Key,Sumatra-Key,Treatment,226,No,No,No
ACC-1977,Sumatra,Key,Sumatra-Key,Treatment,227,No,No,No
ACC-1978,Sumatra,Key,Sumatra-Key,Treatment,228,No,No,No
ACC-1979,Sumatra,Key,Sumatra-Key,Treatment,229,No,No,No
ACC-1980,Sumatra,Key,Sumatra-Key,Treatment,230,No,No,No
ACC-1981,Sumatra,Key,Sumatra-Key,Treatment,231,No,No,No
ACC-1982,Sumatra,Key,Sumatra-Key,Treatment,232,No,No,No
ACC-1983,Sumatra,Key,Sumatra-Key,Treatment,233,No,No,No
ACC-1984,Sumatra,Key,Sumatra-Key,Treatment,234,No,No,No
ACC-1985,Sumatra,Key,Sumatra-Key,Treatment,235,No,No,No
ACC-1986,Sumatra,Key,Sumatra-Key,Treatment,236,No,No,No
ACC-1987,Sumatra,Key,Sumatra-Key,Treatment,237,No,No,No
ACC-1988,Sumatra,Key,Sumatra-Key,Treatment,238,No,No,No
ACC-1989,Sumatra,Key,Sumatra-Key,Treatment,239,No,No,No
ACC-1990,Sumatra,Key,Sumatra-Key,Treatment,240,No,No,No
ACC-1991,Sumatra,Key,Sumatra-Key,Treatment,241,No,No,No
ACC-1992,Sumatra,Key,Sumatra-Key,Treatment,242,No,No,No
ACC-1993,Sumatra,Key,Sumatra-Key,Treatment,243,No,No,No
ACC-1994,Sumatra,Key,Sumatra-Key,Treatment,244,No,No,No
ACC-1995,Sumatra,Key,Sumatra-Key,Treatment,245,No,No,No
ACC-1996,Sumatra,Key,Sumatra-Key,Treatment,246,No,No,No
ACC-1997,Sumatra,Key,Sumatra-Key,Treatment,247,No,No,No
ACC-1998,Sumatra,Key,Sumatra-Key,Treatment,248,No,No,No
ACC-1999,Sumatra,Key,Sumatra-Key,Treatment,249,No,No,No
ACC-2000,Sumatra,Key,Sumatra-Key,Treatment,250,No,No,No
ACC-2001,Kalimantan,Standard,Kalimantan-Standard,Control,1,Yes,Yes,No
ACC-2002,Kalimantan,Standard,Kalimantan-Standard,Control,2,Yes,Yes,No
ACC-2003,Kalimantan,Standard,Kalimantan-Standard,Control,3,Yes,Yes,No
ACC-2004,Kalimantan,Standard,Kalimantan-Standard,Control,4,Yes,Yes,No
ACC-2005,Kalimantan,Standard,Kalimantan-Standard,Control,5,Yes,Yes,No
ACC-2006,Kalimantan,Standard,Kalimantan-Standard,Control,6,Yes,No,Yes
ACC-2007,Kalimantan,Standard,Kalimantan-Standard,Control,7,Yes,No,Yes
ACC-2008,Kalimantan,Standard,Kalimantan-Standard,Control,8,Yes,No,Yes
ACC-2009,Kalimantan,Standard,Kalimantan-Standard,Control,9,Yes,No,Yes
ACC-2010,Kalimantan,Standard,Kalimantan-Standard,Control,10,Yes,No,Yes
ACC-2011,Kalimantan,Standard,Kalimantan-Standard,Control,11,Yes,No,Yes
ACC-2012,Kalimantan,Standard,Kalimantan-Standard,Control,12,Yes,No,No
ACC-2013,Kalimantan,Standard,Kalimantan-Standard,Control,13,Yes,No,No
ACC-2014,Kalimantan,Standard,Kalimantan-Standard,Control,14,Yes,No,No
ACC-2015,Kalimantan,Standard,Kalimantan-Standard,Control,15,Yes,No,No
ACC-2016,Kalimantan,Standard,Kalimantan-Standard,Control,16,Yes,No,No
ACC-2017,Kalimantan,Standard,Kalimantan-Standard,Control,17,Yes,No,No
ACC-2018,Kalimantan,Standard,Kalimantan-Standard,Control,18,Yes,No,No
ACC-2019,Kalimantan,Standard,Kalimantan-Standard,Control,19,Yes,No,No
ACC-2020,Kalimantan,Standard,Kalimantan-Standard,Control,20,Yes,No,No
ACC-2021,Kalimantan,Standard,Kalimantan-Standard,Control,21,Yes,No,No
ACC-2022,Kalimantan,Standard,Kalimantan-Standard,Control,22,Yes,No,No
ACC-2023,Kalimantan,Standard,Kalimantan-Standard,Control,23,Yes,No,No
ACC-2024,Kalimantan,Standard,Kalimantan-Standard,Control,24,Yes,No,No
ACC-2025,Kalimantan,Standard,Kalimantan-Standard,Control,25,Yes,No,No
ACC-2026,Kalimantan,Standard,Kalimantan-Standard,Control,26,Yes,No,No
ACC-2027,Kalimantan,Standard,Kalimantan-Standard,Control,27,Yes,No,No
ACC-2028,Kalimantan,Standard,Kalimantan-Standard,Control,28,Yes,No,No
ACC-2029,Kalimantan,Standard,Kalimantan-Standard,Control,29,Yes,No,No
ACC-2030,Kalimantan,Standard,Kalimantan-Standard,Control,30,Yes,No,No
ACC-2031,Kalimantan,Standard,Kalimantan-Standard,Control,31,Yes,No,No
ACC-2032,Kalimantan,Standard,Kalimantan-Standard,Control,32,Yes,No,No
ACC-2033,Kalimantan,Standard,Kalimantan-Standard,Control,33,Yes,No,No
ACC-2034,Kalimantan,Standard,Kalimantan-Standard,Control,34,Yes,No,No
ACC-2035,Kalimantan,Standard,Kalimantan-Standard,Control,35,Yes,No,No
ACC-2036,Kalimantan,Standard,Kalimantan-Standard,Control,36,Yes,No,No
ACC-2037,Kalimantan,Standard,Kalimantan-Standard,Control,37,Yes,No,No
ACC-2038,Kalimantan,Standard,Kalimantan-Standard,Control,38,Yes,No,No
ACC-2039,Kalimantan,Standard,Kalimantan-Standard,Control,39,Yes,No,No
ACC-2040,Kalimantan,Standard,Kalimantan-Standard,Control,40,Yes,No,No
ACC-2041,Kalimantan,Standard,Kalimantan-Standard,Control,41,Yes,No,No
ACC-2042,Kalimantan,Standard,Kalimantan-Standard,Control,42,Yes,No,No
ACC-2043,Kalimantan,Standard,Kalimantan-Standard,Control,43,Yes,No,No
ACC-2044,Kalimantan,Standard,Kalimantan-Standard,Control,44,Yes,No,No
ACC-2045,Kalimantan,Standard,Kalimantan-Standard,Control,45,Yes,No,No
ACC-2046,Kalimantan,Standard,Kalimantan-Standard,Control,46,Yes,No,No
ACC-2047,Kalimantan,Standard,Kalimantan-Standard,Control,47,Yes,No,No
ACC-2048,Kalimantan,Standard,Kalimantan-Standard,Control,48,Yes,No,No
ACC-2049,Kalimantan,Standard,Kalimantan-Standard,Control,49,Yes,No,No
ACC-2050,Kalimantan,Standard,Kalimantan-Standard,Control,50,Yes,No,No
ACC-2051,Kalimantan,Standard,Kalimantan-Standard,Control,51,Yes,No,No
ACC-2052,Kalimantan,Standard,Kalimantan-Standard,Control,52,Yes,No,No
ACC-2053,Kalimantan,Standard,Kalimantan-Standard,Control,53,Yes,No,No
ACC-2054,Kalimantan,Standard,Kalimantan-Standard,Control,54,Yes,No,No
ACC-2055,Kalimantan,Standard,Kalimantan-Standard,Control,55,Yes,No,No
ACC-2056,Kalimantan,Standard,Kalimantan-Standard,Control,56,Yes,No,No
ACC-2057,Kalimantan,Standard,Kalimantan-Standard,Control,57,Yes,No,No
ACC-2058,Kalimantan,Standard,Kalimantan-Standard,Control,58,Yes,No,No
ACC-2059,Kalimantan,Standard,Kalimantan-Standard,Control,59,Yes,No,No
ACC-2060,Kalimantan,Standard,Kalimantan-Standard,Control,60,Yes,No,No
ACC-2061,Kalimantan,Standard,Kalimantan-Standard,Control,61,Yes,No,No
ACC-2062,Kalimantan,Standard,Kalimantan-Standard,Control,62,Yes,No,No
ACC-2063,Kalimantan,Standard,Kalimantan-Standard,Control,63,Yes,No,No
ACC-2064,Kalimantan,Standard,Kalimantan-Standard,Control,64,Yes,No,No
ACC-2065,Kalimantan,Standard,Kalimantan-Standard,Control,65,Yes,No,No
ACC-2066,Kalimantan,Standard,Kalimantan-Standard,Control,66,Yes,No,No
ACC-2067,Kalimantan,Standard,Kalimantan-Standard,Control,67,Yes,No,No
ACC-2068,Kalimantan,Standard,Kalimantan-Standard,Control,68,Yes,No,No
ACC-2069,Kalimantan,Standard,Kalimantan-Standard,Control,69,Yes,No,No
ACC-2070,Kalimantan,Standard,Kalimantan-Standard,Control,70,Yes,No,No
ACC-2071,Kalimantan,Standard,Kalimantan-Standard,Control,71,Yes,No,No
ACC-2072,Kalimantan,Standard,Kalimantan-Standard,Control,72,Yes,No,No
ACC-2073,Kalimantan,Standard,Kalimantan-Standard,Control,73,Yes,No,No
ACC-2074,Kalimantan,Standard,Kalimantan-Standard,Control,74,Yes,No,No
ACC-2075,Kalimantan,Standard,Kalimantan-Standard,Control,75,Yes,No,No
ACC-2076,Kalimantan,Standard,Kalimantan-Standard,Control,76,Yes,No,No
ACC-2077,Kalimantan,Standard,Kalimantan-Standard,Control,77,Yes,No,No
ACC-2078,Kalimantan,Standard,Kalimantan-Standard,Control,78,No,No,No
ACC-2079,Kalimantan,Standard,Kalimantan-Standard,Control,79,No,No,No
ACC-2080,Kalimantan,Standard,Kalimantan-Standard,Control,80,No,No,No
ACC-2081,Kalimantan,Standard,Kalimantan-Standard,Control,81,No,No,No
ACC-2082,Kalimantan,Standard,Kalimantan-Standard,Control,82,No,No,No
ACC-2083,Kalimantan,Standard,Kalimantan-Standard,Control,83,No,No,No
ACC-2084,Kalimantan,Standard,Kalimantan-Standard,Control,84,No,No,No
ACC-2085,Kalimantan,Standard,Kalimantan-Standard,Control,85,No,No,No
ACC-2086,Kalimantan,Standard,Kalimantan-Standard,Control,86,No,No,No
ACC-2087,Kalimantan,Standard,Kalimantan-Standard,Control,87,No,No,No
ACC-2088,Kalimantan,Standard,Kalimantan-Standard,Control,88,No,No,No
ACC-2089,Kalimantan,Standard,Kalimantan-Standard,Control,89,No,No,No
ACC-2090,Kalimantan,Standard,Kalimantan-Standard,Control,90,No,No,No
ACC-2091,Kalimantan,Standard,Kalimantan-Standard,Control,91,No,No,No
ACC-2092,Kalimantan,Standard,Kalimantan-Standard,Control,92,No,No,No
ACC-2093,Kalimantan,Standard,Kalimantan-Standard,Control,93,No,No,No
ACC-2094,Kalimantan,Standard,Kalimantan-Standard,Control,94,No,No,No
ACC-2095,Kalimantan,Standard,Kalimantan-Standard,Control,95,No,No,No
ACC-2096,Kalimantan,Standard,Kalimantan-Standard,Control,96,No,No,No
ACC-2097,Kalimantan,Standard,Kalimantan-Standard,Control,97,No,No,No
ACC-2098,Kalimantan,Standard,Kalimantan-Standard,Control,98,No,No,No
ACC-2099,Kalimantan,Standard,Kalimantan-Standard,Control,99,No,No,No
ACC-2100,Kalimantan,Standard,Kalimantan-Standard,Control,100,No,No,No
ACC-2101,Kalimantan,Standard,Kalimantan-Standard,Control,101,No,No,No
ACC-2102,Kalimantan,Standard,Kalimantan-Standard,Control,102,No,No,No
ACC-2103,Kalimantan,Standard,Kalimantan-Standard,Control,103,No,No,No
ACC-2104,Kalimantan,Standard,Kalimantan-Standard,Control,104,No,No,No
ACC-2105,Kalimantan,Standard,Kalimantan-Standard,Control,105,No,No,No
ACC-2106,Kalimantan,Standard,Kalimantan-Standard,Control,106,No,No,No
ACC-2107,Kalimantan,Standard,Kalimantan-Standard,Control,107,No,No,No
ACC-2108,Kalimantan,Standard,Kalimantan-Standard,Control,108,No,No,No
ACC-2109,Kalimantan,Standard,Kalimantan-Standard,Control,109,No,No,No
ACC-2110,Kalimantan,Standard,Kalimantan-Standard,Control,110,No,No,No
ACC-2111,Kalimantan,Standard,Kalimantan-Standard,Control,111,No,No,No
ACC-2112,Kalimantan,Standard,Kalimantan-Standard,Control,112,No,No,No
ACC-2113,Kalimantan,Standard,Kalimantan-Standard,Control,113,No,No,No
ACC-2114,Kalimantan,Standard,Kalimantan-Standard,Control,114,No,No,No
ACC-2115,Kalimantan,Standard,Kalimantan-Standard,Control,115,No,No,No
ACC-2116,Kalimantan,Standard,Kalimantan-Standard,Control,116,No,No,No
ACC-2117,Kalimantan,Standard,Kalimantan-Standard,Control,117,No,No,No
ACC-2118,Kalimantan,Standard,Kalimantan-Standard,Control,118,No,No,No
ACC-2119,Kalimantan,Standard,Kalimantan-Standard,Control,119,No,No,No
ACC-2120,Kalimantan,Standard,Kalimantan-Standard,Control,120,No,No,No
ACC-2121,Kalimantan,Standard,Kalimantan-Standard,Control,121,No,No,No
ACC-2122,Kalimantan,Standard,Kalimantan-Standard,Control,122,No,No,No
ACC-2123,Kalimantan,Standard,Kalimantan-Standard,Control,123,No,No,No
ACC-2124,Kalimantan,Standard,Kalimantan-Standard,Control,124,No,No,No
ACC-2125,Kalimantan,Standard,Kalimantan-Standard,Control,125,No,No,No
ACC-2126,Kalimantan,Standard,Kalimantan-Standard,Control,126,No,No,No
ACC-2127,Kalimantan,Standard,Kalimantan-Standard,Control,127,No,No,No
ACC-2128,Kalimantan,Standard,Kalimantan-Standard,Control,128,No,No,No
ACC-2129,Kalimantan,Standard,Kalimantan-Standard,Control,129,No,No,No
ACC-2130,Kalimantan,Standard,Kalimantan-Standard,Control,130,No,No,No
ACC-2131,Kalimantan,Standard,Kalimantan-Standard,Control,131,No,No,No
ACC-2132,Kalimantan,Standard,Kalimantan-Standard,Control,132,No,No,No
ACC-2133,Kalimantan,Standard,Kalimantan-Standard,Control,133,No,No,No
ACC-2134,Kalimantan,Standard,Kalimantan-Standard,Control,134,No,No,No
ACC-2135,Kalimantan,Standard,Kalimantan-Standard,Control,135,No,No,No
ACC-2136,Kalimantan,Standard,Kalimantan-Standard,Control,136,No,No,No
ACC-2137,Kalimantan,Standard,Kalimantan-Standard,Control,137,No,No,No
ACC-2138,Kalimantan,Standard,Kalimantan-Standard,Control,138,No,No,No
ACC-2139,Kalimantan,Standard,Kalimantan-Standard,Control,139,No,No,No
ACC-2140,Kalimantan,Standard,Kalimantan-Standard,Control,140,No,No,No
ACC-2141,Kalimantan,Standard,Kalimantan-Standard,Control,141,No,No,No
ACC-2142,Kalimantan,Standard,Kalimantan-Standard,Control,142,No,No,No
ACC-2143,Kalimantan,Standard,Kalimantan-Standard,Control,143,No,No,No
ACC-2144,Kalimantan,Standard,Kalimantan-Standard,Control,144,No,No,No
ACC-2145,Kalimantan,Standard,Kalimantan-Standard,Control,145,No,No,No
ACC-2146,Kalimantan,Standard,Kalimantan-Standard,Control,146,No,No,No
ACC-2147,Kalimantan,Standard,Kalimantan-Standard,Control,147,No,No,No
ACC-2148,Kalimantan,Standard,Kalimantan-Standard,Control,148,No,No,No
ACC-2149,Kalimantan,Standard,Kalimantan-Standard,Control,149,No,No,No
ACC-2150,Kalimantan,Standard,Kalimantan-Standard,Control,150,No,No,No
ACC-2151,Kalimantan,Standard,Kalimantan-Standard,Control,151,No,No,No
ACC-2152,Kalimantan,Standard,Kalimantan-Standard,Control,152,No,No,No
ACC-2153,Kalimantan,Standard,Kalimantan-Standard,Control,153,No,No,No
ACC-2154,Kalimantan,Standard,Kalimantan-Standard,Control,154,No,No,No
ACC-2155,Kalimantan,Standard,Kalimantan-Standard,Control,155,No,No,No
ACC-2156,Kalimantan,Standard,Kalimantan-Standard,Control,156,No,No,No
ACC-2157,Kalimantan,Standard,Kalimantan-Standard,Control,157,No,No,No
ACC-2158,Kalimantan,Standard,Kalimantan-Standard,Control,158,No,No,No
ACC-2159,Kalimantan,Standard,Kalimantan-Standard,Control,159,No,No,No
ACC-2160,Kalimantan,Standard,Kalimantan-Standard,Control,160,No,No,No
ACC-2161,Kalimantan,Standard,Kalimantan-Standard,Control,161,No,No,No
ACC-2162,Kalimantan,Standard,Kalimantan-Standard,Control,162,No,No,No
ACC-2163,Kalimantan,Standard,Kalimantan-Standard,Control,163,No,No,No
ACC-2164,Kalimantan,Standard,Kalimantan-Standard,Control,164,No,No,No
ACC-2165,Kalimantan,Standard,Kalimantan-Standard,Control,165,No,No,No
ACC-2166,Kalimantan,Standard,Kalimantan-Standard,Control,166,No,No,No
ACC-2167,Kalimantan,Standard,Kalimantan-Standard,Control,167,No,No,No
ACC-2168,Kalimantan,Standard,Kalimantan-Standard,Control,168,No,No,No
ACC-2169,Kalimantan,Standard,Kalimantan-Standard,Control,169,No,No,No
ACC-2170,Kalimantan,Standard,Kalimantan-Standard,Control,170,No,No,No
ACC-2171,Kalimantan,Standard,Kalimantan-Standard,Control,171,No,No,No
ACC-2172,Kalimantan,Standard,Kalimantan-Standard,Control,172,No,No,No
ACC-2173,Kalimantan,Standard,Kalimantan-Standard,Control,173,No,No,No
ACC-2174,Kalimantan,Standard,Kalimantan-Standard,Control,174,No,No,No
ACC-2175,Kalimantan,Standard,Kalimantan-Standard,Control,175,No,No,No
ACC-2176,Kalimantan,Standard,Kalimantan-Standard,Control,176,No,No,No
ACC-2177,Kalimantan,Standard,Kalimantan-Standard,Control,177,No,No,No
ACC-2178,Kalimantan,Standard,Kalimantan-Standard,Control,178,No,No,No
ACC-2179,Kalimantan,Standard,Kalimantan-Standard,Control,179,No,No,No
ACC-2180,Kalimantan,Standard,Kalimantan-Standard,Control,180,No,No,No
ACC-2181,Kalimantan,Standard,Kalimantan-Standard,Control,181,No,No,No
ACC-2182,Kalimantan,Standard,Kalimantan-Standard,Control,182,No,No,No
ACC-2183,Kalimantan,Standard,Kalimantan-Standard,Control,183,No,No,No
ACC-2184,Kalimantan,Standard,Kalimantan-Standard,Control,184,No,No,No
ACC-2185,Kalimantan,Standard,Kalimantan-Standard,Control,185,No,No,No
ACC-2186,Kalimantan,Standard,Kalimantan-Standard,Control,186,No,No,No
ACC-2187,Kalimantan,Standard,Kalimantan-Standard,Control,187,No,No,No
ACC-2188,Kalimantan,Standard,Kalimantan-Standard,Control,188,No,No,No
ACC-2189,Kalimantan,Standard,Kalimantan-Standard,Control,189,No,No,No
ACC-2190,Kalimantan,Standard,Kalimantan-Standard,Control,190,No,No,No
ACC-2191,Kalimantan,Standard,Kalimantan-Standard,Control,191,No,No,No
ACC-2192,Kalimantan,Standard,Kalimantan-Standard,Control,192,No,No,No
ACC-2193,Kalimantan,Standard,Kalimantan-Standard,Control,193,No,No,No
ACC-2194,Kalimantan,Standard,Kalimantan-Standard,Control,194,No,No,No
ACC-2195,Kalimantan,Standard,Kalimantan-Standard,Control,195,No,No,No
ACC-2196,Kalimantan,Standard,Kalimantan-Standard,Control,196,No,No,No
ACC-2197,Kalimantan,Standard,Kalimantan-Standard,Control,197,No,No,No
ACC-2198,Kalimantan,Standard,Kalimantan-Standard,Control,198,No,No,No
ACC-2199,Kalimantan,Standard,Kalimantan-Standard,Control,199,No,No,No
ACC-2200,Kalimantan,Standard,Kalimantan-Standard,Control,200,No,No,No
ACC-2201,Kalimantan,Standard,Kalimantan-Standard,Control,201,No,No,No
ACC-2202,Kalimantan,Standard,Kalimantan-Standard,Control,202,No,No,No
ACC-2203,Kalimantan,Standard,Kalimantan-Standard,Control,203,No,No,No
ACC-2204,Kalimantan,Standard,Kalimantan-Standard,Control,204,No,No,No
ACC-2205,Kalimantan,Standard,Kalimantan-Standard,Control,205,No,No,No
ACC-2206,Kalimantan,Standard,Kalimantan-Standard,Control,206,No,No,No
ACC-2207,Kalimantan,Standard,Kalimantan-Standard,Control,207,No,No,No
ACC-2208,Kalimantan,Standard,Kalimantan-Standard,Control,208,No,No,No
ACC-2209,Kalimantan,Standard,Kalimantan-Standard,Control,209,No,No,No
ACC-2210,Kalimantan,Standard,Kalimantan-Standard,Control,210,No,No,No
ACC-2211,Kalimantan,Standard,Kalimantan-Standard,Control,211,No,No,No
ACC-2212,Kalimantan,Standard,Kalimantan-Standard,Control,212,No,No,No
ACC-2213,Kalimantan,Standard,Kalimantan-Standard,Control,213,No,No,No
ACC-2214,Kalimantan,Standard,Kalimantan-Standard,Control,214,No,No,No
ACC-2215,Kalimantan,Standard,Kalimantan-Standard,Control,215,No,No,No
ACC-2216,Kalimantan,Standard,Kalimantan-Standard,Control,216,No,No,No
ACC-2217,Kalimantan,Standard,Kalimantan-Standard,Control,217,No,No,No
ACC-2218,Kalimantan,Standard,Kalimantan-Standard,Control,218,No,No,No
ACC-2219,Kalimantan,Standard,Kalimantan-Standard,Control,219,No,No,No
ACC-2220,Kalimantan,Standard,Kalimantan-Standard,Control,220,No,No,No
ACC-2221,Kalimantan,Standard,Kalimantan-Standard,Control,221,No,No,No
ACC-2222,Kalimantan,Standard,Kalimantan-Standard,Control,222,No,No,No
ACC-2223,Kalimantan,Standard,Kalimantan-Standard,Control,223,No,No,No
ACC-2224,Kalimantan,Standard,Kalimantan-Standard,Control,224,No,No,No
ACC-2225,Kalimantan,Standard,Kalimantan-Standard,Control,225,No,No,No
ACC-2226,Kalimantan,Standard,Kalimantan-Standard,Control,226,No,No,No
ACC-2227,Kalimantan,Standard,Kalimantan-Standard,Control,227,No,No,No
ACC-2228,Kalimantan,Standard,Kalimantan-Standard,Control,228,No,No,No
ACC-2229,Kalimantan,Standard,Kalimantan-Standard,Control,229,No,No,No
ACC-2230,Kalimantan,Standard,Kalimantan-Standard,Control,230,No,No,No
ACC-2231,Kalimantan,Standard,Kalimantan-Standard,Control,231,No,No,No
ACC-2232,Kalimantan,Standard,Kalimantan-Standard,Control,232,No,No,No
ACC-2233,Kalimantan,Standard,Kalimantan-Standard,Control,233,No,No,No
ACC-2234,Kalimantan,Standard,Kalimantan-Standard,Control,234,No,No,No
ACC-2235,Kalimantan,Standard,Kalimantan-Standard,Control,235,No,No,No
ACC-2236,Kalimantan,Standard,Kalimantan-Standard,Control,236,No,No,No
ACC-2237,Kalimantan,Standard,Kalimantan-Standard,Control,237,No,No,No
ACC-2238,Kalimantan,Standard,Kalimantan-Standard,Control,238,No,No,No
ACC-2239,Kalimantan,Standard,Kalimantan-Standard,Control,239,No,No,No
ACC-2240,Kalimantan,Standard,Kalimantan-Standard,Control,240,No,No,No
ACC-2241,Kalimantan,Standard,Kalimantan-Standard,Control,241,No,No,No
ACC-2242,Kalimantan,Standard,Kalimantan-Standard,Control,242,No,No,No
ACC-2243,Kalimantan,Standard,Kalimantan-Standard,Control,243,No,No,No
ACC-2244,Kalimantan,Standard,Kalimantan-Standard,Control,244,No,No,No
ACC-2245,Kalimantan,Standard,Kalimantan-Standard,Control,245,No,No,No
ACC-2246,Kalimantan,Standard,Kalimantan-Standard,Control,246,No,No,No
ACC-2247,Kalimantan,Standard,Kalimantan-Standard,Control,247,No,No,No
ACC-2248,Kalimantan,Standard,Kalimantan-Standard,Control,248,No,No,No
ACC-2249,Kalimantan,Standard,Kalimantan-Standard,Control,249,No,No,No
ACC-2250,Kalimantan,Standard,Kalimantan-Standard,Control,250,No,No,No
ACC-2251,Kalimantan,Standard,Kalimantan-Standard,Treatment,1,Yes,Yes,No
ACC-2252,Kalimantan,Standard,Kalimantan-Standard,Treatment,2,Yes,Yes,No
ACC-2253,Kalimantan,Standard,Kalimantan-Standard,Treatment,3,Yes,Yes,No
ACC-2254,Kalimantan,Standard,Kalimantan-Standard,Treatment,4,Yes,Yes,No
ACC-2255,Kalimantan,Standard,Kalimantan-Standard,Treatment,5,Yes,Yes,No
ACC-2256,Kalimantan,Standard,Kalimantan-Standard,Treatment,6,Yes,Yes,No
ACC-2257,Kalimantan,Standard,Kalimantan-Standard,Treatment,7,Yes,Yes,No
ACC-2258,Kalimantan,Standard,Kalimantan-Standard,Treatment,8,Yes,Yes,No
ACC-2259,Kalimantan,Standard,Kalimantan-Standard,Treatment,9,Yes,No,Yes
ACC-2260,Kalimantan,Standard,Kalimantan-Standard,Treatment,10,Yes,No,Yes
ACC-2261,Kalimantan,Standard,Kalimantan-Standard,Treatment,11,Yes,No,Yes
ACC-2262,Kalimantan,Standard,Kalimantan-Standard,Treatment,12,Yes,No,Yes
ACC-2263,Kalimantan,Standard,Kalimantan-Standard,Treatment,13,Yes,No,Yes
ACC-2264,Kalimantan,Standard,Kalimantan-Standard,Treatment,14,Yes,No,Yes
ACC-2265,Kalimantan,Standard,Kalimantan-Standard,Treatment,15,Yes,No,Yes
ACC-2266,Kalimantan,Standard,Kalimantan-Standard,Treatment,16,Yes,No,No
ACC-2267,Kalimantan,Standard,Kalimantan-Standard,Treatment,17,Yes,No,No
ACC-2268,Kalimantan,Standard,Kalimantan-Standard,Treatment,18,Yes,No,No
ACC-2269,Kalimantan,Standard,Kalimantan-Standard,Treatment,19,Yes,No,No
ACC-2270,Kalimantan,Standard,Kalimantan-Standard,Treatment,20,Yes,No,No
ACC-2271,Kalimantan,Standard,Kalimantan-Standard,Treatment,21,Yes,No,No
ACC-2272,Kalimantan,Standard,Kalimantan-Standard,Treatment,22,Yes,No,No
ACC-2273,Kalimantan,Standard,Kalimantan-Standard,Treatment,23,Yes,No,No
ACC-2274,Kalimantan,Standard,Kalimantan-Standard,Treatment,24,Yes,No,No
ACC-2275,Kalimantan,Standard,Kalimantan-Standard,Treatment,25,Yes,No,No
ACC-2276,Kalimantan,Standard,Kalimantan-Standard,Treatment,26,Yes,No,No
ACC-2277,Kalimantan,Standard,Kalimantan-Standard,Treatment,27,Yes,No,No
ACC-2278,Kalimantan,Standard,Kalimantan-Standard,Treatment,28,Yes,No,No
ACC-2279,Kalimantan,Standard,Kalimantan-Standard,Treatment,29,Yes,No,No
ACC-2280,Kalimantan,Standard,Kalimantan-Standard,Treatment,30,Yes,No,No
ACC-2281,Kalimantan,Standard,Kalimantan-Standard,Treatment,31,Yes,No,No
ACC-2282,Kalimantan,Standard,Kalimantan-Standard,Treatment,32,Yes,No,No
ACC-2283,Kalimantan,Standard,Kalimantan-Standard,Treatment,33,Yes,No,No
ACC-2284,Kalimantan,Standard,Kalimantan-Standard,Treatment,34,Yes,No,No
ACC-2285,Kalimantan,Standard,Kalimantan-Standard,Treatment,35,Yes,No,No
ACC-2286,Kalimantan,Standard,Kalimantan-Standard,Treatment,36,Yes,No,No
ACC-2287,Kalimantan,Standard,Kalimantan-Standard,Treatment,37,Yes,No,No
ACC-2288,Kalimantan,Standard,Kalimantan-Standard,Treatment,38,Yes,No,No
ACC-2289,Kalimantan,Standard,Kalimantan-Standard,Treatment,39,Yes,No,No
ACC-2290,Kalimantan,Standard,Kalimantan-Standard,Treatment,40,Yes,No,No
ACC-2291,Kalimantan,Standard,Kalimantan-Standard,Treatment,41,Yes,No,No
ACC-2292,Kalimantan,Standard,Kalimantan-Standard,Treatment,42,Yes,No,No
ACC-2293,Kalimantan,Standard,Kalimantan-Standard,Treatment,43,Yes,No,No
ACC-2294,Kalimantan,Standard,Kalimantan-Standard,Treatment,44,Yes,No,No
ACC-2295,Kalimantan,Standard,Kalimantan-Standard,Treatment,45,Yes,No,No
ACC-2296,Kalimantan,Standard,Kalimantan-Standard,Treatment,46,Yes,No,No
ACC-2297,Kalimantan,Standard,Kalimantan-Standard,Treatment,47,Yes,No,No
ACC-2298,Kalimantan,Standard,Kalimantan-Standard,Treatment,48,Yes,No,No
ACC-2299,Kalimantan,Standard,Kalimantan-Standard,Treatment,49,Yes,No,No
ACC-2300,Kalimantan,Standard,Kalimantan-Standard,Treatment,50,Yes,No,No
ACC-2301,Kalimantan,Standard,Kalimantan-Standard,Treatment,51,Yes,No,No
ACC-2302,Kalimantan,Standard,Kalimantan-Standard,Treatment,52,Yes,No,No
ACC-2303,Kalimantan,Standard,Kalimantan-Standard,Treatment,53,Yes,No,No
ACC-2304,Kalimantan,Standard,Kalimantan-Standard,Treatment,54,Yes,No,No
ACC-2305,Kalimantan,Standard,Kalimantan-Standard,Treatment,55,Yes,No,No
ACC-2306,Kalimantan,Standard,Kalimantan-Standard,Treatment,56,Yes,No,No
ACC-2307,Kalimantan,Standard,Kalimantan-Standard,Treatment,57,Yes,No,No
ACC-2308,Kalimantan,Standard,Kalimantan-Standard,Treatment,58,Yes,No,No
ACC-2309,Kalimantan,Standard,Kalimantan-Standard,Treatment,59,Yes,No,No
ACC-2310,Kalimantan,Standard,Kalimantan-Standard,Treatment,60,Yes,No,No
ACC-2311,Kalimantan,Standard,Kalimantan-Standard,Treatment,61,Yes,No,No
ACC-2312,Kalimantan,Standard,Kalimantan-Standard,Treatment,62,Yes,No,No
ACC-2313,Kalimantan,Standard,Kalimantan-Standard,Treatment,63,Yes,No,No
ACC-2314,Kalimantan,Standard,Kalimantan-Standard,Treatment,64,Yes,No,No
ACC-2315,Kalimantan,Standard,Kalimantan-Standard,Treatment,65,Yes,No,No
ACC-2316,Kalimantan,Standard,Kalimantan-Standard,Treatment,66,Yes,No,No
ACC-2317,Kalimantan,Standard,Kalimantan-Standard,Treatment,67,Yes,No,No
ACC-2318,Kalimantan,Standard,Kalimantan-Standard,Treatment,68,Yes,No,No
ACC-2319,Kalimantan,Standard,Kalimantan-Standard,Treatment,69,Yes,No,No
ACC-2320,Kalimantan,Standard,Kalimantan-Standard,Treatment,70,Yes,No,No
ACC-2321,Kalimantan,Standard,Kalimantan-Standard,Treatment,71,Yes,No,No
ACC-2322,Kalimantan,Standard,Kalimantan-Standard,Treatment,72,Yes,No,No
ACC-2323,Kalimantan,Standard,Kalimantan-Standard,Treatment,73,Yes,No,No
ACC-2324,Kalimantan,Standard,Kalimantan-Standard,Treatment,74,Yes,No,No
ACC-2325,Kalimantan,Standard,Kalimantan-Standard,Treatment,75,Yes,No,No
ACC-2326,Kalimantan,Standard,Kalimantan-Standard,Treatment,76,Yes,No,No
ACC-2327,Kalimantan,Standard,Kalimantan-Standard,Treatment,77,Yes,No,No
ACC-2328,Kalimantan,Standard,Kalimantan-Standard,Treatment,78,Yes,No,No
ACC-2329,Kalimantan,Standard,Kalimantan-Standard,Treatment,79,Yes,No,No
ACC-2330,Kalimantan,Standard,Kalimantan-Standard,Treatment,80,Yes,No,No
ACC-2331,Kalimantan,Standard,Kalimantan-Standard,Treatment,81,Yes,No,No
ACC-2332,Kalimantan,Standard,Kalimantan-Standard,Treatment,82,Yes,No,No
ACC-2333,Kalimantan,Standard,Kalimantan-Standard,Treatment,83,Yes,No,No
ACC-2334,Kalimantan,Standard,Kalimantan-Standard,Treatment,84,Yes,No,No
ACC-2335,Kalimantan,Standard,Kalimantan-Standard,Treatment,85,Yes,No,No
ACC-2336,Kalimantan,Standard,Kalimantan-Standard,Treatment,86,No,No,No
ACC-2337,Kalimantan,Standard,Kalimantan-Standard,Treatment,87,No,No,No
ACC-2338,Kalimantan,Standard,Kalimantan-Standard,Treatment,88,No,No,No
ACC-2339,Kalimantan,Standard,Kalimantan-Standard,Treatment,89,No,No,No
ACC-2340,Kalimantan,Standard,Kalimantan-Standard,Treatment,90,No,No,No
ACC-2341,Kalimantan,Standard,Kalimantan-Standard,Treatment,91,No,No,No
ACC-2342,Kalimantan,Standard,Kalimantan-Standard,Treatment,92,No,No,No
ACC-2343,Kalimantan,Standard,Kalimantan-Standard,Treatment,93,No,No,No
ACC-2344,Kalimantan,Standard,Kalimantan-Standard,Treatment,94,No,No,No
ACC-2345,Kalimantan,Standard,Kalimantan-Standard,Treatment,95,No,No,No
ACC-2346,Kalimantan,Standard,Kalimantan-Standard,Treatment,96,No,No,No
ACC-2347,Kalimantan,Standard,Kalimantan-Standard,Treatment,97,No,No,No
ACC-2348,Kalimantan,Standard,Kalimantan-Standard,Treatment,98,No,No,No
ACC-2349,Kalimantan,Standard,Kalimantan-Standard,Treatment,99,No,No,No
ACC-2350,Kalimantan,Standard,Kalimantan-Standard,Treatment,100,No,No,No
ACC-2351,Kalimantan,Standard,Kalimantan-Standard,Treatment,101,No,No,No
ACC-2352,Kalimantan,Standard,Kalimantan-Standard,Treatment,102,No,No,No
ACC-2353,Kalimantan,Standard,Kalimantan-Standard,Treatment,103,No,No,No
ACC-2354,Kalimantan,Standard,Kalimantan-Standard,Treatment,104,No,No,No
ACC-2355,Kalimantan,Standard,Kalimantan-Standard,Treatment,105,No,No,No
ACC-2356,Kalimantan,Standard,Kalimantan-Standard,Treatment,106,No,No,No
ACC-2357,Kalimantan,Standard,Kalimantan-Standard,Treatment,107,No,No,No
ACC-2358,Kalimantan,Standard,Kalimantan-Standard,Treatment,108,No,No,No
ACC-2359,Kalimantan,Standard,Kalimantan-Standard,Treatment,109,No,No,No
ACC-2360,Kalimantan,Standard,Kalimantan-Standard,Treatment,110,No,No,No
ACC-2361,Kalimantan,Standard,Kalimantan-Standard,Treatment,111,No,No,No
ACC-2362,Kalimantan,Standard,Kalimantan-Standard,Treatment,112,No,No,No
ACC-2363,Kalimantan,Standard,Kalimantan-Standard,Treatment,113,No,No,No
ACC-2364,Kalimantan,Standard,Kalimantan-Standard,Treatment,114,No,No,No
ACC-2365,Kalimantan,Standard,Kalimantan-Standard,Treatment,115,No,No,No
ACC-2366,Kalimantan,Standard,Kalimantan-Standard,Treatment,116,No,No,No
ACC-2367,Kalimantan,Standard,Kalimantan-Standard,Treatment,117,No,No,No
ACC-2368,Kalimantan,Standard,Kalimantan-Standard,Treatment,118,No,No,No
ACC-2369,Kalimantan,Standard,Kalimantan-Standard,Treatment,119,No,No,No
ACC-2370,Kalimantan,Standard,Kalimantan-Standard,Treatment,120,No,No,No
ACC-2371,Kalimantan,Standard,Kalimantan-Standard,Treatment,121,No,No,No
ACC-2372,Kalimantan,Standard,Kalimantan-Standard,Treatment,122,No,No,No
ACC-2373,Kalimantan,Standard,Kalimantan-Standard,Treatment,123,No,No,No
ACC-2374,Kalimantan,Standard,Kalimantan-Standard,Treatment,124,No,No,No
ACC-2375,Kalimantan,Standard,Kalimantan-Standard,Treatment,125,No,No,No
ACC-2376,Kalimantan,Standard,Kalimantan-Standard,Treatment,126,No,No,No
ACC-2377,Kalimantan,Standard,Kalimantan-Standard,Treatment,127,No,No,No
ACC-2378,Kalimantan,Standard,Kalimantan-Standard,Treatment,128,No,No,No
ACC-2379,Kalimantan,Standard,Kalimantan-Standard,Treatment,129,No,No,No
ACC-2380,Kalimantan,Standard,Kalimantan-Standard,Treatment,130,No,No,No
ACC-2381,Kalimantan,Standard,Kalimantan-Standard,Treatment,131,No,No,No
ACC-2382,Kalimantan,Standard,Kalimantan-Standard,Treatment,132,No,No,No
ACC-2383,Kalimantan,Standard,Kalimantan-Standard,Treatment,133,No,No,No
ACC-2384,Kalimantan,Standard,Kalimantan-Standard,Treatment,134,No,No,No
ACC-2385,Kalimantan,Standard,Kalimantan-Standard,Treatment,135,No,No,No
ACC-2386,Kalimantan,Standard,Kalimantan-Standard,Treatment,136,No,No,No
ACC-2387,Kalimantan,Standard,Kalimantan-Standard,Treatment,137,No,No,No
ACC-2388,Kalimantan,Standard,Kalimantan-Standard,Treatment,138,No,No,No
ACC-2389,Kalimantan,Standard,Kalimantan-Standard,Treatment,139,No,No,No
ACC-2390,Kalimantan,Standard,Kalimantan-Standard,Treatment,140,No,No,No
ACC-2391,Kalimantan,Standard,Kalimantan-Standard,Treatment,141,No,No,No
ACC-2392,Kalimantan,Standard,Kalimantan-Standard,Treatment,142,No,No,No
ACC-2393,Kalimantan,Standard,Kalimantan-Standard,Treatment,143,No,No,No
ACC-2394,Kalimantan,Standard,Kalimantan-Standard,Treatment,144,No,No,No
ACC-2395,Kalimantan,Standard,Kalimantan-Standard,Treatment,145,No,No,No
ACC-2396,Kalimantan,Standard,Kalimantan-Standard,Treatment,146,No,No,No
ACC-2397,Kalimantan,Standard,Kalimantan-Standard,Treatment,147,No,No,No
ACC-2398,Kalimantan,Standard,Kalimantan-Standard,Treatment,148,No,No,No
ACC-2399,Kalimantan,Standard,Kalimantan-Standard,Treatment,149,No,No,No
ACC-2400,Kalimantan,Standard,Kalimantan-Standard,Treatment,150,No,No,No
ACC-2401,Kalimantan,Standard,Kalimantan-Standard,Treatment,151,No,No,No
ACC-2402,Kalimantan,Standard,Kalimantan-Standard,Treatment,152,No,No,No
ACC-2403,Kalimantan,Standard,Kalimantan-Standard,Treatment,153,No,No,No
ACC-2404,Kalimantan,Standard,Kalimantan-Standard,Treatment,154,No,No,No
ACC-2405,Kalimantan,Standard,Kalimantan-Standard,Treatment,155,No,No,No
ACC-2406,Kalimantan,Standard,Kalimantan-Standard,Treatment,156,No,No,No
ACC-2407,Kalimantan,Standard,Kalimantan-Standard,Treatment,157,No,No,No
ACC-2408,Kalimantan,Standard,Kalimantan-Standard,Treatment,158,No,No,No
ACC-2409,Kalimantan,Standard,Kalimantan-Standard,Treatment,159,No,No,No
ACC-2410,Kalimantan,Standard,Kalimantan-Standard,Treatment,160,No,No,No
ACC-2411,Kalimantan,Standard,Kalimantan-Standard,Treatment,161,No,No,No
ACC-2412,Kalimantan,Standard,Kalimantan-Standard,Treatment,162,No,No,No
ACC-2413,Kalimantan,Standard,Kalimantan-Standard,Treatment,163,No,No,No
ACC-2414,Kalimantan,Standard,Kalimantan-Standard,Treatment,164,No,No,No
ACC-2415,Kalimantan,Standard,Kalimantan-Standard,Treatment,165,No,No,No
ACC-2416,Kalimantan,Standard,Kalimantan-Standard,Treatment,166,No,No,No
ACC-2417,Kalimantan,Standard,Kalimantan-Standard,Treatment,167,No,No,No
ACC-2418,Kalimantan,Standard,Kalimantan-Standard,Treatment,168,No,No,No
ACC-2419,Kalimantan,Standard,Kalimantan-Standard,Treatment,169,No,No,No
ACC-2420,Kalimantan,Standard,Kalimantan-Standard,Treatment,170,No,No,No
ACC-2421,Kalimantan,Standard,Kalimantan-Standard,Treatment,171,No,No,No
ACC-2422,Kalimantan,Standard,Kalimantan-Standard,Treatment,172,No,No,No
ACC-2423,Kalimantan,Standard,Kalimantan-Standard,Treatment,173,No,No,No
ACC-2424,Kalimantan,Standard,Kalimantan-Standard,Treatment,174,No,No,No
ACC-2425,Kalimantan,Standard,Kalimantan-Standard,Treatment,175,No,No,No
ACC-2426,Kalimantan,Standard,Kalimantan-Standard,Treatment,176,No,No,No
ACC-2427,Kalimantan,Standard,Kalimantan-Standard,Treatment,177,No,No,No
ACC-2428,Kalimantan,Standard,Kalimantan-Standard,Treatment,178,No,No,No
ACC-2429,Kalimantan,Standard,Kalimantan-Standard,Treatment,179,No,No,No
ACC-2430,Kalimantan,Standard,Kalimantan-Standard,Treatment,180,No,No,No
ACC-2431,Kalimantan,Standard,Kalimantan-Standard,Treatment,181,No,No,No
ACC-2432,Kalimantan,Standard,Kalimantan-Standard,Treatment,182,No,No,No
ACC-2433,Kalimantan,Standard,Kalimantan-Standard,Treatment,183,No,No,No
ACC-2434,Kalimantan,Standard,Kalimantan-Standard,Treatment,184,No,No,No
ACC-2435,Kalimantan,Standard,Kalimantan-Standard,Treatment,185,No,No,No
ACC-2436,Kalimantan,Standard,Kalimantan-Standard,Treatment,186,No,No,No
ACC-2437,Kalimantan,Standard,Kalimantan-Standard,Treatment,187,No,No,No
ACC-2438,Kalimantan,Standard,Kalimantan-Standard,Treatment,188,No,No,No
ACC-2439,Kalimantan,Standard,Kalimantan-Standard,Treatment,189,No,No,No
ACC-2440,Kalimantan,Standard,Kalimantan-Standard,Treatment,190,No,No,No
ACC-2441,Kalimantan,Standard,Kalimantan-Standard,Treatment,191,No,No,No
ACC-2442,Kalimantan,Standard,Kalimantan-Standard,Treatment,192,No,No,No
ACC-2443,Kalimantan,Standard,Kalimantan-Standard,Treatment,193,No,No,No
ACC-2444,Kalimantan,Standard,Kalimantan-Standard,Treatment,194,No,No,No
ACC-2445,Kalimantan,Standard,Kalimantan-Standard,Treatment,195,No,No,No
ACC-2446,Kalimantan,Standard,Kalimantan-Standard,Treatment,196,No,No,No
ACC-2447,Kalimantan,Standard,Kalimantan-Standard,Treatment,197,No,No,No
ACC-2448,Kalimantan,Standard,Kalimantan-Standard,Treatment,198,No,No,No
ACC-2449,Kalimantan,Standard,Kalimantan-Standard,Treatment,199,No,No,No
ACC-2450,Kalimantan,Standard,Kalimantan-Standard,Treatment,200,No,No,No
ACC-2451,Kalimantan,Standard,Kalimantan-Standard,Treatment,201,No,No,No
ACC-2452,Kalimantan,Standard,Kalimantan-Standard,Treatment,202,No,No,No
ACC-2453,Kalimantan,Standard,Kalimantan-Standard,Treatment,203,No,No,No
ACC-2454,Kalimantan,Standard,Kalimantan-Standard,Treatment,204,No,No,No
ACC-2455,Kalimantan,Standard,Kalimantan-Standard,Treatment,205,No,No,No
ACC-2456,Kalimantan,Standard,Kalimantan-Standard,Treatment,206,No,No,No
ACC-2457,Kalimantan,Standard,Kalimantan-Standard,Treatment,207,No,No,No
ACC-2458,Kalimantan,Standard,Kalimantan-Standard,Treatment,208,No,No,No
ACC-2459,Kalimantan,Standard,Kalimantan-Standard,Treatment,209,No,No,No
ACC-2460,Kalimantan,Standard,Kalimantan-Standard,Treatment,210,No,No,No
ACC-2461,Kalimantan,Standard,Kalimantan-Standard,Treatment,211,No,No,No
ACC-2462,Kalimantan,Standard,Kalimantan-Standard,Treatment,212,No,No,No
ACC-2463,Kalimantan,Standard,Kalimantan-Standard,Treatment,213,No,No,No
ACC-2464,Kalimantan,Standard,Kalimantan-Standard,Treatment,214,No,No,No
ACC-2465,Kalimantan,Standard,Kalimantan-Standard,Treatment,215,No,No,No
ACC-2466,Kalimantan,Standard,Kalimantan-Standard,Treatment,216,No,No,No
ACC-2467,Kalimantan,Standard,Kalimantan-Standard,Treatment,217,No,No,No
ACC-2468,Kalimantan,Standard,Kalimantan-Standard,Treatment,218,No,No,No
ACC-2469,Kalimantan,Standard,Kalimantan-Standard,Treatment,219,No,No,No
ACC-2470,Kalimantan,Standard,Kalimantan-Standard,Treatment,220,No,No,No
ACC-2471,Kalimantan,Standard,Kalimantan-Standard,Treatment,221,No,No,No
ACC-2472,Kalimantan,Standard,Kalimantan-Standard,Treatment,222,No,No,No
ACC-2473,Kalimantan,Standard,Kalimantan-Standard,Treatment,223,No,No,No
ACC-2474,Kalimantan,Standard,Kalimantan-Standard,Treatment,224,No,No,No
ACC-2475,Kalimantan,Standard,Kalimantan-Standard,Treatment,225,No,No,No
ACC-2476,Kalimantan,Standard,Kalimantan-Standard,Treatment,226,No,No,No
ACC-2477,Kalimantan,Standard,Kalimantan-Standard,Treatment,227,No,No,No
ACC-2478,Kalimantan,Standard,Kalimantan-Standard,Treatment,228,No,No,No
ACC-2479,Kalimantan,Standard,Kalimantan-Standard,Treatment,229,No,No,No
ACC-2480,Kalimantan,Standard,Kalimantan-Standard,Treatment,230,No,No,No
ACC-2481,Kalimantan,Standard,Kalimantan-Standard,Treatment,231,No,No,No
ACC-2482,Kalimantan,Standard,Kalimantan-Standard,Treatment,232,No,No,No
ACC-2483,Kalimantan,Standard,Kalimantan-Standard,Treatment,233,No,No,No
ACC-2484,Kalimantan,Standard,Kalimantan-Standard,Treatment,234,No,No,No
ACC-2485,Kalimantan,Standard,Kalimantan-Standard,Treatment,235,No,No,No
ACC-2486,Kalimantan,Standard,Kalimantan-Standard,Treatment,236,No,No,No
ACC-2487,Kalimantan,Standard,Kalimantan-Standard,Treatment,237,No,No,No
ACC-2488,Kalimantan,Standard,Kalimantan-Standard,Treatment,238,No,No,No
ACC-2489,Kalimantan,Standard,Kalimantan-Standard,Treatment,239,No,No,No
ACC-2490,Kalimantan,Standard,Kalimantan-Standard,Treatment,240,No,No,No
ACC-2491,Kalimantan,Standard,Kalimantan-Standard,Treatment,241,No,No,No
ACC-2492,Kalimantan,Standard,Kalimantan-Standard,Treatment,242,No,No,No
ACC-2493,Kalimantan,Standard,Kalimantan-Standard,Treatment,243,No,No,No
ACC-2494,Kalimantan,Standard,Kalimantan-Standard,Treatment,244,No,No,No
ACC-2495,Kalimantan,Standard,Kalimantan-Standard,Treatment,245,No,No,No
ACC-2496,Kalimantan,Standard,Kalimantan-Standard,Treatment,246,No,No,No
ACC-2497,Kalimantan,Standard,Kalimantan-Standard,Treatment,247,No,No,No
ACC-2498,Kalimantan,Standard,Kalimantan-Standard,Treatment,248,No,No,No
ACC-2499,Kalimantan,Standard,Kalimantan-Standard,Treatment,249,No,No,No
ACC-2500,Kalimantan,Standard,Kalimantan-Standard,Treatment,250,No,No,No
ACC-2501,Kalimantan,Key,Kalimantan-Key,Control,1,Yes,Yes,No
ACC-2502,Kalimantan,Key,Kalimantan-Key,Control,2,Yes,Yes,No
ACC-2503,Kalimantan,Key,Kalimantan-Key,Control,3,Yes,Yes,No
ACC-2504,Kalimantan,Key,Kalimantan-Key,Control,4,Yes,Yes,No
ACC-2505,Kalimantan,Key,Kalimantan-Key,Control,5,Yes,Yes,No
ACC-2506,Kalimantan,Key,Kalimantan-Key,Control,6,Yes,No,Yes
ACC-2507,Kalimantan,Key,Kalimantan-Key,Control,7,Yes,No,Yes
ACC-2508,Kalimantan,Key,Kalimantan-Key,Control,8,Yes,No,Yes
ACC-2509,Kalimantan,Key,Kalimantan-Key,Control,9,Yes,No,Yes
ACC-2510,Kalimantan,Key,Kalimantan-Key,Control,10,Yes,No,Yes
ACC-2511,Kalimantan,Key,Kalimantan-Key,Control,11,Yes,No,Yes
ACC-2512,Kalimantan,Key,Kalimantan-Key,Control,12,Yes,No,No
ACC-2513,Kalimantan,Key,Kalimantan-Key,Control,13,Yes,No,No
ACC-2514,Kalimantan,Key,Kalimantan-Key,Control,14,Yes,No,No
ACC-2515,Kalimantan,Key,Kalimantan-Key,Control,15,Yes,No,No
ACC-2516,Kalimantan,Key,Kalimantan-Key,Control,16,Yes,No,No
ACC-2517,Kalimantan,Key,Kalimantan-Key,Control,17,Yes,No,No
ACC-2518,Kalimantan,Key,Kalimantan-Key,Control,18,Yes,No,No
ACC-2519,Kalimantan,Key,Kalimantan-Key,Control,19,Yes,No,No
ACC-2520,Kalimantan,Key,Kalimantan-Key,Control,20,Yes,No,No
ACC-2521,Kalimantan,Key,Kalimantan-Key,Control,21,Yes,No,No
ACC-2522,Kalimantan,Key,Kalimantan-Key,Control,22,Yes,No,No
ACC-2523,Kalimantan,Key,Kalimantan-Key,Control,23,Yes,No,No
ACC-2524,Kalimantan,Key,Kalimantan-Key,Control,24,Yes,No,No
ACC-2525,Kalimantan,Key,Kalimantan-Key,Control,25,Yes,No,No
ACC-2526,Kalimantan,Key,Kalimantan-Key,Control,26,Yes,No,No
ACC-2527,Kalimantan,Key,Kalimantan-Key,Control,27,Yes,No,No
ACC-2528,Kalimantan,Key,Kalimantan-Key,Control,28,Yes,No,No
ACC-2529,Kalimantan,Key,Kalimantan-Key,Control,29,Yes,No,No
ACC-2530,Kalimantan,Key,Kalimantan-Key,Control,30,Yes,No,No
ACC-2531,Kalimantan,Key,Kalimantan-Key,Control,31,Yes,No,No
ACC-2532,Kalimantan,Key,Kalimantan-Key,Control,32,Yes,No,No
ACC-2533,Kalimantan,Key,Kalimantan-Key,Control,33,Yes,No,No
ACC-2534,Kalimantan,Key,Kalimantan-Key,Control,34,Yes,No,No
ACC-2535,Kalimantan,Key,Kalimantan-Key,Control,35,Yes,No,No
ACC-2536,Kalimantan,Key,Kalimantan-Key,Control,36,Yes,No,No
ACC-2537,Kalimantan,Key,Kalimantan-Key,Control,37,Yes,No,No
ACC-2538,Kalimantan,Key,Kalimantan-Key,Control,38,Yes,No,No
ACC-2539,Kalimantan,Key,Kalimantan-Key,Control,39,Yes,No,No
ACC-2540,Kalimantan,Key,Kalimantan-Key,Control,40,Yes,No,No
ACC-2541,Kalimantan,Key,Kalimantan-Key,Control,41,Yes,No,No
ACC-2542,Kalimantan,Key,Kalimantan-Key,Control,42,Yes,No,No
ACC-2543,Kalimantan,Key,Kalimantan-Key,Control,43,Yes,No,No
ACC-2544,Kalimantan,Key,Kalimantan-Key,Control,44,Yes,No,No
ACC-2545,Kalimantan,Key,Kalimantan-Key,Control,45,Yes,No,No
ACC-2546,Kalimantan,Key,Kalimantan-Key,Control,46,Yes,No,No
ACC-2547,Kalimantan,Key,Kalimantan-Key,Control,47,Yes,No,No
ACC-2548,Kalimantan,Key,Kalimantan-Key,Control,48,Yes,No,No
ACC-2549,Kalimantan,Key,Kalimantan-Key,Control,49,Yes,No,No
ACC-2550,Kalimantan,Key,Kalimantan-Key,Control,50,Yes,No,No
ACC-2551,Kalimantan,Key,Kalimantan-Key,Control,51,Yes,No,No
ACC-2552,Kalimantan,Key,Kalimantan-Key,Control,52,Yes,No,No
ACC-2553,Kalimantan,Key,Kalimantan-Key,Control,53,Yes,No,No
ACC-2554,Kalimantan,Key,Kalimantan-Key,Control,54,Yes,No,No
ACC-2555,Kalimantan,Key,Kalimantan-Key,Control,55,Yes,No,No
ACC-2556,Kalimantan,Key,Kalimantan-Key,Control,56,Yes,No,No
ACC-2557,Kalimantan,Key,Kalimantan-Key,Control,57,Yes,No,No
ACC-2558,Kalimantan,Key,Kalimantan-Key,Control,58,Yes,No,No
ACC-2559,Kalimantan,Key,Kalimantan-Key,Control,59,Yes,No,No
ACC-2560,Kalimantan,Key,Kalimantan-Key,Control,60,Yes,No,No
ACC-2561,Kalimantan,Key,Kalimantan-Key,Control,61,Yes,No,No
ACC-2562,Kalimantan,Key,Kalimantan-Key,Control,62,Yes,No,No
ACC-2563,Kalimantan,Key,Kalimantan-Key,Control,63,Yes,No,No
ACC-2564,Kalimantan,Key,Kalimantan-Key,Control,64,Yes,No,No
ACC-2565,Kalimantan,Key,Kalimantan-Key,Control,65,Yes,No,No
ACC-2566,Kalimantan,Key,Kalimantan-Key,Control,66,Yes,No,No
ACC-2567,Kalimantan,Key,Kalimantan-Key,Control,67,Yes,No,No
ACC-2568,Kalimantan,Key,Kalimantan-Key,Control,68,Yes,No,No
ACC-2569,Kalimantan,Key,Kalimantan-Key,Control,69,Yes,No,No
ACC-2570,Kalimantan,Key,Kalimantan-Key,Control,70,Yes,No,No
ACC-2571,Kalimantan,Key,Kalimantan-Key,Control,71,Yes,No,No
ACC-2572,Kalimantan,Key,Kalimantan-Key,Control,72,Yes,No,No
ACC-2573,Kalimantan,Key,Kalimantan-Key,Control,73,Yes,No,No
ACC-2574,Kalimantan,Key,Kalimantan-Key,Control,74,Yes,No,No
ACC-2575,Kalimantan,Key,Kalimantan-Key,Control,75,Yes,No,No
ACC-2576,Kalimantan,Key,Kalimantan-Key,Control,76,Yes,No,No
ACC-2577,Kalimantan,Key,Kalimantan-Key,Control,77,Yes,No,No
ACC-2578,Kalimantan,Key,Kalimantan-Key,Control,78,No,No,No
ACC-2579,Kalimantan,Key,Kalimantan-Key,Control,79,No,No,No
ACC-2580,Kalimantan,Key,Kalimantan-Key,Control,80,No,No,No
ACC-2581,Kalimantan,Key,Kalimantan-Key,Control,81,No,No,No
ACC-2582,Kalimantan,Key,Kalimantan-Key,Control,82,No,No,No
ACC-2583,Kalimantan,Key,Kalimantan-Key,Control,83,No,No,No
ACC-2584,Kalimantan,Key,Kalimantan-Key,Control,84,No,No,No
ACC-2585,Kalimantan,Key,Kalimantan-Key,Control,85,No,No,No
ACC-2586,Kalimantan,Key,Kalimantan-Key,Control,86,No,No,No
ACC-2587,Kalimantan,Key,Kalimantan-Key,Control,87,No,No,No
ACC-2588,Kalimantan,Key,Kalimantan-Key,Control,88,No,No,No
ACC-2589,Kalimantan,Key,Kalimantan-Key,Control,89,No,No,No
ACC-2590,Kalimantan,Key,Kalimantan-Key,Control,90,No,No,No
ACC-2591,Kalimantan,Key,Kalimantan-Key,Control,91,No,No,No
ACC-2592,Kalimantan,Key,Kalimantan-Key,Control,92,No,No,No
ACC-2593,Kalimantan,Key,Kalimantan-Key,Control,93,No,No,No
ACC-2594,Kalimantan,Key,Kalimantan-Key,Control,94,No,No,No
ACC-2595,Kalimantan,Key,Kalimantan-Key,Control,95,No,No,No
ACC-2596,Kalimantan,Key,Kalimantan-Key,Control,96,No,No,No
ACC-2597,Kalimantan,Key,Kalimantan-Key,Control,97,No,No,No
ACC-2598,Kalimantan,Key,Kalimantan-Key,Control,98,No,No,No
ACC-2599,Kalimantan,Key,Kalimantan-Key,Control,99,No,No,No
ACC-2600,Kalimantan,Key,Kalimantan-Key,Control,100,No,No,No
ACC-2601,Kalimantan,Key,Kalimantan-Key,Control,101,No,No,No
ACC-2602,Kalimantan,Key,Kalimantan-Key,Control,102,No,No,No
ACC-2603,Kalimantan,Key,Kalimantan-Key,Control,103,No,No,No
ACC-2604,Kalimantan,Key,Kalimantan-Key,Control,104,No,No,No
ACC-2605,Kalimantan,Key,Kalimantan-Key,Control,105,No,No,No
ACC-2606,Kalimantan,Key,Kalimantan-Key,Control,106,No,No,No
ACC-2607,Kalimantan,Key,Kalimantan-Key,Control,107,No,No,No
ACC-2608,Kalimantan,Key,Kalimantan-Key,Control,108,No,No,No
ACC-2609,Kalimantan,Key,Kalimantan-Key,Control,109,No,No,No
ACC-2610,Kalimantan,Key,Kalimantan-Key,Control,110,No,No,No
ACC-2611,Kalimantan,Key,Kalimantan-Key,Control,111,No,No,No
ACC-2612,Kalimantan,Key,Kalimantan-Key,Control,112,No,No,No
ACC-2613,Kalimantan,Key,Kalimantan-Key,Control,113,No,No,No
ACC-2614,Kalimantan,Key,Kalimantan-Key,Control,114,No,No,No
ACC-2615,Kalimantan,Key,Kalimantan-Key,Control,115,No,No,No
ACC-2616,Kalimantan,Key,Kalimantan-Key,Control,116,No,No,No
ACC-2617,Kalimantan,Key,Kalimantan-Key,Control,117,No,No,No
ACC-2618,Kalimantan,Key,Kalimantan-Key,Control,118,No,No,No
ACC-2619,Kalimantan,Key,Kalimantan-Key,Control,119,No,No,No
ACC-2620,Kalimantan,Key,Kalimantan-Key,Control,120,No,No,No
ACC-2621,Kalimantan,Key,Kalimantan-Key,Control,121,No,No,No
ACC-2622,Kalimantan,Key,Kalimantan-Key,Control,122,No,No,No
ACC-2623,Kalimantan,Key,Kalimantan-Key,Control,123,No,No,No
ACC-2624,Kalimantan,Key,Kalimantan-Key,Control,124,No,No,No
ACC-2625,Kalimantan,Key,Kalimantan-Key,Control,125,No,No,No
ACC-2626,Kalimantan,Key,Kalimantan-Key,Control,126,No,No,No
ACC-2627,Kalimantan,Key,Kalimantan-Key,Control,127,No,No,No
ACC-2628,Kalimantan,Key,Kalimantan-Key,Control,128,No,No,No
ACC-2629,Kalimantan,Key,Kalimantan-Key,Control,129,No,No,No
ACC-2630,Kalimantan,Key,Kalimantan-Key,Control,130,No,No,No
ACC-2631,Kalimantan,Key,Kalimantan-Key,Control,131,No,No,No
ACC-2632,Kalimantan,Key,Kalimantan-Key,Control,132,No,No,No
ACC-2633,Kalimantan,Key,Kalimantan-Key,Control,133,No,No,No
ACC-2634,Kalimantan,Key,Kalimantan-Key,Control,134,No,No,No
ACC-2635,Kalimantan,Key,Kalimantan-Key,Control,135,No,No,No
ACC-2636,Kalimantan,Key,Kalimantan-Key,Control,136,No,No,No
ACC-2637,Kalimantan,Key,Kalimantan-Key,Control,137,No,No,No
ACC-2638,Kalimantan,Key,Kalimantan-Key,Control,138,No,No,No
ACC-2639,Kalimantan,Key,Kalimantan-Key,Control,139,No,No,No
ACC-2640,Kalimantan,Key,Kalimantan-Key,Control,140,No,No,No
ACC-2641,Kalimantan,Key,Kalimantan-Key,Control,141,No,No,No
ACC-2642,Kalimantan,Key,Kalimantan-Key,Control,142,No,No,No
ACC-2643,Kalimantan,Key,Kalimantan-Key,Control,143,No,No,No
ACC-2644,Kalimantan,Key,Kalimantan-Key,Control,144,No,No,No
ACC-2645,Kalimantan,Key,Kalimantan-Key,Control,145,No,No,No
ACC-2646,Kalimantan,Key,Kalimantan-Key,Control,146,No,No,No
ACC-2647,Kalimantan,Key,Kalimantan-Key,Control,147,No,No,No
ACC-2648,Kalimantan,Key,Kalimantan-Key,Control,148,No,No,No
ACC-2649,Kalimantan,Key,Kalimantan-Key,Control,149,No,No,No
ACC-2650,Kalimantan,Key,Kalimantan-Key,Control,150,No,No,No
ACC-2651,Kalimantan,Key,Kalimantan-Key,Control,151,No,No,No
ACC-2652,Kalimantan,Key,Kalimantan-Key,Control,152,No,No,No
ACC-2653,Kalimantan,Key,Kalimantan-Key,Control,153,No,No,No
ACC-2654,Kalimantan,Key,Kalimantan-Key,Control,154,No,No,No
ACC-2655,Kalimantan,Key,Kalimantan-Key,Control,155,No,No,No
ACC-2656,Kalimantan,Key,Kalimantan-Key,Control,156,No,No,No
ACC-2657,Kalimantan,Key,Kalimantan-Key,Control,157,No,No,No
ACC-2658,Kalimantan,Key,Kalimantan-Key,Control,158,No,No,No
ACC-2659,Kalimantan,Key,Kalimantan-Key,Control,159,No,No,No
ACC-2660,Kalimantan,Key,Kalimantan-Key,Control,160,No,No,No
ACC-2661,Kalimantan,Key,Kalimantan-Key,Control,161,No,No,No
ACC-2662,Kalimantan,Key,Kalimantan-Key,Control,162,No,No,No
ACC-2663,Kalimantan,Key,Kalimantan-Key,Control,163,No,No,No
ACC-2664,Kalimantan,Key,Kalimantan-Key,Control,164,No,No,No
ACC-2665,Kalimantan,Key,Kalimantan-Key,Control,165,No,No,No
ACC-2666,Kalimantan,Key,Kalimantan-Key,Control,166,No,No,No
ACC-2667,Kalimantan,Key,Kalimantan-Key,Control,167,No,No,No
ACC-2668,Kalimantan,Key,Kalimantan-Key,Control,168,No,No,No
ACC-2669,Kalimantan,Key,Kalimantan-Key,Control,169,No,No,No
ACC-2670,Kalimantan,Key,Kalimantan-Key,Control,170,No,No,No
ACC-2671,Kalimantan,Key,Kalimantan-Key,Control,171,No,No,No
ACC-2672,Kalimantan,Key,Kalimantan-Key,Control,172,No,No,No
ACC-2673,Kalimantan,Key,Kalimantan-Key,Control,173,No,No,No
ACC-2674,Kalimantan,Key,Kalimantan-Key,Control,174,No,No,No
ACC-2675,Kalimantan,Key,Kalimantan-Key,Control,175,No,No,No
ACC-2676,Kalimantan,Key,Kalimantan-Key,Control,176,No,No,No
ACC-2677,Kalimantan,Key,Kalimantan-Key,Control,177,No,No,No
ACC-2678,Kalimantan,Key,Kalimantan-Key,Control,178,No,No,No
ACC-2679,Kalimantan,Key,Kalimantan-Key,Control,179,No,No,No
ACC-2680,Kalimantan,Key,Kalimantan-Key,Control,180,No,No,No
ACC-2681,Kalimantan,Key,Kalimantan-Key,Control,181,No,No,No
ACC-2682,Kalimantan,Key,Kalimantan-Key,Control,182,No,No,No
ACC-2683,Kalimantan,Key,Kalimantan-Key,Control,183,No,No,No
ACC-2684,Kalimantan,Key,Kalimantan-Key,Control,184,No,No,No
ACC-2685,Kalimantan,Key,Kalimantan-Key,Control,185,No,No,No
ACC-2686,Kalimantan,Key,Kalimantan-Key,Control,186,No,No,No
ACC-2687,Kalimantan,Key,Kalimantan-Key,Control,187,No,No,No
ACC-2688,Kalimantan,Key,Kalimantan-Key,Control,188,No,No,No
ACC-2689,Kalimantan,Key,Kalimantan-Key,Control,189,No,No,No
ACC-2690,Kalimantan,Key,Kalimantan-Key,Control,190,No,No,No
ACC-2691,Kalimantan,Key,Kalimantan-Key,Control,191,No,No,No
ACC-2692,Kalimantan,Key,Kalimantan-Key,Control,192,No,No,No
ACC-2693,Kalimantan,Key,Kalimantan-Key,Control,193,No,No,No
ACC-2694,Kalimantan,Key,Kalimantan-Key,Control,194,No,No,No
ACC-2695,Kalimantan,Key,Kalimantan-Key,Control,195,No,No,No
ACC-2696,Kalimantan,Key,Kalimantan-Key,Control,196,No,No,No
ACC-2697,Kalimantan,Key,Kalimantan-Key,Control,197,No,No,No
ACC-2698,Kalimantan,Key,Kalimantan-Key,Control,198,No,No,No
ACC-2699,Kalimantan,Key,Kalimantan-Key,Control,199,No,No,No
ACC-2700,Kalimantan,Key,Kalimantan-Key,Control,200,No,No,No
ACC-2701,Kalimantan,Key,Kalimantan-Key,Control,201,No,No,No
ACC-2702,Kalimantan,Key,Kalimantan-Key,Control,202,No,No,No
ACC-2703,Kalimantan,Key,Kalimantan-Key,Control,203,No,No,No
ACC-2704,Kalimantan,Key,Kalimantan-Key,Control,204,No,No,No
ACC-2705,Kalimantan,Key,Kalimantan-Key,Control,205,No,No,No
ACC-2706,Kalimantan,Key,Kalimantan-Key,Control,206,No,No,No
ACC-2707,Kalimantan,Key,Kalimantan-Key,Control,207,No,No,No
ACC-2708,Kalimantan,Key,Kalimantan-Key,Control,208,No,No,No
ACC-2709,Kalimantan,Key,Kalimantan-Key,Control,209,No,No,No
ACC-2710,Kalimantan,Key,Kalimantan-Key,Control,210,No,No,No
ACC-2711,Kalimantan,Key,Kalimantan-Key,Control,211,No,No,No
ACC-2712,Kalimantan,Key,Kalimantan-Key,Control,212,No,No,No
ACC-2713,Kalimantan,Key,Kalimantan-Key,Control,213,No,No,No
ACC-2714,Kalimantan,Key,Kalimantan-Key,Control,214,No,No,No
ACC-2715,Kalimantan,Key,Kalimantan-Key,Control,215,No,No,No
ACC-2716,Kalimantan,Key,Kalimantan-Key,Control,216,No,No,No
ACC-2717,Kalimantan,Key,Kalimantan-Key,Control,217,No,No,No
ACC-2718,Kalimantan,Key,Kalimantan-Key,Control,218,No,No,No
ACC-2719,Kalimantan,Key,Kalimantan-Key,Control,219,No,No,No
ACC-2720,Kalimantan,Key,Kalimantan-Key,Control,220,No,No,No
ACC-2721,Kalimantan,Key,Kalimantan-Key,Control,221,No,No,No
ACC-2722,Kalimantan,Key,Kalimantan-Key,Control,222,No,No,No
ACC-2723,Kalimantan,Key,Kalimantan-Key,Control,223,No,No,No
ACC-2724,Kalimantan,Key,Kalimantan-Key,Control,224,No,No,No
ACC-2725,Kalimantan,Key,Kalimantan-Key,Control,225,No,No,No
ACC-2726,Kalimantan,Key,Kalimantan-Key,Control,226,No,No,No
ACC-2727,Kalimantan,Key,Kalimantan-Key,Control,227,No,No,No
ACC-2728,Kalimantan,Key,Kalimantan-Key,Control,228,No,No,No
ACC-2729,Kalimantan,Key,Kalimantan-Key,Control,229,No,No,No
ACC-2730,Kalimantan,Key,Kalimantan-Key,Control,230,No,No,No
ACC-2731,Kalimantan,Key,Kalimantan-Key,Control,231,No,No,No
ACC-2732,Kalimantan,Key,Kalimantan-Key,Control,232,No,No,No
ACC-2733,Kalimantan,Key,Kalimantan-Key,Control,233,No,No,No
ACC-2734,Kalimantan,Key,Kalimantan-Key,Control,234,No,No,No
ACC-2735,Kalimantan,Key,Kalimantan-Key,Control,235,No,No,No
ACC-2736,Kalimantan,Key,Kalimantan-Key,Control,236,No,No,No
ACC-2737,Kalimantan,Key,Kalimantan-Key,Control,237,No,No,No
ACC-2738,Kalimantan,Key,Kalimantan-Key,Control,238,No,No,No
ACC-2739,Kalimantan,Key,Kalimantan-Key,Control,239,No,No,No
ACC-2740,Kalimantan,Key,Kalimantan-Key,Control,240,No,No,No
ACC-2741,Kalimantan,Key,Kalimantan-Key,Control,241,No,No,No
ACC-2742,Kalimantan,Key,Kalimantan-Key,Control,242,No,No,No
ACC-2743,Kalimantan,Key,Kalimantan-Key,Control,243,No,No,No
ACC-2744,Kalimantan,Key,Kalimantan-Key,Control,244,No,No,No
ACC-2745,Kalimantan,Key,Kalimantan-Key,Control,245,No,No,No
ACC-2746,Kalimantan,Key,Kalimantan-Key,Control,246,No,No,No
ACC-2747,Kalimantan,Key,Kalimantan-Key,Control,247,No,No,No
ACC-2748,Kalimantan,Key,Kalimantan-Key,Control,248,No,No,No
ACC-2749,Kalimantan,Key,Kalimantan-Key,Control,249,No,No,No
ACC-2750,Kalimantan,Key,Kalimantan-Key,Control,250,No,No,No
ACC-2751,Kalimantan,Key,Kalimantan-Key,Treatment,1,Yes,Yes,No
ACC-2752,Kalimantan,Key,Kalimantan-Key,Treatment,2,Yes,Yes,No
ACC-2753,Kalimantan,Key,Kalimantan-Key,Treatment,3,Yes,Yes,No
ACC-2754,Kalimantan,Key,Kalimantan-Key,Treatment,4,Yes,Yes,No
ACC-2755,Kalimantan,Key,Kalimantan-Key,Treatment,5,Yes,Yes,No
ACC-2756,Kalimantan,Key,Kalimantan-Key,Treatment,6,Yes,Yes,No
ACC-2757,Kalimantan,Key,Kalimantan-Key,Treatment,7,Yes,Yes,No
ACC-2758,Kalimantan,Key,Kalimantan-Key,Treatment,8,Yes,Yes,No
ACC-2759,Kalimantan,Key,Kalimantan-Key,Treatment,9,Yes,No,Yes
ACC-2760,Kalimantan,Key,Kalimantan-Key,Treatment,10,Yes,No,Yes
ACC-2761,Kalimantan,Key,Kalimantan-Key,Treatment,11,Yes,No,Yes
ACC-2762,Kalimantan,Key,Kalimantan-Key,Treatment,12,Yes,No,Yes
ACC-2763,Kalimantan,Key,Kalimantan-Key,Treatment,13,Yes,No,Yes
ACC-2764,Kalimantan,Key,Kalimantan-Key,Treatment,14,Yes,No,Yes
ACC-2765,Kalimantan,Key,Kalimantan-Key,Treatment,15,Yes,No,Yes
ACC-2766,Kalimantan,Key,Kalimantan-Key,Treatment,16,Yes,No,No
ACC-2767,Kalimantan,Key,Kalimantan-Key,Treatment,17,Yes,No,No
ACC-2768,Kalimantan,Key,Kalimantan-Key,Treatment,18,Yes,No,No
ACC-2769,Kalimantan,Key,Kalimantan-Key,Treatment,19,Yes,No,No
ACC-2770,Kalimantan,Key,Kalimantan-Key,Treatment,20,Yes,No,No
ACC-2771,Kalimantan,Key,Kalimantan-Key,Treatment,21,Yes,No,No
ACC-2772,Kalimantan,Key,Kalimantan-Key,Treatment,22,Yes,No,No
ACC-2773,Kalimantan,Key,Kalimantan-Key,Treatment,23,Yes,No,No
ACC-2774,Kalimantan,Key,Kalimantan-Key,Treatment,24,Yes,No,No
ACC-2775,Kalimantan,Key,Kalimantan-Key,Treatment,25,Yes,No,No
ACC-2776,Kalimantan,Key,Kalimantan-Key,Treatment,26,Yes,No,No
ACC-2777,Kalimantan,Key,Kalimantan-Key,Treatment,27,Yes,No,No
ACC-2778,Kalimantan,Key,Kalimantan-Key,Treatment,28,Yes,No,No
ACC-2779,Kalimantan,Key,Kalimantan-Key,Treatment,29,Yes,No,No
ACC-2780,Kalimantan,Key,Kalimantan-Key,Treatment,30,Yes,No,No
ACC-2781,Kalimantan,Key,Kalimantan-Key,Treatment,31,Yes,No,No
ACC-2782,Kalimantan,Key,Kalimantan-Key,Treatment,32,Yes,No,No
ACC-2783,Kalimantan,Key,Kalimantan-Key,Treatment,33,Yes,No,No
ACC-2784,Kalimantan,Key,Kalimantan-Key,Treatment,34,Yes,No,No
ACC-2785,Kalimantan,Key,Kalimantan-Key,Treatment,35,Yes,No,No
ACC-2786,Kalimantan,Key,Kalimantan-Key,Treatment,36,Yes,No,No
ACC-2787,Kalimantan,Key,Kalimantan-Key,Treatment,37,Yes,No,No
ACC-2788,Kalimantan,Key,Kalimantan-Key,Treatment,38,Yes,No,No
ACC-2789,Kalimantan,Key,Kalimantan-Key,Treatment,39,Yes,No,No
ACC-2790,Kalimantan,Key,Kalimantan-Key,Treatment,40,Yes,No,No
ACC-2791,Kalimantan,Key,Kalimantan-Key,Treatment,41,Yes,No,No
ACC-2792,Kalimantan,Key,Kalimantan-Key,Treatment,42,Yes,No,No
ACC-2793,Kalimantan,Key,Kalimantan-Key,Treatment,43,Yes,No,No
ACC-2794,Kalimantan,Key,Kalimantan-Key,Treatment,44,Yes,No,No
ACC-2795,Kalimantan,Key,Kalimantan-Key,Treatment,45,Yes,No,No
ACC-2796,Kalimantan,Key,Kalimantan-Key,Treatment,46,Yes,No,No
ACC-2797,Kalimantan,Key,Kalimantan-Key,Treatment,47,Yes,No,No
ACC-2798,Kalimantan,Key,Kalimantan-Key,Treatment,48,Yes,No,No
ACC-2799,Kalimantan,Key,Kalimantan-Key,Treatment,49,Yes,No,No
ACC-2800,Kalimantan,Key,Kalimantan-Key,Treatment,50,Yes,No,No
ACC-2801,Kalimantan,Key,Kalimantan-Key,Treatment,51,Yes,No,No
ACC-2802,Kalimantan,Key,Kalimantan-Key,Treatment,52,Yes,No,No
ACC-2803,Kalimantan,Key,Kalimantan-Key,Treatment,53,Yes,No,No
ACC-2804,Kalimantan,Key,Kalimantan-Key,Treatment,54,Yes,No,No
ACC-2805,Kalimantan,Key,Kalimantan-Key,Treatment,55,Yes,No,No
ACC-2806,Kalimantan,Key,Kalimantan-Key,Treatment,56,Yes,No,No
ACC-2807,Kalimantan,Key,Kalimantan-Key,Treatment,57,Yes,No,No
ACC-2808,Kalimantan,Key,Kalimantan-Key,Treatment,58,Yes,No,No
ACC-2809,Kalimantan,Key,Kalimantan-Key,Treatment,59,Yes,No,No
ACC-2810,Kalimantan,Key,Kalimantan-Key,Treatment,60,Yes,No,No
ACC-2811,Kalimantan,Key,Kalimantan-Key,Treatment,61,Yes,No,No
ACC-2812,Kalimantan,Key,Kalimantan-Key,Treatment,62,Yes,No,No
ACC-2813,Kalimantan,Key,Kalimantan-Key,Treatment,63,Yes,No,No
ACC-2814,Kalimantan,Key,Kalimantan-Key,Treatment,64,Yes,No,No
ACC-2815,Kalimantan,Key,Kalimantan-Key,Treatment,65,Yes,No,No
ACC-2816,Kalimantan,Key,Kalimantan-Key,Treatment,66,Yes,No,No
ACC-2817,Kalimantan,Key,Kalimantan-Key,Treatment,67,Yes,No,No
ACC-2818,Kalimantan,Key,Kalimantan-Key,Treatment,68,Yes,No,No
ACC-2819,Kalimantan,Key,Kalimantan-Key,Treatment,69,Yes,No,No
ACC-2820,Kalimantan,Key,Kalimantan-Key,Treatment,70,Yes,No,No
ACC-2821,Kalimantan,Key,Kalimantan-Key,Treatment,71,Yes,No,No
ACC-2822,Kalimantan,Key,Kalimantan-Key,Treatment,72,Yes,No,No
ACC-2823,Kalimantan,Key,Kalimantan-Key,Treatment,73,Yes,No,No
ACC-2824,Kalimantan,Key,Kalimantan-Key,Treatment,74,Yes,No,No
ACC-2825,Kalimantan,Key,Kalimantan-Key,Treatment,75,Yes,No,No
ACC-2826,Kalimantan,Key,Kalimantan-Key,Treatment,76,Yes,No,No
ACC-2827,Kalimantan,Key,Kalimantan-Key,Treatment,77,Yes,No,No
ACC-2828,Kalimantan,Key,Kalimantan-Key,Treatment,78,Yes,No,No
ACC-2829,Kalimantan,Key,Kalimantan-Key,Treatment,79,Yes,No,No
ACC-2830,Kalimantan,Key,Kalimantan-Key,Treatment,80,Yes,No,No
ACC-2831,Kalimantan,Key,Kalimantan-Key,Treatment,81,Yes,No,No
ACC-2832,Kalimantan,Key,Kalimantan-Key,Treatment,82,Yes,No,No
ACC-2833,Kalimantan,Key,Kalimantan-Key,Treatment,83,Yes,No,No
ACC-2834,Kalimantan,Key,Kalimantan-Key,Treatment,84,Yes,No,No
ACC-2835,Kalimantan,Key,Kalimantan-Key,Treatment,85,Yes,No,No
ACC-2836,Kalimantan,Key,Kalimantan-Key,Treatment,86,No,No,No
ACC-2837,Kalimantan,Key,Kalimantan-Key,Treatment,87,No,No,No
ACC-2838,Kalimantan,Key,Kalimantan-Key,Treatment,88,No,No,No
ACC-2839,Kalimantan,Key,Kalimantan-Key,Treatment,89,No,No,No
ACC-2840,Kalimantan,Key,Kalimantan-Key,Treatment,90,No,No,No
ACC-2841,Kalimantan,Key,Kalimantan-Key,Treatment,91,No,No,No
ACC-2842,Kalimantan,Key,Kalimantan-Key,Treatment,92,No,No,No
ACC-2843,Kalimantan,Key,Kalimantan-Key,Treatment,93,No,No,No
ACC-2844,Kalimantan,Key,Kalimantan-Key,Treatment,94,No,No,No
ACC-2845,Kalimantan,Key,Kalimantan-Key,Treatment,95,No,No,No
ACC-2846,Kalimantan,Key,Kalimantan-Key,Treatment,96,No,No,No
ACC-2847,Kalimantan,Key,Kalimantan-Key,Treatment,97,No,No,No
ACC-2848,Kalimantan,Key,Kalimantan-Key,Treatment,98,No,No,No
ACC-2849,Kalimantan,Key,Kalimantan-Key,Treatment,99,No,No,No
ACC-2850,Kalimantan,Key,Kalimantan-Key,Treatment,100,No,No,No
ACC-2851,Kalimantan,Key,Kalimantan-Key,Treatment,101,No,No,No
ACC-2852,Kalimantan,Key,Kalimantan-Key,Treatment,102,No,No,No
ACC-2853,Kalimantan,Key,Kalimantan-Key,Treatment,103,No,No,No
ACC-2854,Kalimantan,Key,Kalimantan-Key,Treatment,104,No,No,No
ACC-2855,Kalimantan,Key,Kalimantan-Key,Treatment,105,No,No,No
ACC-2856,Kalimantan,Key,Kalimantan-Key,Treatment,106,No,No,No
ACC-2857,Kalimantan,Key,Kalimantan-Key,Treatment,107,No,No,No
ACC-2858,Kalimantan,Key,Kalimantan-Key,Treatment,108,No,No,No
ACC-2859,Kalimantan,Key,Kalimantan-Key,Treatment,109,No,No,No
ACC-2860,Kalimantan,Key,Kalimantan-Key,Treatment,110,No,No,No
ACC-2861,Kalimantan,Key,Kalimantan-Key,Treatment,111,No,No,No
ACC-2862,Kalimantan,Key,Kalimantan-Key,Treatment,112,No,No,No
ACC-2863,Kalimantan,Key,Kalimantan-Key,Treatment,113,No,No,No
ACC-2864,Kalimantan,Key,Kalimantan-Key,Treatment,114,No,No,No
ACC-2865,Kalimantan,Key,Kalimantan-Key,Treatment,115,No,No,No
ACC-2866,Kalimantan,Key,Kalimantan-Key,Treatment,116,No,No,No
ACC-2867,Kalimantan,Key,Kalimantan-Key,Treatment,117,No,No,No
ACC-2868,Kalimantan,Key,Kalimantan-Key,Treatment,118,No,No,No
ACC-2869,Kalimantan,Key,Kalimantan-Key,Treatment,119,No,No,No
ACC-2870,Kalimantan,Key,Kalimantan-Key,Treatment,120,No,No,No
ACC-2871,Kalimantan,Key,Kalimantan-Key,Treatment,121,No,No,No
ACC-2872,Kalimantan,Key,Kalimantan-Key,Treatment,122,No,No,No
ACC-2873,Kalimantan,Key,Kalimantan-Key,Treatment,123,No,No,No
ACC-2874,Kalimantan,Key,Kalimantan-Key,Treatment,124,No,No,No
ACC-2875,Kalimantan,Key,Kalimantan-Key,Treatment,125,No,No,No
ACC-2876,Kalimantan,Key,Kalimantan-Key,Treatment,126,No,No,No
ACC-2877,Kalimantan,Key,Kalimantan-Key,Treatment,127,No,No,No
ACC-2878,Kalimantan,Key,Kalimantan-Key,Treatment,128,No,No,No
ACC-2879,Kalimantan,Key,Kalimantan-Key,Treatment,129,No,No,No
ACC-2880,Kalimantan,Key,Kalimantan-Key,Treatment,130,No,No,No
ACC-2881,Kalimantan,Key,Kalimantan-Key,Treatment,131,No,No,No
ACC-2882,Kalimantan,Key,Kalimantan-Key,Treatment,132,No,No,No
ACC-2883,Kalimantan,Key,Kalimantan-Key,Treatment,133,No,No,No
ACC-2884,Kalimantan,Key,Kalimantan-Key,Treatment,134,No,No,No
ACC-2885,Kalimantan,Key,Kalimantan-Key,Treatment,135,No,No,No
ACC-2886,Kalimantan,Key,Kalimantan-Key,Treatment,136,No,No,No
ACC-2887,Kalimantan,Key,Kalimantan-Key,Treatment,137,No,No,No
ACC-2888,Kalimantan,Key,Kalimantan-Key,Treatment,138,No,No,No
ACC-2889,Kalimantan,Key,Kalimantan-Key,Treatment,139,No,No,No
ACC-2890,Kalimantan,Key,Kalimantan-Key,Treatment,140,No,No,No
ACC-2891,Kalimantan,Key,Kalimantan-Key,Treatment,141,No,No,No
ACC-2892,Kalimantan,Key,Kalimantan-Key,Treatment,142,No,No,No
ACC-2893,Kalimantan,Key,Kalimantan-Key,Treatment,143,No,No,No
ACC-2894,Kalimantan,Key,Kalimantan-Key,Treatment,144,No,No,No
ACC-2895,Kalimantan,Key,Kalimantan-Key,Treatment,145,No,No,No
ACC-2896,Kalimantan,Key,Kalimantan-Key,Treatment,146,No,No,No
ACC-2897,Kalimantan,Key,Kalimantan-Key,Treatment,147,No,No,No
ACC-2898,Kalimantan,Key,Kalimantan-Key,Treatment,148,No,No,No
ACC-2899,Kalimantan,Key,Kalimantan-Key,Treatment,149,No,No,No
ACC-2900,Kalimantan,Key,Kalimantan-Key,Treatment,150,No,No,No
ACC-2901,Kalimantan,Key,Kalimantan-Key,Treatment,151,No,No,No
ACC-2902,Kalimantan,Key,Kalimantan-Key,Treatment,152,No,No,No
ACC-2903,Kalimantan,Key,Kalimantan-Key,Treatment,153,No,No,No
ACC-2904,Kalimantan,Key,Kalimantan-Key,Treatment,154,No,No,No
ACC-2905,Kalimantan,Key,Kalimantan-Key,Treatment,155,No,No,No
ACC-2906,Kalimantan,Key,Kalimantan-Key,Treatment,156,No,No,No
ACC-2907,Kalimantan,Key,Kalimantan-Key,Treatment,157,No,No,No
ACC-2908,Kalimantan,Key,Kalimantan-Key,Treatment,158,No,No,No
ACC-2909,Kalimantan,Key,Kalimantan-Key,Treatment,159,No,No,No
ACC-2910,Kalimantan,Key,Kalimantan-Key,Treatment,160,No,No,No
ACC-2911,Kalimantan,Key,Kalimantan-Key,Treatment,161,No,No,No
ACC-2912,Kalimantan,Key,Kalimantan-Key,Treatment,162,No,No,No
ACC-2913,Kalimantan,Key,Kalimantan-Key,Treatment,163,No,No,No
ACC-2914,Kalimantan,Key,Kalimantan-Key,Treatment,164,No,No,No
ACC-2915,Kalimantan,Key,Kalimantan-Key,Treatment,165,No,No,No
ACC-2916,Kalimantan,Key,Kalimantan-Key,Treatment,166,No,No,No
ACC-2917,Kalimantan,Key,Kalimantan-Key,Treatment,167,No,No,No
ACC-2918,Kalimantan,Key,Kalimantan-Key,Treatment,168,No,No,No
ACC-2919,Kalimantan,Key,Kalimantan-Key,Treatment,169,No,No,No
ACC-2920,Kalimantan,Key,Kalimantan-Key,Treatment,170,No,No,No
ACC-2921,Kalimantan,Key,Kalimantan-Key,Treatment,171,No,No,No
ACC-2922,Kalimantan,Key,Kalimantan-Key,Treatment,172,No,No,No
ACC-2923,Kalimantan,Key,Kalimantan-Key,Treatment,173,No,No,No
ACC-2924,Kalimantan,Key,Kalimantan-Key,Treatment,174,No,No,No
ACC-2925,Kalimantan,Key,Kalimantan-Key,Treatment,175,No,No,No
ACC-2926,Kalimantan,Key,Kalimantan-Key,Treatment,176,No,No,No
ACC-2927,Kalimantan,Key,Kalimantan-Key,Treatment,177,No,No,No
ACC-2928,Kalimantan,Key,Kalimantan-Key,Treatment,178,No,No,No
ACC-2929,Kalimantan,Key,Kalimantan-Key,Treatment,179,No,No,No
ACC-2930,Kalimantan,Key,Kalimantan-Key,Treatment,180,No,No,No
ACC-2931,Kalimantan,Key,Kalimantan-Key,Treatment,181,No,No,No
ACC-2932,Kalimantan,Key,Kalimantan-Key,Treatment,182,No,No,No
ACC-2933,Kalimantan,Key,Kalimantan-Key,Treatment,183,No,No,No
ACC-2934,Kalimantan,Key,Kalimantan-Key,Treatment,184,No,No,No
ACC-2935,Kalimantan,Key,Kalimantan-Key,Treatment,185,No,No,No
ACC-2936,Kalimantan,Key,Kalimantan-Key,Treatment,186,No,No,No
ACC-2937,Kalimantan,Key,Kalimantan-Key,Treatment,187,No,No,No
ACC-2938,Kalimantan,Key,Kalimantan-Key,Treatment,188,No,No,No
ACC-2939,Kalimantan,Key,Kalimantan-Key,Treatment,189,No,No,No
ACC-2940,Kalimantan,Key,Kalimantan-Key,Treatment,190,No,No,No
ACC-2941,Kalimantan,Key,Kalimantan-Key,Treatment,191,No,No,No
ACC-2942,Kalimantan,Key,Kalimantan-Key,Treatment,192,No,No,No
ACC-2943,Kalimantan,Key,Kalimantan-Key,Treatment,193,No,No,No
ACC-2944,Kalimantan,Key,Kalimantan-Key,Treatment,194,No,No,No
ACC-2945,Kalimantan,Key,Kalimantan-Key,Treatment,195,No,No,No
ACC-2946,Kalimantan,Key,Kalimantan-Key,Treatment,196,No,No,No
ACC-2947,Kalimantan,Key,Kalimantan-Key,Treatment,197,No,No,No
ACC-2948,Kalimantan,Key,Kalimantan-Key,Treatment,198,No,No,No
ACC-2949,Kalimantan,Key,Kalimantan-Key,Treatment,199,No,No,No
ACC-2950,Kalimantan,Key,Kalimantan-Key,Treatment,200,No,No,No
ACC-2951,Kalimantan,Key,Kalimantan-Key,Treatment,201,No,No,No
ACC-2952,Kalimantan,Key,Kalimantan-Key,Treatment,202,No,No,No
ACC-2953,Kalimantan,Key,Kalimantan-Key,Treatment,203,No,No,No
ACC-2954,Kalimantan,Key,Kalimantan-Key,Treatment,204,No,No,No
ACC-2955,Kalimantan,Key,Kalimantan-Key,Treatment,205,No,No,No
ACC-2956,Kalimantan,Key,Kalimantan-Key,Treatment,206,No,No,No
ACC-2957,Kalimantan,Key,Kalimantan-Key,Treatment,207,No,No,No
ACC-2958,Kalimantan,Key,Kalimantan-Key,Treatment,208,No,No,No
ACC-2959,Kalimantan,Key,Kalimantan-Key,Treatment,209,No,No,No
ACC-2960,Kalimantan,Key,Kalimantan-Key,Treatment,210,No,No,No
ACC-2961,Kalimantan,Key,Kalimantan-Key,Treatment,211,No,No,No
ACC-2962,Kalimantan,Key,Kalimantan-Key,Treatment,212,No,No,No
ACC-2963,Kalimantan,Key,Kalimantan-Key,Treatment,213,No,No,No
ACC-2964,Kalimantan,Key,Kalimantan-Key,Treatment,214,No,No,No
ACC-2965,Kalimantan,Key,Kalimantan-Key,Treatment,215,No,No,No
ACC-2966,Kalimantan,Key,Kalimantan-Key,Treatment,216,No,No,No
ACC-2967,Kalimantan,Key,Kalimantan-Key,Treatment,217,No,No,No
ACC-2968,Kalimantan,Key,Kalimantan-Key,Treatment,218,No,No,No
ACC-2969,Kalimantan,Key,Kalimantan-Key,Treatment,219,No,No,No
ACC-2970,Kalimantan,Key,Kalimantan-Key,Treatment,220,No,No,No
ACC-2971,Kalimantan,Key,Kalimantan-Key,Treatment,221,No,No,No
ACC-2972,Kalimantan,Key,Kalimantan-Key,Treatment,222,No,No,No
ACC-2973,Kalimantan,Key,Kalimantan-Key,Treatment,223,No,No,No
ACC-2974,Kalimantan,Key,Kalimantan-Key,Treatment,224,No,No,No
ACC-2975,Kalimantan,Key,Kalimantan-Key,Treatment,225,No,No,No
ACC-2976,Kalimantan,Key,Kalimantan-Key,Treatment,226,No,No,No
ACC-2977,Kalimantan,Key,Kalimantan-Key,Treatment,227,No,No,No
ACC-2978,Kalimantan,Key,Kalimantan-Key,Treatment,228,No,No,No
ACC-2979,Kalimantan,Key,Kalimantan-Key,Treatment,229,No,No,No
ACC-2980,Kalimantan,Key,Kalimantan-Key,Treatment,230,No,No,No
ACC-2981,Kalimantan,Key,Kalimantan-Key,Treatment,231,No,No,No
ACC-2982,Kalimantan,Key,Kalimantan-Key,Treatment,232,No,No,No
ACC-2983,Kalimantan,Key,Kalimantan-Key,Treatment,233,No,No,No
ACC-2984,Kalimantan,Key,Kalimantan-Key,Treatment,234,No,No,No
ACC-2985,Kalimantan,Key,Kalimantan-Key,Treatment,235,No,No,No
ACC-2986,Kalimantan,Key,Kalimantan-Key,Treatment,236,No,No,No
ACC-2987,Kalimantan,Key,Kalimantan-Key,Treatment,237,No,No,No
ACC-2988,Kalimantan,Key,Kalimantan-Key,Treatment,238,No,No,No
ACC-2989,Kalimantan,Key,Kalimantan-Key,Treatment,239,No,No,No
ACC-2990,Kalimantan,Key,Kalimantan-Key,Treatment,240,No,No,No
ACC-2991,Kalimantan,Key,Kalimantan-Key,Treatment,241,No,No,No
ACC-2992,Kalimantan,Key,Kalimantan-Key,Treatment,242,No,No,No
ACC-2993,Kalimantan,Key,Kalimantan-Key,Treatment,243,No,No,No
ACC-2994,Kalimantan,Key,Kalimantan-Key,Treatment,244,No,No,No
ACC-2995,Kalimantan,Key,Kalimantan-Key,Treatment,245,No,No,No
ACC-2996,Kalimantan,Key,Kalimantan-Key,Treatment,246,No,No,No
ACC-2997,Kalimantan,Key,Kalimantan-Key,Treatment,247,No,No,No
ACC-2998,Kalimantan,Key,Kalimantan-Key,Treatment,248,No,No,No
ACC-2999,Kalimantan,Key,Kalimantan-Key,Treatment,249,No,No,No
ACC-3000,Kalimantan,Key,Kalimantan-Key,Treatment,250,No,No,No
ACC-3001,Sulawesi,Standard,Sulawesi-Standard,Control,1,Yes,Yes,No
ACC-3002,Sulawesi,Standard,Sulawesi-Standard,Control,2,Yes,Yes,No
ACC-3003,Sulawesi,Standard,Sulawesi-Standard,Control,3,Yes,Yes,No
ACC-3004,Sulawesi,Standard,Sulawesi-Standard,Control,4,Yes,Yes,No
ACC-3005,Sulawesi,Standard,Sulawesi-Standard,Control,5,Yes,Yes,No
ACC-3006,Sulawesi,Standard,Sulawesi-Standard,Control,6,Yes,No,Yes
ACC-3007,Sulawesi,Standard,Sulawesi-Standard,Control,7,Yes,No,Yes
ACC-3008,Sulawesi,Standard,Sulawesi-Standard,Control,8,Yes,No,Yes
ACC-3009,Sulawesi,Standard,Sulawesi-Standard,Control,9,Yes,No,Yes
ACC-3010,Sulawesi,Standard,Sulawesi-Standard,Control,10,Yes,No,Yes
ACC-3011,Sulawesi,Standard,Sulawesi-Standard,Control,11,Yes,No,Yes
ACC-3012,Sulawesi,Standard,Sulawesi-Standard,Control,12,Yes,No,No
ACC-3013,Sulawesi,Standard,Sulawesi-Standard,Control,13,Yes,No,No
ACC-3014,Sulawesi,Standard,Sulawesi-Standard,Control,14,Yes,No,No
ACC-3015,Sulawesi,Standard,Sulawesi-Standard,Control,15,Yes,No,No
ACC-3016,Sulawesi,Standard,Sulawesi-Standard,Control,16,Yes,No,No
ACC-3017,Sulawesi,Standard,Sulawesi-Standard,Control,17,Yes,No,No
ACC-3018,Sulawesi,Standard,Sulawesi-Standard,Control,18,Yes,No,No
ACC-3019,Sulawesi,Standard,Sulawesi-Standard,Control,19,Yes,No,No
ACC-3020,Sulawesi,Standard,Sulawesi-Standard,Control,20,Yes,No,No
ACC-3021,Sulawesi,Standard,Sulawesi-Standard,Control,21,Yes,No,No
ACC-3022,Sulawesi,Standard,Sulawesi-Standard,Control,22,Yes,No,No
ACC-3023,Sulawesi,Standard,Sulawesi-Standard,Control,23,Yes,No,No
ACC-3024,Sulawesi,Standard,Sulawesi-Standard,Control,24,Yes,No,No
ACC-3025,Sulawesi,Standard,Sulawesi-Standard,Control,25,Yes,No,No
ACC-3026,Sulawesi,Standard,Sulawesi-Standard,Control,26,Yes,No,No
ACC-3027,Sulawesi,Standard,Sulawesi-Standard,Control,27,Yes,No,No
ACC-3028,Sulawesi,Standard,Sulawesi-Standard,Control,28,Yes,No,No
ACC-3029,Sulawesi,Standard,Sulawesi-Standard,Control,29,Yes,No,No
ACC-3030,Sulawesi,Standard,Sulawesi-Standard,Control,30,Yes,No,No
ACC-3031,Sulawesi,Standard,Sulawesi-Standard,Control,31,Yes,No,No
ACC-3032,Sulawesi,Standard,Sulawesi-Standard,Control,32,Yes,No,No
ACC-3033,Sulawesi,Standard,Sulawesi-Standard,Control,33,Yes,No,No
ACC-3034,Sulawesi,Standard,Sulawesi-Standard,Control,34,Yes,No,No
ACC-3035,Sulawesi,Standard,Sulawesi-Standard,Control,35,Yes,No,No
ACC-3036,Sulawesi,Standard,Sulawesi-Standard,Control,36,Yes,No,No
ACC-3037,Sulawesi,Standard,Sulawesi-Standard,Control,37,Yes,No,No
ACC-3038,Sulawesi,Standard,Sulawesi-Standard,Control,38,Yes,No,No
ACC-3039,Sulawesi,Standard,Sulawesi-Standard,Control,39,Yes,No,No
ACC-3040,Sulawesi,Standard,Sulawesi-Standard,Control,40,Yes,No,No
ACC-3041,Sulawesi,Standard,Sulawesi-Standard,Control,41,Yes,No,No
ACC-3042,Sulawesi,Standard,Sulawesi-Standard,Control,42,Yes,No,No
ACC-3043,Sulawesi,Standard,Sulawesi-Standard,Control,43,Yes,No,No
ACC-3044,Sulawesi,Standard,Sulawesi-Standard,Control,44,Yes,No,No
ACC-3045,Sulawesi,Standard,Sulawesi-Standard,Control,45,Yes,No,No
ACC-3046,Sulawesi,Standard,Sulawesi-Standard,Control,46,Yes,No,No
ACC-3047,Sulawesi,Standard,Sulawesi-Standard,Control,47,Yes,No,No
ACC-3048,Sulawesi,Standard,Sulawesi-Standard,Control,48,Yes,No,No
ACC-3049,Sulawesi,Standard,Sulawesi-Standard,Control,49,Yes,No,No
ACC-3050,Sulawesi,Standard,Sulawesi-Standard,Control,50,Yes,No,No
ACC-3051,Sulawesi,Standard,Sulawesi-Standard,Control,51,Yes,No,No
ACC-3052,Sulawesi,Standard,Sulawesi-Standard,Control,52,Yes,No,No
ACC-3053,Sulawesi,Standard,Sulawesi-Standard,Control,53,Yes,No,No
ACC-3054,Sulawesi,Standard,Sulawesi-Standard,Control,54,Yes,No,No
ACC-3055,Sulawesi,Standard,Sulawesi-Standard,Control,55,Yes,No,No
ACC-3056,Sulawesi,Standard,Sulawesi-Standard,Control,56,Yes,No,No
ACC-3057,Sulawesi,Standard,Sulawesi-Standard,Control,57,Yes,No,No
ACC-3058,Sulawesi,Standard,Sulawesi-Standard,Control,58,Yes,No,No
ACC-3059,Sulawesi,Standard,Sulawesi-Standard,Control,59,Yes,No,No
ACC-3060,Sulawesi,Standard,Sulawesi-Standard,Control,60,Yes,No,No
ACC-3061,Sulawesi,Standard,Sulawesi-Standard,Control,61,Yes,No,No
ACC-3062,Sulawesi,Standard,Sulawesi-Standard,Control,62,Yes,No,No
ACC-3063,Sulawesi,Standard,Sulawesi-Standard,Control,63,Yes,No,No
ACC-3064,Sulawesi,Standard,Sulawesi-Standard,Control,64,Yes,No,No
ACC-3065,Sulawesi,Standard,Sulawesi-Standard,Control,65,Yes,No,No
ACC-3066,Sulawesi,Standard,Sulawesi-Standard,Control,66,Yes,No,No
ACC-3067,Sulawesi,Standard,Sulawesi-Standard,Control,67,Yes,No,No
ACC-3068,Sulawesi,Standard,Sulawesi-Standard,Control,68,Yes,No,No
ACC-3069,Sulawesi,Standard,Sulawesi-Standard,Control,69,Yes,No,No
ACC-3070,Sulawesi,Standard,Sulawesi-Standard,Control,70,Yes,No,No
ACC-3071,Sulawesi,Standard,Sulawesi-Standard,Control,71,Yes,No,No
ACC-3072,Sulawesi,Standard,Sulawesi-Standard,Control,72,Yes,No,No
ACC-3073,Sulawesi,Standard,Sulawesi-Standard,Control,73,Yes,No,No
ACC-3074,Sulawesi,Standard,Sulawesi-Standard,Control,74,Yes,No,No
ACC-3075,Sulawesi,Standard,Sulawesi-Standard,Control,75,Yes,No,No
ACC-3076,Sulawesi,Standard,Sulawesi-Standard,Control,76,Yes,No,No
ACC-3077,Sulawesi,Standard,Sulawesi-Standard,Control,77,Yes,No,No
ACC-3078,Sulawesi,Standard,Sulawesi-Standard,Control,78,No,No,No
ACC-3079,Sulawesi,Standard,Sulawesi-Standard,Control,79,No,No,No
ACC-3080,Sulawesi,Standard,Sulawesi-Standard,Control,80,No,No,No
ACC-3081,Sulawesi,Standard,Sulawesi-Standard,Control,81,No,No,No
ACC-3082,Sulawesi,Standard,Sulawesi-Standard,Control,82,No,No,No
ACC-3083,Sulawesi,Standard,Sulawesi-Standard,Control,83,No,No,No
ACC-3084,Sulawesi,Standard,Sulawesi-Standard,Control,84,No,No,No
ACC-3085,Sulawesi,Standard,Sulawesi-Standard,Control,85,No,No,No
ACC-3086,Sulawesi,Standard,Sulawesi-Standard,Control,86,No,No,No
ACC-3087,Sulawesi,Standard,Sulawesi-Standard,Control,87,No,No,No
ACC-3088,Sulawesi,Standard,Sulawesi-Standard,Control,88,No,No,No
ACC-3089,Sulawesi,Standard,Sulawesi-Standard,Control,89,No,No,No
ACC-3090,Sulawesi,Standard,Sulawesi-Standard,Control,90,No,No,No
ACC-3091,Sulawesi,Standard,Sulawesi-Standard,Control,91,No,No,No
ACC-3092,Sulawesi,Standard,Sulawesi-Standard,Control,92,No,No,No
ACC-3093,Sulawesi,Standard,Sulawesi-Standard,Control,93,No,No,No
ACC-3094,Sulawesi,Standard,Sulawesi-Standard,Control,94,No,No,No
ACC-3095,Sulawesi,Standard,Sulawesi-Standard,Control,95,No,No,No
ACC-3096,Sulawesi,Standard,Sulawesi-Standard,Control,96,No,No,No
ACC-3097,Sulawesi,Standard,Sulawesi-Standard,Control,97,No,No,No
ACC-3098,Sulawesi,Standard,Sulawesi-Standard,Control,98,No,No,No
ACC-3099,Sulawesi,Standard,Sulawesi-Standard,Control,99,No,No,No
ACC-3100,Sulawesi,Standard,Sulawesi-Standard,Control,100,No,No,No
ACC-3101,Sulawesi,Standard,Sulawesi-Standard,Control,101,No,No,No
ACC-3102,Sulawesi,Standard,Sulawesi-Standard,Control,102,No,No,No
ACC-3103,Sulawesi,Standard,Sulawesi-Standard,Control,103,No,No,No
ACC-3104,Sulawesi,Standard,Sulawesi-Standard,Control,104,No,No,No
ACC-3105,Sulawesi,Standard,Sulawesi-Standard,Control,105,No,No,No
ACC-3106,Sulawesi,Standard,Sulawesi-Standard,Control,106,No,No,No
ACC-3107,Sulawesi,Standard,Sulawesi-Standard,Control,107,No,No,No
ACC-3108,Sulawesi,Standard,Sulawesi-Standard,Control,108,No,No,No
ACC-3109,Sulawesi,Standard,Sulawesi-Standard,Control,109,No,No,No
ACC-3110,Sulawesi,Standard,Sulawesi-Standard,Control,110,No,No,No
ACC-3111,Sulawesi,Standard,Sulawesi-Standard,Control,111,No,No,No
ACC-3112,Sulawesi,Standard,Sulawesi-Standard,Control,112,No,No,No
ACC-3113,Sulawesi,Standard,Sulawesi-Standard,Control,113,No,No,No
ACC-3114,Sulawesi,Standard,Sulawesi-Standard,Control,114,No,No,No
ACC-3115,Sulawesi,Standard,Sulawesi-Standard,Control,115,No,No,No
ACC-3116,Sulawesi,Standard,Sulawesi-Standard,Control,116,No,No,No
ACC-3117,Sulawesi,Standard,Sulawesi-Standard,Control,117,No,No,No
ACC-3118,Sulawesi,Standard,Sulawesi-Standard,Control,118,No,No,No
ACC-3119,Sulawesi,Standard,Sulawesi-Standard,Control,119,No,No,No
ACC-3120,Sulawesi,Standard,Sulawesi-Standard,Control,120,No,No,No
ACC-3121,Sulawesi,Standard,Sulawesi-Standard,Control,121,No,No,No
ACC-3122,Sulawesi,Standard,Sulawesi-Standard,Control,122,No,No,No
ACC-3123,Sulawesi,Standard,Sulawesi-Standard,Control,123,No,No,No
ACC-3124,Sulawesi,Standard,Sulawesi-Standard,Control,124,No,No,No
ACC-3125,Sulawesi,Standard,Sulawesi-Standard,Control,125,No,No,No
ACC-3126,Sulawesi,Standard,Sulawesi-Standard,Control,126,No,No,No
ACC-3127,Sulawesi,Standard,Sulawesi-Standard,Control,127,No,No,No
ACC-3128,Sulawesi,Standard,Sulawesi-Standard,Control,128,No,No,No
ACC-3129,Sulawesi,Standard,Sulawesi-Standard,Control,129,No,No,No
ACC-3130,Sulawesi,Standard,Sulawesi-Standard,Control,130,No,No,No
ACC-3131,Sulawesi,Standard,Sulawesi-Standard,Control,131,No,No,No
ACC-3132,Sulawesi,Standard,Sulawesi-Standard,Control,132,No,No,No
ACC-3133,Sulawesi,Standard,Sulawesi-Standard,Control,133,No,No,No
ACC-3134,Sulawesi,Standard,Sulawesi-Standard,Control,134,No,No,No
ACC-3135,Sulawesi,Standard,Sulawesi-Standard,Control,135,No,No,No
ACC-3136,Sulawesi,Standard,Sulawesi-Standard,Control,136,No,No,No
ACC-3137,Sulawesi,Standard,Sulawesi-Standard,Control,137,No,No,No
ACC-3138,Sulawesi,Standard,Sulawesi-Standard,Control,138,No,No,No
ACC-3139,Sulawesi,Standard,Sulawesi-Standard,Control,139,No,No,No
ACC-3140,Sulawesi,Standard,Sulawesi-Standard,Control,140,No,No,No
ACC-3141,Sulawesi,Standard,Sulawesi-Standard,Control,141,No,No,No
ACC-3142,Sulawesi,Standard,Sulawesi-Standard,Control,142,No,No,No
ACC-3143,Sulawesi,Standard,Sulawesi-Standard,Control,143,No,No,No
ACC-3144,Sulawesi,Standard,Sulawesi-Standard,Control,144,No,No,No
ACC-3145,Sulawesi,Standard,Sulawesi-Standard,Control,145,No,No,No
ACC-3146,Sulawesi,Standard,Sulawesi-Standard,Control,146,No,No,No
ACC-3147,Sulawesi,Standard,Sulawesi-Standard,Control,147,No,No,No
ACC-3148,Sulawesi,Standard,Sulawesi-Standard,Control,148,No,No,No
ACC-3149,Sulawesi,Standard,Sulawesi-Standard,Control,149,No,No,No
ACC-3150,Sulawesi,Standard,Sulawesi-Standard,Control,150,No,No,No
ACC-3151,Sulawesi,Standard,Sulawesi-Standard,Control,151,No,No,No
ACC-3152,Sulawesi,Standard,Sulawesi-Standard,Control,152,No,No,No
ACC-3153,Sulawesi,Standard,Sulawesi-Standard,Control,153,No,No,No
ACC-3154,Sulawesi,Standard,Sulawesi-Standard,Control,154,No,No,No
ACC-3155,Sulawesi,Standard,Sulawesi-Standard,Control,155,No,No,No
ACC-3156,Sulawesi,Standard,Sulawesi-Standard,Control,156,No,No,No
ACC-3157,Sulawesi,Standard,Sulawesi-Standard,Control,157,No,No,No
ACC-3158,Sulawesi,Standard,Sulawesi-Standard,Control,158,No,No,No
ACC-3159,Sulawesi,Standard,Sulawesi-Standard,Control,159,No,No,No
ACC-3160,Sulawesi,Standard,Sulawesi-Standard,Control,160,No,No,No
ACC-3161,Sulawesi,Standard,Sulawesi-Standard,Control,161,No,No,No
ACC-3162,Sulawesi,Standard,Sulawesi-Standard,Control,162,No,No,No
ACC-3163,Sulawesi,Standard,Sulawesi-Standard,Control,163,No,No,No
ACC-3164,Sulawesi,Standard,Sulawesi-Standard,Control,164,No,No,No
ACC-3165,Sulawesi,Standard,Sulawesi-Standard,Control,165,No,No,No
ACC-3166,Sulawesi,Standard,Sulawesi-Standard,Control,166,No,No,No
ACC-3167,Sulawesi,Standard,Sulawesi-Standard,Control,167,No,No,No
ACC-3168,Sulawesi,Standard,Sulawesi-Standard,Control,168,No,No,No
ACC-3169,Sulawesi,Standard,Sulawesi-Standard,Control,169,No,No,No
ACC-3170,Sulawesi,Standard,Sulawesi-Standard,Control,170,No,No,No
ACC-3171,Sulawesi,Standard,Sulawesi-Standard,Control,171,No,No,No
ACC-3172,Sulawesi,Standard,Sulawesi-Standard,Control,172,No,No,No
ACC-3173,Sulawesi,Standard,Sulawesi-Standard,Control,173,No,No,No
ACC-3174,Sulawesi,Standard,Sulawesi-Standard,Control,174,No,No,No
ACC-3175,Sulawesi,Standard,Sulawesi-Standard,Control,175,No,No,No
ACC-3176,Sulawesi,Standard,Sulawesi-Standard,Control,176,No,No,No
ACC-3177,Sulawesi,Standard,Sulawesi-Standard,Control,177,No,No,No
ACC-3178,Sulawesi,Standard,Sulawesi-Standard,Control,178,No,No,No
ACC-3179,Sulawesi,Standard,Sulawesi-Standard,Control,179,No,No,No
ACC-3180,Sulawesi,Standard,Sulawesi-Standard,Control,180,No,No,No
ACC-3181,Sulawesi,Standard,Sulawesi-Standard,Control,181,No,No,No
ACC-3182,Sulawesi,Standard,Sulawesi-Standard,Control,182,No,No,No
ACC-3183,Sulawesi,Standard,Sulawesi-Standard,Control,183,No,No,No
ACC-3184,Sulawesi,Standard,Sulawesi-Standard,Control,184,No,No,No
ACC-3185,Sulawesi,Standard,Sulawesi-Standard,Control,185,No,No,No
ACC-3186,Sulawesi,Standard,Sulawesi-Standard,Control,186,No,No,No
ACC-3187,Sulawesi,Standard,Sulawesi-Standard,Control,187,No,No,No
ACC-3188,Sulawesi,Standard,Sulawesi-Standard,Control,188,No,No,No
ACC-3189,Sulawesi,Standard,Sulawesi-Standard,Control,189,No,No,No
ACC-3190,Sulawesi,Standard,Sulawesi-Standard,Control,190,No,No,No
ACC-3191,Sulawesi,Standard,Sulawesi-Standard,Control,191,No,No,No
ACC-3192,Sulawesi,Standard,Sulawesi-Standard,Control,192,No,No,No
ACC-3193,Sulawesi,Standard,Sulawesi-Standard,Control,193,No,No,No
ACC-3194,Sulawesi,Standard,Sulawesi-Standard,Control,194,No,No,No
ACC-3195,Sulawesi,Standard,Sulawesi-Standard,Control,195,No,No,No
ACC-3196,Sulawesi,Standard,Sulawesi-Standard,Control,196,No,No,No
ACC-3197,Sulawesi,Standard,Sulawesi-Standard,Control,197,No,No,No
ACC-3198,Sulawesi,Standard,Sulawesi-Standard,Control,198,No,No,No
ACC-3199,Sulawesi,Standard,Sulawesi-Standard,Control,199,No,No,No
ACC-3200,Sulawesi,Standard,Sulawesi-Standard,Control,200,No,No,No
ACC-3201,Sulawesi,Standard,Sulawesi-Standard,Control,201,No,No,No
ACC-3202,Sulawesi,Standard,Sulawesi-Standard,Control,202,No,No,No
ACC-3203,Sulawesi,Standard,Sulawesi-Standard,Control,203,No,No,No
ACC-3204,Sulawesi,Standard,Sulawesi-Standard,Control,204,No,No,No
ACC-3205,Sulawesi,Standard,Sulawesi-Standard,Control,205,No,No,No
ACC-3206,Sulawesi,Standard,Sulawesi-Standard,Control,206,No,No,No
ACC-3207,Sulawesi,Standard,Sulawesi-Standard,Control,207,No,No,No
ACC-3208,Sulawesi,Standard,Sulawesi-Standard,Control,208,No,No,No
ACC-3209,Sulawesi,Standard,Sulawesi-Standard,Control,209,No,No,No
ACC-3210,Sulawesi,Standard,Sulawesi-Standard,Control,210,No,No,No
ACC-3211,Sulawesi,Standard,Sulawesi-Standard,Control,211,No,No,No
ACC-3212,Sulawesi,Standard,Sulawesi-Standard,Control,212,No,No,No
ACC-3213,Sulawesi,Standard,Sulawesi-Standard,Control,213,No,No,No
ACC-3214,Sulawesi,Standard,Sulawesi-Standard,Control,214,No,No,No
ACC-3215,Sulawesi,Standard,Sulawesi-Standard,Control,215,No,No,No
ACC-3216,Sulawesi,Standard,Sulawesi-Standard,Control,216,No,No,No
ACC-3217,Sulawesi,Standard,Sulawesi-Standard,Control,217,No,No,No
ACC-3218,Sulawesi,Standard,Sulawesi-Standard,Control,218,No,No,No
ACC-3219,Sulawesi,Standard,Sulawesi-Standard,Control,219,No,No,No
ACC-3220,Sulawesi,Standard,Sulawesi-Standard,Control,220,No,No,No
ACC-3221,Sulawesi,Standard,Sulawesi-Standard,Control,221,No,No,No
ACC-3222,Sulawesi,Standard,Sulawesi-Standard,Control,222,No,No,No
ACC-3223,Sulawesi,Standard,Sulawesi-Standard,Control,223,No,No,No
ACC-3224,Sulawesi,Standard,Sulawesi-Standard,Control,224,No,No,No
ACC-3225,Sulawesi,Standard,Sulawesi-Standard,Control,225,No,No,No
ACC-3226,Sulawesi,Standard,Sulawesi-Standard,Control,226,No,No,No
ACC-3227,Sulawesi,Standard,Sulawesi-Standard,Control,227,No,No,No
ACC-3228,Sulawesi,Standard,Sulawesi-Standard,Control,228,No,No,No
ACC-3229,Sulawesi,Standard,Sulawesi-Standard,Control,229,No,No,No
ACC-3230,Sulawesi,Standard,Sulawesi-Standard,Control,230,No,No,No
ACC-3231,Sulawesi,Standard,Sulawesi-Standard,Control,231,No,No,No
ACC-3232,Sulawesi,Standard,Sulawesi-Standard,Control,232,No,No,No
ACC-3233,Sulawesi,Standard,Sulawesi-Standard,Control,233,No,No,No
ACC-3234,Sulawesi,Standard,Sulawesi-Standard,Control,234,No,No,No
ACC-3235,Sulawesi,Standard,Sulawesi-Standard,Control,235,No,No,No
ACC-3236,Sulawesi,Standard,Sulawesi-Standard,Control,236,No,No,No
ACC-3237,Sulawesi,Standard,Sulawesi-Standard,Control,237,No,No,No
ACC-3238,Sulawesi,Standard,Sulawesi-Standard,Control,238,No,No,No
ACC-3239,Sulawesi,Standard,Sulawesi-Standard,Control,239,No,No,No
ACC-3240,Sulawesi,Standard,Sulawesi-Standard,Control,240,No,No,No
ACC-3241,Sulawesi,Standard,Sulawesi-Standard,Control,241,No,No,No
ACC-3242,Sulawesi,Standard,Sulawesi-Standard,Control,242,No,No,No
ACC-3243,Sulawesi,Standard,Sulawesi-Standard,Control,243,No,No,No
ACC-3244,Sulawesi,Standard,Sulawesi-Standard,Control,244,No,No,No
ACC-3245,Sulawesi,Standard,Sulawesi-Standard,Control,245,No,No,No
ACC-3246,Sulawesi,Standard,Sulawesi-Standard,Control,246,No,No,No
ACC-3247,Sulawesi,Standard,Sulawesi-Standard,Control,247,No,No,No
ACC-3248,Sulawesi,Standard,Sulawesi-Standard,Control,248,No,No,No
ACC-3249,Sulawesi,Standard,Sulawesi-Standard,Control,249,No,No,No
ACC-3250,Sulawesi,Standard,Sulawesi-Standard,Control,250,No,No,No
ACC-3251,Sulawesi,Standard,Sulawesi-Standard,Treatment,1,Yes,Yes,No
ACC-3252,Sulawesi,Standard,Sulawesi-Standard,Treatment,2,Yes,Yes,No
ACC-3253,Sulawesi,Standard,Sulawesi-Standard,Treatment,3,Yes,Yes,No
ACC-3254,Sulawesi,Standard,Sulawesi-Standard,Treatment,4,Yes,Yes,No
ACC-3255,Sulawesi,Standard,Sulawesi-Standard,Treatment,5,Yes,Yes,No
ACC-3256,Sulawesi,Standard,Sulawesi-Standard,Treatment,6,Yes,Yes,No
ACC-3257,Sulawesi,Standard,Sulawesi-Standard,Treatment,7,Yes,Yes,No
ACC-3258,Sulawesi,Standard,Sulawesi-Standard,Treatment,8,Yes,Yes,No
ACC-3259,Sulawesi,Standard,Sulawesi-Standard,Treatment,9,Yes,No,Yes
ACC-3260,Sulawesi,Standard,Sulawesi-Standard,Treatment,10,Yes,No,Yes
ACC-3261,Sulawesi,Standard,Sulawesi-Standard,Treatment,11,Yes,No,Yes
ACC-3262,Sulawesi,Standard,Sulawesi-Standard,Treatment,12,Yes,No,Yes
ACC-3263,Sulawesi,Standard,Sulawesi-Standard,Treatment,13,Yes,No,Yes
ACC-3264,Sulawesi,Standard,Sulawesi-Standard,Treatment,14,Yes,No,Yes
ACC-3265,Sulawesi,Standard,Sulawesi-Standard,Treatment,15,Yes,No,Yes
ACC-3266,Sulawesi,Standard,Sulawesi-Standard,Treatment,16,Yes,No,No
ACC-3267,Sulawesi,Standard,Sulawesi-Standard,Treatment,17,Yes,No,No
ACC-3268,Sulawesi,Standard,Sulawesi-Standard,Treatment,18,Yes,No,No
ACC-3269,Sulawesi,Standard,Sulawesi-Standard,Treatment,19,Yes,No,No
ACC-3270,Sulawesi,Standard,Sulawesi-Standard,Treatment,20,Yes,No,No
ACC-3271,Sulawesi,Standard,Sulawesi-Standard,Treatment,21,Yes,No,No
ACC-3272,Sulawesi,Standard,Sulawesi-Standard,Treatment,22,Yes,No,No
ACC-3273,Sulawesi,Standard,Sulawesi-Standard,Treatment,23,Yes,No,No
ACC-3274,Sulawesi,Standard,Sulawesi-Standard,Treatment,24,Yes,No,No
ACC-3275,Sulawesi,Standard,Sulawesi-Standard,Treatment,25,Yes,No,No
ACC-3276,Sulawesi,Standard,Sulawesi-Standard,Treatment,26,Yes,No,No
ACC-3277,Sulawesi,Standard,Sulawesi-Standard,Treatment,27,Yes,No,No
ACC-3278,Sulawesi,Standard,Sulawesi-Standard,Treatment,28,Yes,No,No
ACC-3279,Sulawesi,Standard,Sulawesi-Standard,Treatment,29,Yes,No,No
ACC-3280,Sulawesi,Standard,Sulawesi-Standard,Treatment,30,Yes,No,No
ACC-3281,Sulawesi,Standard,Sulawesi-Standard,Treatment,31,Yes,No,No
ACC-3282,Sulawesi,Standard,Sulawesi-Standard,Treatment,32,Yes,No,No
ACC-3283,Sulawesi,Standard,Sulawesi-Standard,Treatment,33,Yes,No,No
ACC-3284,Sulawesi,Standard,Sulawesi-Standard,Treatment,34,Yes,No,No
ACC-3285,Sulawesi,Standard,Sulawesi-Standard,Treatment,35,Yes,No,No
ACC-3286,Sulawesi,Standard,Sulawesi-Standard,Treatment,36,Yes,No,No
ACC-3287,Sulawesi,Standard,Sulawesi-Standard,Treatment,37,Yes,No,No
ACC-3288,Sulawesi,Standard,Sulawesi-Standard,Treatment,38,Yes,No,No
ACC-3289,Sulawesi,Standard,Sulawesi-Standard,Treatment,39,Yes,No,No
ACC-3290,Sulawesi,Standard,Sulawesi-Standard,Treatment,40,Yes,No,No
ACC-3291,Sulawesi,Standard,Sulawesi-Standard,Treatment,41,Yes,No,No
ACC-3292,Sulawesi,Standard,Sulawesi-Standard,Treatment,42,Yes,No,No
ACC-3293,Sulawesi,Standard,Sulawesi-Standard,Treatment,43,Yes,No,No
ACC-3294,Sulawesi,Standard,Sulawesi-Standard,Treatment,44,Yes,No,No
ACC-3295,Sulawesi,Standard,Sulawesi-Standard,Treatment,45,Yes,No,No
ACC-3296,Sulawesi,Standard,Sulawesi-Standard,Treatment,46,Yes,No,No
ACC-3297,Sulawesi,Standard,Sulawesi-Standard,Treatment,47,Yes,No,No
ACC-3298,Sulawesi,Standard,Sulawesi-Standard,Treatment,48,Yes,No,No
ACC-3299,Sulawesi,Standard,Sulawesi-Standard,Treatment,49,Yes,No,No
ACC-3300,Sulawesi,Standard,Sulawesi-Standard,Treatment,50,Yes,No,No
ACC-3301,Sulawesi,Standard,Sulawesi-Standard,Treatment,51,Yes,No,No
ACC-3302,Sulawesi,Standard,Sulawesi-Standard,Treatment,52,Yes,No,No
ACC-3303,Sulawesi,Standard,Sulawesi-Standard,Treatment,53,Yes,No,No
ACC-3304,Sulawesi,Standard,Sulawesi-Standard,Treatment,54,Yes,No,No
ACC-3305,Sulawesi,Standard,Sulawesi-Standard,Treatment,55,Yes,No,No
ACC-3306,Sulawesi,Standard,Sulawesi-Standard,Treatment,56,Yes,No,No
ACC-3307,Sulawesi,Standard,Sulawesi-Standard,Treatment,57,Yes,No,No
ACC-3308,Sulawesi,Standard,Sulawesi-Standard,Treatment,58,Yes,No,No
ACC-3309,Sulawesi,Standard,Sulawesi-Standard,Treatment,59,Yes,No,No
ACC-3310,Sulawesi,Standard,Sulawesi-Standard,Treatment,60,Yes,No,No
ACC-3311,Sulawesi,Standard,Sulawesi-Standard,Treatment,61,Yes,No,No
ACC-3312,Sulawesi,Standard,Sulawesi-Standard,Treatment,62,Yes,No,No
ACC-3313,Sulawesi,Standard,Sulawesi-Standard,Treatment,63,Yes,No,No
ACC-3314,Sulawesi,Standard,Sulawesi-Standard,Treatment,64,Yes,No,No
ACC-3315,Sulawesi,Standard,Sulawesi-Standard,Treatment,65,Yes,No,No
ACC-3316,Sulawesi,Standard,Sulawesi-Standard,Treatment,66,Yes,No,No
ACC-3317,Sulawesi,Standard,Sulawesi-Standard,Treatment,67,Yes,No,No
ACC-3318,Sulawesi,Standard,Sulawesi-Standard,Treatment,68,Yes,No,No
ACC-3319,Sulawesi,Standard,Sulawesi-Standard,Treatment,69,Yes,No,No
ACC-3320,Sulawesi,Standard,Sulawesi-Standard,Treatment,70,Yes,No,No
ACC-3321,Sulawesi,Standard,Sulawesi-Standard,Treatment,71,Yes,No,No
ACC-3322,Sulawesi,Standard,Sulawesi-Standard,Treatment,72,Yes,No,No
ACC-3323,Sulawesi,Standard,Sulawesi-Standard,Treatment,73,Yes,No,No
ACC-3324,Sulawesi,Standard,Sulawesi-Standard,Treatment,74,Yes,No,No
ACC-3325,Sulawesi,Standard,Sulawesi-Standard,Treatment,75,Yes,No,No
ACC-3326,Sulawesi,Standard,Sulawesi-Standard,Treatment,76,Yes,No,No
ACC-3327,Sulawesi,Standard,Sulawesi-Standard,Treatment,77,Yes,No,No
ACC-3328,Sulawesi,Standard,Sulawesi-Standard,Treatment,78,Yes,No,No
ACC-3329,Sulawesi,Standard,Sulawesi-Standard,Treatment,79,Yes,No,No
ACC-3330,Sulawesi,Standard,Sulawesi-Standard,Treatment,80,Yes,No,No
ACC-3331,Sulawesi,Standard,Sulawesi-Standard,Treatment,81,Yes,No,No
ACC-3332,Sulawesi,Standard,Sulawesi-Standard,Treatment,82,Yes,No,No
ACC-3333,Sulawesi,Standard,Sulawesi-Standard,Treatment,83,Yes,No,No
ACC-3334,Sulawesi,Standard,Sulawesi-Standard,Treatment,84,Yes,No,No
ACC-3335,Sulawesi,Standard,Sulawesi-Standard,Treatment,85,Yes,No,No
ACC-3336,Sulawesi,Standard,Sulawesi-Standard,Treatment,86,No,No,No
ACC-3337,Sulawesi,Standard,Sulawesi-Standard,Treatment,87,No,No,No
ACC-3338,Sulawesi,Standard,Sulawesi-Standard,Treatment,88,No,No,No
ACC-3339,Sulawesi,Standard,Sulawesi-Standard,Treatment,89,No,No,No
ACC-3340,Sulawesi,Standard,Sulawesi-Standard,Treatment,90,No,No,No
ACC-3341,Sulawesi,Standard,Sulawesi-Standard,Treatment,91,No,No,No
ACC-3342,Sulawesi,Standard,Sulawesi-Standard,Treatment,92,No,No,No
ACC-3343,Sulawesi,Standard,Sulawesi-Standard,Treatment,93,No,No,No
ACC-3344,Sulawesi,Standard,Sulawesi-Standard,Treatment,94,No,No,No
ACC-3345,Sulawesi,Standard,Sulawesi-Standard,Treatment,95,No,No,No
ACC-3346,Sulawesi,Standard,Sulawesi-Standard,Treatment,96,No,No,No
ACC-3347,Sulawesi,Standard,Sulawesi-Standard,Treatment,97,No,No,No
ACC-3348,Sulawesi,Standard,Sulawesi-Standard,Treatment,98,No,No,No
ACC-3349,Sulawesi,Standard,Sulawesi-Standard,Treatment,99,No,No,No
ACC-3350,Sulawesi,Standard,Sulawesi-Standard,Treatment,100,No,No,No
ACC-3351,Sulawesi,Standard,Sulawesi-Standard,Treatment,101,No,No,No
ACC-3352,Sulawesi,Standard,Sulawesi-Standard,Treatment,102,No,No,No
ACC-3353,Sulawesi,Standard,Sulawesi-Standard,Treatment,103,No,No,No
ACC-3354,Sulawesi,Standard,Sulawesi-Standard,Treatment,104,No,No,No
ACC-3355,Sulawesi,Standard,Sulawesi-Standard,Treatment,105,No,No,No
ACC-3356,Sulawesi,Standard,Sulawesi-Standard,Treatment,106,No,No,No
ACC-3357,Sulawesi,Standard,Sulawesi-Standard,Treatment,107,No,No,No
ACC-3358,Sulawesi,Standard,Sulawesi-Standard,Treatment,108,No,No,No
ACC-3359,Sulawesi,Standard,Sulawesi-Standard,Treatment,109,No,No,No
ACC-3360,Sulawesi,Standard,Sulawesi-Standard,Treatment,110,No,No,No
ACC-3361,Sulawesi,Standard,Sulawesi-Standard,Treatment,111,No,No,No
ACC-3362,Sulawesi,Standard,Sulawesi-Standard,Treatment,112,No,No,No
ACC-3363,Sulawesi,Standard,Sulawesi-Standard,Treatment,113,No,No,No
ACC-3364,Sulawesi,Standard,Sulawesi-Standard,Treatment,114,No,No,No
ACC-3365,Sulawesi,Standard,Sulawesi-Standard,Treatment,115,No,No,No
ACC-3366,Sulawesi,Standard,Sulawesi-Standard,Treatment,116,No,No,No
ACC-3367,Sulawesi,Standard,Sulawesi-Standard,Treatment,117,No,No,No
ACC-3368,Sulawesi,Standard,Sulawesi-Standard,Treatment,118,No,No,No
ACC-3369,Sulawesi,Standard,Sulawesi-Standard,Treatment,119,No,No,No
ACC-3370,Sulawesi,Standard,Sulawesi-Standard,Treatment,120,No,No,No
ACC-3371,Sulawesi,Standard,Sulawesi-Standard,Treatment,121,No,No,No
ACC-3372,Sulawesi,Standard,Sulawesi-Standard,Treatment,122,No,No,No
ACC-3373,Sulawesi,Standard,Sulawesi-Standard,Treatment,123,No,No,No
ACC-3374,Sulawesi,Standard,Sulawesi-Standard,Treatment,124,No,No,No
ACC-3375,Sulawesi,Standard,Sulawesi-Standard,Treatment,125,No,No,No
ACC-3376,Sulawesi,Standard,Sulawesi-Standard,Treatment,126,No,No,No
ACC-3377,Sulawesi,Standard,Sulawesi-Standard,Treatment,127,No,No,No
ACC-3378,Sulawesi,Standard,Sulawesi-Standard,Treatment,128,No,No,No
ACC-3379,Sulawesi,Standard,Sulawesi-Standard,Treatment,129,No,No,No
ACC-3380,Sulawesi,Standard,Sulawesi-Standard,Treatment,130,No,No,No
ACC-3381,Sulawesi,Standard,Sulawesi-Standard,Treatment,131,No,No,No
ACC-3382,Sulawesi,Standard,Sulawesi-Standard,Treatment,132,No,No,No
ACC-3383,Sulawesi,Standard,Sulawesi-Standard,Treatment,133,No,No,No
ACC-3384,Sulawesi,Standard,Sulawesi-Standard,Treatment,134,No,No,No
ACC-3385,Sulawesi,Standard,Sulawesi-Standard,Treatment,135,No,No,No
ACC-3386,Sulawesi,Standard,Sulawesi-Standard,Treatment,136,No,No,No
ACC-3387,Sulawesi,Standard,Sulawesi-Standard,Treatment,137,No,No,No
ACC-3388,Sulawesi,Standard,Sulawesi-Standard,Treatment,138,No,No,No
ACC-3389,Sulawesi,Standard,Sulawesi-Standard,Treatment,139,No,No,No
ACC-3390,Sulawesi,Standard,Sulawesi-Standard,Treatment,140,No,No,No
ACC-3391,Sulawesi,Standard,Sulawesi-Standard,Treatment,141,No,No,No
ACC-3392,Sulawesi,Standard,Sulawesi-Standard,Treatment,142,No,No,No
ACC-3393,Sulawesi,Standard,Sulawesi-Standard,Treatment,143,No,No,No
ACC-3394,Sulawesi,Standard,Sulawesi-Standard,Treatment,144,No,No,No
ACC-3395,Sulawesi,Standard,Sulawesi-Standard,Treatment,145,No,No,No
ACC-3396,Sulawesi,Standard,Sulawesi-Standard,Treatment,146,No,No,No
ACC-3397,Sulawesi,Standard,Sulawesi-Standard,Treatment,147,No,No,No
ACC-3398,Sulawesi,Standard,Sulawesi-Standard,Treatment,148,No,No,No
ACC-3399,Sulawesi,Standard,Sulawesi-Standard,Treatment,149,No,No,No
ACC-3400,Sulawesi,Standard,Sulawesi-Standard,Treatment,150,No,No,No
ACC-3401,Sulawesi,Standard,Sulawesi-Standard,Treatment,151,No,No,No
ACC-3402,Sulawesi,Standard,Sulawesi-Standard,Treatment,152,No,No,No
ACC-3403,Sulawesi,Standard,Sulawesi-Standard,Treatment,153,No,No,No
ACC-3404,Sulawesi,Standard,Sulawesi-Standard,Treatment,154,No,No,No
ACC-3405,Sulawesi,Standard,Sulawesi-Standard,Treatment,155,No,No,No
ACC-3406,Sulawesi,Standard,Sulawesi-Standard,Treatment,156,No,No,No
ACC-3407,Sulawesi,Standard,Sulawesi-Standard,Treatment,157,No,No,No
ACC-3408,Sulawesi,Standard,Sulawesi-Standard,Treatment,158,No,No,No
ACC-3409,Sulawesi,Standard,Sulawesi-Standard,Treatment,159,No,No,No
ACC-3410,Sulawesi,Standard,Sulawesi-Standard,Treatment,160,No,No,No
ACC-3411,Sulawesi,Standard,Sulawesi-Standard,Treatment,161,No,No,No
ACC-3412,Sulawesi,Standard,Sulawesi-Standard,Treatment,162,No,No,No
ACC-3413,Sulawesi,Standard,Sulawesi-Standard,Treatment,163,No,No,No
ACC-3414,Sulawesi,Standard,Sulawesi-Standard,Treatment,164,No,No,No
ACC-3415,Sulawesi,Standard,Sulawesi-Standard,Treatment,165,No,No,No
ACC-3416,Sulawesi,Standard,Sulawesi-Standard,Treatment,166,No,No,No
ACC-3417,Sulawesi,Standard,Sulawesi-Standard,Treatment,167,No,No,No
ACC-3418,Sulawesi,Standard,Sulawesi-Standard,Treatment,168,No,No,No
ACC-3419,Sulawesi,Standard,Sulawesi-Standard,Treatment,169,No,No,No
ACC-3420,Sulawesi,Standard,Sulawesi-Standard,Treatment,170,No,No,No
ACC-3421,Sulawesi,Standard,Sulawesi-Standard,Treatment,171,No,No,No
ACC-3422,Sulawesi,Standard,Sulawesi-Standard,Treatment,172,No,No,No
ACC-3423,Sulawesi,Standard,Sulawesi-Standard,Treatment,173,No,No,No
ACC-3424,Sulawesi,Standard,Sulawesi-Standard,Treatment,174,No,No,No
ACC-3425,Sulawesi,Standard,Sulawesi-Standard,Treatment,175,No,No,No
ACC-3426,Sulawesi,Standard,Sulawesi-Standard,Treatment,176,No,No,No
ACC-3427,Sulawesi,Standard,Sulawesi-Standard,Treatment,177,No,No,No
ACC-3428,Sulawesi,Standard,Sulawesi-Standard,Treatment,178,No,No,No
ACC-3429,Sulawesi,Standard,Sulawesi-Standard,Treatment,179,No,No,No
ACC-3430,Sulawesi,Standard,Sulawesi-Standard,Treatment,180,No,No,No
ACC-3431,Sulawesi,Standard,Sulawesi-Standard,Treatment,181,No,No,No
ACC-3432,Sulawesi,Standard,Sulawesi-Standard,Treatment,182,No,No,No
ACC-3433,Sulawesi,Standard,Sulawesi-Standard,Treatment,183,No,No,No
ACC-3434,Sulawesi,Standard,Sulawesi-Standard,Treatment,184,No,No,No
ACC-3435,Sulawesi,Standard,Sulawesi-Standard,Treatment,185,No,No,No
ACC-3436,Sulawesi,Standard,Sulawesi-Standard,Treatment,186,No,No,No
ACC-3437,Sulawesi,Standard,Sulawesi-Standard,Treatment,187,No,No,No
ACC-3438,Sulawesi,Standard,Sulawesi-Standard,Treatment,188,No,No,No
ACC-3439,Sulawesi,Standard,Sulawesi-Standard,Treatment,189,No,No,No
ACC-3440,Sulawesi,Standard,Sulawesi-Standard,Treatment,190,No,No,No
ACC-3441,Sulawesi,Standard,Sulawesi-Standard,Treatment,191,No,No,No
ACC-3442,Sulawesi,Standard,Sulawesi-Standard,Treatment,192,No,No,No
ACC-3443,Sulawesi,Standard,Sulawesi-Standard,Treatment,193,No,No,No
ACC-3444,Sulawesi,Standard,Sulawesi-Standard,Treatment,194,No,No,No
ACC-3445,Sulawesi,Standard,Sulawesi-Standard,Treatment,195,No,No,No
ACC-3446,Sulawesi,Standard,Sulawesi-Standard,Treatment,196,No,No,No
ACC-3447,Sulawesi,Standard,Sulawesi-Standard,Treatment,197,No,No,No
ACC-3448,Sulawesi,Standard,Sulawesi-Standard,Treatment,198,No,No,No
ACC-3449,Sulawesi,Standard,Sulawesi-Standard,Treatment,199,No,No,No
ACC-3450,Sulawesi,Standard,Sulawesi-Standard,Treatment,200,No,No,No
ACC-3451,Sulawesi,Standard,Sulawesi-Standard,Treatment,201,No,No,No
ACC-3452,Sulawesi,Standard,Sulawesi-Standard,Treatment,202,No,No,No
ACC-3453,Sulawesi,Standard,Sulawesi-Standard,Treatment,203,No,No,No
ACC-3454,Sulawesi,Standard,Sulawesi-Standard,Treatment,204,No,No,No
ACC-3455,Sulawesi,Standard,Sulawesi-Standard,Treatment,205,No,No,No
ACC-3456,Sulawesi,Standard,Sulawesi-Standard,Treatment,206,No,No,No
ACC-3457,Sulawesi,Standard,Sulawesi-Standard,Treatment,207,No,No,No
ACC-3458,Sulawesi,Standard,Sulawesi-Standard,Treatment,208,No,No,No
ACC-3459,Sulawesi,Standard,Sulawesi-Standard,Treatment,209,No,No,No
ACC-3460,Sulawesi,Standard,Sulawesi-Standard,Treatment,210,No,No,No
ACC-3461,Sulawesi,Standard,Sulawesi-Standard,Treatment,211,No,No,No
ACC-3462,Sulawesi,Standard,Sulawesi-Standard,Treatment,212,No,No,No
ACC-3463,Sulawesi,Standard,Sulawesi-Standard,Treatment,213,No,No,No
ACC-3464,Sulawesi,Standard,Sulawesi-Standard,Treatment,214,No,No,No
ACC-3465,Sulawesi,Standard,Sulawesi-Standard,Treatment,215,No,No,No
ACC-3466,Sulawesi,Standard,Sulawesi-Standard,Treatment,216,No,No,No
ACC-3467,Sulawesi,Standard,Sulawesi-Standard,Treatment,217,No,No,No
ACC-3468,Sulawesi,Standard,Sulawesi-Standard,Treatment,218,No,No,No
ACC-3469,Sulawesi,Standard,Sulawesi-Standard,Treatment,219,No,No,No
ACC-3470,Sulawesi,Standard,Sulawesi-Standard,Treatment,220,No,No,No
ACC-3471,Sulawesi,Standard,Sulawesi-Standard,Treatment,221,No,No,No
ACC-3472,Sulawesi,Standard,Sulawesi-Standard,Treatment,222,No,No,No
ACC-3473,Sulawesi,Standard,Sulawesi-Standard,Treatment,223,No,No,No
ACC-3474,Sulawesi,Standard,Sulawesi-Standard,Treatment,224,No,No,No
ACC-3475,Sulawesi,Standard,Sulawesi-Standard,Treatment,225,No,No,No
ACC-3476,Sulawesi,Standard,Sulawesi-Standard,Treatment,226,No,No,No
ACC-3477,Sulawesi,Standard,Sulawesi-Standard,Treatment,227,No,No,No
ACC-3478,Sulawesi,Standard,Sulawesi-Standard,Treatment,228,No,No,No
ACC-3479,Sulawesi,Standard,Sulawesi-Standard,Treatment,229,No,No,No
ACC-3480,Sulawesi,Standard,Sulawesi-Standard,Treatment,230,No,No,No
ACC-3481,Sulawesi,Standard,Sulawesi-Standard,Treatment,231,No,No,No
ACC-3482,Sulawesi,Standard,Sulawesi-Standard,Treatment,232,No,No,No
ACC-3483,Sulawesi,Standard,Sulawesi-Standard,Treatment,233,No,No,No
ACC-3484,Sulawesi,Standard,Sulawesi-Standard,Treatment,234,No,No,No
ACC-3485,Sulawesi,Standard,Sulawesi-Standard,Treatment,235,No,No,No
ACC-3486,Sulawesi,Standard,Sulawesi-Standard,Treatment,236,No,No,No
ACC-3487,Sulawesi,Standard,Sulawesi-Standard,Treatment,237,No,No,No
ACC-3488,Sulawesi,Standard,Sulawesi-Standard,Treatment,238,No,No,No
ACC-3489,Sulawesi,Standard,Sulawesi-Standard,Treatment,239,No,No,No
ACC-3490,Sulawesi,Standard,Sulawesi-Standard,Treatment,240,No,No,No
ACC-3491,Sulawesi,Standard,Sulawesi-Standard,Treatment,241,No,No,No
ACC-3492,Sulawesi,Standard,Sulawesi-Standard,Treatment,242,No,No,No
ACC-3493,Sulawesi,Standard,Sulawesi-Standard,Treatment,243,No,No,No
ACC-3494,Sulawesi,Standard,Sulawesi-Standard,Treatment,244,No,No,No
ACC-3495,Sulawesi,Standard,Sulawesi-Standard,Treatment,245,No,No,No
ACC-3496,Sulawesi,Standard,Sulawesi-Standard,Treatment,246,No,No,No
ACC-3497,Sulawesi,Standard,Sulawesi-Standard,Treatment,247,No,No,No
ACC-3498,Sulawesi,Standard,Sulawesi-Standard,Treatment,248,No,No,No
ACC-3499,Sulawesi,Standard,Sulawesi-Standard,Treatment,249,No,No,No
ACC-3500,Sulawesi,Standard,Sulawesi-Standard,Treatment,250,No,No,No
ACC-3501,Sulawesi,Key,Sulawesi-Key,Control,1,Yes,Yes,No
ACC-3502,Sulawesi,Key,Sulawesi-Key,Control,2,Yes,Yes,No
ACC-3503,Sulawesi,Key,Sulawesi-Key,Control,3,Yes,Yes,No
ACC-3504,Sulawesi,Key,Sulawesi-Key,Control,4,Yes,Yes,No
ACC-3505,Sulawesi,Key,Sulawesi-Key,Control,5,Yes,Yes,No
ACC-3506,Sulawesi,Key,Sulawesi-Key,Control,6,Yes,No,Yes
ACC-3507,Sulawesi,Key,Sulawesi-Key,Control,7,Yes,No,Yes
ACC-3508,Sulawesi,Key,Sulawesi-Key,Control,8,Yes,No,Yes
ACC-3509,Sulawesi,Key,Sulawesi-Key,Control,9,Yes,No,Yes
ACC-3510,Sulawesi,Key,Sulawesi-Key,Control,10,Yes,No,Yes
ACC-3511,Sulawesi,Key,Sulawesi-Key,Control,11,Yes,No,Yes
ACC-3512,Sulawesi,Key,Sulawesi-Key,Control,12,Yes,No,No
ACC-3513,Sulawesi,Key,Sulawesi-Key,Control,13,Yes,No,No
ACC-3514,Sulawesi,Key,Sulawesi-Key,Control,14,Yes,No,No
ACC-3515,Sulawesi,Key,Sulawesi-Key,Control,15,Yes,No,No
ACC-3516,Sulawesi,Key,Sulawesi-Key,Control,16,Yes,No,No
ACC-3517,Sulawesi,Key,Sulawesi-Key,Control,17,Yes,No,No
ACC-3518,Sulawesi,Key,Sulawesi-Key,Control,18,Yes,No,No
ACC-3519,Sulawesi,Key,Sulawesi-Key,Control,19,Yes,No,No
ACC-3520,Sulawesi,Key,Sulawesi-Key,Control,20,Yes,No,No
ACC-3521,Sulawesi,Key,Sulawesi-Key,Control,21,Yes,No,No
ACC-3522,Sulawesi,Key,Sulawesi-Key,Control,22,Yes,No,No
ACC-3523,Sulawesi,Key,Sulawesi-Key,Control,23,Yes,No,No
ACC-3524,Sulawesi,Key,Sulawesi-Key,Control,24,Yes,No,No
ACC-3525,Sulawesi,Key,Sulawesi-Key,Control,25,Yes,No,No
ACC-3526,Sulawesi,Key,Sulawesi-Key,Control,26,Yes,No,No
ACC-3527,Sulawesi,Key,Sulawesi-Key,Control,27,Yes,No,No
ACC-3528,Sulawesi,Key,Sulawesi-Key,Control,28,Yes,No,No
ACC-3529,Sulawesi,Key,Sulawesi-Key,Control,29,Yes,No,No
ACC-3530,Sulawesi,Key,Sulawesi-Key,Control,30,Yes,No,No
ACC-3531,Sulawesi,Key,Sulawesi-Key,Control,31,Yes,No,No
ACC-3532,Sulawesi,Key,Sulawesi-Key,Control,32,Yes,No,No
ACC-3533,Sulawesi,Key,Sulawesi-Key,Control,33,Yes,No,No
ACC-3534,Sulawesi,Key,Sulawesi-Key,Control,34,Yes,No,No
ACC-3535,Sulawesi,Key,Sulawesi-Key,Control,35,Yes,No,No
ACC-3536,Sulawesi,Key,Sulawesi-Key,Control,36,Yes,No,No
ACC-3537,Sulawesi,Key,Sulawesi-Key,Control,37,Yes,No,No
ACC-3538,Sulawesi,Key,Sulawesi-Key,Control,38,Yes,No,No
ACC-3539,Sulawesi,Key,Sulawesi-Key,Control,39,Yes,No,No
ACC-3540,Sulawesi,Key,Sulawesi-Key,Control,40,Yes,No,No
ACC-3541,Sulawesi,Key,Sulawesi-Key,Control,41,Yes,No,No
ACC-3542,Sulawesi,Key,Sulawesi-Key,Control,42,Yes,No,No
ACC-3543,Sulawesi,Key,Sulawesi-Key,Control,43,Yes,No,No
ACC-3544,Sulawesi,Key,Sulawesi-Key,Control,44,Yes,No,No
ACC-3545,Sulawesi,Key,Sulawesi-Key,Control,45,Yes,No,No
ACC-3546,Sulawesi,Key,Sulawesi-Key,Control,46,Yes,No,No
ACC-3547,Sulawesi,Key,Sulawesi-Key,Control,47,Yes,No,No
ACC-3548,Sulawesi,Key,Sulawesi-Key,Control,48,Yes,No,No
ACC-3549,Sulawesi,Key,Sulawesi-Key,Control,49,Yes,No,No
ACC-3550,Sulawesi,Key,Sulawesi-Key,Control,50,Yes,No,No
ACC-3551,Sulawesi,Key,Sulawesi-Key,Control,51,Yes,No,No
ACC-3552,Sulawesi,Key,Sulawesi-Key,Control,52,Yes,No,No
ACC-3553,Sulawesi,Key,Sulawesi-Key,Control,53,Yes,No,No
ACC-3554,Sulawesi,Key,Sulawesi-Key,Control,54,Yes,No,No
ACC-3555,Sulawesi,Key,Sulawesi-Key,Control,55,Yes,No,No
ACC-3556,Sulawesi,Key,Sulawesi-Key,Control,56,Yes,No,No
ACC-3557,Sulawesi,Key,Sulawesi-Key,Control,57,Yes,No,No
ACC-3558,Sulawesi,Key,Sulawesi-Key,Control,58,Yes,No,No
ACC-3559,Sulawesi,Key,Sulawesi-Key,Control,59,Yes,No,No
ACC-3560,Sulawesi,Key,Sulawesi-Key,Control,60,Yes,No,No
ACC-3561,Sulawesi,Key,Sulawesi-Key,Control,61,Yes,No,No
ACC-3562,Sulawesi,Key,Sulawesi-Key,Control,62,Yes,No,No
ACC-3563,Sulawesi,Key,Sulawesi-Key,Control,63,Yes,No,No
ACC-3564,Sulawesi,Key,Sulawesi-Key,Control,64,Yes,No,No
ACC-3565,Sulawesi,Key,Sulawesi-Key,Control,65,Yes,No,No
ACC-3566,Sulawesi,Key,Sulawesi-Key,Control,66,Yes,No,No
ACC-3567,Sulawesi,Key,Sulawesi-Key,Control,67,Yes,No,No
ACC-3568,Sulawesi,Key,Sulawesi-Key,Control,68,Yes,No,No
ACC-3569,Sulawesi,Key,Sulawesi-Key,Control,69,Yes,No,No
ACC-3570,Sulawesi,Key,Sulawesi-Key,Control,70,Yes,No,No
ACC-3571,Sulawesi,Key,Sulawesi-Key,Control,71,Yes,No,No
ACC-3572,Sulawesi,Key,Sulawesi-Key,Control,72,Yes,No,No
ACC-3573,Sulawesi,Key,Sulawesi-Key,Control,73,Yes,No,No
ACC-3574,Sulawesi,Key,Sulawesi-Key,Control,74,Yes,No,No
ACC-3575,Sulawesi,Key,Sulawesi-Key,Control,75,Yes,No,No
ACC-3576,Sulawesi,Key,Sulawesi-Key,Control,76,Yes,No,No
ACC-3577,Sulawesi,Key,Sulawesi-Key,Control,77,Yes,No,No
ACC-3578,Sulawesi,Key,Sulawesi-Key,Control,78,No,No,No
ACC-3579,Sulawesi,Key,Sulawesi-Key,Control,79,No,No,No
ACC-3580,Sulawesi,Key,Sulawesi-Key,Control,80,No,No,No
ACC-3581,Sulawesi,Key,Sulawesi-Key,Control,81,No,No,No
ACC-3582,Sulawesi,Key,Sulawesi-Key,Control,82,No,No,No
ACC-3583,Sulawesi,Key,Sulawesi-Key,Control,83,No,No,No
ACC-3584,Sulawesi,Key,Sulawesi-Key,Control,84,No,No,No
ACC-3585,Sulawesi,Key,Sulawesi-Key,Control,85,No,No,No
ACC-3586,Sulawesi,Key,Sulawesi-Key,Control,86,No,No,No
ACC-3587,Sulawesi,Key,Sulawesi-Key,Control,87,No,No,No
ACC-3588,Sulawesi,Key,Sulawesi-Key,Control,88,No,No,No
ACC-3589,Sulawesi,Key,Sulawesi-Key,Control,89,No,No,No
ACC-3590,Sulawesi,Key,Sulawesi-Key,Control,90,No,No,No
ACC-3591,Sulawesi,Key,Sulawesi-Key,Control,91,No,No,No
ACC-3592,Sulawesi,Key,Sulawesi-Key,Control,92,No,No,No
ACC-3593,Sulawesi,Key,Sulawesi-Key,Control,93,No,No,No
ACC-3594,Sulawesi,Key,Sulawesi-Key,Control,94,No,No,No
ACC-3595,Sulawesi,Key,Sulawesi-Key,Control,95,No,No,No
ACC-3596,Sulawesi,Key,Sulawesi-Key,Control,96,No,No,No
ACC-3597,Sulawesi,Key,Sulawesi-Key,Control,97,No,No,No
ACC-3598,Sulawesi,Key,Sulawesi-Key,Control,98,No,No,No
ACC-3599,Sulawesi,Key,Sulawesi-Key,Control,99,No,No,No
ACC-3600,Sulawesi,Key,Sulawesi-Key,Control,100,No,No,No
ACC-3601,Sulawesi,Key,Sulawesi-Key,Control,101,No,No,No
ACC-3602,Sulawesi,Key,Sulawesi-Key,Control,102,No,No,No
ACC-3603,Sulawesi,Key,Sulawesi-Key,Control,103,No,No,No
ACC-3604,Sulawesi,Key,Sulawesi-Key,Control,104,No,No,No
ACC-3605,Sulawesi,Key,Sulawesi-Key,Control,105,No,No,No
ACC-3606,Sulawesi,Key,Sulawesi-Key,Control,106,No,No,No
ACC-3607,Sulawesi,Key,Sulawesi-Key,Control,107,No,No,No
ACC-3608,Sulawesi,Key,Sulawesi-Key,Control,108,No,No,No
ACC-3609,Sulawesi,Key,Sulawesi-Key,Control,109,No,No,No
ACC-3610,Sulawesi,Key,Sulawesi-Key,Control,110,No,No,No
ACC-3611,Sulawesi,Key,Sulawesi-Key,Control,111,No,No,No
ACC-3612,Sulawesi,Key,Sulawesi-Key,Control,112,No,No,No
ACC-3613,Sulawesi,Key,Sulawesi-Key,Control,113,No,No,No
ACC-3614,Sulawesi,Key,Sulawesi-Key,Control,114,No,No,No
ACC-3615,Sulawesi,Key,Sulawesi-Key,Control,115,No,No,No
ACC-3616,Sulawesi,Key,Sulawesi-Key,Control,116,No,No,No
ACC-3617,Sulawesi,Key,Sulawesi-Key,Control,117,No,No,No
ACC-3618,Sulawesi,Key,Sulawesi-Key,Control,118,No,No,No
ACC-3619,Sulawesi,Key,Sulawesi-Key,Control,119,No,No,No
ACC-3620,Sulawesi,Key,Sulawesi-Key,Control,120,No,No,No
ACC-3621,Sulawesi,Key,Sulawesi-Key,Control,121,No,No,No
ACC-3622,Sulawesi,Key,Sulawesi-Key,Control,122,No,No,No
ACC-3623,Sulawesi,Key,Sulawesi-Key,Control,123,No,No,No
ACC-3624,Sulawesi,Key,Sulawesi-Key,Control,124,No,No,No
ACC-3625,Sulawesi,Key,Sulawesi-Key,Control,125,No,No,No
ACC-3626,Sulawesi,Key,Sulawesi-Key,Control,126,No,No,No
ACC-3627,Sulawesi,Key,Sulawesi-Key,Control,127,No,No,No
ACC-3628,Sulawesi,Key,Sulawesi-Key,Control,128,No,No,No
ACC-3629,Sulawesi,Key,Sulawesi-Key,Control,129,No,No,No
ACC-3630,Sulawesi,Key,Sulawesi-Key,Control,130,No,No,No
ACC-3631,Sulawesi,Key,Sulawesi-Key,Control,131,No,No,No
ACC-3632,Sulawesi,Key,Sulawesi-Key,Control,132,No,No,No
ACC-3633,Sulawesi,Key,Sulawesi-Key,Control,133,No,No,No
ACC-3634,Sulawesi,Key,Sulawesi-Key,Control,134,No,No,No
ACC-3635,Sulawesi,Key,Sulawesi-Key,Control,135,No,No,No
ACC-3636,Sulawesi,Key,Sulawesi-Key,Control,136,No,No,No
ACC-3637,Sulawesi,Key,Sulawesi-Key,Control,137,No,No,No
ACC-3638,Sulawesi,Key,Sulawesi-Key,Control,138,No,No,No
ACC-3639,Sulawesi,Key,Sulawesi-Key,Control,139,No,No,No
ACC-3640,Sulawesi,Key,Sulawesi-Key,Control,140,No,No,No
ACC-3641,Sulawesi,Key,Sulawesi-Key,Control,141,No,No,No
ACC-3642,Sulawesi,Key,Sulawesi-Key,Control,142,No,No,No
ACC-3643,Sulawesi,Key,Sulawesi-Key,Control,143,No,No,No
ACC-3644,Sulawesi,Key,Sulawesi-Key,Control,144,No,No,No
ACC-3645,Sulawesi,Key,Sulawesi-Key,Control,145,No,No,No
ACC-3646,Sulawesi,Key,Sulawesi-Key,Control,146,No,No,No
ACC-3647,Sulawesi,Key,Sulawesi-Key,Control,147,No,No,No
ACC-3648,Sulawesi,Key,Sulawesi-Key,Control,148,No,No,No
ACC-3649,Sulawesi,Key,Sulawesi-Key,Control,149,No,No,No
ACC-3650,Sulawesi,Key,Sulawesi-Key,Control,150,No,No,No
ACC-3651,Sulawesi,Key,Sulawesi-Key,Control,151,No,No,No
ACC-3652,Sulawesi,Key,Sulawesi-Key,Control,152,No,No,No
ACC-3653,Sulawesi,Key,Sulawesi-Key,Control,153,No,No,No
ACC-3654,Sulawesi,Key,Sulawesi-Key,Control,154,No,No,No
ACC-3655,Sulawesi,Key,Sulawesi-Key,Control,155,No,No,No
ACC-3656,Sulawesi,Key,Sulawesi-Key,Control,156,No,No,No
ACC-3657,Sulawesi,Key,Sulawesi-Key,Control,157,No,No,No
ACC-3658,Sulawesi,Key,Sulawesi-Key,Control,158,No,No,No
ACC-3659,Sulawesi,Key,Sulawesi-Key,Control,159,No,No,No
ACC-3660,Sulawesi,Key,Sulawesi-Key,Control,160,No,No,No
ACC-3661,Sulawesi,Key,Sulawesi-Key,Control,161,No,No,No
ACC-3662,Sulawesi,Key,Sulawesi-Key,Control,162,No,No,No
ACC-3663,Sulawesi,Key,Sulawesi-Key,Control,163,No,No,No
ACC-3664,Sulawesi,Key,Sulawesi-Key,Control,164,No,No,No
ACC-3665,Sulawesi,Key,Sulawesi-Key,Control,165,No,No,No
ACC-3666,Sulawesi,Key,Sulawesi-Key,Control,166,No,No,No
ACC-3667,Sulawesi,Key,Sulawesi-Key,Control,167,No,No,No
ACC-3668,Sulawesi,Key,Sulawesi-Key,Control,168,No,No,No
ACC-3669,Sulawesi,Key,Sulawesi-Key,Control,169,No,No,No
ACC-3670,Sulawesi,Key,Sulawesi-Key,Control,170,No,No,No
ACC-3671,Sulawesi,Key,Sulawesi-Key,Control,171,No,No,No
ACC-3672,Sulawesi,Key,Sulawesi-Key,Control,172,No,No,No
ACC-3673,Sulawesi,Key,Sulawesi-Key,Control,173,No,No,No
ACC-3674,Sulawesi,Key,Sulawesi-Key,Control,174,No,No,No
ACC-3675,Sulawesi,Key,Sulawesi-Key,Control,175,No,No,No
ACC-3676,Sulawesi,Key,Sulawesi-Key,Control,176,No,No,No
ACC-3677,Sulawesi,Key,Sulawesi-Key,Control,177,No,No,No
ACC-3678,Sulawesi,Key,Sulawesi-Key,Control,178,No,No,No
ACC-3679,Sulawesi,Key,Sulawesi-Key,Control,179,No,No,No
ACC-3680,Sulawesi,Key,Sulawesi-Key,Control,180,No,No,No
ACC-3681,Sulawesi,Key,Sulawesi-Key,Control,181,No,No,No
ACC-3682,Sulawesi,Key,Sulawesi-Key,Control,182,No,No,No
ACC-3683,Sulawesi,Key,Sulawesi-Key,Control,183,No,No,No
ACC-3684,Sulawesi,Key,Sulawesi-Key,Control,184,No,No,No
ACC-3685,Sulawesi,Key,Sulawesi-Key,Control,185,No,No,No
ACC-3686,Sulawesi,Key,Sulawesi-Key,Control,186,No,No,No
ACC-3687,Sulawesi,Key,Sulawesi-Key,Control,187,No,No,No
ACC-3688,Sulawesi,Key,Sulawesi-Key,Control,188,No,No,No
ACC-3689,Sulawesi,Key,Sulawesi-Key,Control,189,No,No,No
ACC-3690,Sulawesi,Key,Sulawesi-Key,Control,190,No,No,No
ACC-3691,Sulawesi,Key,Sulawesi-Key,Control,191,No,No,No
ACC-3692,Sulawesi,Key,Sulawesi-Key,Control,192,No,No,No
ACC-3693,Sulawesi,Key,Sulawesi-Key,Control,193,No,No,No
ACC-3694,Sulawesi,Key,Sulawesi-Key,Control,194,No,No,No
ACC-3695,Sulawesi,Key,Sulawesi-Key,Control,195,No,No,No
ACC-3696,Sulawesi,Key,Sulawesi-Key,Control,196,No,No,No
ACC-3697,Sulawesi,Key,Sulawesi-Key,Control,197,No,No,No
ACC-3698,Sulawesi,Key,Sulawesi-Key,Control,198,No,No,No
ACC-3699,Sulawesi,Key,Sulawesi-Key,Control,199,No,No,No
ACC-3700,Sulawesi,Key,Sulawesi-Key,Control,200,No,No,No
ACC-3701,Sulawesi,Key,Sulawesi-Key,Control,201,No,No,No
ACC-3702,Sulawesi,Key,Sulawesi-Key,Control,202,No,No,No
ACC-3703,Sulawesi,Key,Sulawesi-Key,Control,203,No,No,No
ACC-3704,Sulawesi,Key,Sulawesi-Key,Control,204,No,No,No
ACC-3705,Sulawesi,Key,Sulawesi-Key,Control,205,No,No,No
ACC-3706,Sulawesi,Key,Sulawesi-Key,Control,206,No,No,No
ACC-3707,Sulawesi,Key,Sulawesi-Key,Control,207,No,No,No
ACC-3708,Sulawesi,Key,Sulawesi-Key,Control,208,No,No,No
ACC-3709,Sulawesi,Key,Sulawesi-Key,Control,209,No,No,No
ACC-3710,Sulawesi,Key,Sulawesi-Key,Control,210,No,No,No
ACC-3711,Sulawesi,Key,Sulawesi-Key,Control,211,No,No,No
ACC-3712,Sulawesi,Key,Sulawesi-Key,Control,212,No,No,No
ACC-3713,Sulawesi,Key,Sulawesi-Key,Control,213,No,No,No
ACC-3714,Sulawesi,Key,Sulawesi-Key,Control,214,No,No,No
ACC-3715,Sulawesi,Key,Sulawesi-Key,Control,215,No,No,No
ACC-3716,Sulawesi,Key,Sulawesi-Key,Control,216,No,No,No
ACC-3717,Sulawesi,Key,Sulawesi-Key,Control,217,No,No,No
ACC-3718,Sulawesi,Key,Sulawesi-Key,Control,218,No,No,No
ACC-3719,Sulawesi,Key,Sulawesi-Key,Control,219,No,No,No
ACC-3720,Sulawesi,Key,Sulawesi-Key,Control,220,No,No,No
ACC-3721,Sulawesi,Key,Sulawesi-Key,Control,221,No,No,No
ACC-3722,Sulawesi,Key,Sulawesi-Key,Control,222,No,No,No
ACC-3723,Sulawesi,Key,Sulawesi-Key,Control,223,No,No,No
ACC-3724,Sulawesi,Key,Sulawesi-Key,Control,224,No,No,No
ACC-3725,Sulawesi,Key,Sulawesi-Key,Control,225,No,No,No
ACC-3726,Sulawesi,Key,Sulawesi-Key,Control,226,No,No,No
ACC-3727,Sulawesi,Key,Sulawesi-Key,Control,227,No,No,No
ACC-3728,Sulawesi,Key,Sulawesi-Key,Control,228,No,No,No
ACC-3729,Sulawesi,Key,Sulawesi-Key,Control,229,No,No,No
ACC-3730,Sulawesi,Key,Sulawesi-Key,Control,230,No,No,No
ACC-3731,Sulawesi,Key,Sulawesi-Key,Control,231,No,No,No
ACC-3732,Sulawesi,Key,Sulawesi-Key,Control,232,No,No,No
ACC-3733,Sulawesi,Key,Sulawesi-Key,Control,233,No,No,No
ACC-3734,Sulawesi,Key,Sulawesi-Key,Control,234,No,No,No
ACC-3735,Sulawesi,Key,Sulawesi-Key,Control,235,No,No,No
ACC-3736,Sulawesi,Key,Sulawesi-Key,Control,236,No,No,No
ACC-3737,Sulawesi,Key,Sulawesi-Key,Control,237,No,No,No
ACC-3738,Sulawesi,Key,Sulawesi-Key,Control,238,No,No,No
ACC-3739,Sulawesi,Key,Sulawesi-Key,Control,239,No,No,No
ACC-3740,Sulawesi,Key,Sulawesi-Key,Control,240,No,No,No
ACC-3741,Sulawesi,Key,Sulawesi-Key,Control,241,No,No,No
ACC-3742,Sulawesi,Key,Sulawesi-Key,Control,242,No,No,No
ACC-3743,Sulawesi,Key,Sulawesi-Key,Control,243,No,No,No
ACC-3744,Sulawesi,Key,Sulawesi-Key,Control,244,No,No,No
ACC-3745,Sulawesi,Key,Sulawesi-Key,Control,245,No,No,No
ACC-3746,Sulawesi,Key,Sulawesi-Key,Control,246,No,No,No
ACC-3747,Sulawesi,Key,Sulawesi-Key,Control,247,No,No,No
ACC-3748,Sulawesi,Key,Sulawesi-Key,Control,248,No,No,No
ACC-3749,Sulawesi,Key,Sulawesi-Key,Control,249,No,No,No
ACC-3750,Sulawesi,Key,Sulawesi-Key,Control,250,No,No,No
ACC-3751,Sulawesi,Key,Sulawesi-Key,Treatment,1,Yes,Yes,No
ACC-3752,Sulawesi,Key,Sulawesi-Key,Treatment,2,Yes,Yes,No
ACC-3753,Sulawesi,Key,Sulawesi-Key,Treatment,3,Yes,Yes,No
ACC-3754,Sulawesi,Key,Sulawesi-Key,Treatment,4,Yes,Yes,No
ACC-3755,Sulawesi,Key,Sulawesi-Key,Treatment,5,Yes,Yes,No
ACC-3756,Sulawesi,Key,Sulawesi-Key,Treatment,6,Yes,Yes,No
ACC-3757,Sulawesi,Key,Sulawesi-Key,Treatment,7,Yes,Yes,No
ACC-3758,Sulawesi,Key,Sulawesi-Key,Treatment,8,Yes,Yes,No
ACC-3759,Sulawesi,Key,Sulawesi-Key,Treatment,9,Yes,No,Yes
ACC-3760,Sulawesi,Key,Sulawesi-Key,Treatment,10,Yes,No,Yes
ACC-3761,Sulawesi,Key,Sulawesi-Key,Treatment,11,Yes,No,Yes
ACC-3762,Sulawesi,Key,Sulawesi-Key,Treatment,12,Yes,No,Yes
ACC-3763,Sulawesi,Key,Sulawesi-Key,Treatment,13,Yes,No,Yes
ACC-3764,Sulawesi,Key,Sulawesi-Key,Treatment,14,Yes,No,Yes
ACC-3765,Sulawesi,Key,Sulawesi-Key,Treatment,15,Yes,No,Yes
ACC-3766,Sulawesi,Key,Sulawesi-Key,Treatment,16,Yes,No,No
ACC-3767,Sulawesi,Key,Sulawesi-Key,Treatment,17,Yes,No,No
ACC-3768,Sulawesi,Key,Sulawesi-Key,Treatment,18,Yes,No,No
ACC-3769,Sulawesi,Key,Sulawesi-Key,Treatment,19,Yes,No,No
ACC-3770,Sulawesi,Key,Sulawesi-Key,Treatment,20,Yes,No,No
ACC-3771,Sulawesi,Key,Sulawesi-Key,Treatment,21,Yes,No,No
ACC-3772,Sulawesi,Key,Sulawesi-Key,Treatment,22,Yes,No,No
ACC-3773,Sulawesi,Key,Sulawesi-Key,Treatment,23,Yes,No,No
ACC-3774,Sulawesi,Key,Sulawesi-Key,Treatment,24,Yes,No,No
ACC-3775,Sulawesi,Key,Sulawesi-Key,Treatment,25,Yes,No,No
ACC-3776,Sulawesi,Key,Sulawesi-Key,Treatment,26,Yes,No,No
ACC-3777,Sulawesi,Key,Sulawesi-Key,Treatment,27,Yes,No,No
ACC-3778,Sulawesi,Key,Sulawesi-Key,Treatment,28,Yes,No,No
ACC-3779,Sulawesi,Key,Sulawesi-Key,Treatment,29,Yes,No,No
ACC-3780,Sulawesi,Key,Sulawesi-Key,Treatment,30,Yes,No,No
ACC-3781,Sulawesi,Key,Sulawesi-Key,Treatment,31,Yes,No,No
ACC-3782,Sulawesi,Key,Sulawesi-Key,Treatment,32,Yes,No,No
ACC-3783,Sulawesi,Key,Sulawesi-Key,Treatment,33,Yes,No,No
ACC-3784,Sulawesi,Key,Sulawesi-Key,Treatment,34,Yes,No,No
ACC-3785,Sulawesi,Key,Sulawesi-Key,Treatment,35,Yes,No,No
ACC-3786,Sulawesi,Key,Sulawesi-Key,Treatment,36,Yes,No,No
ACC-3787,Sulawesi,Key,Sulawesi-Key,Treatment,37,Yes,No,No
ACC-3788,Sulawesi,Key,Sulawesi-Key,Treatment,38,Yes,No,No
ACC-3789,Sulawesi,Key,Sulawesi-Key,Treatment,39,Yes,No,No
ACC-3790,Sulawesi,Key,Sulawesi-Key,Treatment,40,Yes,No,No
ACC-3791,Sulawesi,Key,Sulawesi-Key,Treatment,41,Yes,No,No
ACC-3792,Sulawesi,Key,Sulawesi-Key,Treatment,42,Yes,No,No
ACC-3793,Sulawesi,Key,Sulawesi-Key,Treatment,43,Yes,No,No
ACC-3794,Sulawesi,Key,Sulawesi-Key,Treatment,44,Yes,No,No
ACC-3795,Sulawesi,Key,Sulawesi-Key,Treatment,45,Yes,No,No
ACC-3796,Sulawesi,Key,Sulawesi-Key,Treatment,46,Yes,No,No
ACC-3797,Sulawesi,Key,Sulawesi-Key,Treatment,47,Yes,No,No
ACC-3798,Sulawesi,Key,Sulawesi-Key,Treatment,48,Yes,No,No
ACC-3799,Sulawesi,Key,Sulawesi-Key,Treatment,49,Yes,No,No
ACC-3800,Sulawesi,Key,Sulawesi-Key,Treatment,50,Yes,No,No
ACC-3801,Sulawesi,Key,Sulawesi-Key,Treatment,51,Yes,No,No
ACC-3802,Sulawesi,Key,Sulawesi-Key,Treatment,52,Yes,No,No
ACC-3803,Sulawesi,Key,Sulawesi-Key,Treatment,53,Yes,No,No
ACC-3804,Sulawesi,Key,Sulawesi-Key,Treatment,54,Yes,No,No
ACC-3805,Sulawesi,Key,Sulawesi-Key,Treatment,55,Yes,No,No
ACC-3806,Sulawesi,Key,Sulawesi-Key,Treatment,56,Yes,No,No
ACC-3807,Sulawesi,Key,Sulawesi-Key,Treatment,57,Yes,No,No
ACC-3808,Sulawesi,Key,Sulawesi-Key,Treatment,58,Yes,No,No
ACC-3809,Sulawesi,Key,Sulawesi-Key,Treatment,59,Yes,No,No
ACC-3810,Sulawesi,Key,Sulawesi-Key,Treatment,60,Yes,No,No
ACC-3811,Sulawesi,Key,Sulawesi-Key,Treatment,61,Yes,No,No
ACC-3812,Sulawesi,Key,Sulawesi-Key,Treatment,62,Yes,No,No
ACC-3813,Sulawesi,Key,Sulawesi-Key,Treatment,63,Yes,No,No
ACC-3814,Sulawesi,Key,Sulawesi-Key,Treatment,64,Yes,No,No
ACC-3815,Sulawesi,Key,Sulawesi-Key,Treatment,65,Yes,No,No
ACC-3816,Sulawesi,Key,Sulawesi-Key,Treatment,66,Yes,No,No
ACC-3817,Sulawesi,Key,Sulawesi-Key,Treatment,67,Yes,No,No
ACC-3818,Sulawesi,Key,Sulawesi-Key,Treatment,68,Yes,No,No
ACC-3819,Sulawesi,Key,Sulawesi-Key,Treatment,69,Yes,No,No
ACC-3820,Sulawesi,Key,Sulawesi-Key,Treatment,70,Yes,No,No
ACC-3821,Sulawesi,Key,Sulawesi-Key,Treatment,71,Yes,No,No
ACC-3822,Sulawesi,Key,Sulawesi-Key,Treatment,72,Yes,No,No
ACC-3823,Sulawesi,Key,Sulawesi-Key,Treatment,73,Yes,No,No
ACC-3824,Sulawesi,Key,Sulawesi-Key,Treatment,74,Yes,No,No
ACC-3825,Sulawesi,Key,Sulawesi-Key,Treatment,75,Yes,No,No
ACC-3826,Sulawesi,Key,Sulawesi-Key,Treatment,76,Yes,No,No
ACC-3827,Sulawesi,Key,Sulawesi-Key,Treatment,77,Yes,No,No
ACC-3828,Sulawesi,Key,Sulawesi-Key,Treatment,78,Yes,No,No
ACC-3829,Sulawesi,Key,Sulawesi-Key,Treatment,79,Yes,No,No
ACC-3830,Sulawesi,Key,Sulawesi-Key,Treatment,80,Yes,No,No
ACC-3831,Sulawesi,Key,Sulawesi-Key,Treatment,81,Yes,No,No
ACC-3832,Sulawesi,Key,Sulawesi-Key,Treatment,82,Yes,No,No
ACC-3833,Sulawesi,Key,Sulawesi-Key,Treatment,83,Yes,No,No
ACC-3834,Sulawesi,Key,Sulawesi-Key,Treatment,84,Yes,No,No
ACC-3835,Sulawesi,Key,Sulawesi-Key,Treatment,85,Yes,No,No
ACC-3836,Sulawesi,Key,Sulawesi-Key,Treatment,86,No,No,No
ACC-3837,Sulawesi,Key,Sulawesi-Key,Treatment,87,No,No,No
ACC-3838,Sulawesi,Key,Sulawesi-Key,Treatment,88,No,No,No
ACC-3839,Sulawesi,Key,Sulawesi-Key,Treatment,89,No,No,No
ACC-3840,Sulawesi,Key,Sulawesi-Key,Treatment,90,No,No,No
ACC-3841,Sulawesi,Key,Sulawesi-Key,Treatment,91,No,No,No
ACC-3842,Sulawesi,Key,Sulawesi-Key,Treatment,92,No,No,No
ACC-3843,Sulawesi,Key,Sulawesi-Key,Treatment,93,No,No,No
ACC-3844,Sulawesi,Key,Sulawesi-Key,Treatment,94,No,No,No
ACC-3845,Sulawesi,Key,Sulawesi-Key,Treatment,95,No,No,No
ACC-3846,Sulawesi,Key,Sulawesi-Key,Treatment,96,No,No,No
ACC-3847,Sulawesi,Key,Sulawesi-Key,Treatment,97,No,No,No
ACC-3848,Sulawesi,Key,Sulawesi-Key,Treatment,98,No,No,No
ACC-3849,Sulawesi,Key,Sulawesi-Key,Treatment,99,No,No,No
ACC-3850,Sulawesi,Key,Sulawesi-Key,Treatment,100,No,No,No
ACC-3851,Sulawesi,Key,Sulawesi-Key,Treatment,101,No,No,No
ACC-3852,Sulawesi,Key,Sulawesi-Key,Treatment,102,No,No,No
ACC-3853,Sulawesi,Key,Sulawesi-Key,Treatment,103,No,No,No
ACC-3854,Sulawesi,Key,Sulawesi-Key,Treatment,104,No,No,No
ACC-3855,Sulawesi,Key,Sulawesi-Key,Treatment,105,No,No,No
ACC-3856,Sulawesi,Key,Sulawesi-Key,Treatment,106,No,No,No
ACC-3857,Sulawesi,Key,Sulawesi-Key,Treatment,107,No,No,No
ACC-3858,Sulawesi,Key,Sulawesi-Key,Treatment,108,No,No,No
ACC-3859,Sulawesi,Key,Sulawesi-Key,Treatment,109,No,No,No
ACC-3860,Sulawesi,Key,Sulawesi-Key,Treatment,110,No,No,No
ACC-3861,Sulawesi,Key,Sulawesi-Key,Treatment,111,No,No,No
ACC-3862,Sulawesi,Key,Sulawesi-Key,Treatment,112,No,No,No
ACC-3863,Sulawesi,Key,Sulawesi-Key,Treatment,113,No,No,No
ACC-3864,Sulawesi,Key,Sulawesi-Key,Treatment,114,No,No,No
ACC-3865,Sulawesi,Key,Sulawesi-Key,Treatment,115,No,No,No
ACC-3866,Sulawesi,Key,Sulawesi-Key,Treatment,116,No,No,No
ACC-3867,Sulawesi,Key,Sulawesi-Key,Treatment,117,No,No,No
ACC-3868,Sulawesi,Key,Sulawesi-Key,Treatment,118,No,No,No
ACC-3869,Sulawesi,Key,Sulawesi-Key,Treatment,119,No,No,No
ACC-3870,Sulawesi,Key,Sulawesi-Key,Treatment,120,No,No,No
ACC-3871,Sulawesi,Key,Sulawesi-Key,Treatment,121,No,No,No
ACC-3872,Sulawesi,Key,Sulawesi-Key,Treatment,122,No,No,No
ACC-3873,Sulawesi,Key,Sulawesi-Key,Treatment,123,No,No,No
ACC-3874,Sulawesi,Key,Sulawesi-Key,Treatment,124,No,No,No
ACC-3875,Sulawesi,Key,Sulawesi-Key,Treatment,125,No,No,No
ACC-3876,Sulawesi,Key,Sulawesi-Key,Treatment,126,No,No,No
ACC-3877,Sulawesi,Key,Sulawesi-Key,Treatment,127,No,No,No
ACC-3878,Sulawesi,Key,Sulawesi-Key,Treatment,128,No,No,No
ACC-3879,Sulawesi,Key,Sulawesi-Key,Treatment,129,No,No,No
ACC-3880,Sulawesi,Key,Sulawesi-Key,Treatment,130,No,No,No
ACC-3881,Sulawesi,Key,Sulawesi-Key,Treatment,131,No,No,No
ACC-3882,Sulawesi,Key,Sulawesi-Key,Treatment,132,No,No,No
ACC-3883,Sulawesi,Key,Sulawesi-Key,Treatment,133,No,No,No
ACC-3884,Sulawesi,Key,Sulawesi-Key,Treatment,134,No,No,No
ACC-3885,Sulawesi,Key,Sulawesi-Key,Treatment,135,No,No,No
ACC-3886,Sulawesi,Key,Sulawesi-Key,Treatment,136,No,No,No
ACC-3887,Sulawesi,Key,Sulawesi-Key,Treatment,137,No,No,No
ACC-3888,Sulawesi,Key,Sulawesi-Key,Treatment,138,No,No,No
ACC-3889,Sulawesi,Key,Sulawesi-Key,Treatment,139,No,No,No
ACC-3890,Sulawesi,Key,Sulawesi-Key,Treatment,140,No,No,No
ACC-3891,Sulawesi,Key,Sulawesi-Key,Treatment,141,No,No,No
ACC-3892,Sulawesi,Key,Sulawesi-Key,Treatment,142,No,No,No
ACC-3893,Sulawesi,Key,Sulawesi-Key,Treatment,143,No,No,No
ACC-3894,Sulawesi,Key,Sulawesi-Key,Treatment,144,No,No,No
ACC-3895,Sulawesi,Key,Sulawesi-Key,Treatment,145,No,No,No
ACC-3896,Sulawesi,Key,Sulawesi-Key,Treatment,146,No,No,No
ACC-3897,Sulawesi,Key,Sulawesi-Key,Treatment,147,No,No,No
ACC-3898,Sulawesi,Key,Sulawesi-Key,Treatment,148,No,No,No
ACC-3899,Sulawesi,Key,Sulawesi-Key,Treatment,149,No,No,No
ACC-3900,Sulawesi,Key,Sulawesi-Key,Treatment,150,No,No,No
ACC-3901,Sulawesi,Key,Sulawesi-Key,Treatment,151,No,No,No
ACC-3902,Sulawesi,Key,Sulawesi-Key,Treatment,152,No,No,No
ACC-3903,Sulawesi,Key,Sulawesi-Key,Treatment,153,No,No,No
ACC-3904,Sulawesi,Key,Sulawesi-Key,Treatment,154,No,No,No
ACC-3905,Sulawesi,Key,Sulawesi-Key,Treatment,155,No,No,No
ACC-3906,Sulawesi,Key,Sulawesi-Key,Treatment,156,No,No,No
ACC-3907,Sulawesi,Key,Sulawesi-Key,Treatment,157,No,No,No
ACC-3908,Sulawesi,Key,Sulawesi-Key,Treatment,158,No,No,No
ACC-3909,Sulawesi,Key,Sulawesi-Key,Treatment,159,No,No,No
ACC-3910,Sulawesi,Key,Sulawesi-Key,Treatment,160,No,No,No
ACC-3911,Sulawesi,Key,Sulawesi-Key,Treatment,161,No,No,No
ACC-3912,Sulawesi,Key,Sulawesi-Key,Treatment,162,No,No,No
ACC-3913,Sulawesi,Key,Sulawesi-Key,Treatment,163,No,No,No
ACC-3914,Sulawesi,Key,Sulawesi-Key,Treatment,164,No,No,No
ACC-3915,Sulawesi,Key,Sulawesi-Key,Treatment,165,No,No,No
ACC-3916,Sulawesi,Key,Sulawesi-Key,Treatment,166,No,No,No
ACC-3917,Sulawesi,Key,Sulawesi-Key,Treatment,167,No,No,No
ACC-3918,Sulawesi,Key,Sulawesi-Key,Treatment,168,No,No,No
ACC-3919,Sulawesi,Key,Sulawesi-Key,Treatment,169,No,No,No
ACC-3920,Sulawesi,Key,Sulawesi-Key,Treatment,170,No,No,No
ACC-3921,Sulawesi,Key,Sulawesi-Key,Treatment,171,No,No,No
ACC-3922,Sulawesi,Key,Sulawesi-Key,Treatment,172,No,No,No
ACC-3923,Sulawesi,Key,Sulawesi-Key,Treatment,173,No,No,No
ACC-3924,Sulawesi,Key,Sulawesi-Key,Treatment,174,No,No,No
ACC-3925,Sulawesi,Key,Sulawesi-Key,Treatment,175,No,No,No
ACC-3926,Sulawesi,Key,Sulawesi-Key,Treatment,176,No,No,No
ACC-3927,Sulawesi,Key,Sulawesi-Key,Treatment,177,No,No,No
ACC-3928,Sulawesi,Key,Sulawesi-Key,Treatment,178,No,No,No
ACC-3929,Sulawesi,Key,Sulawesi-Key,Treatment,179,No,No,No
ACC-3930,Sulawesi,Key,Sulawesi-Key,Treatment,180,No,No,No
ACC-3931,Sulawesi,Key,Sulawesi-Key,Treatment,181,No,No,No
ACC-3932,Sulawesi,Key,Sulawesi-Key,Treatment,182,No,No,No
ACC-3933,Sulawesi,Key,Sulawesi-Key,Treatment,183,No,No,No
ACC-3934,Sulawesi,Key,Sulawesi-Key,Treatment,184,No,No,No
ACC-3935,Sulawesi,Key,Sulawesi-Key,Treatment,185,No,No,No
ACC-3936,Sulawesi,Key,Sulawesi-Key,Treatment,186,No,No,No
ACC-3937,Sulawesi,Key,Sulawesi-Key,Treatment,187,No,No,No
ACC-3938,Sulawesi,Key,Sulawesi-Key,Treatment,188,No,No,No
ACC-3939,Sulawesi,Key,Sulawesi-Key,Treatment,189,No,No,No
ACC-3940,Sulawesi,Key,Sulawesi-Key,Treatment,190,No,No,No
ACC-3941,Sulawesi,Key,Sulawesi-Key,Treatment,191,No,No,No
ACC-3942,Sulawesi,Key,Sulawesi-Key,Treatment,192,No,No,No
ACC-3943,Sulawesi,Key,Sulawesi-Key,Treatment,193,No,No,No
ACC-3944,Sulawesi,Key,Sulawesi-Key,Treatment,194,No,No,No
ACC-3945,Sulawesi,Key,Sulawesi-Key,Treatment,195,No,No,No
ACC-3946,Sulawesi,Key,Sulawesi-Key,Treatment,196,No,No,No
ACC-3947,Sulawesi,Key,Sulawesi-Key,Treatment,197,No,No,No
ACC-3948,Sulawesi,Key,Sulawesi-Key,Treatment,198,No,No,No
ACC-3949,Sulawesi,Key,Sulawesi-Key,Treatment,199,No,No,No
ACC-3950,Sulawesi,Key,Sulawesi-Key,Treatment,200,No,No,No
ACC-3951,Sulawesi,Key,Sulawesi-Key,Treatment,201,No,No,No
ACC-3952,Sulawesi,Key,Sulawesi-Key,Treatment,202,No,No,No
ACC-3953,Sulawesi,Key,Sulawesi-Key,Treatment,203,No,No,No
ACC-3954,Sulawesi,Key,Sulawesi-Key,Treatment,204,No,No,No
ACC-3955,Sulawesi,Key,Sulawesi-Key,Treatment,205,No,No,No
ACC-3956,Sulawesi,Key,Sulawesi-Key,Treatment,206,No,No,No
ACC-3957,Sulawesi,Key,Sulawesi-Key,Treatment,207,No,No,No
ACC-3958,Sulawesi,Key,Sulawesi-Key,Treatment,208,No,No,No
ACC-3959,Sulawesi,Key,Sulawesi-Key,Treatment,209,No,No,No
ACC-3960,Sulawesi,Key,Sulawesi-Key,Treatment,210,No,No,No
ACC-3961,Sulawesi,Key,Sulawesi-Key,Treatment,211,No,No,No
ACC-3962,Sulawesi,Key,Sulawesi-Key,Treatment,212,No,No,No
ACC-3963,Sulawesi,Key,Sulawesi-Key,Treatment,213,No,No,No
ACC-3964,Sulawesi,Key,Sulawesi-Key,Treatment,214,No,No,No
ACC-3965,Sulawesi,Key,Sulawesi-Key,Treatment,215,No,No,No
ACC-3966,Sulawesi,Key,Sulawesi-Key,Treatment,216,No,No,No
ACC-3967,Sulawesi,Key,Sulawesi-Key,Treatment,217,No,No,No
ACC-3968,Sulawesi,Key,Sulawesi-Key,Treatment,218,No,No,No
ACC-3969,Sulawesi,Key,Sulawesi-Key,Treatment,219,No,No,No
ACC-3970,Sulawesi,Key,Sulawesi-Key,Treatment,220,No,No,No
ACC-3971,Sulawesi,Key,Sulawesi-Key,Treatment,221,No,No,No
ACC-3972,Sulawesi,Key,Sulawesi-Key,Treatment,222,No,No,No
ACC-3973,Sulawesi,Key,Sulawesi-Key,Treatment,223,No,No,No
ACC-3974,Sulawesi,Key,Sulawesi-Key,Treatment,224,No,No,No
ACC-3975,Sulawesi,Key,Sulawesi-Key,Treatment,225,No,No,No
ACC-3976,Sulawesi,Key,Sulawesi-Key,Treatment,226,No,No,No
ACC-3977,Sulawesi,Key,Sulawesi-Key,Treatment,227,No,No,No
ACC-3978,Sulawesi,Key,Sulawesi-Key,Treatment,228,No,No,No
ACC-3979,Sulawesi,Key,Sulawesi-Key,Treatment,229,No,No,No
ACC-3980,Sulawesi,Key,Sulawesi-Key,Treatment,230,No,No,No
ACC-3981,Sulawesi,Key,Sulawesi-Key,Treatment,231,No,No,No
ACC-3982,Sulawesi,Key,Sulawesi-Key,Treatment,232,No,No,No
ACC-3983,Sulawesi,Key,Sulawesi-Key,Treatment,233,No,No,No
ACC-3984,Sulawesi,Key,Sulawesi-Key,Treatment,234,No,No,No
ACC-3985,Sulawesi,Key,Sulawesi-Key,Treatment,235,No,No,No
ACC-3986,Sulawesi,Key,Sulawesi-Key,Treatment,236,No,No,No
ACC-3987,Sulawesi,Key,Sulawesi-Key,Treatment,237,No,No,No
ACC-3988,Sulawesi,Key,Sulawesi-Key,Treatment,238,No,No,No
ACC-3989,Sulawesi,Key,Sulawesi-Key,Treatment,239,No,No,No
ACC-3990,Sulawesi,Key,Sulawesi-Key,Treatment,240,No,No,No
ACC-3991,Sulawesi,Key,Sulawesi-Key,Treatment,241,No,No,No
ACC-3992,Sulawesi,Key,Sulawesi-Key,Treatment,242,No,No,No
ACC-3993,Sulawesi,Key,Sulawesi-Key,Treatment,243,No,No,No
ACC-3994,Sulawesi,Key,Sulawesi-Key,Treatment,244,No,No,No
ACC-3995,Sulawesi,Key,Sulawesi-Key,Treatment,245,No,No,No
ACC-3996,Sulawesi,Key,Sulawesi-Key,Treatment,246,No,No,No
ACC-3997,Sulawesi,Key,Sulawesi-Key,Treatment,247,No,No,No
ACC-3998,Sulawesi,Key,Sulawesi-Key,Treatment,248,No,No,No
ACC-3999,Sulawesi,Key,Sulawesi-Key,Treatment,249,No,No,No
ACC-4000,Sulawesi,Key,Sulawesi-Key,Treatment,250,No,No,No
