shipment_id,prediction_date,split,route_distance_km,port_congestion_index,fragile_product,actual_late,true_late_probability,train_prevalence_baseline,raw_probability,calibrated_probability,raw_predicted_late,calibrated_predicted_late,raw_brier_contribution,calibrated_brier_contribution
S47-0001,2023-01-01,train,480.0,0.740,1,0,0.564636,0.290000,0.240567,0.324753,0,0,0.057872,0.105464
S47-0002,2023-01-02,train,640.5,0.799,0,0,0.504625,0.290000,0.273943,0.348044,0,0,0.075045,0.121135
S47-0003,2023-01-03,train,221.1,0.518,0,0,0.110790,0.290000,0.012028,0.190518,0,0,0.000145,0.036297
S47-0004,2023-01-04,train,212.6,0.598,1,0,0.275239,0.290000,0.081098,0.226064,0,0,0.006577,0.051105
S47-0005,2023-01-05,train,323.8,0.363,0,0,0.096250,0.290000,0.041070,0.204918,0,0,0.001687,0.041991
S47-0006,2023-01-06,train,451.9,0.456,0,0,0.171320,0.290000,0.064373,0.217046,0,0,0.004144,0.047109
S47-0007,2023-01-07,train,465.8,0.513,0,1,0.203656,0.290000,0.145105,0.262983,0,0,0.730846,0.543194
S47-0008,2023-01-08,train,524.1,0.304,0,0,0.139951,0.290000,0.086310,0.228929,0,0,0.007449,0.052408
S47-0009,2023-01-09,train,579.9,0.367,1,1,0.363709,0.290000,0.208755,0.303331,0,0,0.626068,0.485348
S47-0010,2023-01-10,train,436.3,0.259,1,0,0.211802,0.290000,0.007517,0.188352,0,0,0.000057,0.035476
S47-0011,2023-01-11,train,621.0,0.341,0,0,0.195604,0.290000,0.030848,0.199760,0,0,0.000952,0.039904
S47-0012,2023-01-12,train,744.5,0.416,0,1,0.306082,0.290000,0.475165,0.500392,0,1,0.275451,0.249608
S47-0013,2023-01-13,train,677.2,0.684,0,1,0.446110,0.290000,0.262759,0.340152,0,0,0.543524,0.435400
S47-0014,2023-01-14,train,805.0,0.235,0,0,0.235052,0.290000,0.212715,0.305954,0,0,0.045248,0.093608
S47-0015,2023-01-15,train,1004.4,0.470,0,1,0.530761,0.290000,0.589050,0.588479,1,1,0.168880,0.169349
S47-0016,2023-01-16,train,487.8,0.326,1,1,0.277159,0.290000,0.196956,0.295591,0,0,0.644879,0.496192
S47-0017,2023-01-17,train,956.5,0.477,0,1,0.500125,0.290000,0.568844,0.573097,1,1,0.185896,0.182246
S47-0018,2023-01-18,train,397.4,0.381,1,0,0.256393,0.290000,0.102426,0.237946,0,0,0.010491,0.056618
S47-0019,2023-01-19,train,606.9,0.502,0,0,0.274223,0.290000,0.138894,0.259236,0,0,0.019292,0.067203
S47-0020,2023-01-20,train,831.9,0.419,0,0,0.366491,0.290000,0.187838,0.289689,0,0,0.035283,0.083920
S47-0021,2023-01-21,train,906.8,0.651,0,0,0.592280,0.290000,0.453294,0.483300,0,0,0.205475,0.233579
S47-0022,2023-01-22,train,764.8,0.313,1,0,0.458446,0.290000,0.379665,0.426277,0,0,0.144146,0.181712
S47-0023,2023-01-23,train,769.2,0.623,1,1,0.684947,0.290000,0.846790,0.761991,1,1,0.023473,0.056648
S47-0024,2023-01-24,train,898.5,0.719,0,1,0.634715,0.290000,0.580550,0.582028,1,1,0.175939,0.174701
S47-0025,2023-01-25,train,640.2,0.505,0,1,0.296421,0.290000,0.253209,0.333481,0,0,0.557698,0.444248
S47-0026,2023-01-26,train,765.9,0.712,0,0,0.533375,0.290000,0.318403,0.380218,0,0,0.101380,0.144566
S47-0027,2023-01-27,train,474.9,0.697,0,0,0.313394,0.290000,0.054515,0.211853,0,0,0.002972,0.044882
S47-0028,2023-01-28,train,294.3,0.519,0,0,0.134691,0.290000,0.007650,0.188416,0,0,0.000059,0.035500
S47-0029,2023-01-29,train,169.2,0.802,0,0,0.199983,0.290000,0.193769,0.293520,0,0,0.037546,0.086154
S47-0030,2023-01-30,train,938.7,0.701,0,1,0.650014,0.290000,0.607444,0.602334,1,1,0.154100,0.158138
S47-0031,2023-01-31,train,758.7,0.137,0,0,0.166186,0.290000,0.133735,0.256150,0,0,0.017885,0.065613
S47-0032,2023-02-01,train,508.4,0.440,1,0,0.364751,0.290000,0.120852,0.248550,0,0,0.014605,0.061777
S47-0033,2023-02-02,train,483.9,0.146,0,0,0.082391,0.290000,0.021025,0.194894,0,0,0.000442,0.037984
S47-0034,2023-02-03,train,497.9,0.382,0,0,0.159722,0.290000,0.079492,0.225187,0,0,0.006319,0.050709
S47-0035,2023-02-04,train,364.3,0.623,0,0,0.207823,0.290000,0.073330,0.221843,0,0,0.005377,0.049214
S47-0036,2023-02-05,train,431.1,0.240,0,0,0.092230,0.290000,0.005435,0.187359,0,0,0.000030,0.035103
S47-0037,2023-02-06,train,522.9,0.625,1,0,0.510923,0.290000,0.517176,0.533185,1,1,0.267471,0.284286
S47-0038,2023-02-07,train,835.3,0.130,1,1,0.376578,0.290000,0.371573,0.420100,0,0,0.394921,0.336284
S47-0039,2023-02-08,train,682.3,0.271,1,0,0.368164,0.290000,0.293128,0.361778,0,0,0.085924,0.130883
S47-0040,2023-02-09,train,287.2,0.518,0,0,0.131884,0.290000,0.007775,0.188475,0,0,0.000060,0.035523
S47-0041,2023-02-10,train,857.9,0.338,0,0,0.329091,0.290000,0.099669,0.236386,0,0,0.009934,0.055878
S47-0042,2023-02-11,train,798.4,0.716,0,1,0.560502,0.290000,0.606698,0.601775,1,1,0.154686,0.158583
S47-0043,2023-02-12,train,650.4,0.125,0,0,0.121981,0.290000,0.030790,0.199731,0,0,0.000948,0.039892
S47-0044,2023-02-13,train,627.5,0.363,1,0,0.394485,0.290000,0.215600,0.307872,0,0,0.046483,0.094785
S47-0045,2023-02-14,train,718.8,0.229,1,0,0.364335,0.290000,0.212259,0.305651,0,0,0.045054,0.093422
S47-0046,2023-02-15,train,648.6,0.672,0,0,0.416247,0.290000,0.181789,0.285812,0,0,0.033047,0.081688
S47-0047,2023-02-16,train,459.7,0.233,0,0,0.097801,0.290000,0.005435,0.187359,0,0,0.000030,0.035103
S47-0048,2023-02-17,train,1006.2,0.221,1,1,0.569938,0.290000,0.551796,0.560007,1,1,0.200887,0.193594
S47-0049,2023-02-18,train,806.2,0.287,1,0,0.469936,0.290000,0.287477,0.357708,0,0,0.082643,0.127955
S47-0050,2023-02-19,train,700.7,0.748,0,0,0.511523,0.290000,0.284222,0.355372,0,0,0.080782,0.126289
S47-0051,2023-02-20,train,447.4,0.675,0,0,0.282357,0.290000,0.072768,0.221539,0,0,0.005295,0.049080
S47-0052,2023-02-21,train,386.4,0.334,1,1,0.224645,0.290000,0.224797,0.314034,0,0,0.600940,0.470549
S47-0053,2023-02-22,train,813.6,0.079,0,0,0.164902,0.290000,0.049392,0.209191,0,0,0.002440,0.043761
S47-0054,2023-02-23,train,683.6,0.523,0,0,0.336217,0.290000,0.263588,0.340733,0,0,0.069478,0.116099
S47-0055,2023-02-24,train,728.3,0.549,0,0,0.385066,0.290000,0.150863,0.266488,0,0,0.022760,0.071016
S47-0056,2023-02-25,train,402.3,0.118,1,0,0.137158,0.290000,0.023753,0.196236,0,0,0.000564,0.038509
S47-0057,2023-02-26,train,628.7,0.217,1,0,0.296734,0.290000,0.119699,0.247878,0,0,0.014328,0.061443
S47-0058,2023-02-27,train,364.2,0.342,0,0,0.101433,0.290000,0.065977,0.217899,0,0,0.004353,0.047480
S47-0059,2023-02-28,train,530.7,0.824,0,0,0.441297,0.290000,0.178039,0.283425,0,0,0.031698,0.080330
S47-0060,2023-03-01,train,608.4,0.793,0,0,0.476068,0.290000,0.304877,0.370303,0,0,0.092950,0.137124
S47-0061,2023-03-02,train,908.0,0.770,0,0,0.675682,0.290000,0.524373,0.538782,1,1,0.274967,0.290286
S47-0062,2023-03-03,train,465.1,0.317,0,0,0.124150,0.290000,0.029620,0.199146,0,0,0.000877,0.039659
S47-0063,2023-03-04,train,383.9,0.289,0,0,0.092684,0.290000,0.026817,0.197752,0,0,0.000719,0.039106
S47-0064,2023-03-05,train,736.4,0.435,0,1,0.313071,0.290000,0.421698,0.458689,0,0,0.334433,0.293018
S47-0065,2023-03-06,train,774.0,0.394,0,0,0.310882,0.290000,0.197894,0.296202,0,0,0.039162,0.087736
S47-0066,2023-03-07,train,304.3,0.138,0,0,0.048656,0.290000,0.005435,0.187359,0,0,0.000030,0.035103
S47-0067,2023-03-08,train,743.3,0.586,1,1,0.642883,0.290000,0.788974,0.727671,1,1,0.044532,0.074163
S47-0068,2023-03-09,train,852.1,0.331,0,0,0.320669,0.290000,0.104133,0.238915,0,0,0.010844,0.057080
S47-0069,2023-03-10,train,551.4,0.778,0,1,0.422675,0.290000,0.240102,0.324434,0,0,0.577445,0.456389
S47-0070,2023-03-11,train,657.8,0.164,0,0,0.137691,0.290000,0.020351,0.194564,0,0,0.000414,0.037855
S47-0071,2023-03-12,train,794.5,0.201,0,1,0.211902,0.290000,0.381835,0.427937,0,0,0.382128,0.327256
S47-0072,2023-03-13,train,764.0,0.608,0,1,0.454129,0.290000,0.569149,0.573331,1,1,0.185632,0.182047
S47-0073,2023-03-14,train,599.4,0.605,0,1,0.334745,0.290000,0.381089,0.427366,0,0,0.383051,0.327910
S47-0074,2023-03-15,train,561.4,0.567,1,1,0.496300,0.290000,0.676768,0.652937,1,1,0.104479,0.120453
S47-0075,2023-03-16,train,673.8,0.588,0,0,0.374116,0.290000,0.211324,0.305031,0,0,0.044658,0.093044
S47-0076,2023-03-17,train,731.7,0.153,0,0,0.161664,0.290000,0.041402,0.205087,0,0,0.001714,0.042061
S47-0077,2023-03-18,train,566.8,0.397,0,0,0.196455,0.290000,0.148089,0.264796,0,0,0.021930,0.070117
S47-0078,2023-03-19,train,459.3,0.300,0,0,0.116902,0.290000,0.030250,0.199461,0,0,0.000915,0.039785
S47-0079,2023-03-20,train,743.3,0.789,1,1,0.767973,0.290000,0.827437,0.750843,1,1,0.029778,0.062079
S47-0080,2023-03-21,train,781.5,0.352,0,0,0.289153,0.290000,0.255508,0.335081,0,0,0.065284,0.112279
S47-0081,2023-03-22,train,818.3,0.296,1,1,0.485729,0.290000,0.439162,0.472275,0,0,0.314539,0.278493
S47-0082,2023-03-23,train,531.8,0.681,0,0,0.340380,0.290000,0.194589,0.294052,0,0,0.037865,0.086467
S47-0083,2023-03-24,train,941.0,0.692,1,1,0.817425,0.290000,0.969989,0.824750,1,1,0.000901,0.030713
S47-0084,2023-03-25,train,1105.1,0.507,0,1,0.630951,0.290000,0.618170,0.610340,1,1,0.145794,0.151835
S47-0085,2023-03-26,train,457.0,0.460,0,1,0.175231,0.290000,0.124574,0.250731,0,0,0.766370,0.561405
S47-0086,2023-03-27,train,677.6,0.654,1,1,0.644466,0.290000,0.740147,0.696389,1,1,0.067523,0.092180
S47-0087,2023-03-28,train,738.9,0.664,0,0,0.477191,0.290000,0.310127,0.374139,0,0,0.096179,0.139980
S47-0088,2023-03-29,train,199.5,0.276,0,0,0.053479,0.290000,0.005435,0.187359,0,0,0.000030,0.035103
S47-0089,2023-03-30,train,531.4,0.361,0,0,0.164819,0.290000,0.068902,0.219462,0,0,0.004748,0.048164
S47-0090,2023-03-31,train,359.6,0.674,1,0,0.425753,0.290000,0.150900,0.266510,0,0,0.022771,0.071028
S47-0091,2023-04-01,train,501.7,0.403,0,0,0.169962,0.290000,0.087243,0.229444,0,0,0.007611,0.052644
S47-0092,2023-04-02,train,330.5,0.590,0,0,0.176753,0.290000,0.029091,0.198883,0,0,0.000846,0.039554
S47-0093,2023-04-03,train,494.5,0.187,1,0,0.204973,0.290000,0.069254,0.219650,0,0,0.004796,0.048246
S47-0094,2023-04-04,train,570.0,0.442,0,1,0.220286,0.290000,0.218828,0.310028,0,0,0.610229,0.476062
S47-0095,2023-04-05,train,531.1,0.360,0,0,0.164283,0.290000,0.064514,0.217120,0,0,0.004162,0.047141
S47-0096,2023-04-06,train,842.4,0.269,0,0,0.275718,0.290000,0.057190,0.213253,0,0,0.003271,0.045477
S47-0097,2023-04-07,train,572.2,0.408,1,0,0.387128,0.290000,0.162507,0.273665,0,0,0.026408,0.074893
S47-0098,2023-04-08,train,738.8,0.681,1,1,0.702535,0.290000,0.807993,0.739296,1,1,0.036867,0.067967
S47-0099,2023-04-09,train,699.7,0.291,0,0,0.209507,0.290000,0.082355,0.226753,0,0,0.006782,0.051417
S47-0100,2023-04-10,train,582.0,0.769,0,0,0.438562,0.290000,0.243527,0.326786,0,0,0.059305,0.106789
S47-0101,2023-04-11,train,574.0,0.619,1,1,0.544631,0.290000,0.575019,0.577815,1,1,0.180609,0.178240
S47-0102,2023-04-12,train,781.1,0.629,0,1,0.482582,0.290000,0.431031,0.465943,0,0,0.323725,0.285216
S47-0103,2023-04-13,train,752.0,0.382,0,0,0.289462,0.290000,0.379750,0.426342,0,0,0.144210,0.181767
S47-0104,2023-04-14,train,855.9,0.384,0,0,0.358864,0.290000,0.074441,0.222443,0,0,0.005542,0.049481
S47-0105,2023-04-15,train,445.4,0.158,0,0,0.076576,0.290000,0.005435,0.187359,0,0,0.000030,0.035103
S47-0106,2023-04-16,train,697.0,0.520,0,1,0.343215,0.290000,0.299934,0.366706,0,0,0.490092,0.401061
S47-0107,2023-04-17,train,591.1,0.144,1,1,0.232419,0.290000,0.194862,0.294229,0,0,0.648247,0.498112
S47-0108,2023-04-18,train,637.1,0.621,0,0,0.371520,0.290000,0.368691,0.417906,0,0,0.135933,0.174646
S47-0109,2023-04-19,train,773.0,0.708,1,1,0.739428,0.290000,0.861629,0.770304,1,1,0.019147,0.052760
S47-0110,2023-04-20,train,952.5,0.550,0,0,0.551690,0.290000,0.407913,0.448007,0,0,0.166393,0.200710
S47-0111,2023-04-21,train,309.7,0.306,0,0,0.079227,0.290000,0.026375,0.197533,0,0,0.000696,0.039019
S47-0112,2023-04-22,train,448.0,0.273,1,0,0.224959,0.290000,0.009620,0.189360,0,0,0.000093,0.035857
S47-0113,2023-04-23,train,824.2,0.311,0,0,0.290203,0.290000,0.167344,0.276682,0,0,0.028004,0.076553
S47-0114,2023-04-24,train,704.9,0.312,0,0,0.222821,0.290000,0.145116,0.262990,0,0,0.021059,0.069164
S47-0115,2023-04-25,train,957.8,0.626,0,0,0.610972,0.290000,0.583036,0.583918,1,1,0.339931,0.340960
S47-0116,2023-04-26,train,805.5,0.473,0,0,0.385919,0.290000,0.321076,0.382190,0,0,0.103090,0.146069
S47-0117,2023-04-27,train,660.7,0.352,0,0,0.220647,0.290000,0.021415,0.195086,0,0,0.000459,0.038059
S47-0118,2023-04-28,train,735.1,0.284,0,0,0.223966,0.290000,0.172652,0.280016,0,0,0.029809,0.078409
S47-0119,2023-04-29,train,1058.6,0.350,0,1,0.481459,0.290000,0.387951,0.432625,0,0,0.374604,0.321914
S47-0120,2023-04-30,train,537.1,0.644,0,0,0.319363,0.290000,0.243796,0.326971,0,0,0.059436,0.106910
S47-0121,2023-05-01,train,630.1,0.642,0,1,0.381379,0.290000,0.523975,0.538473,1,1,0.226600,0.213007
S47-0122,2023-05-02,train,325.3,0.485,0,0,0.133646,0.290000,0.030022,0.199347,0,0,0.000901,0.039739
S47-0123,2023-05-03,train,541.8,0.404,0,1,0.188070,0.290000,0.186460,0.288803,0,0,0.661847,0.505801
S47-0124,2023-05-04,train,667.5,0.275,0,0,0.186563,0.290000,0.036811,0.202757,0,0,0.001355,0.041110
S47-0125,2023-05-05,train,578.8,0.771,1,0,0.656875,0.290000,0.517546,0.533473,1,1,0.267854,0.284593
S47-0126,2023-05-06,train,669.7,0.136,1,1,0.272317,0.290000,0.198976,0.296908,0,0,0.641639,0.494339
S47-0127,2023-05-07,train,342.2,0.537,1,1,0.318125,0.290000,0.165736,0.275677,0,0,0.695996,0.524644
S47-0128,2023-05-08,train,554.2,0.467,0,0,0.225063,0.290000,0.095622,0.234109,0,0,0.009144,0.054807
S47-0129,2023-05-09,train,615.9,0.605,1,1,0.565300,0.290000,0.629707,0.618884,1,1,0.137117,0.145249
S47-0130,2023-05-10,train,618.0,0.226,0,0,0.145791,0.290000,0.052739,0.210927,0,0,0.002781,0.044490
S47-0131,2023-05-11,train,931.2,0.629,0,1,0.594018,0.290000,0.506027,0.524498,1,1,0.244010,0.226102
S47-0132,2023-05-12,train,255.4,0.716,0,0,0.200079,0.290000,0.219000,0.310143,0,0,0.047961,0.096189
S47-0133,2023-05-13,train,820.4,0.196,0,0,0.222562,0.290000,0.124924,0.250936,0,0,0.015606,0.062969
S47-0134,2023-05-14,train,761.3,0.258,0,1,0.224071,0.290000,0.508081,0.526100,1,1,0.241984,0.224581
S47-0135,2023-05-15,train,226.2,0.671,0,1,0.166811,0.290000,0.139685,0.259712,0,0,0.740141,0.548027
S47-0136,2023-05-16,train,407.1,0.529,0,0,0.183667,0.290000,0.084941,0.228174,0,0,0.007215,0.052063
S47-0137,2023-05-17,train,721.4,0.540,1,1,0.594886,0.290000,0.698900,0.668449,1,1,0.090661,0.109926
S47-0138,2023-05-18,train,965.8,0.516,0,1,0.536286,0.290000,0.617954,0.610179,1,1,0.145960,0.151961
S47-0139,2023-05-19,train,449.5,0.729,0,0,0.317670,0.290000,0.138296,0.258877,0,0,0.019126,0.067017
S47-0140,2023-05-20,train,567.6,0.712,0,0,0.386701,0.290000,0.256158,0.335534,0,0,0.065617,0.112583
S47-0141,2023-05-21,train,642.7,0.673,0,0,0.412679,0.290000,0.282398,0.354067,0,0,0.079749,0.125364
S47-0142,2023-05-22,train,383.9,0.853,1,0,0.577056,0.290000,0.169887,0.278277,0,0,0.028862,0.077438
S47-0143,2023-05-23,train,697.1,0.295,0,0,0.210203,0.290000,0.098877,0.235939,0,0,0.009777,0.055667
S47-0144,2023-05-24,train,915.6,0.551,0,0,0.524929,0.290000,0.249180,0.330686,0,0,0.062091,0.109354
S47-0145,2023-05-25,train,516.0,0.393,0,1,0.171789,0.290000,0.151237,0.266717,0,0,0.720398,0.537704
S47-0146,2023-05-26,train,347.7,0.529,0,0,0.158438,0.290000,0.040068,0.204408,0,0,0.001605,0.041783
S47-0147,2023-05-27,train,676.9,0.510,0,0,0.323157,0.290000,0.244574,0.327506,0,0,0.059816,0.107260
S47-0148,2023-05-28,train,617.6,0.285,0,0,0.169075,0.290000,0.031355,0.200013,0,0,0.000983,0.040005
S47-0149,2023-05-29,train,236.3,0.238,1,0,0.121628,0.290000,0.017122,0.192987,0,0,0.000293,0.037244
S47-0150,2023-05-30,train,841.1,0.288,0,0,0.286448,0.290000,0.076056,0.223318,0,0,0.005785,0.049871
S47-0151,2023-05-31,train,822.3,0.586,0,0,0.481234,0.290000,0.562864,0.568516,1,1,0.316816,0.323210
S47-0152,2023-06-01,train,661.0,0.160,1,0,0.281507,0.290000,0.104893,0.239347,0,0,0.011003,0.057287
S47-0153,2023-06-02,train,654.3,0.589,1,1,0.581735,0.290000,0.619011,0.610965,1,1,0.145153,0.151348
S47-0154,2023-06-03,train,638.5,0.217,1,0,0.302906,0.290000,0.117319,0.246493,0,0,0.013764,0.060759
S47-0155,2023-06-04,train,605.5,0.437,0,0,0.236403,0.290000,0.181562,0.285667,0,0,0.032965,0.081606
S47-0156,2023-06-05,train,680.8,0.206,0,1,0.162519,0.290000,0.243867,0.327020,0,0,0.571736,0.452902
S47-0157,2023-06-06,train,385.0,0.473,0,0,0.151100,0.290000,0.122255,0.249371,0,0,0.014946,0.062186
S47-0158,2023-06-07,train,584.7,0.395,1,0,0.386772,0.290000,0.171011,0.278983,0,0,0.029245,0.077831
S47-0159,2023-06-08,train,563.9,0.339,0,0,0.169201,0.290000,0.156906,0.270198,0,0,0.024619,0.073007
S47-0160,2023-06-09,train,773.7,0.449,1,0,0.566626,0.290000,0.355738,0.408087,0,0,0.126550,0.166535
S47-0161,2023-06-10,train,688.0,0.874,0,1,0.595319,0.290000,0.371021,0.419680,0,0,0.395615,0.336772
S47-0162,2023-06-11,train,599.8,0.742,0,1,0.431778,0.290000,0.420358,0.457649,0,0,0.335985,0.294145
S47-0163,2023-06-12,train,600.0,0.431,0,0,0.230232,0.290000,0.182933,0.286543,0,0,0.033464,0.082107
S47-0164,2023-06-13,train,949.9,0.639,0,1,0.614602,0.290000,0.608170,0.602878,1,1,0.153531,0.157706
S47-0165,2023-06-14,train,706.6,0.655,1,1,0.664809,0.290000,0.795223,0.731526,1,1,0.041934,0.072078
S47-0166,2023-06-15,train,619.3,0.640,1,0,0.593367,0.290000,0.508627,0.526525,1,1,0.258701,0.277229
S47-0167,2023-06-16,train,124.5,0.560,0,0,0.095652,0.290000,0.011794,0.190405,0,0,0.000139,0.036254
S47-0168,2023-06-17,train,723.4,0.713,0,0,0.502300,0.290000,0.219610,0.310551,0,0,0.048229,0.096442
S47-0169,2023-06-18,train,372.9,0.890,0,0,0.374889,0.290000,0.145057,0.262954,0,0,0.021042,0.069145
S47-0170,2023-06-19,train,721.5,0.531,0,0,0.367606,0.290000,0.118335,0.247083,0,0,0.014003,0.061050
S47-0171,2023-06-20,train,787.2,0.437,0,1,0.348100,0.290000,0.483958,0.507265,0,1,0.266300,0.242788
S47-0172,2023-06-21,train,80.0,0.530,0,0,0.077988,0.290000,0.008220,0.188688,0,0,0.000068,0.035603
S47-0173,2023-06-22,train,734.3,0.385,0,0,0.280476,0.290000,0.229380,0.317129,0,0,0.052615,0.100571
S47-0174,2023-06-23,train,1033.6,0.354,0,0,0.465754,0.290000,0.346515,0.401140,0,0,0.120073,0.160913
S47-0175,2023-06-24,train,579.4,0.473,0,0,0.241807,0.290000,0.071798,0.221017,0,0,0.005155,0.048848
S47-0176,2023-06-25,train,972.3,0.670,1,1,0.821552,0.290000,0.968113,0.823901,1,1,0.001017,0.031011
S47-0177,2023-06-26,train,346.4,0.309,0,0,0.088362,0.290000,0.062898,0.216263,0,0,0.003956,0.046770
S47-0178,2023-06-27,train,416.9,0.829,0,0,0.363015,0.290000,0.100036,0.236593,0,0,0.010007,0.055976
S47-0179,2023-06-28,train,726.6,0.574,0,1,0.401745,0.290000,0.383001,0.428830,0,0,0.380688,0.326235
S47-0180,2023-06-29,train,445.7,0.350,1,0,0.266413,0.290000,0.063958,0.216825,0,0,0.004091,0.047013
S47-0181,2023-06-30,train,950.7,0.855,0,1,0.753450,0.290000,0.661340,0.641925,1,1,0.114691,0.128218
S47-0182,2023-07-01,train,869.7,0.466,0,1,0.427294,0.290000,0.379236,0.425949,0,0,0.385348,0.329535
S47-0183,2023-07-02,train,471.9,0.797,1,0,0.600296,0.290000,0.181884,0.285873,0,0,0.033082,0.081723
S47-0184,2023-07-03,train,708.3,0.346,1,0,0.441001,0.290000,0.285637,0.356387,0,0,0.081588,0.127012
S47-0185,2023-07-04,train,863.6,0.515,0,1,0.459042,0.290000,0.532536,0.545118,1,1,0.218522,0.206917
S47-0186,2023-07-05,train,790.5,0.479,1,0,0.600728,0.290000,0.553821,0.561567,1,1,0.306718,0.315357
S47-0187,2023-07-06,train,836.6,0.736,0,1,0.602957,0.290000,0.672406,0.649840,1,1,0.107318,0.122612
S47-0188,2023-07-07,train,591.2,0.597,0,0,0.324011,0.290000,0.177808,0.283278,0,0,0.031616,0.080246
S47-0189,2023-07-08,train,503.5,0.403,0,0,0.170725,0.290000,0.088100,0.229918,0,0,0.007762,0.052862
S47-0190,2023-07-09,train,772.2,0.171,0,0,0.186882,0.290000,0.189522,0.290774,0,0,0.035919,0.084549
S47-0191,2023-07-10,train,331.9,0.620,0,0,0.190880,0.290000,0.061722,0.215640,0,0,0.003810,0.046501
S47-0192,2023-07-11,train,652.8,0.282,0,0,0.183083,0.290000,0.009413,0.189260,0,0,0.000089,0.035819
S47-0193,2023-07-12,train,757.3,0.570,0,1,0.421139,0.290000,0.450522,0.481136,0,0,0.301926,0.269220
S47-0194,2023-07-13,train,450.8,0.288,0,0,0.110701,0.290000,0.005435,0.187359,0,0,0.000030,0.035103
S47-0195,2023-07-14,train,514.5,0.632,0,1,0.297235,0.290000,0.261800,0.339479,0,0,0.544939,0.436288
S47-0196,2023-07-15,train,921.2,0.406,1,0,0.641435,0.290000,0.481905,0.505660,0,1,0.232232,0.255692
S47-0197,2023-07-16,train,461.8,0.035,0,0,0.056808,0.290000,0.007800,0.188487,0,0,0.000061,0.035527
S47-0198,2023-07-17,train,633.1,0.654,0,1,0.392051,0.290000,0.514534,0.531128,1,1,0.235677,0.219841
S47-0199,2023-07-18,train,627.5,0.154,1,0,0.258170,0.290000,0.127489,0.252447,0,0,0.016253,0.063729
S47-0200,2023-07-19,train,710.9,0.603,0,1,0.411371,0.290000,0.367798,0.417227,0,0,0.399679,0.339624
S47-0201,2023-07-20,train,478.9,0.940,0,0,0.489177,0.290000,0.072663,0.221483,0,0,0.005280,0.049055
S47-0202,2023-07-21,train,712.4,0.474,0,0,0.322829,0.290000,0.131155,0.254616,0,0,0.017202,0.064829
S47-0203,2023-07-22,train,353.3,0.647,0,0,0.214317,0.290000,0.088768,0.230288,0,0,0.007880,0.053033
S47-0204,2023-07-23,train,275.6,0.682,0,0,0.193535,0.290000,0.107416,0.240786,0,0,0.011538,0.057978
S47-0205,2023-07-24,train,1110.0,0.339,1,1,0.720511,0.290000,0.617045,0.609503,1,1,0.146654,0.152488
S47-0206,2023-07-25,train,1008.3,0.851,1,1,0.898247,0.290000,0.965502,0.822713,1,1,0.001190,0.031431
S47-0207,2023-07-26,train,302.7,0.516,0,0,0.136591,0.290000,0.008122,0.188642,0,0,0.000066,0.035586
S47-0208,2023-07-27,train,583.9,0.114,0,1,0.099186,0.290000,0.219262,0.310318,0,0,0.609552,0.475662
S47-0209,2023-07-28,train,456.5,0.278,1,0,0.232098,0.290000,0.011184,0.190111,0,0,0.000125,0.036142
S47-0210,2023-07-29,train,613.8,0.237,1,0,0.299937,0.290000,0.095000,0.233760,0,0,0.009025,0.054644
S47-0211,2023-07-30,train,655.8,0.327,0,0,0.205609,0.290000,0.019126,0.193964,0,0,0.000366,0.037622
S47-0212,2023-07-31,train,531.7,0.417,0,0,0.189402,0.290000,0.115064,0.245185,0,0,0.013240,0.060116
S47-0213,2023-08-01,train,924.1,0.156,0,0,0.257367,0.290000,0.088924,0.230375,0,0,0.007908,0.053073
S47-0214,2023-08-02,train,411.0,0.361,0,1,0.120893,0.290000,0.146827,0.264028,0,0,0.727904,0.541655
S47-0215,2023-08-03,train,335.7,0.231,1,0,0.154478,0.290000,0.023955,0.196336,0,0,0.000574,0.038548
S47-0216,2023-08-04,train,657.7,0.452,0,0,0.274701,0.290000,0.053920,0.211542,0,0,0.002907,0.044750
S47-0217,2023-08-05,train,887.2,0.326,0,1,0.340650,0.290000,0.290253,0.359705,0,0,0.503741,0.409978
S47-0218,2023-08-06,train,80.0,0.482,0,0,0.068243,0.290000,0.008915,0.189021,0,0,0.000079,0.035729
S47-0219,2023-08-07,train,753.2,0.755,1,1,0.754841,0.290000,0.880407,0.780528,1,1,0.014303,0.048168
S47-0220,2023-08-08,train,632.9,0.473,0,0,0.272436,0.290000,0.130375,0.254153,0,0,0.016998,0.064594
S47-0221,2023-08-09,train,786.7,0.386,0,1,0.313911,0.290000,0.360021,0.411326,0,0,0.409574,0.346537
S47-0222,2023-08-10,train,847.2,0.647,0,1,0.545524,0.290000,0.615448,0.608313,1,1,0.147880,0.153418
S47-0223,2023-08-11,train,511.6,0.062,1,0,0.157201,0.290000,0.068179,0.219075,0,0,0.004648,0.047994
S47-0224,2023-08-12,train,812.0,0.651,1,1,0.728890,0.290000,0.947702,0.814448,1,1,0.002735,0.034430
S47-0225,2023-08-13,train,650.2,0.476,0,0,0.284673,0.290000,0.025121,0.196912,0,0,0.000631,0.038774
S47-0226,2023-08-14,train,605.5,0.348,0,0,0.191623,0.290000,0.033173,0.200924,0,0,0.001100,0.040370
S47-0227,2023-08-15,train,497.7,0.689,0,0,0.323026,0.290000,0.062061,0.215819,0,0,0.003852,0.046578
S47-0228,2023-08-16,train,428.5,0.634,0,0,0.247405,0.290000,0.102211,0.237824,0,0,0.010447,0.056560
S47-0229,2023-08-17,train,936.7,0.649,0,0,0.612326,0.290000,0.515681,0.532021,1,1,0.265926,0.283046
S47-0230,2023-08-18,train,461.6,0.272,0,0,0.109175,0.290000,0.005435,0.187359,0,0,0.000030,0.035103
S47-0231,2023-08-19,train,581.2,0.348,0,0,0.180583,0.290000,0.110688,0.242662,0,0,0.012252,0.058885
S47-0232,2023-08-20,train,740.5,0.553,1,0,0.617866,0.290000,0.672740,0.650077,1,1,0.452579,0.422601
S47-0233,2023-08-21,train,327.6,0.445,0,1,0.121085,0.290000,0.104564,0.239160,0,0,0.801806,0.578878
S47-0234,2023-08-22,train,507.8,0.631,1,0,0.504100,0.290000,0.326228,0.386001,0,0,0.106425,0.148997
S47-0235,2023-08-23,train,451.6,0.351,1,0,0.270478,0.290000,0.064120,0.216911,0,0,0.004111,0.047050
S47-0236,2023-08-24,train,659.1,0.266,0,0,0.178770,0.290000,0.018062,0.193445,0,0,0.000326,0.037421
S47-0237,2023-08-25,train,515.7,0.458,1,0,0.382512,0.290000,0.270577,0.345660,0,0,0.073212,0.119481
S47-0238,2023-08-26,train,514.9,0.722,1,1,0.577056,0.290000,0.572418,0.575829,1,1,0.182827,0.179921
S47-0239,2023-08-27,train,365.2,0.809,0,1,0.314881,0.290000,0.223692,0.313291,0,0,0.602654,0.471570
S47-0240,2023-08-28,train,558.5,0.256,1,0,0.277580,0.290000,0.098090,0.235495,0,0,0.009622,0.055458
S47-0241,2023-08-29,train,611.5,0.439,1,0,0.438193,0.290000,0.258624,0.337255,0,0,0.066887,0.113741
S47-0242,2023-08-30,train,662.5,0.672,0,0,0.426413,0.290000,0.155343,0.269235,0,0,0.024132,0.072488
S47-0243,2023-08-31,train,442.9,0.703,0,0,0.296859,0.290000,0.062471,0.216036,0,0,0.003903,0.046672
S47-0244,2023-09-01,train,533.2,0.349,0,0,0.160650,0.290000,0.060367,0.214924,0,0,0.003644,0.046192
S47-0245,2023-09-02,train,697.2,0.153,0,0,0.148123,0.290000,0.030200,0.199436,0,0,0.000912,0.039775
S47-0246,2023-09-03,train,628.4,0.579,1,0,0.555323,0.290000,0.621778,0.613019,1,1,0.386607,0.375792
S47-0247,2023-09-04,train,287.9,0.432,0,0,0.105241,0.290000,0.015291,0.192096,0,0,0.000234,0.036901
S47-0248,2023-09-05,train,444.3,0.439,0,0,0.161095,0.290000,0.037227,0.202967,0,0,0.001386,0.041196
S47-0249,2023-09-06,train,646.6,0.229,0,0,0.157998,0.290000,0.032290,0.200481,0,0,0.001043,0.040193
S47-0250,2023-09-07,train,636.6,0.406,0,1,0.236458,0.290000,0.300497,0.367115,0,0,0.489305,0.400544
S47-0251,2023-09-08,train,931.4,0.506,0,0,0.503050,0.290000,0.448913,0.479881,0,0,0.201523,0.230285
S47-0252,2023-09-09,train,622.9,0.348,0,0,0.199839,0.290000,0.047254,0.208087,0,0,0.002233,0.043300
S47-0253,2023-09-10,train,380.7,0.292,0,0,0.092633,0.290000,0.023065,0.195898,0,0,0.000532,0.038376
S47-0254,2023-09-11,train,456.3,0.713,1,1,0.526949,0.290000,0.234611,0.320682,0,0,0.585820,0.461472
S47-0255,2023-09-12,train,642.2,0.714,0,1,0.442407,0.290000,0.328055,0.387356,0,0,0.451510,0.375333
S47-0256,2023-09-13,train,452.6,0.450,0,0,0.169075,0.290000,0.062842,0.216233,0,0,0.003949,0.046757
S47-0257,2023-09-14,train,564.2,0.390,0,0,0.191948,0.290000,0.115585,0.245487,0,0,0.013360,0.060264
S47-0258,2023-09-15,train,490.9,0.351,0,0,0.145008,0.290000,0.052036,0.210562,0,0,0.002708,0.044336
S47-0259,2023-09-16,train,628.1,0.781,0,0,0.481833,0.290000,0.318245,0.380102,0,0,0.101280,0.144477
S47-0260,2023-09-17,train,685.2,0.520,0,0,0.335280,0.290000,0.346219,0.400918,0,0,0.119868,0.160735
S47-0261,2023-09-18,train,613.6,0.385,1,0,0.400304,0.290000,0.149166,0.265452,0,0,0.022251,0.070465
S47-0262,2023-09-19,train,882.6,0.528,1,1,0.696735,0.290000,0.896108,0.788822,1,1,0.010794,0.044596
S47-0263,2023-09-20,train,233.5,0.114,0,0,0.037058,0.290000,0.005435,0.187359,0,0,0.000030,0.035103
S47-0264,2023-09-21,train,653.8,0.496,0,0,0.299307,0.290000,0.057564,0.213449,0,0,0.003314,0.045561
S47-0265,2023-09-22,train,624.8,0.581,1,1,0.554137,0.290000,0.641262,0.627369,1,1,0.128693,0.138854
S47-0266,2023-09-23,train,625.1,0.721,0,0,0.434946,0.290000,0.374722,0.422501,0,0,0.140417,0.178507
S47-0267,2023-09-24,train,400.7,0.037,0,0,0.048021,0.290000,0.023039,0.195885,0,0,0.000531,0.038371
S47-0268,2023-09-25,train,472.0,0.177,0,0,0.086828,0.290000,0.007809,0.188492,0,0,0.000061,0.035529
S47-0269,2023-09-26,train,947.4,0.545,1,1,0.745964,0.290000,0.913066,0.797521,1,1,0.007558,0.040998
S47-0270,2023-09-27,train,782.4,0.320,0,1,0.270359,0.290000,0.418422,0.456146,0,0,0.338233,0.295777
S47-0271,2023-09-28,train,720.7,0.634,0,0,0.441297,0.290000,0.246761,0.329014,0,0,0.060891,0.108250
S47-0272,2023-09-29,train,813.2,0.385,0,0,0.330616,0.290000,0.140869,0.260424,0,0,0.019844,0.067821
S47-0273,2023-09-30,train,333.5,0.475,0,0,0.133022,0.290000,0.063103,0.216372,0,0,0.003982,0.046817
S47-0274,2023-10-01,train,854.3,0.164,0,0,0.223550,0.290000,0.042016,0.205401,0,0,0.001765,0.042189
S47-0275,2023-10-02,train,332.4,0.529,0,0,0.152413,0.290000,0.032394,0.200533,0,0,0.001049,0.040214
S47-0276,2023-10-03,train,377.8,0.513,1,0,0.325722,0.290000,0.202652,0.299313,0,0,0.041068,0.089588
S47-0277,2023-10-04,train,548.3,0.501,0,0,0.240106,0.290000,0.093381,0.232855,0,0,0.008720,0.054221
S47-0278,2023-10-05,train,811.9,0.093,0,0,0.170046,0.290000,0.060381,0.214932,0,0,0.003646,0.046196
S47-0279,2023-10-06,train,398.4,0.074,0,0,0.053010,0.290000,0.023039,0.195885,0,0,0.000531,0.038371
S47-0280,2023-10-07,train,794.7,0.305,0,1,0.268765,0.290000,0.507790,0.525873,1,1,0.242271,0.224796
S47-0281,2023-10-08,train,963.9,0.272,0,0,0.356107,0.290000,0.216791,0.308667,0,0,0.046998,0.095275
S47-0282,2023-10-09,train,848.0,0.143,0,0,0.209656,0.290000,0.038845,0.203787,0,0,0.001509,0.041529
S47-0283,2023-10-10,train,688.8,0.636,1,1,0.639778,0.290000,0.791446,0.729200,1,1,0.043495,0.073333
S47-0284,2023-10-11,train,362.8,0.192,0,0,0.066882,0.290000,0.006534,0.187883,0,0,0.000043,0.035300
S47-0285,2023-10-12,train,498.1,0.396,1,0,0.327900,0.290000,0.094970,0.233744,0,0,0.009019,0.054636
S47-0286,2023-10-13,train,415.5,0.703,0,0,0.279992,0.290000,0.097740,0.235299,0,0,0.009553,0.055366
S47-0287,2023-10-14,train,562.2,0.401,0,0,0.196171,0.290000,0.180646,0.285083,0,0,0.032633,0.081272
S47-0288,2023-10-15,train,573.4,0.100,1,0,0.201041,0.290000,0.135853,0.257414,0,0,0.018456,0.066262
S47-0289,2023-10-16,train,489.7,0.691,0,0,0.319102,0.290000,0.062606,0.216108,0,0,0.003920,0.046703
S47-0290,2023-10-17,train,952.7,0.439,0,1,0.468816,0.290000,0.574416,0.577355,1,1,0.181121,0.178629
S47-0291,2023-10-18,train,948.4,0.362,0,1,0.408831,0.290000,0.324514,0.384731,0,0,0.456281,0.378556
S47-0292,2023-10-19,train,681.0,0.574,0,1,0.369351,0.290000,0.343554,0.398917,0,0,0.430922,0.361300
S47-0293,2023-10-20,train,628.6,0.264,0,1,0.164902,0.290000,0.111918,0.243370,0,0,0.788689,0.572490
S47-0294,2023-10-21,train,770.0,0.308,0,1,0.256165,0.290000,0.424075,0.460535,0,0,0.331690,0.291023
S47-0295,2023-10-22,train,643.2,0.719,1,1,0.665210,0.290000,0.526658,0.540557,1,1,0.224052,0.211088
S47-0296,2023-10-23,train,122.4,0.613,1,0,0.232580,0.290000,0.081168,0.226103,0,0,0.006588,0.051123
S47-0297,2023-10-24,train,559.5,0.337,0,0,0.166519,0.290000,0.149697,0.265776,0,0,0.022409,0.070637
S47-0298,2023-10-25,train,630.2,0.458,0,0,0.262039,0.290000,0.178660,0.283819,0,0,0.031919,0.080553
S47-0299,2023-10-26,train,798.3,0.095,1,0,0.327371,0.290000,0.249867,0.331162,0,0,0.062433,0.109668
S47-0300,2023-10-27,train,798.5,0.374,0,1,0.313781,0.290000,0.402078,0.443499,0,0,0.357511,0.309693
S47-0301,2023-10-28,train,328.2,0.066,1,0,0.098199,0.290000,0.028444,0.198561,0,0,0.000809,0.039426
S47-0302,2023-10-29,train,344.6,0.440,1,0,0.259955,0.290000,0.090322,0.231151,0,0,0.008158,0.053431
S47-0303,2023-10-30,train,432.1,0.852,0,0,0.389908,0.290000,0.102509,0.237993,0,0,0.010508,0.056640
S47-0304,2023-10-31,train,621.2,0.423,1,1,0.433546,0.290000,0.318546,0.380323,0,0,0.464380,0.383999
S47-0305,2023-11-01,train,102.4,0.839,1,0,0.359900,0.290000,0.167064,0.276507,0,0,0.027910,0.076456
S47-0306,2023-11-02,train,766.7,0.233,0,0,0.214014,0.290000,0.379376,0.426056,0,0,0.143926,0.181523
S47-0307,2023-11-03,train,465.4,0.476,0,0,0.186063,0.290000,0.092162,0.232175,0,0,0.008494,0.053905
S47-0308,2023-11-04,train,340.5,0.319,0,0,0.089358,0.290000,0.059391,0.214410,0,0,0.003527,0.045972
S47-0309,2023-11-05,train,436.7,0.227,0,0,0.090389,0.290000,0.005435,0.187359,0,0,0.000030,0.035103
S47-0310,2023-11-06,train,818.0,0.633,0,0,0.513247,0.290000,0.550192,0.558771,1,1,0.302712,0.312225
S47-0311,2023-11-07,train,438.5,0.251,0,0,0.096957,0.290000,0.005435,0.187359,0,0,0.000030,0.035103
S47-0312,2023-11-08,train,460.7,0.222,1,0,0.205560,0.290000,0.006991,0.188101,0,0,0.000049,0.035382
S47-0313,2023-11-09,train,418.7,0.444,0,0,0.152917,0.290000,0.066223,0.218030,0,0,0.004385,0.047537
S47-0314,2023-11-10,train,643.7,0.704,0,1,0.436126,0.290000,0.308432,0.372899,0,0,0.478266,0.393256
S47-0315,2023-11-11,train,685.8,0.347,0,1,0.231191,0.290000,0.332886,0.390947,0,0,0.445041,0.370946
S47-0316,2023-11-12,train,525.3,0.593,1,1,0.488727,0.290000,0.617006,0.609474,1,1,0.146684,0.152511
S47-0317,2023-11-13,train,778.9,0.487,0,0,0.377000,0.290000,0.186298,0.288699,0,0,0.034707,0.083347
S47-0318,2023-11-14,train,850.3,0.187,1,1,0.428469,0.290000,0.471578,0.497588,0,0,0.279230,0.252418
S47-0319,2023-11-15,train,764.5,0.668,0,1,0.499375,0.290000,0.450766,0.481327,0,0,0.301658,0.269022
S47-0320,2023-11-16,train,703.7,0.619,0,0,0.417778,0.290000,0.240519,0.324720,0,0,0.057849,0.105443
S47-0321,2023-11-17,train,570.1,0.507,0,0,0.255650,0.290000,0.123426,0.250056,0,0,0.015234,0.062528
S47-0322,2023-11-18,train,517.2,0.501,0,0,0.223497,0.290000,0.100936,0.237102,0,0,0.010188,0.056217
S47-0323,2023-11-19,train,920.5,0.447,0,0,0.450785,0.290000,0.397145,0.439696,0,0,0.157724,0.193332
S47-0324,2023-11-20,train,552.0,0.207,0,0,0.116809,0.290000,0.114314,0.244751,0,0,0.013068,0.059903
S47-0325,2023-11-21,train,601.6,0.273,0,0,0.157599,0.290000,0.053492,0.211319,0,0,0.002861,0.044656
S47-0326,2023-11-22,train,1067.9,0.164,0,0,0.353361,0.290000,0.107520,0.240846,0,0,0.011560,0.058007
S47-0327,2023-11-23,train,582.6,0.501,0,0,0.259379,0.290000,0.097776,0.235319,0,0,0.009560,0.055375
S47-0328,2023-11-24,train,672.0,0.161,1,0,0.288845,0.290000,0.184395,0.287479,0,0,0.034002,0.082644
S47-0329,2023-11-25,train,581.6,0.331,1,0,0.340246,0.290000,0.207790,0.302693,0,0,0.043177,0.091623
S47-0330,2023-11-26,train,850.9,0.510,0,1,0.445888,0.290000,0.542460,0.552802,1,1,0.209343,0.199986
S47-0331,2023-11-27,train,466.3,0.367,0,0,0.141839,0.290000,0.045985,0.207433,0,0,0.002115,0.043029
S47-0332,2023-11-28,train,617.2,0.611,1,0,0.570674,0.290000,0.538429,0.549683,1,1,0.289905,0.302152
S47-0333,2023-11-29,train,797.0,0.320,0,0,0.279086,0.290000,0.489487,0.511586,0,1,0.239597,0.261720
S47-0334,2023-11-30,train,274.3,0.180,0,0,0.050350,0.290000,0.005435,0.187359,0,0,0.000030,0.035103
S47-0335,2023-12-01,train,763.0,0.263,0,1,0.227585,0.290000,0.529077,0.542435,1,1,0.221768,0.209366
S47-0336,2023-12-02,train,342.6,0.546,0,0,0.163256,0.290000,0.037094,0.202900,0,0,0.001376,0.041168
S47-0337,2023-12-03,train,659.7,0.343,0,0,0.215531,0.290000,0.014526,0.191725,0,0,0.000211,0.036759
S47-0338,2023-12-04,train,937.1,0.506,1,1,0.716933,0.290000,0.912855,0.797414,1,1,0.007594,0.041041
S47-0339,2023-12-05,train,518.9,0.600,0,0,0.280234,0.290000,0.091408,0.231755,0,0,0.008355,0.053710
S47-0340,2023-12-06,train,874.7,0.358,0,0,0.353909,0.290000,0.104719,0.239248,0,0,0.010966,0.057240
S47-0341,2023-12-07,train,988.7,0.368,0,0,0.442777,0.290000,0.305960,0.371093,0,0,0.093612,0.137710
S47-0342,2023-12-08,train,578.8,0.494,1,1,0.454724,0.290000,0.604938,0.600455,1,1,0.156074,0.159636
S47-0343,2023-12-09,train,868.2,0.424,0,0,0.395703,0.290000,0.180581,0.285042,0,0,0.032610,0.081249
S47-0344,2023-12-10,train,635.4,0.235,1,1,0.312426,0.290000,0.171554,0.279324,0,0,0.686323,0.519373
S47-0345,2023-12-11,train,691.8,0.757,1,1,0.720391,0.290000,0.793835,0.730673,1,1,0.042504,0.072537
S47-0346,2023-12-12,train,482.3,0.464,1,0,0.363293,0.290000,0.179510,0.284360,0,0,0.032224,0.080861
S47-0347,2023-12-13,train,432.4,0.472,0,0,0.169835,0.290000,0.066306,0.218075,0,0,0.004397,0.047557
S47-0348,2023-12-14,train,598.9,0.369,0,0,0.198404,0.290000,0.054931,0.212070,0,0,0.003017,0.044974
S47-0349,2023-12-15,train,769.9,0.729,0,0,0.549017,0.290000,0.379486,0.426140,0,0,0.144009,0.181595
S47-0350,2023-12-16,train,360.7,0.593,0,0,0.191716,0.290000,0.033612,0.201145,0,0,0.001130,0.040459
S47-0351,2023-12-17,train,402.5,0.406,1,0,0.273984,0.290000,0.086377,0.228966,0,0,0.007461,0.052425
S47-0352,2023-12-18,train,762.3,0.345,1,1,0.480485,0.290000,0.424270,0.460686,0,0,0.331465,0.290859
S47-0353,2023-12-19,train,747.4,0.485,1,1,0.573758,0.290000,0.656093,0.638146,1,1,0.118272,0.130938
S47-0354,2023-12-20,train,664.0,0.671,0,0,0.426780,0.290000,0.159642,0.271888,0,0,0.025486,0.073923
S47-0355,2023-12-21,train,436.8,0.630,1,0,0.450265,0.290000,0.112417,0.243657,0,0,0.012637,0.059368
S47-0356,2023-12-22,train,751.3,0.486,1,1,0.577349,0.290000,0.658880,0.640156,1,1,0.116363,0.129488
S47-0357,2023-12-23,train,678.2,0.642,0,0,0.415955,0.290000,0.272079,0.346723,0,0,0.074027,0.120217
S47-0358,2023-12-24,train,288.2,0.544,1,0,0.288352,0.290000,0.082930,0.227068,0,0,0.006877,0.051560
S47-0359,2023-12-25,train,349.4,0.885,0,0,0.355076,0.290000,0.140720,0.260335,0,0,0.019802,0.067774
S47-0360,2023-12-26,train,782.2,0.563,0,0,0.434282,0.290000,0.185847,0.288410,0,0,0.034539,0.083180
S47-0361,2023-12-27,train,501.6,0.597,0,0,0.268116,0.290000,0.053616,0.211384,0,0,0.002875,0.044683
S47-0362,2023-12-28,train,876.8,0.336,0,0,0.340380,0.290000,0.113174,0.244093,0,0,0.012808,0.059581
S47-0363,2023-12-29,train,990.3,0.405,0,0,0.471506,0.290000,0.365469,0.415457,0,0,0.133567,0.172605
S47-0364,2023-12-30,train,419.4,0.727,0,0,0.297172,0.290000,0.173075,0.280283,0,0,0.029955,0.078559
S47-0365,2023-12-31,train,1032.2,0.047,0,0,0.256851,0.290000,0.100917,0.237091,0,0,0.010184,0.056212
S47-0366,2024-01-01,train,505.5,0.196,0,0,0.100155,0.290000,0.032801,0.200738,0,0,0.001076,0.040296
S47-0367,2024-01-02,train,621.7,0.768,0,0,0.467322,0.290000,0.308106,0.372660,0,0,0.094929,0.138875
S47-0368,2024-01-03,train,811.3,0.169,0,1,0.204387,0.290000,0.167650,0.276874,0,0,0.692806,0.522912
S47-0369,2024-01-04,train,946.0,0.761,0,1,0.694449,0.290000,0.668400,0.646984,1,1,0.109959,0.124620
S47-0370,2024-01-05,train,649.7,0.263,1,0,0.340313,0.290000,0.113039,0.244015,0,0,0.012778,0.059543
S47-0371,2024-01-06,train,686.9,0.230,1,1,0.343147,0.290000,0.379682,0.426290,0,0,0.384794,0.329143
S47-0372,2024-01-07,train,456.1,0.626,0,0,0.258515,0.290000,0.062151,0.215867,0,0,0.003863,0.046599
S47-0373,2024-01-08,train,862.9,0.817,0,0,0.676930,0.290000,0.596503,0.594111,1,1,0.355816,0.352968
S47-0374,2024-01-09,train,816.2,0.241,0,0,0.244456,0.290000,0.125261,0.251134,0,0,0.015690,0.063068
S47-0375,2024-01-10,train,819.1,0.333,0,0,0.300756,0.290000,0.146857,0.264046,0,0,0.021567,0.069721
S47-0376,2024-01-11,train,321.3,0.294,1,1,0.174495,0.290000,0.143999,0.262313,0,0,0.732738,0.544182
S47-0377,2024-01-12,train,785.5,0.213,0,0,0.213409,0.290000,0.305217,0.370551,0,0,0.093157,0.137308
S47-0378,2024-01-13,train,770.9,0.534,0,0,0.404849,0.290000,0.170866,0.278892,0,0,0.029195,0.077781
S47-0379,2024-01-14,train,880.2,0.288,0,1,0.311010,0.290000,0.191765,0.292222,0,0,0.653244,0.500949
S47-0380,2024-01-15,train,150.9,0.736,0,0,0.162560,0.290000,0.231855,0.318808,0,0,0.053757,0.101638
S47-0381,2024-01-16,train,791.2,0.591,0,1,0.461725,0.290000,0.595582,0.593417,1,1,0.163554,0.165310
S47-0382,2024-01-17,train,456.0,0.612,1,0,0.451156,0.290000,0.108308,0.241296,0,0,0.011731,0.058224
S47-0383,2024-01-18,train,628.1,0.045,0,0,0.092734,0.290000,0.072939,0.221632,0,0,0.005320,0.049121
S47-0384,2024-01-19,train,592.1,0.543,1,1,0.501325,0.290000,0.707617,0.674462,1,1,0.085488,0.105975
S47-0385,2024-01-20,train,361.9,0.291,0,0,0.087760,0.290000,0.010011,0.189547,0,0,0.000100,0.035928
S47-0386,2024-01-21,train,762.7,0.186,0,1,0.189402,0.290000,0.393909,0.437204,0,0,0.367346,0.316739
S47-0387,2024-01-22,train,1102.2,0.403,0,1,0.553692,0.290000,0.417388,0.455344,0,0,0.339437,0.296650
S47-0388,2024-01-23,train,955.1,0.414,0,0,0.451974,0.290000,0.413410,0.452261,0,0,0.170908,0.204540
S47-0389,2024-01-24,train,849.7,0.412,0,0,0.374046,0.290000,0.126155,0.251661,0,0,0.015915,0.063333
S47-0390,2024-01-25,train,783.3,0.524,0,1,0.406585,0.290000,0.382017,0.428077,0,0,0.381903,0.327096
S47-0391,2024-01-26,train,638.4,0.453,0,0,0.263899,0.290000,0.126327,0.251762,0,0,0.015959,0.063384
S47-0392,2024-01-27,train,508.7,0.576,1,1,0.463590,0.290000,0.588881,0.588351,1,1,0.169019,0.169455
S47-0393,2024-01-28,train,552.4,0.339,0,1,0.164407,0.290000,0.152099,0.267244,0,0,0.718936,0.536931
S47-0394,2024-01-29,train,669.5,0.328,0,0,0.212905,0.290000,0.081451,0.226258,0,0,0.006634,0.051193
S47-0395,2024-01-30,train,415.9,0.311,0,0,0.107235,0.290000,0.047996,0.208469,0,0,0.002304,0.043459
S47-0396,2024-01-31,train,370.9,0.817,0,1,0.323814,0.290000,0.208560,0.303201,0,0,0.626378,0.485528
S47-0397,2024-02-01,train,288.3,0.618,1,0,0.336016,0.290000,0.075322,0.222920,0,0,0.005673,0.049693
S47-0398,2024-02-02,train,450.7,0.348,0,0,0.129668,0.290000,0.020300,0.194539,0,0,0.000412,0.037845
S47-0399,2024-02-03,train,713.6,0.906,0,1,0.636175,0.290000,0.373280,0.421401,0,0,0.392778,0.334777
S47-0400,2024-02-04,train,966.2,0.413,0,1,0.459489,0.290000,0.413593,0.452403,0,0,0.343873,0.299863
S47-0401,2024-02-05,train,429.3,0.606,0,0,0.232526,0.290000,0.079948,0.225436,0,0,0.006392,0.050821
S47-0402,2024-02-06,train,300.4,0.300,0,0,0.075942,0.290000,0.023049,0.195890,0,0,0.000531,0.038373
S47-0403,2024-02-07,train,626.1,0.724,1,0,0.657078,0.290000,0.509786,0.527429,1,1,0.259882,0.278182
S47-0404,2024-02-08,train,622.8,0.256,0,0,0.159279,0.290000,0.059523,0.214479,0,0,0.003543,0.046001
S47-0405,2024-02-09,train,906.1,0.544,0,0,0.512572,0.290000,0.247435,0.329480,0,0,0.061224,0.108557
S47-0406,2024-02-10,train,571.5,0.387,0,0,0.193957,0.290000,0.095803,0.234210,0,0,0.009178,0.054855
S47-0407,2024-02-11,train,845.0,0.357,0,0,0.333144,0.290000,0.097273,0.235036,0,0,0.009462,0.055242
S47-0408,2024-02-12,train,786.3,0.342,0,0,0.285957,0.290000,0.373880,0.421859,0,0,0.139787,0.177965
S47-0409,2024-02-13,train,753.0,0.401,1,0,0.515495,0.290000,0.296883,0.364493,0,0,0.088139,0.132855
S47-0410,2024-02-14,train,691.7,0.855,0,0,0.584215,0.290000,0.329651,0.388541,0,0,0.108670,0.150964
S47-0411,2024-02-15,train,879.9,0.699,0,1,0.607472,0.290000,0.536019,0.547817,1,1,0.215279,0.204469
S47-0412,2024-02-16,train,468.6,0.582,0,0,0.240818,0.290000,0.051397,0.210229,0,0,0.002642,0.044196
S47-0413,2024-02-17,train,920.8,0.412,0,0,0.425166,0.290000,0.244780,0.327649,0,0,0.059917,0.107354
S47-0414,2024-02-18,train,607.3,0.397,0,0,0.216344,0.290000,0.109045,0.241719,0,0,0.011891,0.058428
S47-0415,2024-02-19,train,636.3,0.635,0,1,0.380813,0.290000,0.499749,0.519600,0,1,0.250251,0.230784
S47-0416,2024-02-20,train,611.5,0.446,1,1,0.443369,0.290000,0.344005,0.399256,0,0,0.430330,0.360894
S47-0417,2024-02-21,train,439.3,0.371,0,0,0.133646,0.290000,0.028682,0.198679,0,0,0.000823,0.039473
S47-0418,2024-02-22,train,693.2,0.362,1,0,0.441667,0.290000,0.288210,0.358235,0,0,0.083065,0.128332
S47-0419,2024-02-23,train,305.1,0.459,0,0,0.118397,0.290000,0.021886,0.195318,0,0,0.000479,0.038149
S47-0420,2024-02-24,train,496.9,0.564,0,0,0.246512,0.290000,0.051858,0.210469,0,0,0.002689,0.044297
S47-0421,2024-02-25,train,424.1,0.265,1,0,0.208713,0.290000,0.010385,0.189727,0,0,0.000108,0.035996
S47-0422,2024-02-26,train,691.4,0.074,0,0,0.118805,0.290000,0.048719,0.208842,0,0,0.002374,0.043615
S47-0423,2024-02-27,train,761.4,0.240,1,0,0.402322,0.290000,0.360260,0.411508,0,0,0.129788,0.169339
S47-0424,2024-02-28,train,417.6,0.178,1,0,0.166145,0.290000,0.014584,0.191753,0,0,0.000213,0.036769
S47-0425,2024-02-29,train,1110.8,0.210,1,0,0.637008,0.290000,0.503859,0.522807,1,1,0.253874,0.273327
S47-0426,2024-03-01,train,321.3,0.424,0,0,0.112635,0.290000,0.035256,0.201972,0,0,0.001243,0.040793
S47-0427,2024-03-02,train,637.4,0.711,1,0,0.655928,0.290000,0.500664,0.520314,1,1,0.250664,0.270727
S47-0428,2024-03-03,train,500.3,0.495,1,1,0.397929,0.290000,0.456639,0.485913,0,0,0.295241,0.264285
S47-0429,2024-03-04,train,737.9,0.155,0,0,0.165026,0.290000,0.071788,0.221012,0,0,0.005154,0.048846
S47-0430,2024-03-05,train,703.6,0.529,0,0,0.353841,0.290000,0.110804,0.242728,0,0,0.012277,0.058917
S47-0431,2024-03-06,train,569.4,0.278,1,0,0.297799,0.290000,0.122132,0.249299,0,0,0.014916,0.062150
S47-0432,2024-03-07,train,306.3,0.724,0,1,0.229860,0.290000,0.237267,0.322494,0,0,0.581761,0.459014
S47-0433,2024-03-08,train,537.0,0.139,0,0,0.093469,0.290000,0.082347,0.226749,0,0,0.006781,0.051415
S47-0434,2024-03-09,train,685.2,0.765,1,1,0.721236,0.290000,0.792356,0.729762,1,1,0.043116,0.073029
S47-0435,2024-03-10,train,543.6,0.546,0,0,0.262852,0.290000,0.047625,0.208278,0,0,0.002268,0.043380
S47-0436,2024-03-11,train,591.7,0.206,1,0,0.267587,0.290000,0.119012,0.247477,0,0,0.014164,0.061245
S47-0437,2024-03-12,train,113.8,0.495,0,0,0.077730,0.290000,0.011996,0.190503,0,0,0.000144,0.036291
S47-0438,2024-03-13,train,666.5,0.517,1,1,0.537554,0.290000,0.747291,0.701091,1,1,0.063862,0.089347
S47-0439,2024-03-14,train,825.8,0.346,0,1,0.313329,0.290000,0.199025,0.296940,0,0,0.641561,0.494294
S47-0440,2024-03-15,train,407.2,0.202,1,0,0.171875,0.290000,0.018105,0.193466,0,0,0.000328,0.037429
S47-0441,2024-03-16,train,471.5,0.551,0,0,0.225744,0.290000,0.061741,0.215650,0,0,0.003812,0.046505
S47-0442,2024-03-17,train,651.9,0.354,0,0,0.217159,0.290000,0.031307,0.199989,0,0,0.000980,0.039996
S47-0443,2024-03-18,train,446.8,0.370,0,0,0.135920,0.290000,0.027386,0.198035,0,0,0.000750,0.039218
S47-0444,2024-03-19,train,755.8,0.094,1,0,0.299307,0.290000,0.142765,0.261567,0,0,0.020382,0.068417
S47-0445,2024-03-20,train,832.9,0.642,1,1,0.735887,0.290000,0.959601,0.820005,1,1,0.001632,0.032398
S47-0446,2024-03-21,train,655.4,0.215,1,0,0.312426,0.290000,0.088218,0.229984,0,0,0.007782,0.052892
S47-0447,2024-03-22,train,695.7,0.538,1,0,0.574711,0.290000,0.694100,0.665114,1,1,0.481775,0.442377
S47-0448,2024-03-23,train,782.9,0.037,1,1,0.280840,0.290000,0.250995,0.331944,0,0,0.561008,0.446298
S47-0449,2024-03-24,train,658.3,0.539,0,0,0.330019,0.290000,0.073275,0.221813,0,0,0.005369,0.049201
S47-0450,2024-03-25,train,356.2,0.842,0,0,0.330616,0.290000,0.140059,0.259937,0,0,0.019617,0.067567
S47-0451,2024-03-26,train,696.5,0.715,0,0,0.483631,0.290000,0.208518,0.303174,0,0,0.043480,0.091914
S47-0452,2024-03-27,train,382.3,0.323,1,1,0.216853,0.290000,0.241137,0.325144,0,0,0.575873,0.455431
S47-0453,2024-03-28,train,534.2,0.241,0,0,0.121917,0.290000,0.068318,0.219149,0,0,0.004667,0.048026
S47-0454,2024-03-29,train,771.5,0.205,0,0,0.202539,0.290000,0.256669,0.335890,0,0,0.065879,0.112822
S47-0455,2024-03-30,train,865.4,0.239,1,1,0.478314,0.290000,0.469082,0.495636,0,0,0.281874,0.254383
S47-0456,2024-03-31,train,837.4,0.580,0,1,0.488052,0.290000,0.594042,0.592254,1,1,0.164802,0.166256
S47-0457,2024-04-01,train,640.1,0.461,0,0,0.269591,0.290000,0.114131,0.244646,0,0,0.013026,0.059852
S47-0458,2024-04-02,train,571.3,0.524,0,0,0.266178,0.290000,0.079210,0.225033,0,0,0.006274,0.050640
S47-0459,2024-04-03,train,604.4,0.679,0,1,0.389408,0.290000,0.429725,0.464927,0,0,0.325213,0.286303
S47-0460,2024-04-04,train,674.1,0.249,1,1,0.347352,0.290000,0.278424,0.351230,0,0,0.520672,0.420902
S47-0461,2024-04-05,train,862.9,0.054,0,0,0.175187,0.290000,0.037819,0.203267,0,0,0.001430,0.041317
S47-0462,2024-04-06,train,732.2,0.510,0,1,0.360453,0.290000,0.395561,0.438475,0,0,0.365347,0.315310
S47-0463,2024-04-07,train,786.5,0.504,0,0,0.394485,0.290000,0.354715,0.407315,0,0,0.125823,0.165906
S47-0464,2024-04-08,train,720.4,0.240,0,0,0.194850,0.290000,0.132973,0.255697,0,0,0.017682,0.065381
S47-0465,2024-04-09,train,705.4,0.509,1,1,0.560502,0.290000,0.758439,0.708345,1,1,0.058352,0.085063
S47-0466,2024-04-10,train,504.3,0.462,1,1,0.377282,0.290000,0.319835,0.381274,0,0,0.462624,0.382822
S47-0467,2024-04-11,train,805.8,0.192,0,0,0.213056,0.290000,0.197332,0.295836,0,0,0.038940,0.087519
S47-0468,2024-04-12,train,545.9,0.314,0,0,0.151833,0.290000,0.108169,0.241217,0,0,0.011700,0.058186
S47-0469,2024-04-13,train,657.3,0.517,0,1,0.314945,0.290000,0.193462,0.293321,0,0,0.650503,0.499395
S47-0470,2024-04-14,train,550.8,0.201,0,0,0.114599,0.290000,0.103768,0.238707,0,0,0.010768,0.056981
S47-0471,2024-04-15,train,177.4,0.054,0,0,0.026447,0.290000,0.005435,0.187359,0,0,0.000030,0.035103
S47-0472,2024-04-16,train,601.7,0.521,0,1,0.282539,0.290000,0.267762,0.343672,0,0,0.536172,0.430767
S47-0473,2024-04-17,train,734.2,0.613,0,0,0.435757,0.290000,0.391867,0.435633,0,0,0.153560,0.189777
S47-0474,2024-04-18,train,334.6,0.044,1,0,0.094132,0.290000,0.028947,0.198811,0,0,0.000838,0.039526
S47-0475,2024-04-19,train,774.5,0.375,1,0,0.512123,0.290000,0.214149,0.306907,0,0,0.045860,0.094192
S47-0476,2024-04-20,train,959.4,0.396,1,1,0.660652,0.290000,0.567692,0.572216,1,1,0.186890,0.182999
S47-0477,2024-04-21,train,677.9,0.463,0,1,0.293738,0.290000,0.248488,0.330208,0,0,0.564771,0.448622
S47-0478,2024-04-22,train,983.5,0.718,1,1,0.846122,0.290000,0.970789,0.825111,1,1,0.000853,0.030586
S47-0479,2024-04-23,train,983.0,0.572,0,0,0.590250,0.290000,0.490006,0.511992,0,1,0.240106,0.262136
S47-0480,2024-04-24,train,543.3,0.757,1,1,0.622671,0.290000,0.578085,0.580151,1,1,0.178013,0.176273
S47-0481,2024-04-25,train,409.0,0.436,1,0,0.296296,0.290000,0.083365,0.227307,0,0,0.006950,0.051668
S47-0482,2024-04-26,train,448.3,0.799,0,0,0.363987,0.290000,0.112054,0.243448,0,0,0.012556,0.059267
S47-0483,2024-04-27,train,715.0,0.201,0,0,0.174798,0.290000,0.125230,0.251116,0,0,0.015683,0.063059
S47-0484,2024-04-28,train,235.3,0.713,0,1,0.189218,0.290000,0.233607,0.319999,0,0,0.587358,0.462402
S47-0485,2024-04-29,train,734.9,0.342,0,0,0.255536,0.290000,0.270806,0.345821,0,0,0.073336,0.119592
S47-0486,2024-04-30,train,781.2,0.600,0,0,0.460980,0.290000,0.419662,0.457108,0,0,0.176116,0.208948
S47-0487,2024-05-01,train,178.2,0.204,0,0,0.040958,0.290000,0.005435,0.187359,0,0,0.000030,0.035103
S47-0488,2024-05-02,train,398.6,0.137,0,0,0.063376,0.290000,0.018699,0.193756,0,0,0.000350,0.037541
S47-0489,2024-05-03,train,804.0,0.499,1,1,0.624572,0.290000,0.768823,0.715007,1,1,0.053443,0.081221
S47-0490,2024-05-04,train,777.2,0.281,0,0,0.245011,0.290000,0.195708,0.294779,0,0,0.038302,0.086895
S47-0491,2024-05-05,train,309.5,0.544,0,0,0.149376,0.290000,0.008337,0.188744,0,0,0.000070,0.035624
S47-0492,2024-05-06,train,533.9,0.643,1,1,0.532629,0.290000,0.563491,0.568997,1,1,0.190540,0.185763
S47-0493,2024-05-07,train,715.8,0.498,0,0,0.341054,0.290000,0.157594,0.270622,0,0,0.024836,0.073236
S47-0494,2024-05-08,train,625.0,0.349,0,0,0.201330,0.290000,0.045361,0.207113,0,0,0.002058,0.042896
S47-0495,2024-05-09,train,462.1,0.702,0,0,0.308381,0.290000,0.054246,0.211713,0,0,0.002943,0.044822
S47-0496,2024-05-10,train,379.1,0.207,0,0,0.072986,0.290000,0.013253,0.191110,0,0,0.000176,0.036523
S47-0497,2024-05-11,train,732.1,0.569,0,0,0.402105,0.290000,0.232189,0.319035,0,0,0.053912,0.101783
S47-0498,2024-05-12,train,519.7,0.596,0,0,0.278302,0.290000,0.084500,0.227931,0,0,0.007140,0.051953
S47-0499,2024-05-13,train,641.4,0.545,0,0,0.322829,0.290000,0.105125,0.239479,0,0,0.011051,0.057350
S47-0500,2024-05-14,train,724.1,0.525,1,1,0.585963,0.290000,0.730265,0.689816,1,1,0.072757,0.096214
S47-0501,2024-05-15,train,787.4,0.391,0,0,0.317605,0.290000,0.370888,0.419579,0,0,0.137558,0.176046
S47-0502,2024-05-16,train,305.0,0.206,0,0,0.059134,0.290000,0.005435,0.187359,0,0,0.000030,0.035103
S47-0503,2024-05-17,train,822.0,0.652,0,1,0.530462,0.290000,0.572693,0.576039,1,1,0.182591,0.179743
S47-0504,2024-05-18,train,870.8,0.548,0,0,0.489102,0.290000,0.271880,0.346582,0,0,0.073919,0.120119
S47-0505,2024-05-19,train,539.5,0.441,1,0,0.387342,0.290000,0.178445,0.283682,0,0,0.031843,0.080476
S47-0506,2024-05-20,train,813.1,0.277,1,0,0.467620,0.290000,0.266551,0.342818,0,0,0.071050,0.117524
S47-0507,2024-05-21,train,462.5,0.402,0,0,0.153618,0.290000,0.054326,0.211754,0,0,0.002951,0.044840
S47-0508,2024-05-22,train,685.2,0.558,1,1,0.581662,0.290000,0.731679,0.690761,1,1,0.071996,0.095629
S47-0509,2024-05-23,train,679.3,0.490,0,0,0.311718,0.290000,0.178643,0.283808,0,0,0.031913,0.080547
S47-0510,2024-05-24,train,744.2,0.785,1,0,0.766312,0.290000,0.821921,0.747602,1,1,0.675553,0.558908
S47-0511,2024-05-25,train,270.5,0.377,0,0,0.086471,0.290000,0.017260,0.193054,0,0,0.000298,0.037270
S47-0512,2024-05-26,train,641.3,0.469,0,0,0.275060,0.290000,0.058804,0.214101,0,0,0.003458,0.045839
S47-0513,2024-05-27,train,439.2,0.270,0,0,0.102257,0.290000,0.005435,0.187359,0,0,0.000030,0.035103
S47-0514,2024-05-28,train,375.6,0.188,1,0,0.153268,0.290000,0.031713,0.200192,0,0,0.001006,0.040077
S47-0515,2024-05-29,train,265.0,0.617,0,0,0.160569,0.290000,0.043115,0.205962,0,0,0.001859,0.042420
S47-0516,2024-05-30,train,607.7,0.432,0,0,0.234890,0.290000,0.181323,0.285515,0,0,0.032878,0.081519
S47-0517,2024-05-31,train,321.6,0.500,0,0,0.137620,0.290000,0.022283,0.195512,0,0,0.000497,0.038225
S47-0518,2024-06-01,train,754.5,0.708,0,0,0.521861,0.290000,0.340306,0.396485,0,0,0.115808,0.157200
S47-0519,2024-06-02,train,559.9,0.265,0,1,0.138799,0.290000,0.214144,0.306903,0,0,0.617570,0.480384
S47-0520,2024-06-03,train,622.3,0.399,0,1,0.225116,0.290000,0.284096,0.355282,0,0,0.512519,0.415661
S47-0521,2024-06-04,train,621.5,0.443,0,1,0.248524,0.290000,0.290203,0.359668,0,0,0.503812,0.410024
S47-0522,2024-06-05,train,350.8,0.694,0,0,0.237651,0.290000,0.103043,0.238296,0,0,0.010618,0.056785
S47-0523,2024-06-06,train,781.8,0.781,0,0,0.595897,0.290000,0.400240,0.442081,0,0,0.160192,0.195435
S47-0524,2024-06-07,train,406.4,0.245,0,0,0.087400,0.290000,0.019385,0.194091,0,0,0.000376,0.037671
S47-0525,2024-06-08,train,452.0,0.672,1,0,0.493000,0.290000,0.129034,0.253359,0,0,0.016650,0.064191
S47-0526,2024-06-09,train,644.4,0.636,0,0,0.387271,0.290000,0.241927,0.325686,0,0,0.058529,0.106072
S47-0527,2024-06-10,train,659.0,0.482,0,0,0.293800,0.290000,0.030219,0.199445,0,0,0.000913,0.039778
S47-0528,2024-06-11,train,310.0,0.294,0,0,0.076704,0.290000,0.029007,0.198841,0,0,0.000841,0.039538
S47-0529,2024-06-12,train,772.3,0.420,0,0,0.326711,0.290000,0.221225,0.311633,0,0,0.048941,0.097115
S47-0530,2024-06-13,train,691.5,0.278,0,0,0.199168,0.290000,0.098583,0.235773,0,0,0.009719,0.055589
S47-0531,2024-06-14,train,663.0,0.250,1,0,0.340515,0.290000,0.113647,0.244366,0,0,0.012916,0.059715
S47-0532,2024-06-15,train,321.8,0.494,0,0,0.135568,0.290000,0.022924,0.195828,0,0,0.000526,0.038349
S47-0533,2024-06-16,train,510.3,0.162,0,0,0.092532,0.290000,0.042125,0.205456,0,0,0.001775,0.042212
S47-0534,2024-06-17,train,668.6,0.613,0,1,0.388125,0.290000,0.277164,0.350333,0,0,0.522492,0.422068
S47-0535,2024-06-18,train,637.2,0.496,1,1,0.499900,0.290000,0.671223,0.648997,1,1,0.108094,0.123203
S47-0536,2024-06-19,train,478.1,0.335,1,0,0.276738,0.290000,0.098010,0.235451,0,0,0.009606,0.055437
S47-0537,2024-06-20,train,575.9,0.561,0,0,0.291254,0.290000,0.052372,0.210736,0,0,0.002743,0.044410
S47-0538,2024-06-21,train,673.0,0.403,1,0,0.457106,0.290000,0.278659,0.351398,0,0,0.077651,0.123481
S47-0539,2024-06-22,train,223.2,0.473,0,0,0.098731,0.290000,0.009316,0.189213,0,0,0.000087,0.035802
S47-0540,2024-06-23,train,484.3,0.792,0,0,0.384356,0.290000,0.087492,0.229582,0,0,0.007655,0.052708
S47-0541,2024-06-24,train,477.6,0.375,1,0,0.301072,0.290000,0.059433,0.214432,0,0,0.003532,0.045981
S47-0542,2024-06-25,train,296.7,0.475,0,0,0.120797,0.290000,0.008182,0.188670,0,0,0.000067,0.035596
S47-0543,2024-06-26,train,836.6,0.614,1,1,0.721477,0.290000,0.950370,0.815705,1,1,0.002463,0.033965
S47-0544,2024-06-27,train,176.5,0.800,1,1,0.384498,0.290000,0.207699,0.302633,0,0,0.627741,0.486321
S47-0545,2024-06-28,train,473.0,0.225,1,0,0.213157,0.290000,0.009613,0.189356,0,0,0.000092,0.035856
S47-0546,2024-06-29,train,685.5,0.139,1,0,0.283635,0.290000,0.240442,0.324667,0,0,0.057812,0.105409
S47-0547,2024-06-30,train,740.3,0.188,0,0,0.180184,0.290000,0.262990,0.340314,0,0,0.069164,0.115813
S47-0548,2024-07-01,train,755.3,0.093,1,0,0.298364,0.290000,0.142765,0.261567,0,0,0.020382,0.068417
S47-0549,2024-07-02,train,680.0,0.403,0,0,0.259033,0.290000,0.275503,0.349152,0,0,0.075902,0.121907
S47-0550,2024-07-03,train,606.7,0.580,0,0,0.323026,0.290000,0.175983,0.282121,0,0,0.030970,0.079592
S47-0551,2024-07-04,train,551.0,0.077,1,0,0.180051,0.290000,0.094185,0.233304,0,0,0.008871,0.054431
S47-0552,2024-07-05,train,763.5,0.284,1,1,0.435978,0.290000,0.383265,0.429032,0,0,0.380362,0.326004
S47-0553,2024-07-06,train,973.3,0.568,1,1,0.772749,0.290000,0.935470,0.808598,1,1,0.004164,0.036635
S47-0554,2024-07-07,train,392.5,0.560,0,0,0.191159,0.290000,0.077320,0.224004,0,0,0.005978,0.050178
S47-0555,2024-07-08,train,461.0,0.723,0,0,0.321257,0.290000,0.118099,0.246946,0,0,0.013947,0.060982
S47-0556,2024-07-09,train,500.4,0.133,1,0,0.182455,0.290000,0.064749,0.217246,0,0,0.004192,0.047196
S47-0557,2024-07-10,train,595.2,0.387,0,0,0.205315,0.290000,0.069142,0.219590,0,0,0.004781,0.048220
S47-0558,2024-07-11,train,886.7,0.574,1,1,0.727525,0.290000,0.937364,0.809513,1,1,0.003923,0.036285
S47-0559,2024-07-12,train,708.1,0.306,0,0,0.221370,0.290000,0.152441,0.267454,0,0,0.023238,0.071531
S47-0560,2024-07-13,train,1136.6,0.181,0,0,0.414062,0.290000,0.210751,0.304651,0,0,0.044416,0.092812
S47-0561,2024-07-14,train,617.5,0.227,0,0,0.145978,0.290000,0.051910,0.210496,0,0,0.002695,0.044308
S47-0562,2024-07-15,train,612.1,0.398,0,1,0.219309,0.290000,0.199835,0.297468,0,0,0.640264,0.493551
S47-0563,2024-07-16,train,909.1,0.441,0,1,0.437897,0.290000,0.416691,0.454804,0,0,0.340250,0.297239
S47-0564,2024-07-17,train,368.4,0.487,0,1,0.150102,0.290000,0.159524,0.271815,0,0,0.706400,0.530253
S47-0565,2024-07-18,train,870.4,0.682,0,0,0.588362,0.290000,0.484133,0.507402,0,1,0.234385,0.257457
S47-0566,2024-07-19,train,587.8,0.789,0,1,0.457701,0.290000,0.310104,0.374122,0,0,0.475957,0.391724
S47-0567,2024-07-20,train,421.4,0.489,1,0,0.338766,0.290000,0.131704,0.254942,0,0,0.017346,0.064996
S47-0568,2024-07-21,train,508.8,0.190,1,0,0.213560,0.290000,0.066056,0.217941,0,0,0.004363,0.047498
S47-0569,2024-07-22,train,552.0,0.583,0,0,0.290079,0.290000,0.085984,0.228749,0,0,0.007393,0.052326
S47-0570,2024-07-23,train,657.4,0.567,0,0,0.348236,0.290000,0.071846,0.221043,0,0,0.005162,0.048860
S47-0571,2024-07-24,train,301.7,0.625,0,0,0.179476,0.290000,0.044360,0.206599,0,0,0.001968,0.042683
S47-0572,2024-07-25,train,809.6,0.831,0,1,0.650628,0.290000,0.630732,0.619640,1,1,0.136359,0.144674
S47-0573,2024-07-26,train,622.2,0.241,0,0,0.153112,0.290000,0.062800,0.216211,0,0,0.003944,0.046747
S47-0574,2024-07-27,train,409.2,0.294,0,1,0.100616,0.290000,0.129404,0.253579,0,0,0.757937,0.557145
S47-0575,2024-07-28,train,660.9,0.273,0,0,0.182679,0.290000,0.011723,0.190371,0,0,0.000137,0.036241
S47-0576,2024-07-29,train,287.2,0.311,1,0,0.167228,0.290000,0.102508,0.237992,0,0,0.010508,0.056640
S47-0577,2024-07-30,train,797.6,0.410,0,1,0.336887,0.290000,0.424661,0.460990,0,0,0.331015,0.290531
S47-0578,2024-07-31,train,493.8,0.351,1,0,0.296171,0.290000,0.141408,0.260748,0,0,0.019996,0.067990
S47-0579,2024-08-01,train,441.3,0.241,0,0,0.095082,0.290000,0.005435,0.187359,0,0,0.000030,0.035103
S47-0580,2024-08-02,train,630.0,0.276,0,0,0.170512,0.290000,0.054259,0.211719,0,0,0.002944,0.044825
S47-0581,2024-08-03,train,589.4,0.492,1,0,0.461129,0.290000,0.503824,0.522780,1,1,0.253839,0.273299
S47-0582,2024-08-04,train,653.6,0.110,0,0,0.118240,0.290000,0.029445,0.199059,0,0,0.000867,0.039624
S47-0583,2024-08-05,train,926.6,0.820,0,0,0.719059,0.290000,0.532176,0.544839,1,1,0.283211,0.296850
S47-0584,2024-08-06,train,566.7,0.299,0,1,0.154087,0.290000,0.210326,0.304369,0,0,0.623586,0.483902
S47-0585,2024-08-07,train,724.0,0.618,0,0,0.431925,0.290000,0.302559,0.368614,0,0,0.091542,0.135876
S47-0586,2024-08-08,train,481.4,0.054,0,0,0.063340,0.290000,0.028106,0.198392,0,0,0.000790,0.039360
S47-0587,2024-08-09,train,385.8,0.221,0,0,0.077301,0.290000,0.018083,0.193455,0,0,0.000327,0.037425
S47-0588,2024-08-10,train,726.6,0.454,0,0,0.319037,0.290000,0.220425,0.311097,0,0,0.048587,0.096781
S47-0589,2024-08-11,train,299.1,0.343,0,0,0.085200,0.290000,0.013203,0.191085,0,0,0.000174,0.036514
S47-0590,2024-08-12,train,541.9,0.584,1,0,0.494425,0.290000,0.601313,0.597733,1,1,0.361577,0.357284
S47-0591,2024-08-13,train,600.7,0.361,0,0,0.195462,0.290000,0.051559,0.210314,0,0,0.002658,0.044232
S47-0592,2024-08-14,train,640.4,0.493,0,0,0.289092,0.290000,0.077064,0.223865,0,0,0.005939,0.050116
S47-0593,2024-08-15,train,793.0,0.922,0,0,0.699517,0.290000,0.593201,0.591619,1,1,0.351887,0.350013
S47-0594,2024-08-16,train,625.8,0.736,1,1,0.664943,0.290000,0.529190,0.542523,1,1,0.221662,0.209285
S47-0595,2024-08-17,train,503.9,0.127,0,0,0.082618,0.290000,0.032129,0.200401,0,0,0.001032,0.040160
S47-0596,2024-08-18,train,429.4,0.666,1,1,0.471581,0.290000,0.176127,0.282212,0,0,0.678768,0.515220
S47-0597,2024-08-19,train,663.5,0.473,0,0,0.291007,0.290000,0.026187,0.197440,0,0,0.000686,0.038983
S47-0598,2024-08-20,train,872.4,0.924,0,1,0.748231,0.290000,0.582546,0.583545,1,1,0.174268,0.173434
S47-0599,2024-08-21,train,1003.3,0.551,1,1,0.779525,0.290000,0.922354,0.802170,1,1,0.006029,0.039137
S47-0600,2024-08-22,train,364.0,0.603,1,0,0.377776,0.290000,0.103641,0.238635,0,0,0.010742,0.056947
S47-0601,2024-08-23,train,915.1,0.605,0,1,0.564710,0.290000,0.521757,0.536748,1,1,0.228717,0.214602
S47-0602,2024-08-24,train,567.0,0.800,0,1,0.450414,0.290000,0.260902,0.338849,0,0,0.546266,0.437120
S47-0603,2024-08-25,train,660.2,0.677,1,0,0.648306,0.290000,0.454643,0.484354,0,0,0.206700,0.234599
S47-0604,2024-08-26,train,242.8,0.466,0,0,0.102146,0.290000,0.011053,0.190048,0,0,0.000122,0.036118
S47-0605,2024-08-27,train,559.3,0.783,0,0,0.432146,0.290000,0.237549,0.322687,0,0,0.056430,0.104127
S47-0606,2024-08-28,train,462.8,0.329,0,0,0.127349,0.290000,0.029351,0.199012,0,0,0.000861,0.039606
S47-0607,2024-08-29,train,654.8,0.474,0,0,0.286264,0.290000,0.025465,0.197082,0,0,0.000648,0.038841
S47-0608,2024-08-30,train,419.2,0.293,0,0,0.103086,0.290000,0.016694,0.192778,0,0,0.000279,0.037163
S47-0609,2024-08-31,train,657.5,0.706,0,0,0.447816,0.290000,0.171984,0.279595,0,0,0.029578,0.078173
S47-0610,2024-09-01,train,744.0,0.746,0,1,0.542398,0.290000,0.486812,0.509496,0,1,0.263361,0.240594
S47-0611,2024-09-02,train,433.3,0.609,0,1,0.236295,0.290000,0.116087,0.245778,0,0,0.781302,0.568851
S47-0612,2024-09-03,train,674.1,0.554,0,0,0.350760,0.290000,0.102255,0.237848,0,0,0.010456,0.056572
S47-0613,2024-09-04,train,1116.3,0.371,1,1,0.743053,0.290000,0.584745,0.585215,1,1,0.172437,0.172047
S47-0614,2024-09-05,train,442.0,0.240,1,0,0.205217,0.290000,0.005676,0.187473,0,0,0.000032,0.035146
S47-0615,2024-09-06,train,902.8,0.231,0,1,0.289338,0.290000,0.305125,0.370484,0,0,0.482851,0.396291
S47-0616,2024-09-07,train,535.6,0.182,0,0,0.104593,0.290000,0.083164,0.227197,0,0,0.006916,0.051618
S47-0617,2024-09-08,train,682.1,0.360,1,1,0.431999,0.290000,0.405567,0.446193,0,0,0.353350,0.306702
S47-0618,2024-09-09,train,776.9,0.607,1,0,0.679549,0.290000,0.784890,0.725133,1,1,0.616052,0.525818
S47-0619,2024-09-10,train,957.4,0.172,0,0,0.286632,0.290000,0.159505,0.271804,0,0,0.025442,0.073877
S47-0620,2024-09-11,train,514.9,0.541,1,1,0.442185,0.290000,0.672045,0.649582,1,1,0.107555,0.122793
S47-0621,2024-09-12,train,691.3,0.354,0,1,0.237923,0.290000,0.295414,0.363430,0,0,0.496441,0.405222
S47-0622,2024-09-13,train,723.1,0.206,1,0,0.351444,0.290000,0.174121,0.280943,0,0,0.030318,0.078929
S47-0623,2024-09-14,train,634.5,0.262,1,0,0.329488,0.290000,0.135138,0.256987,0,0,0.018262,0.066042
S47-0624,2024-09-15,train,386.2,0.200,0,0,0.073006,0.290000,0.018267,0.193545,0,0,0.000334,0.037460
S47-0625,2024-09-16,train,238.4,0.327,0,0,0.068894,0.290000,0.020604,0.194688,0,0,0.000425,0.037903
S47-0626,2024-09-17,train,235.0,0.356,0,0,0.073987,0.290000,0.015162,0.192034,0,0,0.000230,0.036877
S47-0627,2024-09-18,train,884.4,0.298,0,0,0.320212,0.290000,0.209543,0.303851,0,0,0.043908,0.092326
S47-0628,2024-09-19,train,492.3,0.352,0,0,0.145903,0.290000,0.052036,0.210562,0,0,0.002708,0.044336
S47-0629,2024-09-20,train,604.1,0.527,0,0,0.287676,0.290000,0.138844,0.259206,0,0,0.019278,0.067188
S47-0630,2024-09-21,train,302.1,0.345,0,0,0.086377,0.290000,0.013406,0.191183,0,0,0.000180,0.036551
S47-0631,2024-09-22,train,804.3,0.298,0,0,0.270300,0.290000,0.199435,0.297208,0,0,0.039774,0.088332
S47-0632,2024-09-23,train,1201.3,0.197,0,0,0.473749,0.290000,0.222046,0.312184,0,0,0.049304,0.097459
S47-0633,2024-09-24,train,618.6,0.398,0,0,0.222666,0.290000,0.194430,0.293949,0,0,0.037803,0.086406
S47-0634,2024-09-25,train,649.7,0.661,1,0,0.629973,0.290000,0.439383,0.472448,0,0,0.193058,0.223207
S47-0635,2024-09-26,train,446.4,0.477,0,0,0.178023,0.290000,0.059314,0.214369,0,0,0.003518,0.045954
S47-0636,2024-09-27,train,685.8,0.317,1,0,0.403332,0.290000,0.373788,0.421788,0,0,0.139717,0.177905
S47-0637,2024-09-28,train,747.5,0.230,0,1,0.203024,0.290000,0.460238,0.488725,0,0,0.291343,0.261402
S47-0638,2024-09-29,train,750.0,0.804,1,1,0.779370,0.290000,0.873329,0.776713,1,1,0.016046,0.049857
S47-0639,2024-09-30,train,430.1,0.315,1,0,0.237814,0.290000,0.091640,0.231884,0,0,0.008398,0.053770
S47-0640,2024-10-01,train,632.9,0.699,0,1,0.424507,0.290000,0.476837,0.501699,0,1,0.273699,0.248304
S47-0641,2024-10-02,train,435.8,0.297,0,0,0.108941,0.290000,0.033630,0.201154,0,0,0.001131,0.040463
S47-0642,2024-10-03,train,730.7,0.567,1,0,0.620836,0.290000,0.658059,0.639564,1,1,0.433042,0.409042
S47-0643,2024-10-04,train,782.1,0.210,1,0,0.395632,0.290000,0.259572,0.337918,0,0,0.067378,0.114189
S47-0644,2024-10-05,train,524.2,0.323,0,0,0.146991,0.290000,0.087201,0.229421,0,0,0.007604,0.052634
S47-0645,2024-10-06,train,589.0,0.189,0,1,0.122819,0.290000,0.237597,0.322720,0,0,0.581258,0.458708
S47-0646,2024-10-07,train,739.7,0.694,0,0,0.500275,0.290000,0.281266,0.353258,0,0,0.079110,0.124791
S47-0647,2024-10-08,train,525.2,0.125,0,1,0.087113,0.290000,0.102901,0.238215,0,0,0.804787,0.580317
S47-0648,2024-10-09,train,714.6,0.301,1,1,0.412607,0.290000,0.299045,0.366060,0,0,0.491338,0.401879
S47-0649,2024-10-10,train,448.3,0.746,0,1,0.328032,0.290000,0.157298,0.270439,0,0,0.710147,0.532259
S47-0650,2024-10-11,train,275.7,0.526,1,0,0.269945,0.290000,0.079404,0.225139,0,0,0.006305,0.050688
S47-0651,2024-10-12,train,628.2,0.695,1,1,0.638671,0.290000,0.518377,0.534119,1,1,0.231961,0.217045
S47-0652,2024-10-13,train,574.1,0.088,0,0,0.089995,0.290000,0.180476,0.284975,0,0,0.032571,0.081211
S47-0653,2024-10-14,train,821.0,0.282,0,0,0.270715,0.290000,0.065319,0.217549,0,0,0.004267,0.047327
S47-0654,2024-10-15,train,747.8,0.105,1,0,0.301198,0.290000,0.148520,0.265059,0,0,0.022058,0.070256
S47-0655,2024-10-16,train,1164.3,0.177,1,1,0.651105,0.290000,0.519073,0.534661,1,1,0.231291,0.216540
S47-0656,2024-10-17,train,797.2,0.471,0,0,0.378622,0.290000,0.397107,0.439666,0,0,0.157694,0.193306
S47-0657,2024-10-18,train,490.5,0.212,0,0,0.100426,0.290000,0.027376,0.198030,0,0,0.000749,0.039216
S47-0658,2024-10-19,train,475.6,0.458,0,0,0.182545,0.290000,0.098332,0.235632,0,0,0.009669,0.055522
S47-0659,2024-10-20,train,220.9,0.777,0,0,0.213107,0.290000,0.200751,0.298067,0,0,0.040301,0.088844
S47-0660,2024-10-21,train,723.4,0.738,0,1,0.521038,0.290000,0.381694,0.427829,0,0,0.382302,0.327379
S47-0661,2024-10-22,train,533.0,0.419,0,0,0.190927,0.290000,0.117101,0.246366,0,0,0.013713,0.060696
S47-0662,2024-10-23,train,644.2,0.156,0,0,0.130176,0.290000,0.036074,0.202385,0,0,0.001301,0.040959
S47-0663,2024-10-24,train,731.1,0.316,0,1,0.238904,0.290000,0.293021,0.361701,0,0,0.499819,0.407426
S47-0664,2024-10-25,train,489.8,0.194,1,1,0.206099,0.290000,0.078260,0.224515,0,0,0.849605,0.601376
S47-0665,2024-10-26,train,505.6,0.408,0,0,0.173761,0.290000,0.095877,0.234252,0,0,0.009192,0.054874
S47-0666,2024-10-27,train,574.8,0.388,0,0,0.195982,0.290000,0.091431,0.231768,0,0,0.008360,0.053716
S47-0667,2024-10-28,train,739.2,0.348,0,1,0.261459,0.290000,0.463819,0.491523,0,0,0.287490,0.258549
S47-0668,2024-10-29,train,677.7,0.699,0,0,0.457627,0.290000,0.228693,0.316665,0,0,0.052301,0.100277
S47-0669,2024-10-30,train,564.9,0.131,0,0,0.098651,0.290000,0.183972,0.287208,0,0,0.033846,0.082488
S47-0670,2024-10-31,train,584.4,0.841,0,0,0.494050,0.290000,0.241944,0.325698,0,0,0.058537,0.106079
S47-0671,2024-11-01,train,798.0,0.324,0,1,0.282114,0.290000,0.492864,0.514224,0,1,0.257187,0.235978
S47-0672,2024-11-02,train,644.2,0.354,1,1,0.400016,0.290000,0.244343,0.327348,0,0,0.571017,0.452461
S47-0673,2024-11-03,train,509.0,0.298,0,0,0.132504,0.290000,0.063149,0.216396,0,0,0.003988,0.046827
S47-0674,2024-11-04,train,247.6,0.558,0,0,0.132022,0.290000,0.006433,0.187834,0,0,0.000041,0.035282
S47-0675,2024-11-05,train,703.4,0.715,0,0,0.488802,0.290000,0.186959,0.289124,0,0,0.034954,0.083593
S47-0676,2024-11-06,train,633.0,0.469,1,1,0.476517,0.290000,0.521023,0.536177,1,1,0.229419,0.215131
S47-0677,2024-11-07,train,260.3,0.257,1,0,0.136096,0.290000,0.018915,0.193861,0,0,0.000358,0.037582
S47-0678,2024-11-08,train,880.0,0.278,0,0,0.304492,0.290000,0.103339,0.238463,0,0,0.010679,0.056865
S47-0679,2024-11-09,train,765.7,0.221,0,1,0.207527,0.290000,0.470515,0.496757,0,0,0.280355,0.253254
S47-0680,2024-11-10,train,690.2,0.176,1,1,0.309726,0.290000,0.327626,0.387037,0,0,0.452087,0.375723
S47-0681,2024-11-11,train,478.9,0.374,0,1,0.149148,0.290000,0.117244,0.246449,0,0,0.779258,0.567839
S47-0682,2024-11-12,train,633.0,0.349,0,0,0.205217,0.290000,0.070868,0.220517,0,0,0.005022,0.048628
S47-0683,2024-11-13,train,878.7,0.371,0,0,0.365656,0.290000,0.102842,0.238182,0,0,0.010577,0.056731
S47-0684,2024-11-14,train,678.9,0.107,0,0,0.125395,0.290000,0.080828,0.225917,0,0,0.006533,0.051038
S47-0685,2024-11-15,train,729.6,0.900,0,1,0.643090,0.290000,0.433828,0.468120,0,0,0.320551,0.282896
S47-0686,2024-11-16,train,677.5,0.217,1,0,0.328164,0.290000,0.244116,0.327192,0,0,0.059593,0.107054
S47-0687,2024-11-17,train,982.9,0.439,0,0,0.491426,0.290000,0.565742,0.570722,1,1,0.320064,0.325724
S47-0688,2024-11-18,train,92.7,0.367,0,0,0.051130,0.290000,0.017424,0.193134,0,0,0.000304,0.037301
S47-0689,2024-11-19,train,891.6,0.382,1,0,0.603675,0.290000,0.428400,0.463896,0,0,0.183526,0.215200
S47-0690,2024-11-20,train,445.6,0.888,0,0,0.425753,0.290000,0.075883,0.223224,0,0,0.005758,0.049829
S47-0691,2024-11-21,train,624.9,0.332,0,0,0.193208,0.290000,0.044378,0.206608,0,0,0.001969,0.042687
S47-0692,2024-11-22,train,461.0,0.401,0,0,0.152646,0.290000,0.053856,0.211509,0,0,0.002901,0.044736
S47-0693,2024-11-23,train,207.3,0.768,1,0,0.383646,0.290000,0.210914,0.304759,0,0,0.044485,0.092878
S47-0694,2024-11-24,train,889.7,0.276,1,0,0.524256,0.290000,0.421186,0.458291,0,0,0.177397,0.210031
S47-0695,2024-11-25,train,149.2,0.495,0,0,0.085693,0.290000,0.011996,0.190503,0,0,0.000144,0.036291
S47-0696,2024-11-26,train,590.4,0.839,0,0,0.497050,0.290000,0.279248,0.351817,0,0,0.077979,0.123775
S47-0697,2024-11-27,train,299.8,0.202,0,0,0.057617,0.290000,0.005435,0.187359,0,0,0.000030,0.035103
S47-0698,2024-11-28,train,619.4,0.575,0,0,0.328098,0.290000,0.181185,0.285427,0,0,0.032828,0.081469
S47-0699,2024-11-29,train,613.2,0.252,0,0,0.153891,0.290000,0.057935,0.213644,0,0,0.003356,0.045644
S47-0700,2024-11-30,train,999.8,0.352,0,0,0.439153,0.290000,0.331598,0.389988,0,0,0.109957,0.152091
S47-0701,2024-12-01,calibration,489.5,0.224,0,0,0.103447,0.290000,0.028898,0.198786,0,0,0.000835,0.039516
S47-0702,2024-12-02,calibration,564.0,0.142,0,0,0.101379,0.290000,0.183339,0.286802,0,0,0.033613,0.082256
S47-0703,2024-12-03,calibration,696.9,0.341,0,1,0.233921,0.290000,0.180518,0.285002,0,0,0.671551,0.511222
S47-0704,2024-12-04,calibration,317.3,0.116,1,1,0.109087,0.290000,0.027840,0.198260,0,0,0.945095,0.642787
S47-0705,2024-12-05,calibration,399.2,0.258,0,1,0.088798,0.290000,0.018601,0.193708,0,0,0.963145,0.650107
S47-0706,2024-12-06,calibration,537.3,0.795,0,0,0.424800,0.290000,0.203863,0.300107,0,0,0.041560,0.090064
S47-0707,2024-12-07,calibration,1000.4,0.067,1,1,0.450711,0.290000,0.388651,0.433163,0,0,0.373747,0.321304
S47-0708,2024-12-08,calibration,515.8,0.282,1,0,0.267646,0.290000,0.088440,0.230107,0,0,0.007822,0.052949
S47-0709,2024-12-09,calibration,577.7,0.020,1,0,0.167019,0.290000,0.167582,0.276831,0,0,0.028084,0.076635
S47-0710,2024-12-10,calibration,314.8,0.474,0,0,0.126353,0.290000,0.013603,0.191279,0,0,0.000185,0.036587
S47-0711,2024-12-11,calibration,599.2,0.537,1,0,0.502150,0.290000,0.704514,0.672329,1,1,0.496340,0.452026
S47-0712,2024-12-12,calibration,698.5,0.503,0,0,0.332811,0.290000,0.181223,0.285451,0,0,0.032842,0.081482
S47-0713,2024-12-13,calibration,1014.4,0.382,1,1,0.687660,0.290000,0.563161,0.568744,1,1,0.190829,0.185982
S47-0714,2024-12-14,calibration,80.0,0.624,0,0,0.100833,0.290000,0.054276,0.211728,0,0,0.002946,0.044829
S47-0715,2024-12-15,calibration,423.3,0.473,1,0,0.329356,0.290000,0.109766,0.242132,0,0,0.012049,0.058628
S47-0716,2024-12-16,calibration,225.6,0.562,0,0,0.125956,0.290000,0.012651,0.190819,0,0,0.000160,0.036412
S47-0717,2024-12-17,calibration,113.9,0.384,0,0,0.056985,0.290000,0.017764,0.193299,0,0,0.000316,0.037365
S47-0718,2024-12-18,calibration,388.0,0.219,0,0,0.077344,0.290000,0.019175,0.193989,0,0,0.000368,0.037632
S47-0719,2024-12-19,calibration,808.5,0.536,1,0,0.653283,0.290000,0.834827,0.755140,1,1,0.696936,0.570237
S47-0720,2024-12-20,calibration,460.9,0.143,0,0,0.076682,0.290000,0.005435,0.187359,0,0,0.000030,0.035103
S47-0721,2024-12-21,calibration,139.7,0.343,0,0,0.054583,0.290000,0.014681,0.191801,0,0,0.000216,0.036788
S47-0722,2024-12-22,calibration,468.5,0.353,0,1,0.137584,0.290000,0.031772,0.200222,0,0,0.937465,0.639645
S47-0723,2024-12-23,calibration,831.4,0.917,0,0,0.720149,0.290000,0.641534,0.627568,1,1,0.411565,0.393841
S47-0724,2024-12-24,calibration,609.7,0.522,0,0,0.288045,0.290000,0.232437,0.319203,0,0,0.054027,0.101891
S47-0725,2024-12-25,calibration,716.8,0.287,0,0,0.216090,0.290000,0.087985,0.229855,0,0,0.007741,0.052833
S47-0726,2024-12-26,calibration,643.9,0.735,0,0,0.459265,0.290000,0.298885,0.365944,0,0,0.089332,0.133915
S47-0727,2024-12-27,calibration,880.1,0.424,0,1,0.404271,0.290000,0.226327,0.315066,0,0,0.598569,0.469135
S47-0728,2024-12-28,calibration,748.9,0.375,1,1,0.492925,0.290000,0.307896,0.372507,0,0,0.479008,0.393748
S47-0729,2024-12-29,calibration,466.7,0.321,0,0,0.125989,0.290000,0.036511,0.202605,0,0,0.001333,0.041049
S47-0730,2024-12-30,calibration,577.3,0.669,1,0,0.583923,0.290000,0.541170,0.551804,1,1,0.292865,0.304488
S47-0731,2024-12-31,calibration,797.9,0.150,1,1,0.364404,0.290000,0.266898,0.343063,0,0,0.537438,0.431567
S47-0732,2025-01-01,calibration,293.3,0.216,0,0,0.058851,0.290000,0.005435,0.187359,0,0,0.000030,0.035103
S47-0733,2025-01-02,calibration,428.4,0.183,0,0,0.078291,0.290000,0.005928,0.187593,0,0,0.000035,0.035191
S47-0734,2025-01-03,calibration,567.8,0.658,0,0,0.349190,0.290000,0.313113,0.376328,0,0,0.098040,0.141623
S47-0735,2025-01-04,calibration,848.6,0.044,0,0,0.164902,0.290000,0.037019,0.202862,0,0,0.001370,0.041153
S47-0736,2025-01-05,calibration,506.1,0.646,0,0,0.300756,0.290000,0.136764,0.257959,0,0,0.018704,0.066543
S47-0737,2025-01-06,calibration,584.3,0.250,0,0,0.142204,0.290000,0.187062,0.289190,0,0,0.034992,0.083631
S47-0738,2025-01-07,calibration,594.7,0.692,0,1,0.391765,0.290000,0.375141,0.422820,0,0,0.390449,0.333136
S47-0739,2025-01-08,calibration,784.7,0.180,0,0,0.196882,0.290000,0.265493,0.342073,0,0,0.070487,0.117014
S47-0740,2025-01-09,calibration,431.7,0.857,0,0,0.393195,0.290000,0.102509,0.237993,0,0,0.010508,0.056640
S47-0741,2025-01-10,calibration,545.5,0.497,0,0,0.236403,0.290000,0.093286,0.232802,0,0,0.008702,0.054197
S47-0742,2025-01-11,calibration,478.7,0.155,1,0,0.182590,0.290000,0.037168,0.202937,0,0,0.001381,0.041184
S47-0743,2025-01-12,calibration,701.5,0.658,0,0,0.444850,0.290000,0.218096,0.309538,0,0,0.047566,0.095814
S47-0744,2025-01-13,calibration,665.3,0.194,0,1,0.151601,0.290000,0.063368,0.216512,0,0,0.877280,0.613854
S47-0745,2025-01-14,calibration,573.7,0.231,0,0,0.131713,0.290000,0.160565,0.272460,0,0,0.025781,0.074234
S47-0746,2025-01-15,calibration,712.6,0.788,1,0,0.750597,0.290000,0.795464,0.731674,1,1,0.632763,0.535347
S47-0747,2025-01-16,calibration,433.4,0.790,0,0,0.347556,0.290000,0.146782,0.264001,0,0,0.021545,0.069697
S47-0748,2025-01-17,calibration,749.8,0.743,1,1,0.746191,0.290000,0.881050,0.780872,1,1,0.014149,0.048017
S47-0749,2025-01-18,calibration,864.0,0.478,0,0,0.431925,0.290000,0.332108,0.390368,0,0,0.110296,0.152387
S47-0750,2025-01-19,calibration,518.1,0.741,0,0,0.372221,0.290000,0.236048,0.321662,0,0,0.055719,0.103467
S47-0751,2025-01-20,calibration,465.1,0.626,0,0,0.263724,0.290000,0.073763,0.222077,0,0,0.005441,0.049318
S47-0752,2025-01-21,calibration,923.2,0.476,1,1,0.689461,0.290000,0.713310,0.678359,1,1,0.082191,0.103453
S47-0753,2025-01-22,calibration,406.5,0.317,0,1,0.106262,0.290000,0.109963,0.242245,0,0,0.792167,0.574192
S47-0754,2025-01-23,calibration,263.8,0.435,0,0,0.099428,0.290000,0.015441,0.192169,0,0,0.000238,0.036929
S47-0755,2025-01-24,calibration,588.6,0.466,1,1,0.441223,0.290000,0.425483,0.461629,0,0,0.330070,0.289843
S47-0756,2025-01-25,calibration,714.3,0.826,1,0,0.772222,0.290000,0.798939,0.733802,1,1,0.638303,0.538465
S47-0757,2025-01-26,calibration,681.1,0.362,0,0,0.236728,0.290000,0.298539,0.365694,0,0,0.089126,0.133732
S47-0758,2025-01-27,calibration,553.1,0.636,0,0,0.324603,0.290000,0.291251,0.360424,0,0,0.084827,0.129905
S47-0759,2025-01-28,calibration,599.9,0.377,0,0,0.202733,0.290000,0.058924,0.214164,0,0,0.003472,0.045866
S47-0760,2025-01-29,calibration,642.9,0.256,0,1,0.167521,0.290000,0.054242,0.211710,0,0,0.894458,0.621400
S47-0761,2025-01-30,calibration,740.4,0.339,0,0,0.256966,0.290000,0.426526,0.462440,0,0,0.181924,0.213850
S47-0762,2025-01-31,calibration,656.5,0.511,0,1,0.310561,0.290000,0.179145,0.284127,0,0,0.673804,0.512474
S47-0763,2025-02-01,calibration,923.8,0.323,0,0,0.363640,0.290000,0.299207,0.366178,0,0,0.089525,0.134086
S47-0764,2025-02-02,calibration,662.9,0.175,0,0,0.143527,0.290000,0.038110,0.203414,0,0,0.001452,0.041377
S47-0765,2025-02-03,calibration,587.4,0.605,0,1,0.326777,0.290000,0.305765,0.370951,0,0,0.481962,0.395703
S47-0766,2025-02-04,calibration,815.1,0.851,1,1,0.831781,0.290000,0.943454,0.812432,1,1,0.003197,0.035182
S47-0767,2025-02-05,calibration,401.5,0.463,0,0,0.153618,0.290000,0.134632,0.256685,0,0,0.018126,0.065887
S47-0768,2025-02-06,calibration,636.2,0.346,0,0,0.205315,0.290000,0.068456,0.219223,0,0,0.004686,0.048059
S47-0769,2025-02-07,calibration,386.5,0.742,0,1,0.286080,0.290000,0.228048,0.316228,0,0,0.595911,0.467544
S47-0770,2025-02-08,calibration,465.6,0.549,1,0,0.411880,0.290000,0.229478,0.317196,0,0,0.052660,0.100613
S47-0771,2025-02-09,calibration,321.2,0.759,0,0,0.257424,0.290000,0.217854,0.309377,0,0,0.047461,0.095714
S47-0772,2025-02-10,calibration,747.6,0.635,0,0,0.462023,0.290000,0.438193,0.471520,0,0,0.192013,0.222331
S47-0773,2025-02-11,calibration,687.1,0.585,0,0,0.381379,0.290000,0.352772,0.405849,0,0,0.124448,0.164713
S47-0774,2025-02-12,calibration,528.0,0.405,0,0,0.182276,0.290000,0.151913,0.267130,0,0,0.023078,0.071359
S47-0775,2025-02-13,calibration,583.1,0.548,0,0,0.287676,0.290000,0.061226,0.215378,0,0,0.003749,0.046388
S47-0776,2025-02-14,calibration,726.8,0.306,1,0,0.425166,0.290000,0.292306,0.361184,0,0,0.085443,0.130454
S47-0777,2025-02-15,calibration,830.2,0.489,0,1,0.415227,0.290000,0.359376,0.410838,0,0,0.410399,0.347112
S47-0778,2025-02-16,calibration,368.1,0.369,0,0,0.110200,0.290000,0.122199,0.249338,0,0,0.014933,0.062169
S47-0779,2025-02-17,calibration,188.2,0.189,1,1,0.093774,0.290000,0.023069,0.195899,0,0,0.954395,0.646578
S47-0780,2025-02-18,calibration,637.2,0.478,0,1,0.278001,0.290000,0.117261,0.246459,0,0,0.779227,0.567824
S47-0781,2025-02-19,calibration,424.3,0.684,0,1,0.273865,0.290000,0.095036,0.233781,0,0,0.818959,0.587092
S47-0782,2025-02-20,calibration,608.9,0.412,1,1,0.416465,0.290000,0.212654,0.305913,0,0,0.619914,0.481757
S47-0783,2025-02-21,calibration,459.6,0.373,0,0,0.141583,0.290000,0.057167,0.213241,0,0,0.003268,0.045472
S47-0784,2025-02-22,calibration,893.6,0.209,1,0,0.476966,0.290000,0.452617,0.482772,0,0,0.204863,0.233069
S47-0785,2025-02-23,calibration,244.2,0.800,0,0,0.237325,0.290000,0.198714,0.296736,0,0,0.039487,0.088052
S47-0786,2025-02-24,calibration,573.8,0.776,0,1,0.437676,0.290000,0.247904,0.329804,0,0,0.565648,0.449162
S47-0787,2025-02-25,calibration,636.1,0.279,1,0,0.341931,0.290000,0.134624,0.256680,0,0,0.018124,0.065885
S47-0788,2025-02-26,calibration,501.1,0.288,1,1,0.262561,0.290000,0.110336,0.242459,0,0,0.791502,0.573868
S47-0789,2025-02-27,calibration,549.2,0.286,1,0,0.290203,0.290000,0.137965,0.258679,0,0,0.019034,0.066915
S47-0790,2025-02-28,calibration,822.4,0.548,0,0,0.452940,0.290000,0.320104,0.381472,0,0,0.102466,0.145521
S47-0791,2025-03-01,calibration,771.7,0.159,0,1,0.181250,0.290000,0.106584,0.240311,0,0,0.798193,0.577127
S47-0792,2025-03-02,calibration,612.9,0.359,1,0,0.381237,0.290000,0.178068,0.283443,0,0,0.031708,0.080340
S47-0793,2025-03-03,calibration,781.0,0.336,0,0,0.279086,0.290000,0.282315,0.354007,0,0,0.079702,0.125321
S47-0794,2025-03-04,calibration,316.9,0.546,0,0,0.152995,0.290000,0.013430,0.191195,0,0,0.000180,0.036555
S47-0795,2025-03-05,calibration,619.7,0.249,1,0,0.311332,0.290000,0.097260,0.235029,0,0,0.009459,0.055238
S47-0796,2025-03-06,calibration,684.5,0.350,0,0,0.232098,0.290000,0.317558,0.379596,0,0,0.100843,0.144093
S47-0797,2025-03-07,calibration,395.2,0.607,0,0,0.215278,0.290000,0.098381,0.235660,0,0,0.009679,0.055535
S47-0798,2025-03-08,calibration,419.2,0.206,0,0,0.081331,0.290000,0.005435,0.187359,0,0,0.000030,0.035103
S47-0799,2025-03-09,calibration,612.8,0.390,1,0,0.403332,0.290000,0.150961,0.266548,0,0,0.022789,0.071048
S47-0800,2025-03-10,calibration,689.4,0.250,0,0,0.185156,0.290000,0.251484,0.332283,0,0,0.063244,0.110412
S47-0801,2025-03-11,calibration,643.8,0.513,0,0,0.303730,0.290000,0.216657,0.308577,0,0,0.046940,0.095220
S47-0802,2025-03-12,calibration,705.0,0.476,0,1,0.319298,0.290000,0.133181,0.255821,0,0,0.751374,0.553803
S47-0803,2025-03-13,calibration,703.0,0.439,1,0,0.506500,0.290000,0.367697,0.417150,0,0,0.135201,0.174014
S47-0804,2025-03-14,calibration,667.8,0.920,1,1,0.796312,0.290000,0.613261,0.606683,1,1,0.149567,0.154698
S47-0805,2025-03-15,calibration,601.2,0.269,1,0,0.312298,0.290000,0.090129,0.231043,0,0,0.008123,0.053381
S47-0806,2025-03-16,calibration,479.9,0.369,0,0,0.147631,0.290000,0.087577,0.229629,0,0,0.007670,0.052729
S47-0807,2025-03-17,calibration,511.2,0.786,0,0,0.399296,0.290000,0.176035,0.282154,0,0,0.030988,0.079611
S47-0808,2025-03-18,calibration,629.4,0.154,0,0,0.124575,0.290000,0.074060,0.222237,0,0,0.005485,0.049389
S47-0809,2025-03-19,calibration,632.6,0.637,0,0,0.379611,0.290000,0.514966,0.531465,1,1,0.265190,0.282455
S47-0810,2025-03-20,calibration,528.4,0.410,0,0,0.184704,0.290000,0.130447,0.254196,0,0,0.017016,0.064616
S47-0811,2025-03-21,calibration,369.2,0.595,0,0,0.196644,0.290000,0.090106,0.231031,0,0,0.008119,0.053375
S47-0812,2025-03-22,calibration,431.0,0.631,0,0,0.247126,0.290000,0.099913,0.236524,0,0,0.009983,0.055943
S47-0813,2025-03-23,calibration,484.2,0.162,0,0,0.086164,0.290000,0.021249,0.195005,0,0,0.000452,0.038027
S47-0814,2025-03-24,calibration,558.4,0.166,0,0,0.106519,0.290000,0.156963,0.270233,0,0,0.024638,0.073026
S47-0815,2025-03-25,calibration,510.3,0.214,1,0,0.226689,0.290000,0.051849,0.210464,0,0,0.002688,0.044295
S47-0816,2025-03-26,calibration,690.7,0.081,0,0,0.120797,0.290000,0.091452,0.231779,0,0,0.008363,0.053722
S47-0817,2025-03-27,calibration,590.7,0.836,0,0,0.495025,0.290000,0.279248,0.351817,0,0,0.077979,0.123775
S47-0818,2025-03-28,calibration,297.8,0.279,1,0,0.158478,0.290000,0.023041,0.195886,0,0,0.000531,0.038371
S47-0819,2025-03-29,calibration,574.0,0.586,0,1,0.305764,0.290000,0.097573,0.235205,0,0,0.814374,0.584911
S47-0820,2025-03-30,calibration,664.7,0.178,0,0,0.145306,0.290000,0.040435,0.204595,0,0,0.001635,0.041859
S47-0821,2025-03-31,calibration,618.1,0.490,0,0,0.273746,0.290000,0.122512,0.249521,0,0,0.015009,0.062261
S47-0822,2025-04-01,calibration,747.0,0.655,0,1,0.476517,0.290000,0.397833,0.440226,0,0,0.362605,0.313347
S47-0823,2025-04-02,calibration,742.5,0.416,0,1,0.304809,0.290000,0.474765,0.500079,0,1,0.275871,0.249921
S47-0824,2025-04-03,calibration,827.5,0.263,1,1,0.467919,0.290000,0.426133,0.462134,0,0,0.329324,0.289300
S47-0825,2025-04-04,calibration,373.0,0.412,0,0,0.125100,0.290000,0.120121,0.248124,0,0,0.014429,0.061565
S47-0826,2025-04-05,calibration,1002.2,0.332,0,0,0.426193,0.290000,0.349817,0.403623,0,0,0.122372,0.162911
S47-0827,2025-04-06,calibration,397.8,0.834,0,0,0.353292,0.290000,0.119691,0.247873,0,0,0.014326,0.061441
S47-0828,2025-04-07,calibration,747.1,0.739,0,1,0.539493,0.290000,0.487867,0.510320,0,1,0.262281,0.239787
S47-0829,2025-04-08,calibration,401.3,0.266,0,0,0.091280,0.290000,0.025562,0.197130,0,0,0.000653,0.038860
S47-0830,2025-04-09,calibration,825.9,0.319,0,0,0.296233,0.290000,0.185327,0.288076,0,0,0.034346,0.082988
S47-0831,2025-04-10,calibration,1118.2,0.710,0,1,0.765774,0.290000,0.600907,0.597427,1,1,0.159276,0.162065
S47-0832,2025-04-11,calibration,731.8,0.646,0,0,0.458446,0.290000,0.324071,0.384404,0,0,0.105022,0.147766
S47-0833,2025-04-12,calibration,1099.1,0.556,0,0,0.660450,0.290000,0.426207,0.462191,0,0,0.181652,0.213621
S47-0834,2025-04-13,calibration,373.3,0.607,0,0,0.204387,0.290000,0.109416,0.241932,0,0,0.011972,0.058531
S47-0835,2025-04-14,calibration,348.5,0.651,1,1,0.400952,0.290000,0.134319,0.256498,0,0,0.749404,0.552795
S47-0836,2025-04-15,calibration,944.4,0.503,0,1,0.510548,0.290000,0.579598,0.581303,1,1,0.176738,0.175307
S47-0837,2025-04-16,calibration,441.2,0.387,0,0,0.139987,0.290000,0.036179,0.202438,0,0,0.001309,0.040981
S47-0838,2025-04-17,calibration,688.9,0.508,1,1,0.547531,0.290000,0.781887,0.723258,1,1,0.047573,0.076586
S47-0839,2025-04-18,calibration,886.5,0.539,1,1,0.706096,0.290000,0.879557,0.780073,1,1,0.014506,0.048368
S47-0840,2025-04-19,calibration,1179.9,0.532,0,0,0.697559,0.290000,0.439090,0.472219,0,0,0.192800,0.222991
S47-0841,2025-04-20,calibration,704.7,0.434,0,1,0.292370,0.290000,0.228411,0.316473,0,0,0.595350,0.467209
S47-0842,2025-04-21,calibration,509.6,0.214,1,0,0.226321,0.290000,0.052263,0.210679,0,0,0.002731,0.044386
S47-0843,2025-04-22,calibration,770.1,0.341,0,1,0.275539,0.290000,0.366435,0.416191,0,0,0.401405,0.340833
S47-0844,2025-04-23,calibration,757.8,0.529,0,0,0.391836,0.290000,0.317305,0.379410,0,0,0.100683,0.143952
S47-0845,2025-04-24,calibration,793.8,0.548,0,0,0.431778,0.290000,0.337203,0.394165,0,0,0.113706,0.155366
S47-0846,2025-04-25,calibration,730.2,0.365,0,0,0.266120,0.290000,0.239938,0.324322,0,0,0.057570,0.105185
S47-0847,2025-04-26,calibration,313.8,0.466,1,1,0.257195,0.290000,0.067701,0.218819,0,0,0.869182,0.610244
S47-0848,2025-04-27,calibration,182.7,0.289,0,0,0.052905,0.290000,0.005435,0.187359,0,0,0.000030,0.035103
S47-0849,2025-04-28,calibration,680.3,0.639,0,1,0.415299,0.290000,0.282550,0.354176,0,0,0.514734,0.417089
S47-0850,2025-04-29,calibration,664.0,0.091,0,0,0.115577,0.290000,0.029951,0.199311,0,0,0.000897,0.039725
S47-0851,2025-04-30,calibration,700.3,0.659,0,1,0.444702,0.290000,0.213689,0.306601,0,0,0.618285,0.480803
S47-0852,2025-05-01,calibration,908.1,0.617,0,0,0.568394,0.290000,0.487924,0.510365,0,1,0.238070,0.260472
S47-0853,2025-05-02,calibration,858.7,0.562,0,1,0.490526,0.290000,0.319799,0.381247,0,0,0.462674,0.382855
S47-0854,2025-05-03,calibration,483.5,0.241,0,0,0.106548,0.290000,0.017847,0.193340,0,0,0.000319,0.037380
S47-0855,2025-05-04,calibration,788.8,0.435,0,0,0.347828,0.290000,0.481799,0.505578,0,1,0.232130,0.255609
S47-0856,2025-05-05,calibration,645.9,0.339,1,1,0.390479,0.290000,0.187304,0.289345,0,0,0.660475,0.505030
S47-0857,2025-05-06,calibration,454.4,0.509,0,0,0.196266,0.290000,0.103658,0.238645,0,0,0.010745,0.056951
S47-0858,2025-05-07,calibration,805.6,0.356,0,0,0.306784,0.290000,0.220593,0.311209,0,0,0.048661,0.096851
S47-0859,2025-05-08,calibration,901.4,0.465,0,0,0.449968,0.290000,0.426250,0.462225,0,0,0.181689,0.213652
S47-0860,2025-05-09,calibration,416.6,0.699,0,1,0.278242,0.290000,0.092226,0.232211,0,0,0.824053,0.589501
S47-0861,2025-05-10,calibration,518.4,0.557,0,0,0.254681,0.290000,0.048187,0.208568,0,0,0.002322,0.043501
S47-0862,2025-05-11,calibration,298.6,0.429,0,1,0.107436,0.290000,0.015291,0.192096,0,0,0.969652,0.652708
S47-0863,2025-05-12,calibration,493.8,0.483,0,0,0.202684,0.290000,0.091132,0.231601,0,0,0.008305,0.053639
S47-0864,2025-05-13,calibration,489.7,0.348,0,0,0.143453,0.290000,0.056708,0.213000,0,0,0.003216,0.045369
S47-0865,2025-05-14,calibration,516.6,0.575,0,1,0.264016,0.290000,0.081064,0.226046,0,0,0.844444,0.599005
S47-0866,2025-05-15,calibration,678.2,0.142,1,1,0.281022,0.290000,0.221552,0.311852,0,0,0.605981,0.473547
S47-0867,2025-05-16,calibration,606.1,0.540,0,1,0.296984,0.290000,0.124129,0.250469,0,0,0.767150,0.561796
S47-0868,2025-05-17,calibration,294.0,0.045,0,0,0.036159,0.290000,0.005435,0.187359,0,0,0.000030,0.035103
S47-0869,2025-05-18,calibration,223.1,0.610,0,0,0.141766,0.290000,0.048729,0.208848,0,0,0.002375,0.043617
S47-0870,2025-05-19,calibration,515.0,0.813,0,1,0.421651,0.290000,0.198558,0.296635,0,0,0.642309,0.494722
S47-0871,2025-05-20,calibration,285.2,0.567,1,0,0.300819,0.290000,0.082925,0.227066,0,0,0.006877,0.051559
S47-0872,2025-05-21,calibration,731.7,0.613,0,0,0.433914,0.290000,0.383354,0.429100,0,0,0.146960,0.184127
S47-0873,2025-05-22,calibration,788.5,0.515,0,0,0.403838,0.290000,0.534191,0.546401,1,1,0.285360,0.298554
S47-0874,2025-05-23,calibration,639.2,0.332,1,0,0.380742,0.290000,0.200159,0.297680,0,0,0.040064,0.088614
S47-0875,2025-05-24,calibration,524.7,0.488,0,0,0.220647,0.290000,0.093274,0.232795,0,0,0.008700,0.054194
S47-0876,2025-05-25,calibration,725.8,0.027,0,0,0.114904,0.290000,0.032750,0.200712,0,0,0.001073,0.040285
S47-0877,2025-05-26,calibration,547.2,0.344,0,0,0.164324,0.290000,0.092998,0.232641,0,0,0.008649,0.054122
S47-0878,2025-05-27,calibration,684.1,0.278,0,0,0.195651,0.290000,0.168110,0.277162,0,0,0.028261,0.076819
S47-0879,2025-05-28,calibration,465.2,0.198,0,0,0.090265,0.290000,0.005435,0.187359,0,0,0.000030,0.035103
S47-0880,2025-05-29,calibration,751.6,0.577,0,1,0.422090,0.290000,0.504960,0.523666,1,1,0.245065,0.226894
S47-0881,2025-05-30,calibration,843.7,0.273,0,0,0.278905,0.290000,0.052793,0.210955,0,0,0.002787,0.044502
S47-0882,2025-05-31,calibration,255.4,0.511,0,0,0.119119,0.290000,0.009553,0.189327,0,0,0.000091,0.035845
S47-0883,2025-06-01,calibration,977.3,0.453,1,1,0.709076,0.290000,0.729100,0.689036,1,1,0.073387,0.096699
S47-0884,2025-06-02,calibration,734.6,0.705,0,0,0.504700,0.290000,0.262480,0.339956,0,0,0.068896,0.115570
S47-0885,2025-06-03,calibration,624.0,0.598,0,1,0.346604,0.290000,0.246065,0.328534,0,0,0.568418,0.450866
S47-0886,2025-06-04,calibration,669.6,0.344,0,0,0.221112,0.290000,0.087973,0.229848,0,0,0.007739,0.052830
S47-0887,2025-06-05,calibration,684.6,0.122,0,1,0.132366,0.290000,0.102862,0.238193,0,0,0.804857,0.580350
S47-0888,2025-06-06,calibration,896.3,0.659,0,1,0.590468,0.290000,0.525314,0.539513,1,1,0.225326,0.212048
S47-0889,2025-06-07,calibration,838.9,0.353,0,1,0.326447,0.290000,0.104171,0.238936,0,0,0.802510,0.579218
S47-0890,2025-06-08,calibration,726.2,0.490,0,0,0.342674,0.290000,0.185669,0.288295,0,0,0.034473,0.083114
S47-0891,2025-06-09,calibration,367.8,0.843,0,0,0.339034,0.290000,0.183452,0.286875,0,0,0.033655,0.082297
S47-0892,2025-06-10,calibration,761.7,0.170,0,0,0.181696,0.290000,0.283997,0.355212,0,0,0.080654,0.126175
S47-0893,2025-06-11,calibration,408.0,0.443,0,0,0.148426,0.290000,0.129434,0.253596,0,0,0.016753,0.064311
S47-0894,2025-06-12,calibration,634.4,0.159,0,0,0.127884,0.290000,0.073066,0.221701,0,0,0.005339,0.049151
S47-0895,2025-06-13,calibration,363.4,0.477,1,0,0.293427,0.290000,0.139705,0.259723,0,0,0.019517,0.067456
S47-0896,2025-06-14,calibration,313.0,0.516,1,0,0.286386,0.290000,0.087808,0.229756,0,0,0.007710,0.052788
S47-0897,2025-06-15,calibration,214.2,0.387,1,0,0.168485,0.290000,0.042241,0.205515,0,0,0.001784,0.042236
S47-0898,2025-06-16,calibration,588.7,0.330,1,1,0.344365,0.290000,0.217569,0.309186,0,0,0.612199,0.477224
S47-0899,2025-06-17,calibration,463.3,0.215,1,0,0.203413,0.290000,0.007276,0.188237,0,0,0.000053,0.035433
S47-0900,2025-06-18,calibration,663.2,0.806,0,1,0.526874,0.290000,0.196133,0.295055,0,0,0.646202,0.496947
S47-0901,2025-06-19,calibration,679.1,0.691,0,1,0.452717,0.290000,0.235203,0.321086,0,0,0.584914,0.460924
S47-0902,2025-06-20,calibration,447.8,0.251,0,0,0.099428,0.290000,0.005435,0.187359,0,0,0.000030,0.035103
S47-0903,2025-06-21,calibration,932.3,0.472,0,1,0.478239,0.290000,0.385091,0.430431,0,0,0.378114,0.324409
S47-0904,2025-06-22,calibration,582.6,0.355,0,0,0.184342,0.290000,0.104635,0.239200,0,0,0.010948,0.057217
S47-0905,2025-06-23,calibration,624.3,0.662,0,1,0.391479,0.290000,0.422742,0.459499,0,0,0.333227,0.292141
S47-0906,2025-06-24,calibration,695.0,0.280,0,0,0.201813,0.290000,0.088512,0.230146,0,0,0.007834,0.052967
S47-0907,2025-06-25,calibration,105.1,0.401,0,0,0.058321,0.290000,0.017185,0.193017,0,0,0.000295,0.037256
S47-0908,2025-06-26,calibration,468.7,0.456,0,1,0.178594,0.290000,0.097868,0.235371,0,0,0.813842,0.584658
S47-0909,2025-06-27,calibration,783.2,0.803,1,1,0.795532,0.290000,0.871234,0.775575,1,1,0.016581,0.050367
S47-0910,2025-06-28,calibration,338.1,0.347,0,0,0.095808,0.290000,0.059187,0.214302,0,0,0.003503,0.045926
S47-0911,2025-06-29,calibration,621.4,0.263,0,0,0.161542,0.290000,0.075095,0.222797,0,0,0.005639,0.049639
S47-0912,2025-06-30,calibration,673.0,0.710,0,1,0.462322,0.290000,0.212972,0.306124,0,0,0.619412,0.481463
S47-0913,2025-07-01,calibration,708.8,0.065,0,0,0.121468,0.290000,0.028456,0.198566,0,0,0.000810,0.039429
S47-0914,2025-07-02,calibration,257.4,0.500,0,0,0.116315,0.290000,0.008682,0.188910,0,0,0.000075,0.035687
S47-0915,2025-07-03,calibration,458.7,0.694,0,0,0.301135,0.290000,0.057791,0.213569,0,0,0.003340,0.045612
S47-0916,2025-07-04,calibration,555.5,0.851,1,1,0.694130,0.290000,0.514806,0.531340,1,1,0.235413,0.219642
S47-0917,2025-07-05,calibration,509.0,0.394,0,0,0.169243,0.290000,0.123921,0.250347,0,0,0.015356,0.062674
S47-0918,2025-07-06,calibration,930.0,0.475,1,1,0.693174,0.290000,0.716714,0.680677,1,1,0.080251,0.101967
S47-0919,2025-07-07,calibration,708.2,0.749,0,1,0.517892,0.290000,0.323277,0.383816,0,0,0.457955,0.379683
S47-0920,2025-07-08,calibration,583.2,0.371,0,0,0.191948,0.290000,0.107787,0.240998,0,0,0.011618,0.058080
S47-0921,2025-07-09,calibration,729.6,0.613,0,1,0.432367,0.290000,0.379537,0.426179,0,0,0.384974,0.329271
S47-0922,2025-07-10,calibration,551.4,0.301,0,0,0.148958,0.290000,0.140462,0.260179,0,0,0.019730,0.067693
S47-0923,2025-07-11,calibration,397.7,0.491,0,0,0.163297,0.290000,0.127015,0.252167,0,0,0.016133,0.063588
S47-0924,2025-07-12,calibration,1045.1,0.429,0,1,0.530537,0.290000,0.511571,0.528820,1,1,0.238563,0.222011
S47-0925,2025-07-13,calibration,765.9,0.549,0,0,0.412098,0.290000,0.216329,0.308359,0,0,0.046798,0.095085
S47-0926,2025-07-14,calibration,667.3,0.444,0,1,0.275659,0.290000,0.165838,0.275741,0,0,0.695826,0.524552
S47-0927,2025-07-15,calibration,610.8,0.535,1,1,0.509349,0.290000,0.697820,0.667701,1,1,0.091313,0.110423
S47-0928,2025-07-16,calibration,813.2,0.219,0,0,0.230871,0.290000,0.176412,0.282392,0,0,0.031121,0.079745
S47-0929,2025-07-17,calibration,397.4,0.846,1,1,0.581808,0.290000,0.146981,0.264122,0,0,0.727642,0.541517
S47-0930,2025-07-18,calibration,472.8,0.458,1,0,0.352607,0.290000,0.118460,0.247156,0,0,0.014033,0.061086
S47-0931,2025-07-19,calibration,522.2,0.274,0,0,0.128824,0.290000,0.068850,0.219434,0,0,0.004740,0.048151
S47-0932,2025-07-20,calibration,686.8,0.757,1,0,0.717359,0.290000,0.798192,0.733345,1,1,0.637110,0.537795
S47-0933,2025-07-21,calibration,429.0,0.453,0,0,0.160569,0.290000,0.066027,0.217926,0,0,0.004360,0.047492
S47-0934,2025-07-22,calibration,496.6,0.585,0,0,0.258228,0.290000,0.047104,0.208009,0,0,0.002219,0.043268
S47-0935,2025-07-23,calibration,790.9,0.768,0,0,0.593077,0.290000,0.578844,0.580729,1,1,0.335060,0.337246
S47-0936,2025-07-24,calibration,879.0,0.387,1,0,0.598207,0.290000,0.415254,0.453690,0,0,0.172436,0.205835
S47-0937,2025-07-25,calibration,607.5,0.131,0,0,0.110612,0.290000,0.080055,0.225494,0,0,0.006409,0.050848
S47-0938,2025-07-26,calibration,673.9,0.478,0,0,0.300630,0.290000,0.114500,0.244859,0,0,0.013110,0.059956
S47-0939,2025-07-27,calibration,541.4,0.416,1,0,0.371030,0.290000,0.172047,0.279635,0,0,0.029600,0.078196
S47-0940,2025-07-28,calibration,106.2,0.148,1,0,0.066770,0.290000,0.022208,0.195476,0,0,0.000493,0.038211
S47-0941,2025-07-29,calibration,457.4,0.191,0,0,0.086685,0.290000,0.005435,0.187359,0,0,0.000030,0.035103
S47-0942,2025-07-30,calibration,853.9,0.049,1,0,0.333744,0.290000,0.352127,0.405363,0,0,0.123994,0.164319
S47-0943,2025-07-31,calibration,910.2,0.147,0,0,0.244456,0.290000,0.093140,0.232721,0,0,0.008675,0.054159
S47-0944,2025-08-01,calibration,439.3,0.761,0,0,0.332012,0.290000,0.134911,0.256852,0,0,0.018201,0.065973
S47-0945,2025-08-02,calibration,683.2,0.332,0,1,0.221939,0.290000,0.262587,0.340030,0,0,0.543778,0.435560
S47-0946,2025-08-03,calibration,750.1,0.533,0,1,0.389194,0.290000,0.277493,0.350567,0,0,0.522017,0.421763
S47-0947,2025-08-04,calibration,677.5,0.553,0,1,0.352401,0.290000,0.133759,0.256165,0,0,0.750373,0.553291
S47-0948,2025-08-05,calibration,422.6,0.422,1,0,0.296046,0.290000,0.039985,0.204366,0,0,0.001599,0.041765
S47-0949,2025-08-06,calibration,391.2,0.822,0,1,0.340650,0.290000,0.154700,0.268840,0,0,0.714532,0.534595
S47-0950,2025-08-07,calibration,646.3,0.473,0,1,0.280476,0.290000,0.027268,0.197976,0,0,0.946208,0.643243
S47-0951,2025-08-08,test,648.4,0.651,0,0,0.400880,0.290000,0.218924,0.310092,0,0,0.047928,0.096157
S47-0952,2025-08-09,test,1064.4,0.354,0,0,0.488802,0.290000,0.346515,0.401140,0,0,0.120073,0.160913
S47-0953,2025-08-10,test,517.1,0.332,0,0,0.147707,0.290000,0.079894,0.225406,0,0,0.006383,0.050808
S47-0954,2025-08-11,test,851.3,0.628,0,1,0.534420,0.290000,0.607939,0.602705,1,1,0.153712,0.157844
S47-0955,2025-08-12,test,490.2,0.328,0,0,0.136414,0.290000,0.061775,0.215668,0,0,0.003816,0.046513
S47-0956,2025-08-13,test,367.0,0.309,0,0,0.093469,0.290000,0.100897,0.237080,0,0,0.010180,0.056207
S47-0957,2025-08-14,test,688.7,0.507,0,0,0.328958,0.290000,0.339254,0.395698,0,0,0.115093,0.156577
S47-0958,2025-08-15,test,565.6,0.705,0,0,0.380318,0.290000,0.284197,0.355354,0,0,0.080768,0.126277
S47-0959,2025-08-16,test,732.4,0.753,0,1,0.538971,0.290000,0.422248,0.459116,0,0,0.333797,0.292556
S47-0960,2025-08-17,test,821.1,0.100,0,0,0.177016,0.290000,0.040102,0.204426,0,0,0.001608,0.041790
S47-0961,2025-08-18,test,818.6,0.482,0,0,0.401745,0.290000,0.324083,0.384413,0,0,0.105030,0.147773
S47-0962,2025-08-19,test,926.0,0.269,0,0,0.328495,0.290000,0.186755,0.288993,0,0,0.034878,0.083517
S47-0963,2025-08-20,test,629.4,0.715,0,1,0.433693,0.290000,0.437055,0.470634,0,0,0.316907,0.280229
S47-0964,2025-08-21,test,604.7,0.310,1,0,0.341661,0.290000,0.151180,0.266682,0,0,0.022855,0.071119
S47-0965,2025-08-22,test,662.8,0.176,0,0,0.143859,0.290000,0.038110,0.203414,0,0,0.001452,0.041377
S47-0966,2025-08-23,test,1084.6,0.424,0,0,0.556211,0.290000,0.474759,0.500075,0,1,0.225396,0.250075
S47-0967,2025-08-24,test,713.1,0.051,0,0,0.118397,0.290000,0.028455,0.198566,0,0,0.000810,0.039428
S47-0968,2025-08-25,test,791.4,0.752,0,1,0.581808,0.290000,0.604153,0.599867,1,1,0.156695,0.160107
S47-0969,2025-08-26,test,389.9,0.485,0,0,0.157719,0.290000,0.125556,0.251308,0,0,0.015764,0.063156
S47-0970,2025-08-27,test,807.8,0.833,0,1,0.650764,0.290000,0.630732,0.619640,1,1,0.136359,0.144674
S47-0971,2025-08-28,test,591.3,0.752,1,1,0.652467,0.290000,0.562445,0.568195,1,1,0.191454,0.186456
S47-0972,2025-08-29,test,776.0,0.534,0,1,0.408541,0.290000,0.166074,0.275888,0,0,0.695432,0.524338
S47-0973,2025-08-30,test,811.8,0.192,0,0,0.216090,0.290000,0.169266,0.277887,0,0,0.028651,0.077221
S47-0974,2025-08-31,test,822.3,0.387,1,0,0.556730,0.290000,0.380217,0.426699,0,0,0.144565,0.182072
S47-0975,2025-09-01,test,607.1,0.142,0,1,0.113780,0.290000,0.078629,0.224717,0,0,0.848924,0.601064
S47-0976,2025-09-02,test,769.8,0.750,0,1,0.564489,0.290000,0.423109,0.459784,0,0,0.332803,0.291833
S47-0977,2025-09-03,test,391.0,0.458,0,1,0.147669,0.290000,0.132698,0.255533,0,0,0.752213,0.554231
S47-0978,2025-09-04,test,701.5,0.667,0,0,0.451528,0.290000,0.205354,0.301088,0,0,0.042170,0.090654
S47-0979,2025-09-05,test,862.3,0.404,0,0,0.377282,0.290000,0.118482,0.247169,0,0,0.014038,0.061092
S47-0980,2025-09-06,test,567.2,0.762,1,0,0.642814,0.290000,0.584011,0.584658,1,1,0.341069,0.341825
S47-0981,2025-09-07,test,574.2,0.677,0,0,0.366700,0.290000,0.293117,0.361770,0,0,0.085918,0.130877
S47-0982,2025-09-08,test,657.8,0.094,0,0,0.114599,0.290000,0.027881,0.198280,0,0,0.000777,0.039315
S47-0983,2025-09-09,test,389.6,0.416,1,1,0.272257,0.290000,0.115870,0.245652,0,0,0.781687,0.569041
S47-0984,2025-09-10,test,685.5,0.209,1,0,0.328164,0.290000,0.304630,0.370122,0,0,0.092799,0.136991
S47-0985,2025-09-11,test,308.6,0.567,0,0,0.157998,0.290000,0.010621,0.189840,0,0,0.000113,0.036039
S47-0986,2025-09-12,test,532.1,0.813,0,0,0.434209,0.290000,0.199218,0.297065,0,0,0.039688,0.088248
S47-0987,2025-09-13,test,709.7,0.637,1,0,0.654776,0.290000,0.793437,0.730428,1,1,0.629542,0.533525
S47-0988,2025-09-14,test,344.6,0.525,0,0,0.155618,0.290000,0.043486,0.206152,0,0,0.001891,0.042499
S47-0989,2025-09-15,test,807.6,0.340,0,0,0.297925,0.290000,0.220449,0.311113,0,0,0.048598,0.096791
S47-0990,2025-09-16,test,658.7,0.425,0,1,0.259436,0.290000,0.115535,0.245458,0,0,0.782278,0.569333
S47-0991,2025-09-17,test,259.5,0.169,1,0,0.107695,0.290000,0.022604,0.195670,0,0,0.000511,0.038287
S47-0992,2025-09-18,test,615.2,0.168,1,0,0.259148,0.290000,0.118701,0.247296,0,0,0.014090,0.061156
S47-0993,2025-09-19,test,499.6,0.448,0,1,0.188896,0.290000,0.103551,0.238584,0,0,0.803621,0.579755
S47-0994,2025-09-20,test,720.1,0.315,1,0,0.426854,0.290000,0.273014,0.347385,0,0,0.074537,0.120676
S47-0995,2025-09-21,test,774.7,0.271,1,0,0.434651,0.290000,0.223396,0.313091,0,0,0.049906,0.098026
S47-0996,2025-09-22,test,708.7,0.410,0,1,0.280113,0.290000,0.204004,0.300200,0,0,0.633609,0.489720
S47-0997,2025-09-23,test,472.0,0.259,0,0,0.108418,0.290000,0.005752,0.187510,0,0,0.000033,0.035160
S47-0998,2025-09-24,test,499.1,0.754,0,1,0.368025,0.290000,0.143876,0.262239,0,0,0.732948,0.544291
S47-0999,2025-09-25,test,503.6,0.500,0,0,0.215988,0.290000,0.117173,0.246408,0,0,0.013730,0.060717
S47-1000,2025-09-26,test,580.9,0.375,1,0,0.369981,0.290000,0.174394,0.281116,0,0,0.030413,0.079026
S47-1001,2025-09-27,test,810.3,0.920,0,0,0.709076,0.290000,0.630732,0.619640,1,1,0.397822,0.383953
S47-1002,2025-09-28,test,879.3,0.244,0,0,0.282904,0.290000,0.145745,0.263371,0,0,0.021242,0.069364
S47-1003,2025-09-29,test,489.9,0.196,0,0,0.096016,0.290000,0.033209,0.200942,0,0,0.001103,0.040378
S47-1004,2025-09-30,test,596.3,0.567,1,1,0.522460,0.290000,0.679199,0.654658,1,1,0.102913,0.119261
S47-1005,2025-10-01,test,96.5,0.316,0,0,0.044681,0.290000,0.020746,0.194758,0,0,0.000430,0.037931
S47-1006,2025-10-02,test,687.6,0.388,0,0,0.254795,0.290000,0.280657,0.352823,0,0,0.078768,0.124484
S47-1007,2025-10-03,test,305.5,0.481,1,0,0.261054,0.290000,0.064597,0.217164,0,0,0.004173,0.047160
S47-1008,2025-10-04,test,503.7,0.534,0,0,0.233814,0.290000,0.067819,0.218882,0,0,0.004599,0.047910
S47-1009,2025-10-05,test,432.4,0.117,0,0,0.065878,0.290000,0.009105,0.189112,0,0,0.000083,0.035763
S47-1010,2025-10-06,test,500.2,0.691,1,1,0.543291,0.290000,0.287688,0.357859,0,0,0.507389,0.412345
S47-1011,2025-10-07,test,533.3,0.412,0,1,0.187841,0.290000,0.120685,0.248453,0,0,0.773195,0.564823
S47-1012,2025-10-08,test,478.8,0.741,1,1,0.564489,0.290000,0.244083,0.327169,0,0,0.571410,0.452702
S47-1013,2025-10-09,test,667.7,0.579,0,1,0.363571,0.290000,0.173680,0.280665,0,0,0.682805,0.517443
S47-1014,2025-10-10,test,750.2,0.138,0,0,0.163092,0.290000,0.113380,0.244212,0,0,0.012855,0.059639
S47-1015,2025-10-11,test,543.0,0.214,0,0,0.116192,0.290000,0.090708,0.231365,0,0,0.008228,0.053530
S47-1016,2025-10-12,test,679.1,0.551,0,1,0.352128,0.290000,0.147541,0.264463,0,0,0.726686,0.541015
S47-1017,2025-10-13,test,242.4,0.599,0,0,0.144823,0.290000,0.017549,0.193195,0,0,0.000308,0.037324
S47-1018,2025-10-14,test,376.5,0.681,1,0,0.443369,0.290000,0.179565,0.284395,0,0,0.032244,0.080881
S47-1019,2025-10-15,test,815.9,0.319,0,0,0.290017,0.290000,0.191400,0.291986,0,0,0.036634,0.085256
S47-1020,2025-10-16,test,606.3,0.434,0,0,0.235214,0.290000,0.180409,0.284932,0,0,0.032548,0.081187
S47-1021,2025-10-17,test,549.2,0.348,1,1,0.329952,0.290000,0.167098,0.276528,0,0,0.693726,0.523411
S47-1022,2025-10-18,test,611.3,0.478,0,0,0.262677,0.290000,0.101824,0.237604,0,0,0.010368,0.056456
S47-1023,2025-10-19,test,827.2,0.233,0,0,0.246123,0.290000,0.156892,0.270189,0,0,0.024615,0.073002
S47-1024,2025-10-20,test,522.7,0.354,0,0,0.158438,0.290000,0.069828,0.219958,0,0,0.004876,0.048382
S47-1025,2025-10-21,test,176.3,0.800,1,0,0.384356,0.290000,0.207699,0.302633,0,0,0.043139,0.091587
S47-1026,2025-10-22,test,696.2,0.574,1,1,0.601232,0.290000,0.751803,0.704039,1,1,0.061602,0.087593
S47-1027,2025-10-23,test,822.1,0.789,0,1,0.630252,0.290000,0.623638,0.614398,1,1,0.141649,0.148689
S47-1028,2025-10-24,test,366.2,0.203,0,0,0.069629,0.290000,0.007712,0.188446,0,0,0.000059,0.035512
S47-1029,2025-10-25,test,633.7,0.401,0,0,0.232205,0.290000,0.281520,0.353439,0,0,0.079253,0.124919
S47-1030,2025-10-26,test,249.9,0.712,1,0,0.374186,0.290000,0.209766,0.303999,0,0,0.044002,0.092415
S47-1031,2025-10-27,test,734.4,0.680,0,1,0.485804,0.290000,0.288929,0.358752,0,0,0.505622,0.411200
S47-1032,2025-10-28,test,505.3,0.750,0,0,0.369561,0.290000,0.165097,0.275278,0,0,0.027257,0.075778
S47-1033,2025-10-29,test,597.8,0.664,0,1,0.374116,0.290000,0.440435,0.473268,0,0,0.313113,0.277447
S47-1034,2025-10-30,test,532.3,0.175,0,0,0.101734,0.290000,0.084014,0.227664,0,0,0.007058,0.051831
S47-1035,2025-10-31,test,695.0,0.586,0,1,0.387698,0.290000,0.302405,0.368502,0,0,0.486639,0.398789
S47-1036,2025-11-01,test,257.5,0.345,1,0,0.169032,0.290000,0.087824,0.229766,0,0,0.007713,0.052792
S47-1037,2025-11-02,test,624.0,0.388,0,0,0.220286,0.290000,0.094070,0.233240,0,0,0.008849,0.054401
S47-1038,2025-11-03,test,723.0,0.148,0,0,0.156171,0.290000,0.026666,0.197677,0,0,0.000711,0.039076
S47-1039,2025-11-04,test,399.5,0.162,0,0,0.068148,0.290000,0.019397,0.194097,0,0,0.000376,0.037674
S47-1040,2025-11-05,test,918.2,0.516,1,1,0.711484,0.290000,0.899183,0.790420,1,1,0.010164,0.043924
S47-1041,2025-11-06,test,654.0,0.447,0,1,0.269532,0.290000,0.095066,0.233797,0,0,0.818906,0.587066
S47-1042,2025-11-07,test,596.3,0.618,0,0,0.341391,0.290000,0.388483,0.433034,0,0,0.150919,0.187518
S47-1043,2025-11-08,test,663.9,0.358,0,0,0.225430,0.290000,0.033210,0.200943,0,0,0.001103,0.040378
S47-1044,2025-11-09,test,490.8,0.811,0,0,0.402610,0.290000,0.096499,0.234601,0,0,0.009312,0.055038
S47-1045,2025-11-10,test,507.9,0.798,0,1,0.405572,0.290000,0.133172,0.255815,0,0,0.751390,0.553811
S47-1046,2025-11-11,test,489.8,0.143,0,0,0.083051,0.290000,0.033074,0.200875,0,0,0.001094,0.040351
S47-1047,2025-11-12,test,924.7,0.527,0,0,0.513772,0.290000,0.317187,0.379322,0,0,0.100607,0.143885
S47-1048,2025-11-13,test,773.6,0.211,0,0,0.206492,0.290000,0.253547,0.333716,0,0,0.064286,0.111366
S47-1049,2025-11-14,test,645.9,0.603,1,1,0.585817,0.290000,0.575056,0.577843,1,1,0.180577,0.178217
S47-1050,2025-11-15,test,632.9,0.868,1,1,0.750766,0.290000,0.493738,0.514907,0,1,0.256301,0.235316
S47-1051,2025-11-16,test,785.6,0.675,1,1,0.727465,0.290000,0.865980,0.772702,1,1,0.017961,0.051664
S47-1052,2025-11-17,test,561.5,0.240,1,1,0.269827,0.290000,0.114923,0.245104,0,0,0.783360,0.569868
S47-1053,2025-11-18,test,715.4,0.556,0,0,0.380883,0.290000,0.113317,0.244176,0,0,0.012841,0.059622
S47-1054,2025-11-19,test,552.4,0.396,1,1,0.364751,0.290000,0.145001,0.262920,0,0,0.731023,0.543287
S47-1055,2025-11-20,test,700.7,0.818,0,0,0.563677,0.290000,0.296669,0.364338,0,0,0.088012,0.132742
S47-1056,2025-11-21,test,487.3,0.344,0,0,0.141110,0.290000,0.059236,0.214328,0,0,0.003509,0.045937
S47-1057,2025-11-22,test,815.3,0.348,0,1,0.307869,0.290000,0.205698,0.301314,0,0,0.630915,0.488162
S47-1058,2025-11-23,test,569.7,0.190,0,0,0.117026,0.290000,0.195450,0.294611,0,0,0.038201,0.086796
S47-1059,2025-11-24,test,535.0,0.420,0,0,0.192321,0.290000,0.115462,0.245416,0,0,0.013332,0.060229
S47-1060,2025-11-25,test,1210.8,0.849,0,1,0.867542,0.290000,0.651577,0.634878,1,1,0.121399,0.133314
S47-1061,2025-11-26,test,735.8,0.551,1,1,0.613109,0.290000,0.678731,0.654327,1,1,0.103214,0.119490
S47-1062,2025-11-27,test,725.9,0.507,0,0,0.354046,0.290000,0.315872,0.378355,0,0,0.099775,0.143152
S47-1063,2025-11-28,test,568.8,0.295,0,0,0.153345,0.290000,0.181481,0.285616,0,0,0.032935,0.081576
S47-1064,2025-11-29,test,818.4,0.147,0,0,0.197214,0.290000,0.043742,0.206283,0,0,0.001913,0.042553
S47-1065,2025-11-30,test,453.5,0.318,1,0,0.252467,0.290000,0.085578,0.228525,0,0,0.007324,0.052224
S47-1066,2025-12-01,test,525.0,0.273,1,0,0.267763,0.290000,0.085078,0.228249,0,0,0.007238,0.052098
S47-1067,2025-12-02,test,323.2,0.231,1,1,0.149643,0.290000,0.023091,0.195910,0,0,0.954352,0.646561
S47-1068,2025-12-03,test,535.9,0.857,0,1,0.469712,0.290000,0.177948,0.283367,0,0,0.675770,0.513563
S47-1069,2025-12-04,test,782.0,0.216,0,1,0.213157,0.290000,0.282935,0.354451,0,0,0.514182,0.416733
S47-1070,2025-12-05,test,806.7,0.602,0,1,0.481533,0.290000,0.603053,0.599040,1,1,0.157567,0.160769
S47-1071,2025-12-06,test,487.2,0.489,0,0,0.202394,0.290000,0.117719,0.246725,0,0,0.013858,0.060873
S47-1072,2025-12-07,test,199.6,0.459,0,0,0.089138,0.290000,0.021166,0.194964,0,0,0.000448,0.038011
S47-1073,2025-12-08,test,398.9,0.878,1,1,0.606041,0.290000,0.146981,0.264122,0,0,0.727642,0.541517
S47-1074,2025-12-09,test,554.8,0.557,1,0,0.483856,0.290000,0.652682,0.635678,1,1,0.425993,0.404087
S47-1075,2025-12-10,test,621.1,0.426,0,1,0.238904,0.290000,0.244719,0.327607,0,0,0.570449,0.452113
S47-1076,2025-12-11,test,621.1,0.190,0,0,0.133924,0.290000,0.076243,0.223419,0,0,0.005813,0.049916
S47-1077,2025-12-12,test,501.7,0.460,1,0,0.374046,0.290000,0.229793,0.317409,0,0,0.052805,0.100749
S47-1078,2025-12-13,test,684.4,0.723,1,1,0.694703,0.290000,0.791490,0.729227,1,1,0.043476,0.073318
S47-1079,2025-12-14,test,1105.3,0.446,0,0,0.587563,0.290000,0.596693,0.594254,1,1,0.356042,0.353138
S47-1080,2025-12-15,test,421.7,0.453,0,0,0.157639,0.290000,0.067999,0.218978,0,0,0.004624,0.047952
S47-1081,2025-12-16,test,724.1,0.221,0,1,0.187750,0.290000,0.170762,0.278826,0,0,0.687635,0.520092
S47-1082,2025-12-17,test,657.7,0.421,1,0,0.459116,0.290000,0.249232,0.330723,0,0,0.062117,0.109377
S47-1083,2025-12-18,test,706.0,0.629,0,0,0.426780,0.290000,0.262306,0.339834,0,0,0.068805,0.115487
S47-1084,2025-12-19,test,562.4,0.111,0,0,0.092810,0.290000,0.186343,0.288728,0,0,0.034724,0.083364
S47-1085,2025-12-20,test,792.4,0.584,1,1,0.674630,0.290000,0.853196,0.765605,1,1,0.021551,0.054941
S47-1086,2025-12-21,test,383.6,0.545,0,0,0.180317,0.290000,0.085789,0.228641,0,0,0.007360,0.052277
S47-1087,2025-12-22,test,446.1,0.304,0,0,0.114083,0.290000,0.028562,0.198619,0,0,0.000816,0.039450
S47-1088,2025-12-23,test,495.9,0.127,1,0,0.177804,0.290000,0.068338,0.219160,0,0,0.004670,0.048031
S47-1089,2025-12-24,test,918.1,0.212,0,0,0.287061,0.290000,0.242964,0.326399,0,0,0.059031,0.106536
S47-1090,2025-12-25,test,352.0,0.421,1,0,0.253317,0.290000,0.089697,0.230803,0,0,0.008045,0.053270
S47-1091,2025-12-26,test,647.6,0.343,0,0,0.209457,0.290000,0.015944,0.192413,0,0,0.000254,0.037023
S47-1092,2025-12-27,test,740.4,0.117,0,0,0.150869,0.290000,0.096563,0.234637,0,0,0.009324,0.055055
S47-1093,2025-12-28,test,288.2,0.286,0,0,0.070607,0.290000,0.005435,0.187359,0,0,0.000030,0.035103
S47-1094,2025-12-29,test,342.7,0.828,0,1,0.312620,0.290000,0.142370,0.261329,0,0,0.735529,0.545635
S47-1095,2025-12-30,test,453.3,0.363,0,0,0.135744,0.290000,0.031566,0.200119,0,0,0.000996,0.040047
S47-1096,2025-12-31,test,292.4,0.663,0,0,0.192507,0.290000,0.120874,0.248563,0,0,0.014610,0.061784
S47-1097,2026-01-01,test,668.4,0.258,0,0,0.179344,0.290000,0.083917,0.227610,0,0,0.007042,0.051807
S47-1098,2026-01-02,test,881.9,0.477,0,0,0.444406,0.290000,0.369818,0.418764,0,0,0.136765,0.175363
S47-1099,2026-01-03,test,566.9,0.462,1,1,0.422309,0.290000,0.388741,0.433232,0,0,0.373638,0.321226
S47-1100,2026-01-04,test,562.5,0.752,0,0,0.411807,0.290000,0.294799,0.362985,0,0,0.086907,0.131758
S47-1101,2026-01-05,test,500.3,0.606,0,0,0.272674,0.290000,0.088208,0.229978,0,0,0.007781,0.052890
S47-1102,2026-01-06,test,238.4,0.264,0,1,0.057714,0.290000,0.005435,0.187359,0,0,0.989159,0.660385
S47-1103,2026-01-07,test,586.3,0.357,0,0,0.186927,0.290000,0.114741,0.244998,0,0,0.013165,0.060024
S47-1104,2026-01-08,test,493.4,0.108,0,0,0.076153,0.290000,0.036021,0.202358,0,0,0.001298,0.040949
S47-1105,2026-01-09,test,504.6,0.416,1,1,0.345654,0.290000,0.122565,0.249552,0,0,0.769892,0.563172
S47-1106,2026-01-10,test,487.4,0.406,0,0,0.165232,0.290000,0.100895,0.237079,0,0,0.010180,0.056206
S47-1107,2026-01-11,test,333.5,0.227,0,0,0.067957,0.290000,0.005435,0.187359,0,0,0.000030,0.035103
S47-1108,2026-01-12,test,357.4,0.962,1,1,0.636036,0.290000,0.162981,0.273960,0,0,0.700601,0.527134
S47-1109,2026-01-13,test,687.9,0.228,1,1,0.342471,0.290000,0.346431,0.401077,0,0,0.427153,0.358709
S47-1110,2026-01-14,test,488.8,0.532,0,0,0.224854,0.290000,0.072381,0.221331,0,0,0.005239,0.048987
S47-1111,2026-01-15,test,759.2,0.623,0,0,0.461725,0.290000,0.513826,0.530577,1,1,0.264018,0.281512
S47-1112,2026-01-16,test,337.3,0.471,1,0,0.273865,0.290000,0.128622,0.253116,0,0,0.016544,0.064068
S47-1113,2026-01-17,test,464.2,0.385,1,0,0.298930,0.290000,0.044538,0.206690,0,0,0.001984,0.042721
S47-1114,2026-01-18,test,522.8,0.484,0,0,0.217618,0.290000,0.079768,0.225338,0,0,0.006363,0.050777
S47-1115,2026-01-19,test,664.6,0.309,0,0,0.201138,0.290000,0.031275,0.199973,0,0,0.000978,0.039989
S47-1116,2026-01-20,test,461.0,0.835,0,0,0.398433,0.290000,0.069079,0.219557,0,0,0.004772,0.048205
S47-1117,2026-01-21,test,319.7,0.457,0,0,0.122400,0.290000,0.042041,0.205413,0,0,0.001767,0.042195
S47-1118,2026-01-22,test,593.3,0.275,0,0,0.155106,0.290000,0.083119,0.227172,0,0,0.006909,0.051607
S47-1119,2026-01-23,test,521.6,0.296,0,0,0.136202,0.290000,0.086565,0.229069,0,0,0.007493,0.052473
S47-1120,2026-01-24,test,720.6,0.348,1,1,0.451602,0.290000,0.293878,0.362320,0,0,0.498608,0.406636
S47-1121,2026-01-25,test,1003.9,0.310,0,1,0.411371,0.290000,0.369517,0.418535,0,0,0.397508,0.338101
S47-1122,2026-01-26,test,893.5,0.607,1,1,0.750541,0.290000,0.932950,0.807376,1,1,0.004496,0.037104
S47-1123,2026-01-27,test,1030.4,0.361,1,1,0.684429,0.290000,0.598711,0.595775,1,1,0.161033,0.163398
S47-1124,2026-01-28,test,277.2,0.265,1,0,0.145120,0.290000,0.021559,0.195156,0,0,0.000465,0.038086
S47-1125,2026-01-29,test,835.7,0.230,1,1,0.449448,0.290000,0.472433,0.498256,0,0,0.278327,0.251747
S47-1126,2026-01-30,test,614.1,0.562,0,0,0.316111,0.290000,0.121623,0.249001,0,0,0.014792,0.062002
S47-1127,2026-01-31,test,871.7,0.551,1,0,0.704350,0.290000,0.885908,0.783460,1,1,0.784832,0.613810
S47-1128,2026-02-01,test,458.2,0.479,1,1,0.357002,0.290000,0.152312,0.267375,0,0,0.718575,0.536740
S47-1129,2026-02-02,test,517.0,0.580,0,0,0.267176,0.290000,0.077198,0.223938,0,0,0.005960,0.050148
S47-1130,2026-02-03,test,455.8,0.748,1,1,0.552654,0.290000,0.199966,0.297554,0,0,0.640054,0.493430
S47-1131,2026-02-04,test,664.2,0.585,0,1,0.365308,0.290000,0.122219,0.249350,0,0,0.770499,0.563476
S47-1132,2026-02-05,test,854.4,0.487,1,1,0.651173,0.290000,0.763274,0.711458,1,1,0.056039,0.083257
S47-1133,2026-02-06,test,280.5,0.503,0,0,0.124608,0.290000,0.008264,0.188709,0,0,0.000068,0.035611
S47-1134,2026-02-07,test,617.3,0.643,0,0,0.373063,0.290000,0.438615,0.471849,0,0,0.192383,0.222641
S47-1135,2026-02-08,test,462.4,0.277,0,1,0.110878,0.290000,0.005435,0.187359,0,0,0.989159,0.660385
S47-1136,2026-02-09,test,965.8,0.341,0,1,0.406223,0.290000,0.331356,0.389808,0,0,0.447084,0.372334
S47-1137,2026-02-10,test,778.7,0.435,1,0,0.559985,0.290000,0.323500,0.383981,0,0,0.104653,0.147442
S47-1138,2026-02-11,test,1379.0,0.354,1,1,0.858027,0.290000,0.594921,0.592918,1,1,0.164089,0.165716
S47-1139,2026-02-12,test,256.9,0.412,0,0,0.091679,0.290000,0.016612,0.192738,0,0,0.000276,0.037148
S47-1140,2026-02-13,test,605.1,0.426,0,1,0.230285,0.290000,0.185262,0.288035,0,0,0.663797,0.506895
S47-1141,2026-02-14,test,669.2,0.840,0,0,0.556656,0.290000,0.264792,0.341580,0,0,0.070115,0.116677
S47-1142,2026-02-15,test,540.6,0.542,0,0,0.258803,0.290000,0.055615,0.212428,0,0,0.003093,0.045126
S47-1143,2026-02-16,test,945.4,0.681,0,1,0.640883,0.290000,0.594762,0.592798,1,1,0.164218,0.165814
S47-1144,2026-02-17,test,195.4,0.735,1,1,0.352333,0.290000,0.236812,0.322183,0,0,0.582456,0.459435
S47-1145,2026-02-18,test,566.2,0.548,1,0,0.485654,0.290000,0.688058,0.660894,1,1,0.473424,0.436780
S47-1146,2026-02-19,test,904.3,0.320,0,0,0.348168,0.290000,0.306525,0.371505,0,0,0.093957,0.138016
S47-1147,2026-02-20,test,801.4,0.607,0,1,0.481309,0.290000,0.634904,0.622710,1,1,0.133295,0.142348
S47-1148,2026-02-21,test,576.1,0.526,0,1,0.270182,0.290000,0.070299,0.220211,0,0,0.864345,0.608071
S47-1149,2026-02-22,test,836.8,0.470,0,1,0.406223,0.290000,0.326537,0.386230,0,0,0.453552,0.376714
S47-1150,2026-02-23,test,330.5,0.762,0,1,0.264541,0.290000,0.210860,0.304723,0,0,0.622743,0.483410
S47-1151,2026-02-24,test,931.7,0.198,0,0,0.286816,0.290000,0.209708,0.303961,0,0,0.043978,0.092392
S47-1152,2026-02-25,test,864.6,0.548,0,0,0.484455,0.290000,0.317194,0.379328,0,0,0.100612,0.143889
S47-1153,2026-02-26,test,847.1,0.869,1,1,0.851738,0.290000,0.951568,0.816268,1,1,0.002346,0.033757
S47-1154,2026-02-27,test,740.4,0.336,0,0,0.255251,0.290000,0.417459,0.455400,0,0,0.174272,0.207389
S47-1155,2026-02-28,test,511.9,0.625,0,0,0.291254,0.290000,0.180055,0.284707,0,0,0.032420,0.081058
S47-1156,2026-03-01,test,830.1,0.683,1,1,0.757551,0.290000,0.955594,0.818149,1,1,0.001972,0.033070
S47-1157,2026-03-02,test,491.9,0.370,1,0,0.306975,0.290000,0.129795,0.253810,0,0,0.016847,0.064419
S47-1158,2026-03-03,test,615.7,0.613,0,0,0.351170,0.290000,0.372844,0.421069,0,0,0.139013,0.177299
S47-1159,2026-03-04,test,582.1,0.037,0,0,0.079974,0.290000,0.207184,0.302293,0,0,0.042925,0.091381
S47-1160,2026-03-05,test,839.9,0.558,0,1,0.473450,0.290000,0.345125,0.400096,0,0,0.428862,0.359885
S47-1161,2026-03-06,test,577.9,0.439,0,0,0.222821,0.290000,0.177023,0.282780,0,0,0.031337,0.079964
S47-1162,2026-03-07,test,489.9,0.315,0,0,0.131781,0.290000,0.063316,0.216485,0,0,0.004009,0.046866
S47-1163,2026-03-08,test,903.5,0.205,0,0,0.273984,0.290000,0.243710,0.326912,0,0,0.059395,0.106871
S47-1164,2026-03-09,test,812.5,0.287,0,0,0.268647,0.290000,0.099147,0.236091,0,0,0.009830,0.055739
S47-1165,2026-03-10,test,921.0,0.297,0,0,0.343891,0.290000,0.238425,0.323286,0,0,0.056846,0.104514
S47-1166,2026-03-11,test,455.1,0.829,0,0,0.389908,0.290000,0.070257,0.220189,0,0,0.004936,0.048483
S47-1167,2026-03-12,test,424.5,0.414,0,0,0.143748,0.290000,0.047924,0.208432,0,0,0.002297,0.043444
S47-1168,2026-03-13,test,734.4,0.349,0,0,0.259264,0.290000,0.299083,0.366088,0,0,0.089450,0.134020
S47-1169,2026-03-14,test,713.4,0.522,0,1,0.355763,0.290000,0.245570,0.328193,0,0,0.569165,0.451325
S47-1170,2026-03-15,test,610.3,0.503,0,0,0.276858,0.290000,0.166308,0.276034,0,0,0.027658,0.076195
S47-1171,2026-03-16,test,400.4,0.311,0,0,0.102864,0.290000,0.112241,0.243555,0,0,0.012598,0.059319
S47-1172,2026-03-17,test,865.7,0.712,0,1,0.606614,0.290000,0.545746,0.555340,1,1,0.206347,0.197722
S47-1173,2026-03-18,test,790.2,0.416,1,0,0.554433,0.290000,0.372172,0.420556,0,0,0.138512,0.176868
S47-1174,2026-03-19,test,793.2,0.554,0,0,0.435757,0.290000,0.335006,0.392526,0,0,0.112229,0.154077
S47-1175,2026-03-20,test,387.5,0.524,1,0,0.339505,0.290000,0.191954,0.292344,0,0,0.036846,0.085465
S47-1176,2026-03-21,test,870.6,0.392,1,1,0.595753,0.290000,0.431005,0.465923,0,0,0.323755,0.285238
S47-1177,2026-03-22,test,367.0,0.470,0,0,0.143195,0.290000,0.134086,0.256359,0,0,0.017979,0.065720
S47-1178,2026-03-23,test,729.7,0.721,0,1,0.513022,0.290000,0.351567,0.404941,0,0,0.420465,0.354095
S47-1179,2026-03-24,test,828.7,0.104,1,0,0.353909,0.290000,0.350409,0.404068,0,0,0.122786,0.163271
S47-1180,2026-03-25,test,598.5,0.260,1,1,0.304809,0.290000,0.098004,0.235447,0,0,0.813598,0.584541
S47-1181,2026-03-26,test,656.4,0.642,0,1,0.400160,0.290000,0.219360,0.310383,0,0,0.609399,0.475571
S47-1182,2026-03-27,test,337.3,0.454,0,0,0.127183,0.290000,0.083720,0.227502,0,0,0.007009,0.051757
S47-1183,2026-03-28,test,940.5,0.414,0,1,0.441149,0.290000,0.412104,0.451249,0,0,0.345622,0.301127
S47-1184,2026-03-29,test,511.0,0.338,0,0,0.147669,0.290000,0.061366,0.215452,0,0,0.003766,0.046420
S47-1185,2026-03-30,test,141.8,0.397,0,0,0.063948,0.290000,0.017207,0.193028,0,0,0.000296,0.037260
S47-1186,2026-03-31,test,718.6,0.617,0,1,0.427221,0.290000,0.278241,0.351100,0,0,0.520936,0.421072
S47-1187,2026-04-01,test,761.7,0.644,0,1,0.479287,0.290000,0.488220,0.510596,0,1,0.261918,0.239516
S47-1188,2026-04-02,test,713.0,0.197,0,0,0.172216,0.290000,0.116750,0.246162,0,0,0.013631,0.060596
S47-1189,2026-04-03,test,632.8,0.617,0,0,0.365725,0.290000,0.444171,0.476181,0,0,0.197288,0.226748
S47-1190,2026-04-04,test,425.0,0.607,0,0,0.230764,0.290000,0.080701,0.225847,0,0,0.006513,0.051007
S47-1191,2026-04-05,test,252.5,0.230,0,0,0.054552,0.290000,0.005435,0.187359,0,0,0.000030,0.035103
S47-1192,2026-04-06,test,511.7,0.577,0,0,0.262329,0.290000,0.088789,0.230300,0,0,0.007883,0.053038
S47-1193,2026-04-07,test,667.6,0.645,0,0,0.410427,0.290000,0.238868,0.323589,0,0,0.057058,0.104710
S47-1194,2026-04-08,test,822.0,0.482,0,0,0.404199,0.290000,0.335100,0.392596,0,0,0.112292,0.154132
S47-1195,2026-04-09,test,549.2,0.234,1,0,0.259148,0.290000,0.080869,0.225939,0,0,0.006540,0.051048
S47-1196,2026-04-10,test,836.5,0.201,0,0,0.233706,0.290000,0.136823,0.257995,0,0,0.018721,0.066561
S47-1197,2026-04-11,test,645.6,0.485,0,1,0.287368,0.290000,0.038691,0.203709,0,0,0.924116,0.634080
S47-1198,2026-04-12,test,910.8,0.059,0,0,0.199312,0.290000,0.091759,0.231950,0,0,0.008420,0.053801
S47-1199,2026-04-13,test,605.8,0.584,0,1,0.325063,0.290000,0.186419,0.288776,0,0,0.661915,0.505839
S47-1200,2026-04-14,test,587.6,0.580,0,0,0.310625,0.290000,0.138731,0.259138,0,0,0.019246,0.067153
