run_id,seed,learning_rate,epoch,loss_before_update,total_gradient_norm,analytical_gradient_w1_00,numerical_gradient_w1_00,absolute_gradient_check_difference,final_probability_x00,final_probability_x01,final_probability_x10,final_probability_x11,final_prediction_pattern
xor-slow,2,0.01,1,0.700143529,0.075846749,-0.012622612849,-0.012622612849,0.000000000000768,0.503973697,0.532304768,0.495592504,0.466153184,1100
xor-slow,2,0.01,2,0.700086034,0.075763097,-0.012622612849,-0.012622612849,0.000000000000768,0.503973697,0.532304768,0.495592504,0.466153184,1100
xor-slow,2,0.01,3,0.700028665,0.075679762,-0.012622612849,-0.012622612849,0.000000000000768,0.503973697,0.532304768,0.495592504,0.466153184,1100
xor-slow,2,0.01,4,0.699971422,0.075596743,-0.012622612849,-0.012622612849,0.000000000000768,0.503973697,0.532304768,0.495592504,0.466153184,1100
xor-slow,2,0.01,5,0.699914305,0.075514039,-0.012622612849,-0.012622612849,0.000000000000768,0.503973697,0.532304768,0.495592504,0.466153184,1100
xor-slow,2,0.01,6,0.699857312,0.075431650,-0.012622612849,-0.012622612849,0.000000000000768,0.503973697,0.532304768,0.495592504,0.466153184,1100
xor-slow,2,0.01,7,0.699800444,0.075349575,-0.012622612849,-0.012622612849,0.000000000000768,0.503973697,0.532304768,0.495592504,0.466153184,1100
xor-slow,2,0.01,8,0.699743699,0.075267813,-0.012622612849,-0.012622612849,0.000000000000768,0.503973697,0.532304768,0.495592504,0.466153184,1100
xor-slow,2,0.01,9,0.699687077,0.075186363,-0.012622612849,-0.012622612849,0.000000000000768,0.503973697,0.532304768,0.495592504,0.466153184,1100
xor-slow,2,0.01,10,0.699630578,0.075105224,-0.012622612849,-0.012622612849,0.000000000000768,0.503973697,0.532304768,0.495592504,0.466153184,1100
xor-slow,2,0.01,11,0.699574200,0.075024396,-0.012622612849,-0.012622612849,0.000000000000768,0.503973697,0.532304768,0.495592504,0.466153184,1100
xor-slow,2,0.01,12,0.699517944,0.074943877,-0.012622612849,-0.012622612849,0.000000000000768,0.503973697,0.532304768,0.495592504,0.466153184,1100
xor-slow,2,0.01,13,0.699461808,0.074863667,-0.012622612849,-0.012622612849,0.000000000000768,0.503973697,0.532304768,0.495592504,0.466153184,1100
xor-slow,2,0.01,14,0.699405793,0.074783765,-0.012622612849,-0.012622612849,0.000000000000768,0.503973697,0.532304768,0.495592504,0.466153184,1100
xor-slow,2,0.01,15,0.699349896,0.074704171,-0.012622612849,-0.012622612849,0.000000000000768,0.503973697,0.532304768,0.495592504,0.466153184,1100
xor-slow,2,0.01,16,0.699294119,0.074624883,-0.012622612849,-0.012622612849,0.000000000000768,0.503973697,0.532304768,0.495592504,0.466153184,1100
xor-slow,2,0.01,17,0.699238459,0.074545900,-0.012622612849,-0.012622612849,0.000000000000768,0.503973697,0.532304768,0.495592504,0.466153184,1100
xor-slow,2,0.01,18,0.699182918,0.074467223,-0.012622612849,-0.012622612849,0.000000000000768,0.503973697,0.532304768,0.495592504,0.466153184,1100
xor-slow,2,0.01,19,0.699127493,0.074388849,-0.012622612849,-0.012622612849,0.000000000000768,0.503973697,0.532304768,0.495592504,0.466153184,1100
xor-slow,2,0.01,20,0.699072185,0.074310779,-0.012622612849,-0.012622612849,0.000000000000768,0.503973697,0.532304768,0.495592504,0.466153184,1100
xor-slow,2,0.01,21,0.699016993,0.074233012,-0.012622612849,-0.012622612849,0.000000000000768,0.503973697,0.532304768,0.495592504,0.466153184,1100
xor-slow,2,0.01,22,0.698961917,0.074155546,-0.012622612849,-0.012622612849,0.000000000000768,0.503973697,0.532304768,0.495592504,0.466153184,1100
xor-slow,2,0.01,23,0.698906955,0.074078381,-0.012622612849,-0.012622612849,0.000000000000768,0.503973697,0.532304768,0.495592504,0.466153184,1100
xor-slow,2,0.01,24,0.698852107,0.074001516,-0.012622612849,-0.012622612849,0.000000000000768,0.503973697,0.532304768,0.495592504,0.466153184,1100
xor-slow,2,0.01,25,0.698797374,0.073924951,-0.012622612849,-0.012622612849,0.000000000000768,0.503973697,0.532304768,0.495592504,0.466153184,1100
xor-slow,2,0.01,26,0.698742753,0.073848685,-0.012622612849,-0.012622612849,0.000000000000768,0.503973697,0.532304768,0.495592504,0.466153184,1100
xor-slow,2,0.01,27,0.698688245,0.073772716,-0.012622612849,-0.012622612849,0.000000000000768,0.503973697,0.532304768,0.495592504,0.466153184,1100
xor-slow,2,0.01,28,0.698633848,0.073697045,-0.012622612849,-0.012622612849,0.000000000000768,0.503973697,0.532304768,0.495592504,0.466153184,1100
xor-slow,2,0.01,29,0.698579564,0.073621671,-0.012622612849,-0.012622612849,0.000000000000768,0.503973697,0.532304768,0.495592504,0.466153184,1100
xor-slow,2,0.01,30,0.698525390,0.073546592,-0.012622612849,-0.012622612849,0.000000000000768,0.503973697,0.532304768,0.495592504,0.466153184,1100
xor-slow,2,0.01,31,0.698471326,0.073471808,-0.012622612849,-0.012622612849,0.000000000000768,0.503973697,0.532304768,0.495592504,0.466153184,1100
xor-slow,2,0.01,32,0.698417373,0.073397319,-0.012622612849,-0.012622612849,0.000000000000768,0.503973697,0.532304768,0.495592504,0.466153184,1100
xor-slow,2,0.01,33,0.698363528,0.073323123,-0.012622612849,-0.012622612849,0.000000000000768,0.503973697,0.532304768,0.495592504,0.466153184,1100
xor-slow,2,0.01,34,0.698309792,0.073249220,-0.012622612849,-0.012622612849,0.000000000000768,0.503973697,0.532304768,0.495592504,0.466153184,1100
xor-slow,2,0.01,35,0.698256165,0.073175609,-0.012622612849,-0.012622612849,0.000000000000768,0.503973697,0.532304768,0.495592504,0.466153184,1100
xor-slow,2,0.01,36,0.698202645,0.073102290,-0.012622612849,-0.012622612849,0.000000000000768,0.503973697,0.532304768,0.495592504,0.466153184,1100
xor-slow,2,0.01,37,0.698149232,0.073029261,-0.012622612849,-0.012622612849,0.000000000000768,0.503973697,0.532304768,0.495592504,0.466153184,1100
xor-slow,2,0.01,38,0.698095926,0.072956523,-0.012622612849,-0.012622612849,0.000000000000768,0.503973697,0.532304768,0.495592504,0.466153184,1100
xor-slow,2,0.01,39,0.698042726,0.072884073,-0.012622612849,-0.012622612849,0.000000000000768,0.503973697,0.532304768,0.495592504,0.466153184,1100
xor-slow,2,0.01,40,0.697989632,0.072811913,-0.012622612849,-0.012622612849,0.000000000000768,0.503973697,0.532304768,0.495592504,0.466153184,1100
xor-slow,2,0.01,41,0.697936642,0.072740040,-0.012622612849,-0.012622612849,0.000000000000768,0.503973697,0.532304768,0.495592504,0.466153184,1100
xor-slow,2,0.01,42,0.697883757,0.072668455,-0.012622612849,-0.012622612849,0.000000000000768,0.503973697,0.532304768,0.495592504,0.466153184,1100
xor-slow,2,0.01,43,0.697830976,0.072597156,-0.012622612849,-0.012622612849,0.000000000000768,0.503973697,0.532304768,0.495592504,0.466153184,1100
xor-slow,2,0.01,44,0.697778298,0.072526144,-0.012622612849,-0.012622612849,0.000000000000768,0.503973697,0.532304768,0.495592504,0.466153184,1100
xor-slow,2,0.01,45,0.697725723,0.072455416,-0.012622612849,-0.012622612849,0.000000000000768,0.503973697,0.532304768,0.495592504,0.466153184,1100
xor-slow,2,0.01,46,0.697673251,0.072384973,-0.012622612849,-0.012622612849,0.000000000000768,0.503973697,0.532304768,0.495592504,0.466153184,1100
xor-slow,2,0.01,47,0.697620881,0.072314814,-0.012622612849,-0.012622612849,0.000000000000768,0.503973697,0.532304768,0.495592504,0.466153184,1100
xor-slow,2,0.01,48,0.697568612,0.072244938,-0.012622612849,-0.012622612849,0.000000000000768,0.503973697,0.532304768,0.495592504,0.466153184,1100
xor-slow,2,0.01,49,0.697516443,0.072175345,-0.012622612849,-0.012622612849,0.000000000000768,0.503973697,0.532304768,0.495592504,0.466153184,1100
xor-slow,2,0.01,50,0.697464376,0.072106034,-0.012622612849,-0.012622612849,0.000000000000768,0.503973697,0.532304768,0.495592504,0.466153184,1100
xor-slow,2,0.01,51,0.697412408,0.072037004,-0.012622612849,-0.012622612849,0.000000000000768,0.503973697,0.532304768,0.495592504,0.466153184,1100
xor-slow,2,0.01,52,0.697360539,0.071968254,-0.012622612849,-0.012622612849,0.000000000000768,0.503973697,0.532304768,0.495592504,0.466153184,1100
xor-slow,2,0.01,53,0.697308770,0.071899785,-0.012622612849,-0.012622612849,0.000000000000768,0.503973697,0.532304768,0.495592504,0.466153184,1100
xor-slow,2,0.01,54,0.697257098,0.071831594,-0.012622612849,-0.012622612849,0.000000000000768,0.503973697,0.532304768,0.495592504,0.466153184,1100
xor-slow,2,0.01,55,0.697205525,0.071763683,-0.012622612849,-0.012622612849,0.000000000000768,0.503973697,0.532304768,0.495592504,0.466153184,1100
xor-slow,2,0.01,56,0.697154049,0.071696049,-0.012622612849,-0.012622612849,0.000000000000768,0.503973697,0.532304768,0.495592504,0.466153184,1100
xor-slow,2,0.01,57,0.697102670,0.071628693,-0.012622612849,-0.012622612849,0.000000000000768,0.503973697,0.532304768,0.495592504,0.466153184,1100
xor-slow,2,0.01,58,0.697051387,0.071561614,-0.012622612849,-0.012622612849,0.000000000000768,0.503973697,0.532304768,0.495592504,0.466153184,1100
xor-slow,2,0.01,59,0.697000201,0.071494811,-0.012622612849,-0.012622612849,0.000000000000768,0.503973697,0.532304768,0.495592504,0.466153184,1100
xor-slow,2,0.01,60,0.696949109,0.071428283,-0.012622612849,-0.012622612849,0.000000000000768,0.503973697,0.532304768,0.495592504,0.466153184,1100
xor-slow,2,0.01,61,0.696898113,0.071362031,-0.012622612849,-0.012622612849,0.000000000000768,0.503973697,0.532304768,0.495592504,0.466153184,1100
xor-slow,2,0.01,62,0.696847211,0.071296052,-0.012622612849,-0.012622612849,0.000000000000768,0.503973697,0.532304768,0.495592504,0.466153184,1100
xor-slow,2,0.01,63,0.696796403,0.071230347,-0.012622612849,-0.012622612849,0.000000000000768,0.503973697,0.532304768,0.495592504,0.466153184,1100
xor-slow,2,0.01,64,0.696745689,0.071164916,-0.012622612849,-0.012622612849,0.000000000000768,0.503973697,0.532304768,0.495592504,0.466153184,1100
xor-slow,2,0.01,65,0.696695068,0.071099756,-0.012622612849,-0.012622612849,0.000000000000768,0.503973697,0.532304768,0.495592504,0.466153184,1100
xor-slow,2,0.01,66,0.696644539,0.071034869,-0.012622612849,-0.012622612849,0.000000000000768,0.503973697,0.532304768,0.495592504,0.466153184,1100
xor-slow,2,0.01,67,0.696594103,0.070970253,-0.012622612849,-0.012622612849,0.000000000000768,0.503973697,0.532304768,0.495592504,0.466153184,1100
xor-slow,2,0.01,68,0.696543758,0.070905907,-0.012622612849,-0.012622612849,0.000000000000768,0.503973697,0.532304768,0.495592504,0.466153184,1100
xor-slow,2,0.01,69,0.696493504,0.070841832,-0.012622612849,-0.012622612849,0.000000000000768,0.503973697,0.532304768,0.495592504,0.466153184,1100
xor-slow,2,0.01,70,0.696443341,0.070778026,-0.012622612849,-0.012622612849,0.000000000000768,0.503973697,0.532304768,0.495592504,0.466153184,1100
xor-slow,2,0.01,71,0.696393268,0.070714489,-0.012622612849,-0.012622612849,0.000000000000768,0.503973697,0.532304768,0.495592504,0.466153184,1100
xor-slow,2,0.01,72,0.696343285,0.070651220,-0.012622612849,-0.012622612849,0.000000000000768,0.503973697,0.532304768,0.495592504,0.466153184,1100
xor-slow,2,0.01,73,0.696293391,0.070588219,-0.012622612849,-0.012622612849,0.000000000000768,0.503973697,0.532304768,0.495592504,0.466153184,1100
xor-slow,2,0.01,74,0.696243587,0.070525484,-0.012622612849,-0.012622612849,0.000000000000768,0.503973697,0.532304768,0.495592504,0.466153184,1100
xor-slow,2,0.01,75,0.696193870,0.070463017,-0.012622612849,-0.012622612849,0.000000000000768,0.503973697,0.532304768,0.495592504,0.466153184,1100
xor-slow,2,0.01,76,0.696144242,0.070400815,-0.012622612849,-0.012622612849,0.000000000000768,0.503973697,0.532304768,0.495592504,0.466153184,1100
xor-slow,2,0.01,77,0.696094701,0.070338879,-0.012622612849,-0.012622612849,0.000000000000768,0.503973697,0.532304768,0.495592504,0.466153184,1100
xor-slow,2,0.01,78,0.696045247,0.070277208,-0.012622612849,-0.012622612849,0.000000000000768,0.503973697,0.532304768,0.495592504,0.466153184,1100
xor-slow,2,0.01,79,0.695995880,0.070215801,-0.012622612849,-0.012622612849,0.000000000000768,0.503973697,0.532304768,0.495592504,0.466153184,1100
xor-slow,2,0.01,80,0.695946599,0.070154657,-0.012622612849,-0.012622612849,0.000000000000768,0.503973697,0.532304768,0.495592504,0.466153184,1100
xor-slow,2,0.01,81,0.695897403,0.070093777,-0.012622612849,-0.012622612849,0.000000000000768,0.503973697,0.532304768,0.495592504,0.466153184,1100
xor-slow,2,0.01,82,0.695848293,0.070033159,-0.012622612849,-0.012622612849,0.000000000000768,0.503973697,0.532304768,0.495592504,0.466153184,1100
xor-slow,2,0.01,83,0.695799268,0.069972804,-0.012622612849,-0.012622612849,0.000000000000768,0.503973697,0.532304768,0.495592504,0.466153184,1100
xor-slow,2,0.01,84,0.695750327,0.069912709,-0.012622612849,-0.012622612849,0.000000000000768,0.503973697,0.532304768,0.495592504,0.466153184,1100
xor-slow,2,0.01,85,0.695701470,0.069852876,-0.012622612849,-0.012622612849,0.000000000000768,0.503973697,0.532304768,0.495592504,0.466153184,1100
xor-slow,2,0.01,86,0.695652697,0.069793303,-0.012622612849,-0.012622612849,0.000000000000768,0.503973697,0.532304768,0.495592504,0.466153184,1100
xor-slow,2,0.01,87,0.695604006,0.069733990,-0.012622612849,-0.012622612849,0.000000000000768,0.503973697,0.532304768,0.495592504,0.466153184,1100
xor-slow,2,0.01,88,0.695555399,0.069674936,-0.012622612849,-0.012622612849,0.000000000000768,0.503973697,0.532304768,0.495592504,0.466153184,1100
xor-slow,2,0.01,89,0.695506873,0.069616141,-0.012622612849,-0.012622612849,0.000000000000768,0.503973697,0.532304768,0.495592504,0.466153184,1100
xor-slow,2,0.01,90,0.695458429,0.069557604,-0.012622612849,-0.012622612849,0.000000000000768,0.503973697,0.532304768,0.495592504,0.466153184,1100
xor-slow,2,0.01,91,0.695410067,0.069499325,-0.012622612849,-0.012622612849,0.000000000000768,0.503973697,0.532304768,0.495592504,0.466153184,1100
xor-slow,2,0.01,92,0.695361786,0.069441302,-0.012622612849,-0.012622612849,0.000000000000768,0.503973697,0.532304768,0.495592504,0.466153184,1100
xor-slow,2,0.01,93,0.695313585,0.069383537,-0.012622612849,-0.012622612849,0.000000000000768,0.503973697,0.532304768,0.495592504,0.466153184,1100
xor-slow,2,0.01,94,0.695265464,0.069326027,-0.012622612849,-0.012622612849,0.000000000000768,0.503973697,0.532304768,0.495592504,0.466153184,1100
xor-slow,2,0.01,95,0.695217423,0.069268773,-0.012622612849,-0.012622612849,0.000000000000768,0.503973697,0.532304768,0.495592504,0.466153184,1100
xor-slow,2,0.01,96,0.695169461,0.069211775,-0.012622612849,-0.012622612849,0.000000000000768,0.503973697,0.532304768,0.495592504,0.466153184,1100
xor-slow,2,0.01,97,0.695121578,0.069155030,-0.012622612849,-0.012622612849,0.000000000000768,0.503973697,0.532304768,0.495592504,0.466153184,1100
xor-slow,2,0.01,98,0.695073773,0.069098540,-0.012622612849,-0.012622612849,0.000000000000768,0.503973697,0.532304768,0.495592504,0.466153184,1100
xor-slow,2,0.01,99,0.695026047,0.069042303,-0.012622612849,-0.012622612849,0.000000000000768,0.503973697,0.532304768,0.495592504,0.466153184,1100
xor-slow,2,0.01,100,0.694978398,0.068986319,-0.012622612849,-0.012622612849,0.000000000000768,0.503973697,0.532304768,0.495592504,0.466153184,1100
xor-slow,2,0.01,101,0.694930826,0.068930587,-0.012622612849,-0.012622612849,0.000000000000768,0.503973697,0.532304768,0.495592504,0.466153184,1100
xor-slow,2,0.01,102,0.694883331,0.068875108,-0.012622612849,-0.012622612849,0.000000000000768,0.503973697,0.532304768,0.495592504,0.466153184,1100
xor-slow,2,0.01,103,0.694835912,0.068819879,-0.012622612849,-0.012622612849,0.000000000000768,0.503973697,0.532304768,0.495592504,0.466153184,1100
xor-slow,2,0.01,104,0.694788569,0.068764902,-0.012622612849,-0.012622612849,0.000000000000768,0.503973697,0.532304768,0.495592504,0.466153184,1100
xor-slow,2,0.01,105,0.694741302,0.068710175,-0.012622612849,-0.012622612849,0.000000000000768,0.503973697,0.532304768,0.495592504,0.466153184,1100
xor-slow,2,0.01,106,0.694694110,0.068655699,-0.012622612849,-0.012622612849,0.000000000000768,0.503973697,0.532304768,0.495592504,0.466153184,1100
xor-slow,2,0.01,107,0.694646992,0.068601471,-0.012622612849,-0.012622612849,0.000000000000768,0.503973697,0.532304768,0.495592504,0.466153184,1100
xor-slow,2,0.01,108,0.694599949,0.068547493,-0.012622612849,-0.012622612849,0.000000000000768,0.503973697,0.532304768,0.495592504,0.466153184,1100
xor-slow,2,0.01,109,0.694552980,0.068493762,-0.012622612849,-0.012622612849,0.000000000000768,0.503973697,0.532304768,0.495592504,0.466153184,1100
xor-slow,2,0.01,110,0.694506084,0.068440280,-0.012622612849,-0.012622612849,0.000000000000768,0.503973697,0.532304768,0.495592504,0.466153184,1100
xor-slow,2,0.01,111,0.694459262,0.068387046,-0.012622612849,-0.012622612849,0.000000000000768,0.503973697,0.532304768,0.495592504,0.466153184,1100
xor-slow,2,0.01,112,0.694412512,0.068334058,-0.012622612849,-0.012622612849,0.000000000000768,0.503973697,0.532304768,0.495592504,0.466153184,1100
xor-slow,2,0.01,113,0.694365835,0.068281317,-0.012622612849,-0.012622612849,0.000000000000768,0.503973697,0.532304768,0.495592504,0.466153184,1100
xor-slow,2,0.01,114,0.694319229,0.068228822,-0.012622612849,-0.012622612849,0.000000000000768,0.503973697,0.532304768,0.495592504,0.466153184,1100
xor-slow,2,0.01,115,0.694272695,0.068176572,-0.012622612849,-0.012622612849,0.000000000000768,0.503973697,0.532304768,0.495592504,0.466153184,1100
xor-slow,2,0.01,116,0.694226233,0.068124567,-0.012622612849,-0.012622612849,0.000000000000768,0.503973697,0.532304768,0.495592504,0.466153184,1100
xor-slow,2,0.01,117,0.694179841,0.068072808,-0.012622612849,-0.012622612849,0.000000000000768,0.503973697,0.532304768,0.495592504,0.466153184,1100
xor-slow,2,0.01,118,0.694133519,0.068021292,-0.012622612849,-0.012622612849,0.000000000000768,0.503973697,0.532304768,0.495592504,0.466153184,1100
xor-slow,2,0.01,119,0.694087268,0.067970019,-0.012622612849,-0.012622612849,0.000000000000768,0.503973697,0.532304768,0.495592504,0.466153184,1100
xor-slow,2,0.01,120,0.694041086,0.067918990,-0.012622612849,-0.012622612849,0.000000000000768,0.503973697,0.532304768,0.495592504,0.466153184,1100
xor-slow,2,0.01,121,0.693994973,0.067868204,-0.012622612849,-0.012622612849,0.000000000000768,0.503973697,0.532304768,0.495592504,0.466153184,1100
xor-slow,2,0.01,122,0.693948930,0.067817660,-0.012622612849,-0.012622612849,0.000000000000768,0.503973697,0.532304768,0.495592504,0.466153184,1100
xor-slow,2,0.01,123,0.693902954,0.067767357,-0.012622612849,-0.012622612849,0.000000000000768,0.503973697,0.532304768,0.495592504,0.466153184,1100
xor-slow,2,0.01,124,0.693857047,0.067717296,-0.012622612849,-0.012622612849,0.000000000000768,0.503973697,0.532304768,0.495592504,0.466153184,1100
xor-slow,2,0.01,125,0.693811208,0.067667476,-0.012622612849,-0.012622612849,0.000000000000768,0.503973697,0.532304768,0.495592504,0.466153184,1100
xor-slow,2,0.01,126,0.693765436,0.067617896,-0.012622612849,-0.012622612849,0.000000000000768,0.503973697,0.532304768,0.495592504,0.466153184,1100
xor-slow,2,0.01,127,0.693719730,0.067568556,-0.012622612849,-0.012622612849,0.000000000000768,0.503973697,0.532304768,0.495592504,0.466153184,1100
xor-slow,2,0.01,128,0.693674092,0.067519456,-0.012622612849,-0.012622612849,0.000000000000768,0.503973697,0.532304768,0.495592504,0.466153184,1100
xor-slow,2,0.01,129,0.693628520,0.067470594,-0.012622612849,-0.012622612849,0.000000000000768,0.503973697,0.532304768,0.495592504,0.466153184,1100
xor-slow,2,0.01,130,0.693583013,0.067421971,-0.012622612849,-0.012622612849,0.000000000000768,0.503973697,0.532304768,0.495592504,0.466153184,1100
xor-slow,2,0.01,131,0.693537572,0.067373587,-0.012622612849,-0.012622612849,0.000000000000768,0.503973697,0.532304768,0.495592504,0.466153184,1100
xor-slow,2,0.01,132,0.693492197,0.067325440,-0.012622612849,-0.012622612849,0.000000000000768,0.503973697,0.532304768,0.495592504,0.466153184,1100
xor-slow,2,0.01,133,0.693446886,0.067277530,-0.012622612849,-0.012622612849,0.000000000000768,0.503973697,0.532304768,0.495592504,0.466153184,1100
xor-slow,2,0.01,134,0.693401639,0.067229857,-0.012622612849,-0.012622612849,0.000000000000768,0.503973697,0.532304768,0.495592504,0.466153184,1100
xor-slow,2,0.01,135,0.693356457,0.067182420,-0.012622612849,-0.012622612849,0.000000000000768,0.503973697,0.532304768,0.495592504,0.466153184,1100
xor-slow,2,0.01,136,0.693311338,0.067135219,-0.012622612849,-0.012622612849,0.000000000000768,0.503973697,0.532304768,0.495592504,0.466153184,1100
xor-slow,2,0.01,137,0.693266282,0.067088254,-0.012622612849,-0.012622612849,0.000000000000768,0.503973697,0.532304768,0.495592504,0.466153184,1100
xor-slow,2,0.01,138,0.693221289,0.067041523,-0.012622612849,-0.012622612849,0.000000000000768,0.503973697,0.532304768,0.495592504,0.466153184,1100
xor-slow,2,0.01,139,0.693176359,0.066995028,-0.012622612849,-0.012622612849,0.000000000000768,0.503973697,0.532304768,0.495592504,0.466153184,1100
xor-slow,2,0.01,140,0.693131491,0.066948766,-0.012622612849,-0.012622612849,0.000000000000768,0.503973697,0.532304768,0.495592504,0.466153184,1100
xor-slow,2,0.01,141,0.693086686,0.066902738,-0.012622612849,-0.012622612849,0.000000000000768,0.503973697,0.532304768,0.495592504,0.466153184,1100
xor-slow,2,0.01,142,0.693041941,0.066856944,-0.012622612849,-0.012622612849,0.000000000000768,0.503973697,0.532304768,0.495592504,0.466153184,1100
xor-slow,2,0.01,143,0.692997258,0.066811382,-0.012622612849,-0.012622612849,0.000000000000768,0.503973697,0.532304768,0.495592504,0.466153184,1100
xor-slow,2,0.01,144,0.692952635,0.066766053,-0.012622612849,-0.012622612849,0.000000000000768,0.503973697,0.532304768,0.495592504,0.466153184,1100
xor-slow,2,0.01,145,0.692908073,0.066720955,-0.012622612849,-0.012622612849,0.000000000000768,0.503973697,0.532304768,0.495592504,0.466153184,1100
xor-slow,2,0.01,146,0.692863572,0.066676090,-0.012622612849,-0.012622612849,0.000000000000768,0.503973697,0.532304768,0.495592504,0.466153184,1100
xor-slow,2,0.01,147,0.692819129,0.066631455,-0.012622612849,-0.012622612849,0.000000000000768,0.503973697,0.532304768,0.495592504,0.466153184,1100
xor-slow,2,0.01,148,0.692774747,0.066587051,-0.012622612849,-0.012622612849,0.000000000000768,0.503973697,0.532304768,0.495592504,0.466153184,1100
xor-slow,2,0.01,149,0.692730423,0.066542878,-0.012622612849,-0.012622612849,0.000000000000768,0.503973697,0.532304768,0.495592504,0.466153184,1100
xor-slow,2,0.01,150,0.692686158,0.066498935,-0.012622612849,-0.012622612849,0.000000000000768,0.503973697,0.532304768,0.495592504,0.466153184,1100
xor-slow,2,0.01,151,0.692641952,0.066455221,-0.012622612849,-0.012622612849,0.000000000000768,0.503973697,0.532304768,0.495592504,0.466153184,1100
xor-slow,2,0.01,152,0.692597803,0.066411736,-0.012622612849,-0.012622612849,0.000000000000768,0.503973697,0.532304768,0.495592504,0.466153184,1100
xor-slow,2,0.01,153,0.692553712,0.066368479,-0.012622612849,-0.012622612849,0.000000000000768,0.503973697,0.532304768,0.495592504,0.466153184,1100
xor-slow,2,0.01,154,0.692509679,0.066325451,-0.012622612849,-0.012622612849,0.000000000000768,0.503973697,0.532304768,0.495592504,0.466153184,1100
xor-slow,2,0.01,155,0.692465702,0.066282651,-0.012622612849,-0.012622612849,0.000000000000768,0.503973697,0.532304768,0.495592504,0.466153184,1100
xor-slow,2,0.01,156,0.692421783,0.066240078,-0.012622612849,-0.012622612849,0.000000000000768,0.503973697,0.532304768,0.495592504,0.466153184,1100
xor-slow,2,0.01,157,0.692377919,0.066197733,-0.012622612849,-0.012622612849,0.000000000000768,0.503973697,0.532304768,0.495592504,0.466153184,1100
xor-slow,2,0.01,158,0.692334112,0.066155614,-0.012622612849,-0.012622612849,0.000000000000768,0.503973697,0.532304768,0.495592504,0.466153184,1100
xor-slow,2,0.01,159,0.692290360,0.066113721,-0.012622612849,-0.012622612849,0.000000000000768,0.503973697,0.532304768,0.495592504,0.466153184,1100
xor-slow,2,0.01,160,0.692246664,0.066072054,-0.012622612849,-0.012622612849,0.000000000000768,0.503973697,0.532304768,0.495592504,0.466153184,1100
xor-slow,2,0.01,161,0.692203022,0.066030612,-0.012622612849,-0.012622612849,0.000000000000768,0.503973697,0.532304768,0.495592504,0.466153184,1100
xor-slow,2,0.01,162,0.692159435,0.065989395,-0.012622612849,-0.012622612849,0.000000000000768,0.503973697,0.532304768,0.495592504,0.466153184,1100
xor-slow,2,0.01,163,0.692115903,0.065948403,-0.012622612849,-0.012622612849,0.000000000000768,0.503973697,0.532304768,0.495592504,0.466153184,1100
xor-slow,2,0.01,164,0.692072424,0.065907635,-0.012622612849,-0.012622612849,0.000000000000768,0.503973697,0.532304768,0.495592504,0.466153184,1100
xor-slow,2,0.01,165,0.692029000,0.065867091,-0.012622612849,-0.012622612849,0.000000000000768,0.503973697,0.532304768,0.495592504,0.466153184,1100
xor-slow,2,0.01,166,0.691985628,0.065826771,-0.012622612849,-0.012622612849,0.000000000000768,0.503973697,0.532304768,0.495592504,0.466153184,1100
xor-slow,2,0.01,167,0.691942310,0.065786673,-0.012622612849,-0.012622612849,0.000000000000768,0.503973697,0.532304768,0.495592504,0.466153184,1100
xor-slow,2,0.01,168,0.691899044,0.065746798,-0.012622612849,-0.012622612849,0.000000000000768,0.503973697,0.532304768,0.495592504,0.466153184,1100
xor-slow,2,0.01,169,0.691855831,0.065707145,-0.012622612849,-0.012622612849,0.000000000000768,0.503973697,0.532304768,0.495592504,0.466153184,1100
xor-slow,2,0.01,170,0.691812669,0.065667715,-0.012622612849,-0.012622612849,0.000000000000768,0.503973697,0.532304768,0.495592504,0.466153184,1100
xor-slow,2,0.01,171,0.691769560,0.065628505,-0.012622612849,-0.012622612849,0.000000000000768,0.503973697,0.532304768,0.495592504,0.466153184,1100
xor-slow,2,0.01,172,0.691726502,0.065589517,-0.012622612849,-0.012622612849,0.000000000000768,0.503973697,0.532304768,0.495592504,0.466153184,1100
xor-slow,2,0.01,173,0.691683494,0.065550749,-0.012622612849,-0.012622612849,0.000000000000768,0.503973697,0.532304768,0.495592504,0.466153184,1100
xor-slow,2,0.01,174,0.691640538,0.065512202,-0.012622612849,-0.012622612849,0.000000000000768,0.503973697,0.532304768,0.495592504,0.466153184,1100
xor-slow,2,0.01,175,0.691597632,0.065473875,-0.012622612849,-0.012622612849,0.000000000000768,0.503973697,0.532304768,0.495592504,0.466153184,1100
xor-slow,2,0.01,176,0.691554776,0.065435767,-0.012622612849,-0.012622612849,0.000000000000768,0.503973697,0.532304768,0.495592504,0.466153184,1100
xor-slow,2,0.01,177,0.691511970,0.065397878,-0.012622612849,-0.012622612849,0.000000000000768,0.503973697,0.532304768,0.495592504,0.466153184,1100
xor-slow,2,0.01,178,0.691469214,0.065360208,-0.012622612849,-0.012622612849,0.000000000000768,0.503973697,0.532304768,0.495592504,0.466153184,1100
xor-slow,2,0.01,179,0.691426507,0.065322756,-0.012622612849,-0.012622612849,0.000000000000768,0.503973697,0.532304768,0.495592504,0.466153184,1100
xor-slow,2,0.01,180,0.691383848,0.065285523,-0.012622612849,-0.012622612849,0.000000000000768,0.503973697,0.532304768,0.495592504,0.466153184,1100
xor-slow,2,0.01,181,0.691341238,0.065248507,-0.012622612849,-0.012622612849,0.000000000000768,0.503973697,0.532304768,0.495592504,0.466153184,1100
xor-slow,2,0.01,182,0.691298677,0.065211708,-0.012622612849,-0.012622612849,0.000000000000768,0.503973697,0.532304768,0.495592504,0.466153184,1100
xor-slow,2,0.01,183,0.691256163,0.065175127,-0.012622612849,-0.012622612849,0.000000000000768,0.503973697,0.532304768,0.495592504,0.466153184,1100
xor-slow,2,0.01,184,0.691213697,0.065138761,-0.012622612849,-0.012622612849,0.000000000000768,0.503973697,0.532304768,0.495592504,0.466153184,1100
xor-slow,2,0.01,185,0.691171278,0.065102612,-0.012622612849,-0.012622612849,0.000000000000768,0.503973697,0.532304768,0.495592504,0.466153184,1100
xor-slow,2,0.01,186,0.691128906,0.065066679,-0.012622612849,-0.012622612849,0.000000000000768,0.503973697,0.532304768,0.495592504,0.466153184,1100
xor-slow,2,0.01,187,0.691086581,0.065030961,-0.012622612849,-0.012622612849,0.000000000000768,0.503973697,0.532304768,0.495592504,0.466153184,1100
xor-slow,2,0.01,188,0.691044302,0.064995458,-0.012622612849,-0.012622612849,0.000000000000768,0.503973697,0.532304768,0.495592504,0.466153184,1100
xor-slow,2,0.01,189,0.691002070,0.064960170,-0.012622612849,-0.012622612849,0.000000000000768,0.503973697,0.532304768,0.495592504,0.466153184,1100
xor-slow,2,0.01,190,0.690959883,0.064925096,-0.012622612849,-0.012622612849,0.000000000000768,0.503973697,0.532304768,0.495592504,0.466153184,1100
xor-slow,2,0.01,191,0.690917742,0.064890236,-0.012622612849,-0.012622612849,0.000000000000768,0.503973697,0.532304768,0.495592504,0.466153184,1100
xor-slow,2,0.01,192,0.690875645,0.064855590,-0.012622612849,-0.012622612849,0.000000000000768,0.503973697,0.532304768,0.495592504,0.466153184,1100
xor-slow,2,0.01,193,0.690833594,0.064821157,-0.012622612849,-0.012622612849,0.000000000000768,0.503973697,0.532304768,0.495592504,0.466153184,1100
xor-slow,2,0.01,194,0.690791587,0.064786936,-0.012622612849,-0.012622612849,0.000000000000768,0.503973697,0.532304768,0.495592504,0.466153184,1100
xor-slow,2,0.01,195,0.690749625,0.064752928,-0.012622612849,-0.012622612849,0.000000000000768,0.503973697,0.532304768,0.495592504,0.466153184,1100
xor-slow,2,0.01,196,0.690707706,0.064719133,-0.012622612849,-0.012622612849,0.000000000000768,0.503973697,0.532304768,0.495592504,0.466153184,1100
xor-slow,2,0.01,197,0.690665832,0.064685549,-0.012622612849,-0.012622612849,0.000000000000768,0.503973697,0.532304768,0.495592504,0.466153184,1100
xor-slow,2,0.01,198,0.690624000,0.064652176,-0.012622612849,-0.012622612849,0.000000000000768,0.503973697,0.532304768,0.495592504,0.466153184,1100
xor-slow,2,0.01,199,0.690582212,0.064619014,-0.012622612849,-0.012622612849,0.000000000000768,0.503973697,0.532304768,0.495592504,0.466153184,1100
xor-slow,2,0.01,200,0.690540467,0.064586064,-0.012622612849,-0.012622612849,0.000000000000768,0.503973697,0.532304768,0.495592504,0.466153184,1100
xor-slow,2,0.01,201,0.690498763,0.064553323,-0.012622612849,-0.012622612849,0.000000000000768,0.503973697,0.532304768,0.495592504,0.466153184,1100
xor-slow,2,0.01,202,0.690457103,0.064520792,-0.012622612849,-0.012622612849,0.000000000000768,0.503973697,0.532304768,0.495592504,0.466153184,1100
xor-slow,2,0.01,203,0.690415484,0.064488471,-0.012622612849,-0.012622612849,0.000000000000768,0.503973697,0.532304768,0.495592504,0.466153184,1100
xor-slow,2,0.01,204,0.690373907,0.064456360,-0.012622612849,-0.012622612849,0.000000000000768,0.503973697,0.532304768,0.495592504,0.466153184,1100
xor-slow,2,0.01,205,0.690332371,0.064424457,-0.012622612849,-0.012622612849,0.000000000000768,0.503973697,0.532304768,0.495592504,0.466153184,1100
xor-slow,2,0.01,206,0.690290876,0.064392763,-0.012622612849,-0.012622612849,0.000000000000768,0.503973697,0.532304768,0.495592504,0.466153184,1100
xor-slow,2,0.01,207,0.690249422,0.064361277,-0.012622612849,-0.012622612849,0.000000000000768,0.503973697,0.532304768,0.495592504,0.466153184,1100
xor-slow,2,0.01,208,0.690208008,0.064329998,-0.012622612849,-0.012622612849,0.000000000000768,0.503973697,0.532304768,0.495592504,0.466153184,1100
xor-slow,2,0.01,209,0.690166634,0.064298928,-0.012622612849,-0.012622612849,0.000000000000768,0.503973697,0.532304768,0.495592504,0.466153184,1100
xor-slow,2,0.01,210,0.690125301,0.064268064,-0.012622612849,-0.012622612849,0.000000000000768,0.503973697,0.532304768,0.495592504,0.466153184,1100
xor-slow,2,0.01,211,0.690084007,0.064237408,-0.012622612849,-0.012622612849,0.000000000000768,0.503973697,0.532304768,0.495592504,0.466153184,1100
xor-slow,2,0.01,212,0.690042752,0.064206957,-0.012622612849,-0.012622612849,0.000000000000768,0.503973697,0.532304768,0.495592504,0.466153184,1100
xor-slow,2,0.01,213,0.690001537,0.064176713,-0.012622612849,-0.012622612849,0.000000000000768,0.503973697,0.532304768,0.495592504,0.466153184,1100
xor-slow,2,0.01,214,0.689960360,0.064146675,-0.012622612849,-0.012622612849,0.000000000000768,0.503973697,0.532304768,0.495592504,0.466153184,1100
xor-slow,2,0.01,215,0.689919221,0.064116842,-0.012622612849,-0.012622612849,0.000000000000768,0.503973697,0.532304768,0.495592504,0.466153184,1100
xor-slow,2,0.01,216,0.689878121,0.064087214,-0.012622612849,-0.012622612849,0.000000000000768,0.503973697,0.532304768,0.495592504,0.466153184,1100
xor-slow,2,0.01,217,0.689837059,0.064057791,-0.012622612849,-0.012622612849,0.000000000000768,0.503973697,0.532304768,0.495592504,0.466153184,1100
xor-slow,2,0.01,218,0.689796034,0.064028572,-0.012622612849,-0.012622612849,0.000000000000768,0.503973697,0.532304768,0.495592504,0.466153184,1100
xor-slow,2,0.01,219,0.689755047,0.063999558,-0.012622612849,-0.012622612849,0.000000000000768,0.503973697,0.532304768,0.495592504,0.466153184,1100
xor-slow,2,0.01,220,0.689714097,0.063970747,-0.012622612849,-0.012622612849,0.000000000000768,0.503973697,0.532304768,0.495592504,0.466153184,1100
xor-slow,2,0.01,221,0.689673183,0.063942140,-0.012622612849,-0.012622612849,0.000000000000768,0.503973697,0.532304768,0.495592504,0.466153184,1100
xor-slow,2,0.01,222,0.689632307,0.063913735,-0.012622612849,-0.012622612849,0.000000000000768,0.503973697,0.532304768,0.495592504,0.466153184,1100
xor-slow,2,0.01,223,0.689591466,0.063885533,-0.012622612849,-0.012622612849,0.000000000000768,0.503973697,0.532304768,0.495592504,0.466153184,1100
xor-slow,2,0.01,224,0.689550661,0.063857534,-0.012622612849,-0.012622612849,0.000000000000768,0.503973697,0.532304768,0.495592504,0.466153184,1100
xor-slow,2,0.01,225,0.689509892,0.063829737,-0.012622612849,-0.012622612849,0.000000000000768,0.503973697,0.532304768,0.495592504,0.466153184,1100
xor-slow,2,0.01,226,0.689469159,0.063802141,-0.012622612849,-0.012622612849,0.000000000000768,0.503973697,0.532304768,0.495592504,0.466153184,1100
xor-slow,2,0.01,227,0.689428460,0.063774747,-0.012622612849,-0.012622612849,0.000000000000768,0.503973697,0.532304768,0.495592504,0.466153184,1100
xor-slow,2,0.01,228,0.689387797,0.063747554,-0.012622612849,-0.012622612849,0.000000000000768,0.503973697,0.532304768,0.495592504,0.466153184,1100
xor-slow,2,0.01,229,0.689347168,0.063720561,-0.012622612849,-0.012622612849,0.000000000000768,0.503973697,0.532304768,0.495592504,0.466153184,1100
xor-slow,2,0.01,230,0.689306574,0.063693769,-0.012622612849,-0.012622612849,0.000000000000768,0.503973697,0.532304768,0.495592504,0.466153184,1100
xor-slow,2,0.01,231,0.689266013,0.063667177,-0.012622612849,-0.012622612849,0.000000000000768,0.503973697,0.532304768,0.495592504,0.466153184,1100
xor-slow,2,0.01,232,0.689225486,0.063640785,-0.012622612849,-0.012622612849,0.000000000000768,0.503973697,0.532304768,0.495592504,0.466153184,1100
xor-slow,2,0.01,233,0.689184993,0.063614592,-0.012622612849,-0.012622612849,0.000000000000768,0.503973697,0.532304768,0.495592504,0.466153184,1100
xor-slow,2,0.01,234,0.689144533,0.063588598,-0.012622612849,-0.012622612849,0.000000000000768,0.503973697,0.532304768,0.495592504,0.466153184,1100
xor-slow,2,0.01,235,0.689104106,0.063562803,-0.012622612849,-0.012622612849,0.000000000000768,0.503973697,0.532304768,0.495592504,0.466153184,1100
xor-slow,2,0.01,236,0.689063712,0.063537206,-0.012622612849,-0.012622612849,0.000000000000768,0.503973697,0.532304768,0.495592504,0.466153184,1100
xor-slow,2,0.01,237,0.689023351,0.063511807,-0.012622612849,-0.012622612849,0.000000000000768,0.503973697,0.532304768,0.495592504,0.466153184,1100
xor-slow,2,0.01,238,0.688983021,0.063486606,-0.012622612849,-0.012622612849,0.000000000000768,0.503973697,0.532304768,0.495592504,0.466153184,1100
xor-slow,2,0.01,239,0.688942724,0.063461602,-0.012622612849,-0.012622612849,0.000000000000768,0.503973697,0.532304768,0.495592504,0.466153184,1100
xor-slow,2,0.01,240,0.688902458,0.063436796,-0.012622612849,-0.012622612849,0.000000000000768,0.503973697,0.532304768,0.495592504,0.466153184,1100
xor-slow,2,0.01,241,0.688862223,0.063412186,-0.012622612849,-0.012622612849,0.000000000000768,0.503973697,0.532304768,0.495592504,0.466153184,1100
xor-slow,2,0.01,242,0.688822020,0.063387773,-0.012622612849,-0.012622612849,0.000000000000768,0.503973697,0.532304768,0.495592504,0.466153184,1100
xor-slow,2,0.01,243,0.688781848,0.063363555,-0.012622612849,-0.012622612849,0.000000000000768,0.503973697,0.532304768,0.495592504,0.466153184,1100
xor-slow,2,0.01,244,0.688741706,0.063339534,-0.012622612849,-0.012622612849,0.000000000000768,0.503973697,0.532304768,0.495592504,0.466153184,1100
xor-slow,2,0.01,245,0.688701594,0.063315708,-0.012622612849,-0.012622612849,0.000000000000768,0.503973697,0.532304768,0.495592504,0.466153184,1100
xor-slow,2,0.01,246,0.688661513,0.063292077,-0.012622612849,-0.012622612849,0.000000000000768,0.503973697,0.532304768,0.495592504,0.466153184,1100
xor-slow,2,0.01,247,0.688621462,0.063268641,-0.012622612849,-0.012622612849,0.000000000000768,0.503973697,0.532304768,0.495592504,0.466153184,1100
xor-slow,2,0.01,248,0.688581440,0.063245399,-0.012622612849,-0.012622612849,0.000000000000768,0.503973697,0.532304768,0.495592504,0.466153184,1100
xor-slow,2,0.01,249,0.688541447,0.063222352,-0.012622612849,-0.012622612849,0.000000000000768,0.503973697,0.532304768,0.495592504,0.466153184,1100
xor-slow,2,0.01,250,0.688501484,0.063199499,-0.012622612849,-0.012622612849,0.000000000000768,0.503973697,0.532304768,0.495592504,0.466153184,1100
xor-slow,2,0.01,251,0.688461549,0.063176839,-0.012622612849,-0.012622612849,0.000000000000768,0.503973697,0.532304768,0.495592504,0.466153184,1100
xor-slow,2,0.01,252,0.688421643,0.063154372,-0.012622612849,-0.012622612849,0.000000000000768,0.503973697,0.532304768,0.495592504,0.466153184,1100
xor-slow,2,0.01,253,0.688381766,0.063132098,-0.012622612849,-0.012622612849,0.000000000000768,0.503973697,0.532304768,0.495592504,0.466153184,1100
xor-slow,2,0.01,254,0.688341916,0.063110017,-0.012622612849,-0.012622612849,0.000000000000768,0.503973697,0.532304768,0.495592504,0.466153184,1100
xor-slow,2,0.01,255,0.688302094,0.063088128,-0.012622612849,-0.012622612849,0.000000000000768,0.503973697,0.532304768,0.495592504,0.466153184,1100
xor-slow,2,0.01,256,0.688262300,0.063066431,-0.012622612849,-0.012622612849,0.000000000000768,0.503973697,0.532304768,0.495592504,0.466153184,1100
xor-slow,2,0.01,257,0.688222533,0.063044926,-0.012622612849,-0.012622612849,0.000000000000768,0.503973697,0.532304768,0.495592504,0.466153184,1100
xor-slow,2,0.01,258,0.688182793,0.063023612,-0.012622612849,-0.012622612849,0.000000000000768,0.503973697,0.532304768,0.495592504,0.466153184,1100
xor-slow,2,0.01,259,0.688143080,0.063002489,-0.012622612849,-0.012622612849,0.000000000000768,0.503973697,0.532304768,0.495592504,0.466153184,1100
xor-slow,2,0.01,260,0.688103393,0.062981556,-0.012622612849,-0.012622612849,0.000000000000768,0.503973697,0.532304768,0.495592504,0.466153184,1100
xor-slow,2,0.01,261,0.688063733,0.062960814,-0.012622612849,-0.012622612849,0.000000000000768,0.503973697,0.532304768,0.495592504,0.466153184,1100
xor-slow,2,0.01,262,0.688024099,0.062940263,-0.012622612849,-0.012622612849,0.000000000000768,0.503973697,0.532304768,0.495592504,0.466153184,1100
xor-slow,2,0.01,263,0.687984491,0.062919901,-0.012622612849,-0.012622612849,0.000000000000768,0.503973697,0.532304768,0.495592504,0.466153184,1100
xor-slow,2,0.01,264,0.687944908,0.062899728,-0.012622612849,-0.012622612849,0.000000000000768,0.503973697,0.532304768,0.495592504,0.466153184,1100
xor-slow,2,0.01,265,0.687905350,0.062879744,-0.012622612849,-0.012622612849,0.000000000000768,0.503973697,0.532304768,0.495592504,0.466153184,1100
xor-slow,2,0.01,266,0.687865818,0.062859950,-0.012622612849,-0.012622612849,0.000000000000768,0.503973697,0.532304768,0.495592504,0.466153184,1100
xor-slow,2,0.01,267,0.687826311,0.062840344,-0.012622612849,-0.012622612849,0.000000000000768,0.503973697,0.532304768,0.495592504,0.466153184,1100
xor-slow,2,0.01,268,0.687786828,0.062820926,-0.012622612849,-0.012622612849,0.000000000000768,0.503973697,0.532304768,0.495592504,0.466153184,1100
xor-slow,2,0.01,269,0.687747369,0.062801696,-0.012622612849,-0.012622612849,0.000000000000768,0.503973697,0.532304768,0.495592504,0.466153184,1100
xor-slow,2,0.01,270,0.687707934,0.062782653,-0.012622612849,-0.012622612849,0.000000000000768,0.503973697,0.532304768,0.495592504,0.466153184,1100
xor-slow,2,0.01,271,0.687668524,0.062763798,-0.012622612849,-0.012622612849,0.000000000000768,0.503973697,0.532304768,0.495592504,0.466153184,1100
xor-slow,2,0.01,272,0.687629137,0.062745130,-0.012622612849,-0.012622612849,0.000000000000768,0.503973697,0.532304768,0.495592504,0.466153184,1100
xor-slow,2,0.01,273,0.687589773,0.062726648,-0.012622612849,-0.012622612849,0.000000000000768,0.503973697,0.532304768,0.495592504,0.466153184,1100
xor-slow,2,0.01,274,0.687550432,0.062708353,-0.012622612849,-0.012622612849,0.000000000000768,0.503973697,0.532304768,0.495592504,0.466153184,1100
xor-slow,2,0.01,275,0.687511115,0.062690244,-0.012622612849,-0.012622612849,0.000000000000768,0.503973697,0.532304768,0.495592504,0.466153184,1100
xor-slow,2,0.01,276,0.687471820,0.062672321,-0.012622612849,-0.012622612849,0.000000000000768,0.503973697,0.532304768,0.495592504,0.466153184,1100
xor-slow,2,0.01,277,0.687432547,0.062654583,-0.012622612849,-0.012622612849,0.000000000000768,0.503973697,0.532304768,0.495592504,0.466153184,1100
xor-slow,2,0.01,278,0.687393297,0.062637030,-0.012622612849,-0.012622612849,0.000000000000768,0.503973697,0.532304768,0.495592504,0.466153184,1100
xor-slow,2,0.01,279,0.687354068,0.062619662,-0.012622612849,-0.012622612849,0.000000000000768,0.503973697,0.532304768,0.495592504,0.466153184,1100
xor-slow,2,0.01,280,0.687314861,0.062602479,-0.012622612849,-0.012622612849,0.000000000000768,0.503973697,0.532304768,0.495592504,0.466153184,1100
xor-slow,2,0.01,281,0.687275676,0.062585480,-0.012622612849,-0.012622612849,0.000000000000768,0.503973697,0.532304768,0.495592504,0.466153184,1100
xor-slow,2,0.01,282,0.687236512,0.062568664,-0.012622612849,-0.012622612849,0.000000000000768,0.503973697,0.532304768,0.495592504,0.466153184,1100
xor-slow,2,0.01,283,0.687197369,0.062552033,-0.012622612849,-0.012622612849,0.000000000000768,0.503973697,0.532304768,0.495592504,0.466153184,1100
xor-slow,2,0.01,284,0.687158246,0.062535585,-0.012622612849,-0.012622612849,0.000000000000768,0.503973697,0.532304768,0.495592504,0.466153184,1100
xor-slow,2,0.01,285,0.687119144,0.062519319,-0.012622612849,-0.012622612849,0.000000000000768,0.503973697,0.532304768,0.495592504,0.466153184,1100
xor-slow,2,0.01,286,0.687080063,0.062503237,-0.012622612849,-0.012622612849,0.000000000000768,0.503973697,0.532304768,0.495592504,0.466153184,1100
xor-slow,2,0.01,287,0.687041001,0.062487337,-0.012622612849,-0.012622612849,0.000000000000768,0.503973697,0.532304768,0.495592504,0.466153184,1100
xor-slow,2,0.01,288,0.687001959,0.062471618,-0.012622612849,-0.012622612849,0.000000000000768,0.503973697,0.532304768,0.495592504,0.466153184,1100
xor-slow,2,0.01,289,0.686962937,0.062456082,-0.012622612849,-0.012622612849,0.000000000000768,0.503973697,0.532304768,0.495592504,0.466153184,1100
xor-slow,2,0.01,290,0.686923934,0.062440728,-0.012622612849,-0.012622612849,0.000000000000768,0.503973697,0.532304768,0.495592504,0.466153184,1100
xor-slow,2,0.01,291,0.686884951,0.062425554,-0.012622612849,-0.012622612849,0.000000000000768,0.503973697,0.532304768,0.495592504,0.466153184,1100
xor-slow,2,0.01,292,0.686845986,0.062410561,-0.012622612849,-0.012622612849,0.000000000000768,0.503973697,0.532304768,0.495592504,0.466153184,1100
xor-slow,2,0.01,293,0.686807040,0.062395750,-0.012622612849,-0.012622612849,0.000000000000768,0.503973697,0.532304768,0.495592504,0.466153184,1100
xor-slow,2,0.01,294,0.686768112,0.062381118,-0.012622612849,-0.012622612849,0.000000000000768,0.503973697,0.532304768,0.495592504,0.466153184,1100
xor-slow,2,0.01,295,0.686729202,0.062366666,-0.012622612849,-0.012622612849,0.000000000000768,0.503973697,0.532304768,0.495592504,0.466153184,1100
xor-slow,2,0.01,296,0.686690311,0.062352394,-0.012622612849,-0.012622612849,0.000000000000768,0.503973697,0.532304768,0.495592504,0.466153184,1100
xor-slow,2,0.01,297,0.686651437,0.062338302,-0.012622612849,-0.012622612849,0.000000000000768,0.503973697,0.532304768,0.495592504,0.466153184,1100
xor-slow,2,0.01,298,0.686612581,0.062324389,-0.012622612849,-0.012622612849,0.000000000000768,0.503973697,0.532304768,0.495592504,0.466153184,1100
xor-slow,2,0.01,299,0.686573742,0.062310654,-0.012622612849,-0.012622612849,0.000000000000768,0.503973697,0.532304768,0.495592504,0.466153184,1100
xor-slow,2,0.01,300,0.686534920,0.062297098,-0.012622612849,-0.012622612849,0.000000000000768,0.503973697,0.532304768,0.495592504,0.466153184,1100
xor-slow,2,0.01,301,0.686496115,0.062283720,-0.012622612849,-0.012622612849,0.000000000000768,0.503973697,0.532304768,0.495592504,0.466153184,1100
xor-slow,2,0.01,302,0.686457326,0.062270521,-0.012622612849,-0.012622612849,0.000000000000768,0.503973697,0.532304768,0.495592504,0.466153184,1100
xor-slow,2,0.01,303,0.686418554,0.062257499,-0.012622612849,-0.012622612849,0.000000000000768,0.503973697,0.532304768,0.495592504,0.466153184,1100
xor-slow,2,0.01,304,0.686379798,0.062244654,-0.012622612849,-0.012622612849,0.000000000000768,0.503973697,0.532304768,0.495592504,0.466153184,1100
xor-slow,2,0.01,305,0.686341058,0.062231986,-0.012622612849,-0.012622612849,0.000000000000768,0.503973697,0.532304768,0.495592504,0.466153184,1100
xor-slow,2,0.01,306,0.686302334,0.062219495,-0.012622612849,-0.012622612849,0.000000000000768,0.503973697,0.532304768,0.495592504,0.466153184,1100
xor-slow,2,0.01,307,0.686263625,0.062207181,-0.012622612849,-0.012622612849,0.000000000000768,0.503973697,0.532304768,0.495592504,0.466153184,1100
xor-slow,2,0.01,308,0.686224932,0.062195043,-0.012622612849,-0.012622612849,0.000000000000768,0.503973697,0.532304768,0.495592504,0.466153184,1100
xor-slow,2,0.01,309,0.686186253,0.062183080,-0.012622612849,-0.012622612849,0.000000000000768,0.503973697,0.532304768,0.495592504,0.466153184,1100
xor-slow,2,0.01,310,0.686147589,0.062171294,-0.012622612849,-0.012622612849,0.000000000000768,0.503973697,0.532304768,0.495592504,0.466153184,1100
xor-slow,2,0.01,311,0.686108940,0.062159682,-0.012622612849,-0.012622612849,0.000000000000768,0.503973697,0.532304768,0.495592504,0.466153184,1100
xor-slow,2,0.01,312,0.686070306,0.062148246,-0.012622612849,-0.012622612849,0.000000000000768,0.503973697,0.532304768,0.495592504,0.466153184,1100
xor-slow,2,0.01,313,0.686031685,0.062136984,-0.012622612849,-0.012622612849,0.000000000000768,0.503973697,0.532304768,0.495592504,0.466153184,1100
xor-slow,2,0.01,314,0.685993078,0.062125897,-0.012622612849,-0.012622612849,0.000000000000768,0.503973697,0.532304768,0.495592504,0.466153184,1100
xor-slow,2,0.01,315,0.685954486,0.062114984,-0.012622612849,-0.012622612849,0.000000000000768,0.503973697,0.532304768,0.495592504,0.466153184,1100
xor-slow,2,0.01,316,0.685915906,0.062104245,-0.012622612849,-0.012622612849,0.000000000000768,0.503973697,0.532304768,0.495592504,0.466153184,1100
xor-slow,2,0.01,317,0.685877340,0.062093679,-0.012622612849,-0.012622612849,0.000000000000768,0.503973697,0.532304768,0.495592504,0.466153184,1100
xor-slow,2,0.01,318,0.685838787,0.062083287,-0.012622612849,-0.012622612849,0.000000000000768,0.503973697,0.532304768,0.495592504,0.466153184,1100
xor-slow,2,0.01,319,0.685800247,0.062073067,-0.012622612849,-0.012622612849,0.000000000000768,0.503973697,0.532304768,0.495592504,0.466153184,1100
xor-slow,2,0.01,320,0.685761719,0.062063020,-0.012622612849,-0.012622612849,0.000000000000768,0.503973697,0.532304768,0.495592504,0.466153184,1100
xor-slow,2,0.01,321,0.685723204,0.062053146,-0.012622612849,-0.012622612849,0.000000000000768,0.503973697,0.532304768,0.495592504,0.466153184,1100
xor-slow,2,0.01,322,0.685684701,0.062043444,-0.012622612849,-0.012622612849,0.000000000000768,0.503973697,0.532304768,0.495592504,0.466153184,1100
xor-slow,2,0.01,323,0.685646211,0.062033914,-0.012622612849,-0.012622612849,0.000000000000768,0.503973697,0.532304768,0.495592504,0.466153184,1100
xor-slow,2,0.01,324,0.685607731,0.062024555,-0.012622612849,-0.012622612849,0.000000000000768,0.503973697,0.532304768,0.495592504,0.466153184,1100
xor-slow,2,0.01,325,0.685569264,0.062015368,-0.012622612849,-0.012622612849,0.000000000000768,0.503973697,0.532304768,0.495592504,0.466153184,1100
xor-slow,2,0.01,326,0.685530808,0.062006351,-0.012622612849,-0.012622612849,0.000000000000768,0.503973697,0.532304768,0.495592504,0.466153184,1100
xor-slow,2,0.01,327,0.685492362,0.061997505,-0.012622612849,-0.012622612849,0.000000000000768,0.503973697,0.532304768,0.495592504,0.466153184,1100
xor-slow,2,0.01,328,0.685453928,0.061988830,-0.012622612849,-0.012622612849,0.000000000000768,0.503973697,0.532304768,0.495592504,0.466153184,1100
xor-slow,2,0.01,329,0.685415505,0.061980324,-0.012622612849,-0.012622612849,0.000000000000768,0.503973697,0.532304768,0.495592504,0.466153184,1100
xor-slow,2,0.01,330,0.685377092,0.061971989,-0.012622612849,-0.012622612849,0.000000000000768,0.503973697,0.532304768,0.495592504,0.466153184,1100
xor-slow,2,0.01,331,0.685338689,0.061963823,-0.012622612849,-0.012622612849,0.000000000000768,0.503973697,0.532304768,0.495592504,0.466153184,1100
xor-slow,2,0.01,332,0.685300296,0.061955826,-0.012622612849,-0.012622612849,0.000000000000768,0.503973697,0.532304768,0.495592504,0.466153184,1100
xor-slow,2,0.01,333,0.685261914,0.061947999,-0.012622612849,-0.012622612849,0.000000000000768,0.503973697,0.532304768,0.495592504,0.466153184,1100
xor-slow,2,0.01,334,0.685223540,0.061940340,-0.012622612849,-0.012622612849,0.000000000000768,0.503973697,0.532304768,0.495592504,0.466153184,1100
xor-slow,2,0.01,335,0.685185177,0.061932849,-0.012622612849,-0.012622612849,0.000000000000768,0.503973697,0.532304768,0.495592504,0.466153184,1100
xor-slow,2,0.01,336,0.685146822,0.061925527,-0.012622612849,-0.012622612849,0.000000000000768,0.503973697,0.532304768,0.495592504,0.466153184,1100
xor-slow,2,0.01,337,0.685108477,0.061918372,-0.012622612849,-0.012622612849,0.000000000000768,0.503973697,0.532304768,0.495592504,0.466153184,1100
xor-slow,2,0.01,338,0.685070140,0.061911385,-0.012622612849,-0.012622612849,0.000000000000768,0.503973697,0.532304768,0.495592504,0.466153184,1100
xor-slow,2,0.01,339,0.685031812,0.061904565,-0.012622612849,-0.012622612849,0.000000000000768,0.503973697,0.532304768,0.495592504,0.466153184,1100
xor-slow,2,0.01,340,0.684993492,0.061897913,-0.012622612849,-0.012622612849,0.000000000000768,0.503973697,0.532304768,0.495592504,0.466153184,1100
xor-slow,2,0.01,341,0.684955181,0.061891427,-0.012622612849,-0.012622612849,0.000000000000768,0.503973697,0.532304768,0.495592504,0.466153184,1100
xor-slow,2,0.01,342,0.684916877,0.061885107,-0.012622612849,-0.012622612849,0.000000000000768,0.503973697,0.532304768,0.495592504,0.466153184,1100
xor-slow,2,0.01,343,0.684878581,0.061878953,-0.012622612849,-0.012622612849,0.000000000000768,0.503973697,0.532304768,0.495592504,0.466153184,1100
xor-slow,2,0.01,344,0.684840293,0.061872966,-0.012622612849,-0.012622612849,0.000000000000768,0.503973697,0.532304768,0.495592504,0.466153184,1100
xor-slow,2,0.01,345,0.684802012,0.061867144,-0.012622612849,-0.012622612849,0.000000000000768,0.503973697,0.532304768,0.495592504,0.466153184,1100
xor-slow,2,0.01,346,0.684763739,0.061861487,-0.012622612849,-0.012622612849,0.000000000000768,0.503973697,0.532304768,0.495592504,0.466153184,1100
xor-slow,2,0.01,347,0.684725472,0.061855995,-0.012622612849,-0.012622612849,0.000000000000768,0.503973697,0.532304768,0.495592504,0.466153184,1100
xor-slow,2,0.01,348,0.684687212,0.061850668,-0.012622612849,-0.012622612849,0.000000000000768,0.503973697,0.532304768,0.495592504,0.466153184,1100
xor-slow,2,0.01,349,0.684648959,0.061845506,-0.012622612849,-0.012622612849,0.000000000000768,0.503973697,0.532304768,0.495592504,0.466153184,1100
xor-slow,2,0.01,350,0.684610712,0.061840508,-0.012622612849,-0.012622612849,0.000000000000768,0.503973697,0.532304768,0.495592504,0.466153184,1100
xor-slow,2,0.01,351,0.684572471,0.061835673,-0.012622612849,-0.012622612849,0.000000000000768,0.503973697,0.532304768,0.495592504,0.466153184,1100
xor-slow,2,0.01,352,0.684534236,0.061831003,-0.012622612849,-0.012622612849,0.000000000000768,0.503973697,0.532304768,0.495592504,0.466153184,1100
xor-slow,2,0.01,353,0.684496006,0.061826495,-0.012622612849,-0.012622612849,0.000000000000768,0.503973697,0.532304768,0.495592504,0.466153184,1100
xor-slow,2,0.01,354,0.684457782,0.061822151,-0.012622612849,-0.012622612849,0.000000000000768,0.503973697,0.532304768,0.495592504,0.466153184,1100
xor-slow,2,0.01,355,0.684419564,0.061817969,-0.012622612849,-0.012622612849,0.000000000000768,0.503973697,0.532304768,0.495592504,0.466153184,1100
xor-slow,2,0.01,356,0.684381351,0.061813950,-0.012622612849,-0.012622612849,0.000000000000768,0.503973697,0.532304768,0.495592504,0.466153184,1100
xor-slow,2,0.01,357,0.684343142,0.061810094,-0.012622612849,-0.012622612849,0.000000000000768,0.503973697,0.532304768,0.495592504,0.466153184,1100
xor-slow,2,0.01,358,0.684304938,0.061806399,-0.012622612849,-0.012622612849,0.000000000000768,0.503973697,0.532304768,0.495592504,0.466153184,1100
xor-slow,2,0.01,359,0.684266739,0.061802866,-0.012622612849,-0.012622612849,0.000000000000768,0.503973697,0.532304768,0.495592504,0.466153184,1100
xor-slow,2,0.01,360,0.684228544,0.061799494,-0.012622612849,-0.012622612849,0.000000000000768,0.503973697,0.532304768,0.495592504,0.466153184,1100
xor-slow,2,0.01,361,0.684190354,0.061796283,-0.012622612849,-0.012622612849,0.000000000000768,0.503973697,0.532304768,0.495592504,0.466153184,1100
xor-slow,2,0.01,362,0.684152167,0.061793233,-0.012622612849,-0.012622612849,0.000000000000768,0.503973697,0.532304768,0.495592504,0.466153184,1100
xor-slow,2,0.01,363,0.684113984,0.061790344,-0.012622612849,-0.012622612849,0.000000000000768,0.503973697,0.532304768,0.495592504,0.466153184,1100
xor-slow,2,0.01,364,0.684075804,0.061787615,-0.012622612849,-0.012622612849,0.000000000000768,0.503973697,0.532304768,0.495592504,0.466153184,1100
xor-slow,2,0.01,365,0.684037628,0.061785046,-0.012622612849,-0.012622612849,0.000000000000768,0.503973697,0.532304768,0.495592504,0.466153184,1100
xor-slow,2,0.01,366,0.683999454,0.061782637,-0.012622612849,-0.012622612849,0.000000000000768,0.503973697,0.532304768,0.495592504,0.466153184,1100
xor-slow,2,0.01,367,0.683961284,0.061780388,-0.012622612849,-0.012622612849,0.000000000000768,0.503973697,0.532304768,0.495592504,0.466153184,1100
xor-slow,2,0.01,368,0.683923117,0.061778297,-0.012622612849,-0.012622612849,0.000000000000768,0.503973697,0.532304768,0.495592504,0.466153184,1100
xor-slow,2,0.01,369,0.683884952,0.061776366,-0.012622612849,-0.012622612849,0.000000000000768,0.503973697,0.532304768,0.495592504,0.466153184,1100
xor-slow,2,0.01,370,0.683846789,0.061774593,-0.012622612849,-0.012622612849,0.000000000000768,0.503973697,0.532304768,0.495592504,0.466153184,1100
xor-slow,2,0.01,371,0.683808629,0.061772978,-0.012622612849,-0.012622612849,0.000000000000768,0.503973697,0.532304768,0.495592504,0.466153184,1100
xor-slow,2,0.01,372,0.683770470,0.061771522,-0.012622612849,-0.012622612849,0.000000000000768,0.503973697,0.532304768,0.495592504,0.466153184,1100
xor-slow,2,0.01,373,0.683732313,0.061770223,-0.012622612849,-0.012622612849,0.000000000000768,0.503973697,0.532304768,0.495592504,0.466153184,1100
xor-slow,2,0.01,374,0.683694158,0.061769082,-0.012622612849,-0.012622612849,0.000000000000768,0.503973697,0.532304768,0.495592504,0.466153184,1100
xor-slow,2,0.01,375,0.683656004,0.061768099,-0.012622612849,-0.012622612849,0.000000000000768,0.503973697,0.532304768,0.495592504,0.466153184,1100
xor-slow,2,0.01,376,0.683617851,0.061767272,-0.012622612849,-0.012622612849,0.000000000000768,0.503973697,0.532304768,0.495592504,0.466153184,1100
xor-slow,2,0.01,377,0.683579700,0.061766602,-0.012622612849,-0.012622612849,0.000000000000768,0.503973697,0.532304768,0.495592504,0.466153184,1100
xor-slow,2,0.01,378,0.683541549,0.061766089,-0.012622612849,-0.012622612849,0.000000000000768,0.503973697,0.532304768,0.495592504,0.466153184,1100
xor-slow,2,0.01,379,0.683503398,0.061765731,-0.012622612849,-0.012622612849,0.000000000000768,0.503973697,0.532304768,0.495592504,0.466153184,1100
xor-slow,2,0.01,380,0.683465248,0.061765530,-0.012622612849,-0.012622612849,0.000000000000768,0.503973697,0.532304768,0.495592504,0.466153184,1100
xor-slow,2,0.01,381,0.683427099,0.061765484,-0.012622612849,-0.012622612849,0.000000000000768,0.503973697,0.532304768,0.495592504,0.466153184,1100
xor-slow,2,0.01,382,0.683388949,0.061765594,-0.012622612849,-0.012622612849,0.000000000000768,0.503973697,0.532304768,0.495592504,0.466153184,1100
xor-slow,2,0.01,383,0.683350799,0.061765859,-0.012622612849,-0.012622612849,0.000000000000768,0.503973697,0.532304768,0.495592504,0.466153184,1100
xor-slow,2,0.01,384,0.683312649,0.061766278,-0.012622612849,-0.012622612849,0.000000000000768,0.503973697,0.532304768,0.495592504,0.466153184,1100
xor-slow,2,0.01,385,0.683274498,0.061766852,-0.012622612849,-0.012622612849,0.000000000000768,0.503973697,0.532304768,0.495592504,0.466153184,1100
xor-slow,2,0.01,386,0.683236346,0.061767581,-0.012622612849,-0.012622612849,0.000000000000768,0.503973697,0.532304768,0.495592504,0.466153184,1100
xor-slow,2,0.01,387,0.683198193,0.061768463,-0.012622612849,-0.012622612849,0.000000000000768,0.503973697,0.532304768,0.495592504,0.466153184,1100
xor-slow,2,0.01,388,0.683160040,0.061769499,-0.012622612849,-0.012622612849,0.000000000000768,0.503973697,0.532304768,0.495592504,0.466153184,1100
xor-slow,2,0.01,389,0.683121885,0.061770689,-0.012622612849,-0.012622612849,0.000000000000768,0.503973697,0.532304768,0.495592504,0.466153184,1100
xor-slow,2,0.01,390,0.683083728,0.061772032,-0.012622612849,-0.012622612849,0.000000000000768,0.503973697,0.532304768,0.495592504,0.466153184,1100
xor-slow,2,0.01,391,0.683045570,0.061773528,-0.012622612849,-0.012622612849,0.000000000000768,0.503973697,0.532304768,0.495592504,0.466153184,1100
xor-slow,2,0.01,392,0.683007410,0.061775177,-0.012622612849,-0.012622612849,0.000000000000768,0.503973697,0.532304768,0.495592504,0.466153184,1100
xor-slow,2,0.01,393,0.682969247,0.061776978,-0.012622612849,-0.012622612849,0.000000000000768,0.503973697,0.532304768,0.495592504,0.466153184,1100
xor-slow,2,0.01,394,0.682931083,0.061778931,-0.012622612849,-0.012622612849,0.000000000000768,0.503973697,0.532304768,0.495592504,0.466153184,1100
xor-slow,2,0.01,395,0.682892916,0.061781036,-0.012622612849,-0.012622612849,0.000000000000768,0.503973697,0.532304768,0.495592504,0.466153184,1100
xor-slow,2,0.01,396,0.682854746,0.061783292,-0.012622612849,-0.012622612849,0.000000000000768,0.503973697,0.532304768,0.495592504,0.466153184,1100
xor-slow,2,0.01,397,0.682816574,0.061785700,-0.012622612849,-0.012622612849,0.000000000000768,0.503973697,0.532304768,0.495592504,0.466153184,1100
xor-slow,2,0.01,398,0.682778398,0.061788259,-0.012622612849,-0.012622612849,0.000000000000768,0.503973697,0.532304768,0.495592504,0.466153184,1100
xor-slow,2,0.01,399,0.682740219,0.061790969,-0.012622612849,-0.012622612849,0.000000000000768,0.503973697,0.532304768,0.495592504,0.466153184,1100
xor-slow,2,0.01,400,0.682702037,0.061793830,-0.012622612849,-0.012622612849,0.000000000000768,0.503973697,0.532304768,0.495592504,0.466153184,1100
xor-slow,2,0.01,401,0.682663852,0.061796840,-0.012622612849,-0.012622612849,0.000000000000768,0.503973697,0.532304768,0.495592504,0.466153184,1100
xor-slow,2,0.01,402,0.682625662,0.061800001,-0.012622612849,-0.012622612849,0.000000000000768,0.503973697,0.532304768,0.495592504,0.466153184,1100
xor-slow,2,0.01,403,0.682587469,0.061803311,-0.012622612849,-0.012622612849,0.000000000000768,0.503973697,0.532304768,0.495592504,0.466153184,1100
xor-slow,2,0.01,404,0.682549271,0.061806771,-0.012622612849,-0.012622612849,0.000000000000768,0.503973697,0.532304768,0.495592504,0.466153184,1100
xor-slow,2,0.01,405,0.682511069,0.061810380,-0.012622612849,-0.012622612849,0.000000000000768,0.503973697,0.532304768,0.495592504,0.466153184,1100
xor-slow,2,0.01,406,0.682472863,0.061814139,-0.012622612849,-0.012622612849,0.000000000000768,0.503973697,0.532304768,0.495592504,0.466153184,1100
xor-slow,2,0.01,407,0.682434652,0.061818045,-0.012622612849,-0.012622612849,0.000000000000768,0.503973697,0.532304768,0.495592504,0.466153184,1100
xor-slow,2,0.01,408,0.682396436,0.061822100,-0.012622612849,-0.012622612849,0.000000000000768,0.503973697,0.532304768,0.495592504,0.466153184,1100
xor-slow,2,0.01,409,0.682358215,0.061826304,-0.012622612849,-0.012622612849,0.000000000000768,0.503973697,0.532304768,0.495592504,0.466153184,1100
xor-slow,2,0.01,410,0.682319989,0.061830655,-0.012622612849,-0.012622612849,0.000000000000768,0.503973697,0.532304768,0.495592504,0.466153184,1100
xor-slow,2,0.01,411,0.682281757,0.061835154,-0.012622612849,-0.012622612849,0.000000000000768,0.503973697,0.532304768,0.495592504,0.466153184,1100
xor-slow,2,0.01,412,0.682243520,0.061839800,-0.012622612849,-0.012622612849,0.000000000000768,0.503973697,0.532304768,0.495592504,0.466153184,1100
xor-slow,2,0.01,413,0.682205277,0.061844593,-0.012622612849,-0.012622612849,0.000000000000768,0.503973697,0.532304768,0.495592504,0.466153184,1100
xor-slow,2,0.01,414,0.682167028,0.061849533,-0.012622612849,-0.012622612849,0.000000000000768,0.503973697,0.532304768,0.495592504,0.466153184,1100
xor-slow,2,0.01,415,0.682128772,0.061854620,-0.012622612849,-0.012622612849,0.000000000000768,0.503973697,0.532304768,0.495592504,0.466153184,1100
xor-slow,2,0.01,416,0.682090511,0.061859853,-0.012622612849,-0.012622612849,0.000000000000768,0.503973697,0.532304768,0.495592504,0.466153184,1100
xor-slow,2,0.01,417,0.682052243,0.061865232,-0.012622612849,-0.012622612849,0.000000000000768,0.503973697,0.532304768,0.495592504,0.466153184,1100
xor-slow,2,0.01,418,0.682013968,0.061870757,-0.012622612849,-0.012622612849,0.000000000000768,0.503973697,0.532304768,0.495592504,0.466153184,1100
xor-slow,2,0.01,419,0.681975686,0.061876427,-0.012622612849,-0.012622612849,0.000000000000768,0.503973697,0.532304768,0.495592504,0.466153184,1100
xor-slow,2,0.01,420,0.681937398,0.061882243,-0.012622612849,-0.012622612849,0.000000000000768,0.503973697,0.532304768,0.495592504,0.466153184,1100
xor-slow,2,0.01,421,0.681899102,0.061888203,-0.012622612849,-0.012622612849,0.000000000000768,0.503973697,0.532304768,0.495592504,0.466153184,1100
xor-slow,2,0.01,422,0.681860798,0.061894309,-0.012622612849,-0.012622612849,0.000000000000768,0.503973697,0.532304768,0.495592504,0.466153184,1100
xor-slow,2,0.01,423,0.681822487,0.061900559,-0.012622612849,-0.012622612849,0.000000000000768,0.503973697,0.532304768,0.495592504,0.466153184,1100
xor-slow,2,0.01,424,0.681784168,0.061906953,-0.012622612849,-0.012622612849,0.000000000000768,0.503973697,0.532304768,0.495592504,0.466153184,1100
xor-slow,2,0.01,425,0.681745842,0.061913491,-0.012622612849,-0.012622612849,0.000000000000768,0.503973697,0.532304768,0.495592504,0.466153184,1100
xor-slow,2,0.01,426,0.681707507,0.061920172,-0.012622612849,-0.012622612849,0.000000000000768,0.503973697,0.532304768,0.495592504,0.466153184,1100
xor-slow,2,0.01,427,0.681669164,0.061926997,-0.012622612849,-0.012622612849,0.000000000000768,0.503973697,0.532304768,0.495592504,0.466153184,1100
xor-slow,2,0.01,428,0.681630812,0.061933966,-0.012622612849,-0.012622612849,0.000000000000768,0.503973697,0.532304768,0.495592504,0.466153184,1100
xor-slow,2,0.01,429,0.681592452,0.061941077,-0.012622612849,-0.012622612849,0.000000000000768,0.503973697,0.532304768,0.495592504,0.466153184,1100
xor-slow,2,0.01,430,0.681554082,0.061948331,-0.012622612849,-0.012622612849,0.000000000000768,0.503973697,0.532304768,0.495592504,0.466153184,1100
xor-slow,2,0.01,431,0.681515704,0.061955727,-0.012622612849,-0.012622612849,0.000000000000768,0.503973697,0.532304768,0.495592504,0.466153184,1100
xor-slow,2,0.01,432,0.681477317,0.061963265,-0.012622612849,-0.012622612849,0.000000000000768,0.503973697,0.532304768,0.495592504,0.466153184,1100
xor-slow,2,0.01,433,0.681438920,0.061970946,-0.012622612849,-0.012622612849,0.000000000000768,0.503973697,0.532304768,0.495592504,0.466153184,1100
xor-slow,2,0.01,434,0.681400514,0.061978768,-0.012622612849,-0.012622612849,0.000000000000768,0.503973697,0.532304768,0.495592504,0.466153184,1100
xor-slow,2,0.01,435,0.681362097,0.061986731,-0.012622612849,-0.012622612849,0.000000000000768,0.503973697,0.532304768,0.495592504,0.466153184,1100
xor-slow,2,0.01,436,0.681323671,0.061994835,-0.012622612849,-0.012622612849,0.000000000000768,0.503973697,0.532304768,0.495592504,0.466153184,1100
xor-slow,2,0.01,437,0.681285235,0.062003080,-0.012622612849,-0.012622612849,0.000000000000768,0.503973697,0.532304768,0.495592504,0.466153184,1100
xor-slow,2,0.01,438,0.681246789,0.062011466,-0.012622612849,-0.012622612849,0.000000000000768,0.503973697,0.532304768,0.495592504,0.466153184,1100
xor-slow,2,0.01,439,0.681208332,0.062019992,-0.012622612849,-0.012622612849,0.000000000000768,0.503973697,0.532304768,0.495592504,0.466153184,1100
xor-slow,2,0.01,440,0.681169865,0.062028659,-0.012622612849,-0.012622612849,0.000000000000768,0.503973697,0.532304768,0.495592504,0.466153184,1100
xor-slow,2,0.01,441,0.681131386,0.062037465,-0.012622612849,-0.012622612849,0.000000000000768,0.503973697,0.532304768,0.495592504,0.466153184,1100
xor-slow,2,0.01,442,0.681092897,0.062046410,-0.012622612849,-0.012622612849,0.000000000000768,0.503973697,0.532304768,0.495592504,0.466153184,1100
xor-slow,2,0.01,443,0.681054397,0.062055495,-0.012622612849,-0.012622612849,0.000000000000768,0.503973697,0.532304768,0.495592504,0.466153184,1100
xor-slow,2,0.01,444,0.681015885,0.062064719,-0.012622612849,-0.012622612849,0.000000000000768,0.503973697,0.532304768,0.495592504,0.466153184,1100
xor-slow,2,0.01,445,0.680977362,0.062074082,-0.012622612849,-0.012622612849,0.000000000000768,0.503973697,0.532304768,0.495592504,0.466153184,1100
xor-slow,2,0.01,446,0.680938827,0.062083583,-0.012622612849,-0.012622612849,0.000000000000768,0.503973697,0.532304768,0.495592504,0.466153184,1100
xor-slow,2,0.01,447,0.680900280,0.062093223,-0.012622612849,-0.012622612849,0.000000000000768,0.503973697,0.532304768,0.495592504,0.466153184,1100
xor-slow,2,0.01,448,0.680861722,0.062103001,-0.012622612849,-0.012622612849,0.000000000000768,0.503973697,0.532304768,0.495592504,0.466153184,1100
xor-slow,2,0.01,449,0.680823151,0.062112916,-0.012622612849,-0.012622612849,0.000000000000768,0.503973697,0.532304768,0.495592504,0.466153184,1100
xor-slow,2,0.01,450,0.680784567,0.062122969,-0.012622612849,-0.012622612849,0.000000000000768,0.503973697,0.532304768,0.495592504,0.466153184,1100
xor-slow,2,0.01,451,0.680745972,0.062133159,-0.012622612849,-0.012622612849,0.000000000000768,0.503973697,0.532304768,0.495592504,0.466153184,1100
xor-slow,2,0.01,452,0.680707363,0.062143486,-0.012622612849,-0.012622612849,0.000000000000768,0.503973697,0.532304768,0.495592504,0.466153184,1100
xor-slow,2,0.01,453,0.680668742,0.062153950,-0.012622612849,-0.012622612849,0.000000000000768,0.503973697,0.532304768,0.495592504,0.466153184,1100
xor-slow,2,0.01,454,0.680630107,0.062164551,-0.012622612849,-0.012622612849,0.000000000000768,0.503973697,0.532304768,0.495592504,0.466153184,1100
xor-slow,2,0.01,455,0.680591460,0.062175288,-0.012622612849,-0.012622612849,0.000000000000768,0.503973697,0.532304768,0.495592504,0.466153184,1100
xor-slow,2,0.01,456,0.680552799,0.062186160,-0.012622612849,-0.012622612849,0.000000000000768,0.503973697,0.532304768,0.495592504,0.466153184,1100
xor-slow,2,0.01,457,0.680514124,0.062197169,-0.012622612849,-0.012622612849,0.000000000000768,0.503973697,0.532304768,0.495592504,0.466153184,1100
xor-slow,2,0.01,458,0.680475436,0.062208313,-0.012622612849,-0.012622612849,0.000000000000768,0.503973697,0.532304768,0.495592504,0.466153184,1100
xor-slow,2,0.01,459,0.680436733,0.062219592,-0.012622612849,-0.012622612849,0.000000000000768,0.503973697,0.532304768,0.495592504,0.466153184,1100
xor-slow,2,0.01,460,0.680398017,0.062231006,-0.012622612849,-0.012622612849,0.000000000000768,0.503973697,0.532304768,0.495592504,0.466153184,1100
xor-slow,2,0.01,461,0.680359287,0.062242555,-0.012622612849,-0.012622612849,0.000000000000768,0.503973697,0.532304768,0.495592504,0.466153184,1100
xor-slow,2,0.01,462,0.680320542,0.062254239,-0.012622612849,-0.012622612849,0.000000000000768,0.503973697,0.532304768,0.495592504,0.466153184,1100
xor-slow,2,0.01,463,0.680281782,0.062266057,-0.012622612849,-0.012622612849,0.000000000000768,0.503973697,0.532304768,0.495592504,0.466153184,1100
xor-slow,2,0.01,464,0.680243008,0.062278008,-0.012622612849,-0.012622612849,0.000000000000768,0.503973697,0.532304768,0.495592504,0.466153184,1100
xor-slow,2,0.01,465,0.680204218,0.062290094,-0.012622612849,-0.012622612849,0.000000000000768,0.503973697,0.532304768,0.495592504,0.466153184,1100
xor-slow,2,0.01,466,0.680165414,0.062302313,-0.012622612849,-0.012622612849,0.000000000000768,0.503973697,0.532304768,0.495592504,0.466153184,1100
xor-slow,2,0.01,467,0.680126594,0.062314665,-0.012622612849,-0.012622612849,0.000000000000768,0.503973697,0.532304768,0.495592504,0.466153184,1100
xor-slow,2,0.01,468,0.680087759,0.062327150,-0.012622612849,-0.012622612849,0.000000000000768,0.503973697,0.532304768,0.495592504,0.466153184,1100
xor-slow,2,0.01,469,0.680048909,0.062339768,-0.012622612849,-0.012622612849,0.000000000000768,0.503973697,0.532304768,0.495592504,0.466153184,1100
xor-slow,2,0.01,470,0.680010042,0.062352519,-0.012622612849,-0.012622612849,0.000000000000768,0.503973697,0.532304768,0.495592504,0.466153184,1100
xor-slow,2,0.01,471,0.679971160,0.062365401,-0.012622612849,-0.012622612849,0.000000000000768,0.503973697,0.532304768,0.495592504,0.466153184,1100
xor-slow,2,0.01,472,0.679932261,0.062378416,-0.012622612849,-0.012622612849,0.000000000000768,0.503973697,0.532304768,0.495592504,0.466153184,1100
xor-slow,2,0.01,473,0.679893347,0.062391562,-0.012622612849,-0.012622612849,0.000000000000768,0.503973697,0.532304768,0.495592504,0.466153184,1100
xor-slow,2,0.01,474,0.679854415,0.062404840,-0.012622612849,-0.012622612849,0.000000000000768,0.503973697,0.532304768,0.495592504,0.466153184,1100
xor-slow,2,0.01,475,0.679815468,0.062418250,-0.012622612849,-0.012622612849,0.000000000000768,0.503973697,0.532304768,0.495592504,0.466153184,1100
xor-slow,2,0.01,476,0.679776503,0.062431790,-0.012622612849,-0.012622612849,0.000000000000768,0.503973697,0.532304768,0.495592504,0.466153184,1100
xor-slow,2,0.01,477,0.679737522,0.062445461,-0.012622612849,-0.012622612849,0.000000000000768,0.503973697,0.532304768,0.495592504,0.466153184,1100
xor-slow,2,0.01,478,0.679698523,0.062459262,-0.012622612849,-0.012622612849,0.000000000000768,0.503973697,0.532304768,0.495592504,0.466153184,1100
xor-slow,2,0.01,479,0.679659507,0.062473194,-0.012622612849,-0.012622612849,0.000000000000768,0.503973697,0.532304768,0.495592504,0.466153184,1100
xor-slow,2,0.01,480,0.679620474,0.062487256,-0.012622612849,-0.012622612849,0.000000000000768,0.503973697,0.532304768,0.495592504,0.466153184,1100
xor-slow,2,0.01,481,0.679581423,0.062501447,-0.012622612849,-0.012622612849,0.000000000000768,0.503973697,0.532304768,0.495592504,0.466153184,1100
xor-slow,2,0.01,482,0.679542354,0.062515768,-0.012622612849,-0.012622612849,0.000000000000768,0.503973697,0.532304768,0.495592504,0.466153184,1100
xor-slow,2,0.01,483,0.679503267,0.062530219,-0.012622612849,-0.012622612849,0.000000000000768,0.503973697,0.532304768,0.495592504,0.466153184,1100
xor-slow,2,0.01,484,0.679464162,0.062544798,-0.012622612849,-0.012622612849,0.000000000000768,0.503973697,0.532304768,0.495592504,0.466153184,1100
xor-slow,2,0.01,485,0.679425039,0.062559506,-0.012622612849,-0.012622612849,0.000000000000768,0.503973697,0.532304768,0.495592504,0.466153184,1100
xor-slow,2,0.01,486,0.679385898,0.062574343,-0.012622612849,-0.012622612849,0.000000000000768,0.503973697,0.532304768,0.495592504,0.466153184,1100
xor-slow,2,0.01,487,0.679346737,0.062589308,-0.012622612849,-0.012622612849,0.000000000000768,0.503973697,0.532304768,0.495592504,0.466153184,1100
xor-slow,2,0.01,488,0.679307559,0.062604401,-0.012622612849,-0.012622612849,0.000000000000768,0.503973697,0.532304768,0.495592504,0.466153184,1100
xor-slow,2,0.01,489,0.679268361,0.062619622,-0.012622612849,-0.012622612849,0.000000000000768,0.503973697,0.532304768,0.495592504,0.466153184,1100
xor-slow,2,0.01,490,0.679229144,0.062634970,-0.012622612849,-0.012622612849,0.000000000000768,0.503973697,0.532304768,0.495592504,0.466153184,1100
xor-slow,2,0.01,491,0.679189907,0.062650446,-0.012622612849,-0.012622612849,0.000000000000768,0.503973697,0.532304768,0.495592504,0.466153184,1100
xor-slow,2,0.01,492,0.679150652,0.062666049,-0.012622612849,-0.012622612849,0.000000000000768,0.503973697,0.532304768,0.495592504,0.466153184,1100
xor-slow,2,0.01,493,0.679111377,0.062681779,-0.012622612849,-0.012622612849,0.000000000000768,0.503973697,0.532304768,0.495592504,0.466153184,1100
xor-slow,2,0.01,494,0.679072082,0.062697635,-0.012622612849,-0.012622612849,0.000000000000768,0.503973697,0.532304768,0.495592504,0.466153184,1100
xor-slow,2,0.01,495,0.679032767,0.062713618,-0.012622612849,-0.012622612849,0.000000000000768,0.503973697,0.532304768,0.495592504,0.466153184,1100
xor-slow,2,0.01,496,0.678993432,0.062729726,-0.012622612849,-0.012622612849,0.000000000000768,0.503973697,0.532304768,0.495592504,0.466153184,1100
xor-slow,2,0.01,497,0.678954076,0.062745961,-0.012622612849,-0.012622612849,0.000000000000768,0.503973697,0.532304768,0.495592504,0.466153184,1100
xor-slow,2,0.01,498,0.678914701,0.062762321,-0.012622612849,-0.012622612849,0.000000000000768,0.503973697,0.532304768,0.495592504,0.466153184,1100
xor-slow,2,0.01,499,0.678875304,0.062778807,-0.012622612849,-0.012622612849,0.000000000000768,0.503973697,0.532304768,0.495592504,0.466153184,1100
xor-slow,2,0.01,500,0.678835887,0.062795418,-0.012622612849,-0.012622612849,0.000000000000768,0.503973697,0.532304768,0.495592504,0.466153184,1100
xor-slow,2,0.01,501,0.678796449,0.062812153,-0.012622612849,-0.012622612849,0.000000000000768,0.503973697,0.532304768,0.495592504,0.466153184,1100
xor-slow,2,0.01,502,0.678756991,0.062829014,-0.012622612849,-0.012622612849,0.000000000000768,0.503973697,0.532304768,0.495592504,0.466153184,1100
xor-slow,2,0.01,503,0.678717510,0.062845999,-0.012622612849,-0.012622612849,0.000000000000768,0.503973697,0.532304768,0.495592504,0.466153184,1100
xor-slow,2,0.01,504,0.678678009,0.062863108,-0.012622612849,-0.012622612849,0.000000000000768,0.503973697,0.532304768,0.495592504,0.466153184,1100
xor-slow,2,0.01,505,0.678638486,0.062880341,-0.012622612849,-0.012622612849,0.000000000000768,0.503973697,0.532304768,0.495592504,0.466153184,1100
xor-slow,2,0.01,506,0.678598941,0.062897697,-0.012622612849,-0.012622612849,0.000000000000768,0.503973697,0.532304768,0.495592504,0.466153184,1100
xor-slow,2,0.01,507,0.678559374,0.062915177,-0.012622612849,-0.012622612849,0.000000000000768,0.503973697,0.532304768,0.495592504,0.466153184,1100
xor-slow,2,0.01,508,0.678519785,0.062932781,-0.012622612849,-0.012622612849,0.000000000000768,0.503973697,0.532304768,0.495592504,0.466153184,1100
xor-slow,2,0.01,509,0.678480175,0.062950507,-0.012622612849,-0.012622612849,0.000000000000768,0.503973697,0.532304768,0.495592504,0.466153184,1100
xor-slow,2,0.01,510,0.678440541,0.062968356,-0.012622612849,-0.012622612849,0.000000000000768,0.503973697,0.532304768,0.495592504,0.466153184,1100
xor-slow,2,0.01,511,0.678400885,0.062986328,-0.012622612849,-0.012622612849,0.000000000000768,0.503973697,0.532304768,0.495592504,0.466153184,1100
xor-slow,2,0.01,512,0.678361207,0.063004422,-0.012622612849,-0.012622612849,0.000000000000768,0.503973697,0.532304768,0.495592504,0.466153184,1100
xor-slow,2,0.01,513,0.678321506,0.063022638,-0.012622612849,-0.012622612849,0.000000000000768,0.503973697,0.532304768,0.495592504,0.466153184,1100
xor-slow,2,0.01,514,0.678281781,0.063040975,-0.012622612849,-0.012622612849,0.000000000000768,0.503973697,0.532304768,0.495592504,0.466153184,1100
xor-slow,2,0.01,515,0.678242034,0.063059435,-0.012622612849,-0.012622612849,0.000000000000768,0.503973697,0.532304768,0.495592504,0.466153184,1100
xor-slow,2,0.01,516,0.678202263,0.063078015,-0.012622612849,-0.012622612849,0.000000000000768,0.503973697,0.532304768,0.495592504,0.466153184,1100
xor-slow,2,0.01,517,0.678162469,0.063096717,-0.012622612849,-0.012622612849,0.000000000000768,0.503973697,0.532304768,0.495592504,0.466153184,1100
xor-slow,2,0.01,518,0.678122651,0.063115540,-0.012622612849,-0.012622612849,0.000000000000768,0.503973697,0.532304768,0.495592504,0.466153184,1100
xor-slow,2,0.01,519,0.678082809,0.063134483,-0.012622612849,-0.012622612849,0.000000000000768,0.503973697,0.532304768,0.495592504,0.466153184,1100
xor-slow,2,0.01,520,0.678042944,0.063153547,-0.012622612849,-0.012622612849,0.000000000000768,0.503973697,0.532304768,0.495592504,0.466153184,1100
xor-slow,2,0.01,521,0.678003054,0.063172730,-0.012622612849,-0.012622612849,0.000000000000768,0.503973697,0.532304768,0.495592504,0.466153184,1100
xor-slow,2,0.01,522,0.677963140,0.063192034,-0.012622612849,-0.012622612849,0.000000000000768,0.503973697,0.532304768,0.495592504,0.466153184,1100
xor-slow,2,0.01,523,0.677923201,0.063211457,-0.012622612849,-0.012622612849,0.000000000000768,0.503973697,0.532304768,0.495592504,0.466153184,1100
xor-slow,2,0.01,524,0.677883238,0.063231000,-0.012622612849,-0.012622612849,0.000000000000768,0.503973697,0.532304768,0.495592504,0.466153184,1100
xor-slow,2,0.01,525,0.677843251,0.063250662,-0.012622612849,-0.012622612849,0.000000000000768,0.503973697,0.532304768,0.495592504,0.466153184,1100
xor-slow,2,0.01,526,0.677803238,0.063270443,-0.012622612849,-0.012622612849,0.000000000000768,0.503973697,0.532304768,0.495592504,0.466153184,1100
xor-slow,2,0.01,527,0.677763200,0.063290343,-0.012622612849,-0.012622612849,0.000000000000768,0.503973697,0.532304768,0.495592504,0.466153184,1100
xor-slow,2,0.01,528,0.677723137,0.063310361,-0.012622612849,-0.012622612849,0.000000000000768,0.503973697,0.532304768,0.495592504,0.466153184,1100
xor-slow,2,0.01,529,0.677683049,0.063330498,-0.012622612849,-0.012622612849,0.000000000000768,0.503973697,0.532304768,0.495592504,0.466153184,1100
xor-slow,2,0.01,530,0.677642935,0.063350753,-0.012622612849,-0.012622612849,0.000000000000768,0.503973697,0.532304768,0.495592504,0.466153184,1100
xor-slow,2,0.01,531,0.677602795,0.063371125,-0.012622612849,-0.012622612849,0.000000000000768,0.503973697,0.532304768,0.495592504,0.466153184,1100
xor-slow,2,0.01,532,0.677562630,0.063391615,-0.012622612849,-0.012622612849,0.000000000000768,0.503973697,0.532304768,0.495592504,0.466153184,1100
xor-slow,2,0.01,533,0.677522438,0.063412222,-0.012622612849,-0.012622612849,0.000000000000768,0.503973697,0.532304768,0.495592504,0.466153184,1100
xor-slow,2,0.01,534,0.677482221,0.063432947,-0.012622612849,-0.012622612849,0.000000000000768,0.503973697,0.532304768,0.495592504,0.466153184,1100
xor-slow,2,0.01,535,0.677441977,0.063453788,-0.012622612849,-0.012622612849,0.000000000000768,0.503973697,0.532304768,0.495592504,0.466153184,1100
xor-slow,2,0.01,536,0.677401706,0.063474746,-0.012622612849,-0.012622612849,0.000000000000768,0.503973697,0.532304768,0.495592504,0.466153184,1100
xor-slow,2,0.01,537,0.677361409,0.063495821,-0.012622612849,-0.012622612849,0.000000000000768,0.503973697,0.532304768,0.495592504,0.466153184,1100
xor-slow,2,0.01,538,0.677321085,0.063517012,-0.012622612849,-0.012622612849,0.000000000000768,0.503973697,0.532304768,0.495592504,0.466153184,1100
xor-slow,2,0.01,539,0.677280734,0.063538318,-0.012622612849,-0.012622612849,0.000000000000768,0.503973697,0.532304768,0.495592504,0.466153184,1100
xor-slow,2,0.01,540,0.677240356,0.063559741,-0.012622612849,-0.012622612849,0.000000000000768,0.503973697,0.532304768,0.495592504,0.466153184,1100
xor-slow,2,0.01,541,0.677199951,0.063581279,-0.012622612849,-0.012622612849,0.000000000000768,0.503973697,0.532304768,0.495592504,0.466153184,1100
xor-slow,2,0.01,542,0.677159518,0.063602932,-0.012622612849,-0.012622612849,0.000000000000768,0.503973697,0.532304768,0.495592504,0.466153184,1100
xor-slow,2,0.01,543,0.677119058,0.063624700,-0.012622612849,-0.012622612849,0.000000000000768,0.503973697,0.532304768,0.495592504,0.466153184,1100
xor-slow,2,0.01,544,0.677078570,0.063646583,-0.012622612849,-0.012622612849,0.000000000000768,0.503973697,0.532304768,0.495592504,0.466153184,1100
xor-slow,2,0.01,545,0.677038054,0.063668581,-0.012622612849,-0.012622612849,0.000000000000768,0.503973697,0.532304768,0.495592504,0.466153184,1100
xor-slow,2,0.01,546,0.676997510,0.063690693,-0.012622612849,-0.012622612849,0.000000000000768,0.503973697,0.532304768,0.495592504,0.466153184,1100
xor-slow,2,0.01,547,0.676956938,0.063712919,-0.012622612849,-0.012622612849,0.000000000000768,0.503973697,0.532304768,0.495592504,0.466153184,1100
xor-slow,2,0.01,548,0.676916338,0.063735259,-0.012622612849,-0.012622612849,0.000000000000768,0.503973697,0.532304768,0.495592504,0.466153184,1100
xor-slow,2,0.01,549,0.676875709,0.063757713,-0.012622612849,-0.012622612849,0.000000000000768,0.503973697,0.532304768,0.495592504,0.466153184,1100
xor-slow,2,0.01,550,0.676835051,0.063780280,-0.012622612849,-0.012622612849,0.000000000000768,0.503973697,0.532304768,0.495592504,0.466153184,1100
xor-slow,2,0.01,551,0.676794365,0.063802961,-0.012622612849,-0.012622612849,0.000000000000768,0.503973697,0.532304768,0.495592504,0.466153184,1100
xor-slow,2,0.01,552,0.676753649,0.063825754,-0.012622612849,-0.012622612849,0.000000000000768,0.503973697,0.532304768,0.495592504,0.466153184,1100
xor-slow,2,0.01,553,0.676712905,0.063848661,-0.012622612849,-0.012622612849,0.000000000000768,0.503973697,0.532304768,0.495592504,0.466153184,1100
xor-slow,2,0.01,554,0.676672131,0.063871679,-0.012622612849,-0.012622612849,0.000000000000768,0.503973697,0.532304768,0.495592504,0.466153184,1100
xor-slow,2,0.01,555,0.676631327,0.063894811,-0.012622612849,-0.012622612849,0.000000000000768,0.503973697,0.532304768,0.495592504,0.466153184,1100
xor-slow,2,0.01,556,0.676590495,0.063918054,-0.012622612849,-0.012622612849,0.000000000000768,0.503973697,0.532304768,0.495592504,0.466153184,1100
xor-slow,2,0.01,557,0.676549632,0.063941409,-0.012622612849,-0.012622612849,0.000000000000768,0.503973697,0.532304768,0.495592504,0.466153184,1100
xor-slow,2,0.01,558,0.676508739,0.063964876,-0.012622612849,-0.012622612849,0.000000000000768,0.503973697,0.532304768,0.495592504,0.466153184,1100
xor-slow,2,0.01,559,0.676467817,0.063988454,-0.012622612849,-0.012622612849,0.000000000000768,0.503973697,0.532304768,0.495592504,0.466153184,1100
xor-slow,2,0.01,560,0.676426864,0.064012144,-0.012622612849,-0.012622612849,0.000000000000768,0.503973697,0.532304768,0.495592504,0.466153184,1100
xor-slow,2,0.01,561,0.676385881,0.064035944,-0.012622612849,-0.012622612849,0.000000000000768,0.503973697,0.532304768,0.495592504,0.466153184,1100
xor-slow,2,0.01,562,0.676344867,0.064059855,-0.012622612849,-0.012622612849,0.000000000000768,0.503973697,0.532304768,0.495592504,0.466153184,1100
xor-slow,2,0.01,563,0.676303823,0.064083877,-0.012622612849,-0.012622612849,0.000000000000768,0.503973697,0.532304768,0.495592504,0.466153184,1100
xor-slow,2,0.01,564,0.676262748,0.064108009,-0.012622612849,-0.012622612849,0.000000000000768,0.503973697,0.532304768,0.495592504,0.466153184,1100
xor-slow,2,0.01,565,0.676221642,0.064132252,-0.012622612849,-0.012622612849,0.000000000000768,0.503973697,0.532304768,0.495592504,0.466153184,1100
xor-slow,2,0.01,566,0.676180504,0.064156604,-0.012622612849,-0.012622612849,0.000000000000768,0.503973697,0.532304768,0.495592504,0.466153184,1100
xor-slow,2,0.01,567,0.676139336,0.064181065,-0.012622612849,-0.012622612849,0.000000000000768,0.503973697,0.532304768,0.495592504,0.466153184,1100
xor-slow,2,0.01,568,0.676098136,0.064205637,-0.012622612849,-0.012622612849,0.000000000000768,0.503973697,0.532304768,0.495592504,0.466153184,1100
xor-slow,2,0.01,569,0.676056904,0.064230317,-0.012622612849,-0.012622612849,0.000000000000768,0.503973697,0.532304768,0.495592504,0.466153184,1100
xor-slow,2,0.01,570,0.676015641,0.064255106,-0.012622612849,-0.012622612849,0.000000000000768,0.503973697,0.532304768,0.495592504,0.466153184,1100
xor-slow,2,0.01,571,0.675974346,0.064280004,-0.012622612849,-0.012622612849,0.000000000000768,0.503973697,0.532304768,0.495592504,0.466153184,1100
xor-slow,2,0.01,572,0.675933019,0.064305011,-0.012622612849,-0.012622612849,0.000000000000768,0.503973697,0.532304768,0.495592504,0.466153184,1100
xor-slow,2,0.01,573,0.675891659,0.064330126,-0.012622612849,-0.012622612849,0.000000000000768,0.503973697,0.532304768,0.495592504,0.466153184,1100
xor-slow,2,0.01,574,0.675850267,0.064355349,-0.012622612849,-0.012622612849,0.000000000000768,0.503973697,0.532304768,0.495592504,0.466153184,1100
xor-slow,2,0.01,575,0.675808843,0.064380680,-0.012622612849,-0.012622612849,0.000000000000768,0.503973697,0.532304768,0.495592504,0.466153184,1100
xor-slow,2,0.01,576,0.675767386,0.064406119,-0.012622612849,-0.012622612849,0.000000000000768,0.503973697,0.532304768,0.495592504,0.466153184,1100
xor-slow,2,0.01,577,0.675725897,0.064431665,-0.012622612849,-0.012622612849,0.000000000000768,0.503973697,0.532304768,0.495592504,0.466153184,1100
xor-slow,2,0.01,578,0.675684374,0.064457319,-0.012622612849,-0.012622612849,0.000000000000768,0.503973697,0.532304768,0.495592504,0.466153184,1100
xor-slow,2,0.01,579,0.675642818,0.064483079,-0.012622612849,-0.012622612849,0.000000000000768,0.503973697,0.532304768,0.495592504,0.466153184,1100
xor-slow,2,0.01,580,0.675601229,0.064508946,-0.012622612849,-0.012622612849,0.000000000000768,0.503973697,0.532304768,0.495592504,0.466153184,1100
xor-slow,2,0.01,581,0.675559607,0.064534920,-0.012622612849,-0.012622612849,0.000000000000768,0.503973697,0.532304768,0.495592504,0.466153184,1100
xor-slow,2,0.01,582,0.675517951,0.064561000,-0.012622612849,-0.012622612849,0.000000000000768,0.503973697,0.532304768,0.495592504,0.466153184,1100
xor-slow,2,0.01,583,0.675476261,0.064587187,-0.012622612849,-0.012622612849,0.000000000000768,0.503973697,0.532304768,0.495592504,0.466153184,1100
xor-slow,2,0.01,584,0.675434538,0.064613479,-0.012622612849,-0.012622612849,0.000000000000768,0.503973697,0.532304768,0.495592504,0.466153184,1100
xor-slow,2,0.01,585,0.675392780,0.064639877,-0.012622612849,-0.012622612849,0.000000000000768,0.503973697,0.532304768,0.495592504,0.466153184,1100
xor-slow,2,0.01,586,0.675350988,0.064666380,-0.012622612849,-0.012622612849,0.000000000000768,0.503973697,0.532304768,0.495592504,0.466153184,1100
xor-slow,2,0.01,587,0.675309162,0.064692989,-0.012622612849,-0.012622612849,0.000000000000768,0.503973697,0.532304768,0.495592504,0.466153184,1100
xor-slow,2,0.01,588,0.675267302,0.064719703,-0.012622612849,-0.012622612849,0.000000000000768,0.503973697,0.532304768,0.495592504,0.466153184,1100
xor-slow,2,0.01,589,0.675225407,0.064746521,-0.012622612849,-0.012622612849,0.000000000000768,0.503973697,0.532304768,0.495592504,0.466153184,1100
xor-slow,2,0.01,590,0.675183477,0.064773445,-0.012622612849,-0.012622612849,0.000000000000768,0.503973697,0.532304768,0.495592504,0.466153184,1100
xor-slow,2,0.01,591,0.675141512,0.064800472,-0.012622612849,-0.012622612849,0.000000000000768,0.503973697,0.532304768,0.495592504,0.466153184,1100
xor-slow,2,0.01,592,0.675099512,0.064827604,-0.012622612849,-0.012622612849,0.000000000000768,0.503973697,0.532304768,0.495592504,0.466153184,1100
xor-slow,2,0.01,593,0.675057477,0.064854840,-0.012622612849,-0.012622612849,0.000000000000768,0.503973697,0.532304768,0.495592504,0.466153184,1100
xor-slow,2,0.01,594,0.675015407,0.064882180,-0.012622612849,-0.012622612849,0.000000000000768,0.503973697,0.532304768,0.495592504,0.466153184,1100
xor-slow,2,0.01,595,0.674973301,0.064909623,-0.012622612849,-0.012622612849,0.000000000000768,0.503973697,0.532304768,0.495592504,0.466153184,1100
xor-slow,2,0.01,596,0.674931160,0.064937170,-0.012622612849,-0.012622612849,0.000000000000768,0.503973697,0.532304768,0.495592504,0.466153184,1100
xor-slow,2,0.01,597,0.674888982,0.064964820,-0.012622612849,-0.012622612849,0.000000000000768,0.503973697,0.532304768,0.495592504,0.466153184,1100
xor-slow,2,0.01,598,0.674846769,0.064992573,-0.012622612849,-0.012622612849,0.000000000000768,0.503973697,0.532304768,0.495592504,0.466153184,1100
xor-slow,2,0.01,599,0.674804520,0.065020428,-0.012622612849,-0.012622612849,0.000000000000768,0.503973697,0.532304768,0.495592504,0.466153184,1100
xor-slow,2,0.01,600,0.674762234,0.065048386,-0.012622612849,-0.012622612849,0.000000000000768,0.503973697,0.532304768,0.495592504,0.466153184,1100
xor-slow,2,0.01,601,0.674719912,0.065076446,-0.012622612849,-0.012622612849,0.000000000000768,0.503973697,0.532304768,0.495592504,0.466153184,1100
xor-slow,2,0.01,602,0.674677553,0.065104609,-0.012622612849,-0.012622612849,0.000000000000768,0.503973697,0.532304768,0.495592504,0.466153184,1100
xor-slow,2,0.01,603,0.674635158,0.065132873,-0.012622612849,-0.012622612849,0.000000000000768,0.503973697,0.532304768,0.495592504,0.466153184,1100
xor-slow,2,0.01,604,0.674592726,0.065161239,-0.012622612849,-0.012622612849,0.000000000000768,0.503973697,0.532304768,0.495592504,0.466153184,1100
xor-slow,2,0.01,605,0.674550257,0.065189706,-0.012622612849,-0.012622612849,0.000000000000768,0.503973697,0.532304768,0.495592504,0.466153184,1100
xor-slow,2,0.01,606,0.674507751,0.065218275,-0.012622612849,-0.012622612849,0.000000000000768,0.503973697,0.532304768,0.495592504,0.466153184,1100
xor-slow,2,0.01,607,0.674465207,0.065246944,-0.012622612849,-0.012622612849,0.000000000000768,0.503973697,0.532304768,0.495592504,0.466153184,1100
xor-slow,2,0.01,608,0.674422626,0.065275715,-0.012622612849,-0.012622612849,0.000000000000768,0.503973697,0.532304768,0.495592504,0.466153184,1100
xor-slow,2,0.01,609,0.674380007,0.065304586,-0.012622612849,-0.012622612849,0.000000000000768,0.503973697,0.532304768,0.495592504,0.466153184,1100
xor-slow,2,0.01,610,0.674337351,0.065333557,-0.012622612849,-0.012622612849,0.000000000000768,0.503973697,0.532304768,0.495592504,0.466153184,1100
xor-slow,2,0.01,611,0.674294657,0.065362629,-0.012622612849,-0.012622612849,0.000000000000768,0.503973697,0.532304768,0.495592504,0.466153184,1100
xor-slow,2,0.01,612,0.674251925,0.065391801,-0.012622612849,-0.012622612849,0.000000000000768,0.503973697,0.532304768,0.495592504,0.466153184,1100
xor-slow,2,0.01,613,0.674209154,0.065421072,-0.012622612849,-0.012622612849,0.000000000000768,0.503973697,0.532304768,0.495592504,0.466153184,1100
xor-slow,2,0.01,614,0.674166345,0.065450443,-0.012622612849,-0.012622612849,0.000000000000768,0.503973697,0.532304768,0.495592504,0.466153184,1100
xor-slow,2,0.01,615,0.674123498,0.065479913,-0.012622612849,-0.012622612849,0.000000000000768,0.503973697,0.532304768,0.495592504,0.466153184,1100
xor-slow,2,0.01,616,0.674080612,0.065509483,-0.012622612849,-0.012622612849,0.000000000000768,0.503973697,0.532304768,0.495592504,0.466153184,1100
xor-slow,2,0.01,617,0.674037688,0.065539151,-0.012622612849,-0.012622612849,0.000000000000768,0.503973697,0.532304768,0.495592504,0.466153184,1100
xor-slow,2,0.01,618,0.673994724,0.065568919,-0.012622612849,-0.012622612849,0.000000000000768,0.503973697,0.532304768,0.495592504,0.466153184,1100
xor-slow,2,0.01,619,0.673951721,0.065598784,-0.012622612849,-0.012622612849,0.000000000000768,0.503973697,0.532304768,0.495592504,0.466153184,1100
xor-slow,2,0.01,620,0.673908680,0.065628749,-0.012622612849,-0.012622612849,0.000000000000768,0.503973697,0.532304768,0.495592504,0.466153184,1100
xor-slow,2,0.01,621,0.673865598,0.065658811,-0.012622612849,-0.012622612849,0.000000000000768,0.503973697,0.532304768,0.495592504,0.466153184,1100
xor-slow,2,0.01,622,0.673822478,0.065688971,-0.012622612849,-0.012622612849,0.000000000000768,0.503973697,0.532304768,0.495592504,0.466153184,1100
xor-slow,2,0.01,623,0.673779317,0.065719229,-0.012622612849,-0.012622612849,0.000000000000768,0.503973697,0.532304768,0.495592504,0.466153184,1100
xor-slow,2,0.01,624,0.673736117,0.065749584,-0.012622612849,-0.012622612849,0.000000000000768,0.503973697,0.532304768,0.495592504,0.466153184,1100
xor-slow,2,0.01,625,0.673692877,0.065780037,-0.012622612849,-0.012622612849,0.000000000000768,0.503973697,0.532304768,0.495592504,0.466153184,1100
xor-slow,2,0.01,626,0.673649597,0.065810587,-0.012622612849,-0.012622612849,0.000000000000768,0.503973697,0.532304768,0.495592504,0.466153184,1100
xor-slow,2,0.01,627,0.673606277,0.065841234,-0.012622612849,-0.012622612849,0.000000000000768,0.503973697,0.532304768,0.495592504,0.466153184,1100
xor-slow,2,0.01,628,0.673562916,0.065871977,-0.012622612849,-0.012622612849,0.000000000000768,0.503973697,0.532304768,0.495592504,0.466153184,1100
xor-slow,2,0.01,629,0.673519514,0.065902817,-0.012622612849,-0.012622612849,0.000000000000768,0.503973697,0.532304768,0.495592504,0.466153184,1100
xor-slow,2,0.01,630,0.673476072,0.065933753,-0.012622612849,-0.012622612849,0.000000000000768,0.503973697,0.532304768,0.495592504,0.466153184,1100
xor-slow,2,0.01,631,0.673432590,0.065964786,-0.012622612849,-0.012622612849,0.000000000000768,0.503973697,0.532304768,0.495592504,0.466153184,1100
xor-slow,2,0.01,632,0.673389066,0.065995914,-0.012622612849,-0.012622612849,0.000000000000768,0.503973697,0.532304768,0.495592504,0.466153184,1100
xor-slow,2,0.01,633,0.673345501,0.066027138,-0.012622612849,-0.012622612849,0.000000000000768,0.503973697,0.532304768,0.495592504,0.466153184,1100
xor-slow,2,0.01,634,0.673301895,0.066058457,-0.012622612849,-0.012622612849,0.000000000000768,0.503973697,0.532304768,0.495592504,0.466153184,1100
xor-slow,2,0.01,635,0.673258247,0.066089872,-0.012622612849,-0.012622612849,0.000000000000768,0.503973697,0.532304768,0.495592504,0.466153184,1100
xor-slow,2,0.01,636,0.673214558,0.066121382,-0.012622612849,-0.012622612849,0.000000000000768,0.503973697,0.532304768,0.495592504,0.466153184,1100
xor-slow,2,0.01,637,0.673170827,0.066152987,-0.012622612849,-0.012622612849,0.000000000000768,0.503973697,0.532304768,0.495592504,0.466153184,1100
xor-slow,2,0.01,638,0.673127055,0.066184686,-0.012622612849,-0.012622612849,0.000000000000768,0.503973697,0.532304768,0.495592504,0.466153184,1100
xor-slow,2,0.01,639,0.673083240,0.066216480,-0.012622612849,-0.012622612849,0.000000000000768,0.503973697,0.532304768,0.495592504,0.466153184,1100
xor-slow,2,0.01,640,0.673039383,0.066248368,-0.012622612849,-0.012622612849,0.000000000000768,0.503973697,0.532304768,0.495592504,0.466153184,1100
xor-slow,2,0.01,641,0.672995484,0.066280350,-0.012622612849,-0.012622612849,0.000000000000768,0.503973697,0.532304768,0.495592504,0.466153184,1100
xor-slow,2,0.01,642,0.672951543,0.066312426,-0.012622612849,-0.012622612849,0.000000000000768,0.503973697,0.532304768,0.495592504,0.466153184,1100
xor-slow,2,0.01,643,0.672907559,0.066344596,-0.012622612849,-0.012622612849,0.000000000000768,0.503973697,0.532304768,0.495592504,0.466153184,1100
xor-slow,2,0.01,644,0.672863532,0.066376859,-0.012622612849,-0.012622612849,0.000000000000768,0.503973697,0.532304768,0.495592504,0.466153184,1100
xor-slow,2,0.01,645,0.672819462,0.066409216,-0.012622612849,-0.012622612849,0.000000000000768,0.503973697,0.532304768,0.495592504,0.466153184,1100
xor-slow,2,0.01,646,0.672775350,0.066441666,-0.012622612849,-0.012622612849,0.000000000000768,0.503973697,0.532304768,0.495592504,0.466153184,1100
xor-slow,2,0.01,647,0.672731194,0.066474208,-0.012622612849,-0.012622612849,0.000000000000768,0.503973697,0.532304768,0.495592504,0.466153184,1100
xor-slow,2,0.01,648,0.672686995,0.066506843,-0.012622612849,-0.012622612849,0.000000000000768,0.503973697,0.532304768,0.495592504,0.466153184,1100
xor-slow,2,0.01,649,0.672642752,0.066539571,-0.012622612849,-0.012622612849,0.000000000000768,0.503973697,0.532304768,0.495592504,0.466153184,1100
xor-slow,2,0.01,650,0.672598466,0.066572391,-0.012622612849,-0.012622612849,0.000000000000768,0.503973697,0.532304768,0.495592504,0.466153184,1100
xor-slow,2,0.01,651,0.672554137,0.066605303,-0.012622612849,-0.012622612849,0.000000000000768,0.503973697,0.532304768,0.495592504,0.466153184,1100
xor-slow,2,0.01,652,0.672509763,0.066638307,-0.012622612849,-0.012622612849,0.000000000000768,0.503973697,0.532304768,0.495592504,0.466153184,1100
xor-slow,2,0.01,653,0.672465345,0.066671403,-0.012622612849,-0.012622612849,0.000000000000768,0.503973697,0.532304768,0.495592504,0.466153184,1100
xor-slow,2,0.01,654,0.672420883,0.066704591,-0.012622612849,-0.012622612849,0.000000000000768,0.503973697,0.532304768,0.495592504,0.466153184,1100
xor-slow,2,0.01,655,0.672376377,0.066737869,-0.012622612849,-0.012622612849,0.000000000000768,0.503973697,0.532304768,0.495592504,0.466153184,1100
xor-slow,2,0.01,656,0.672331827,0.066771239,-0.012622612849,-0.012622612849,0.000000000000768,0.503973697,0.532304768,0.495592504,0.466153184,1100
xor-slow,2,0.01,657,0.672287232,0.066804700,-0.012622612849,-0.012622612849,0.000000000000768,0.503973697,0.532304768,0.495592504,0.466153184,1100
xor-slow,2,0.01,658,0.672242592,0.066838251,-0.012622612849,-0.012622612849,0.000000000000768,0.503973697,0.532304768,0.495592504,0.466153184,1100
xor-slow,2,0.01,659,0.672197907,0.066871893,-0.012622612849,-0.012622612849,0.000000000000768,0.503973697,0.532304768,0.495592504,0.466153184,1100
xor-slow,2,0.01,660,0.672153177,0.066905625,-0.012622612849,-0.012622612849,0.000000000000768,0.503973697,0.532304768,0.495592504,0.466153184,1100
xor-slow,2,0.01,661,0.672108402,0.066939448,-0.012622612849,-0.012622612849,0.000000000000768,0.503973697,0.532304768,0.495592504,0.466153184,1100
xor-slow,2,0.01,662,0.672063582,0.066973360,-0.012622612849,-0.012622612849,0.000000000000768,0.503973697,0.532304768,0.495592504,0.466153184,1100
xor-slow,2,0.01,663,0.672018716,0.067007363,-0.012622612849,-0.012622612849,0.000000000000768,0.503973697,0.532304768,0.495592504,0.466153184,1100
xor-slow,2,0.01,664,0.671973805,0.067041454,-0.012622612849,-0.012622612849,0.000000000000768,0.503973697,0.532304768,0.495592504,0.466153184,1100
xor-slow,2,0.01,665,0.671928848,0.067075636,-0.012622612849,-0.012622612849,0.000000000000768,0.503973697,0.532304768,0.495592504,0.466153184,1100
xor-slow,2,0.01,666,0.671883845,0.067109906,-0.012622612849,-0.012622612849,0.000000000000768,0.503973697,0.532304768,0.495592504,0.466153184,1100
xor-slow,2,0.01,667,0.671838796,0.067144265,-0.012622612849,-0.012622612849,0.000000000000768,0.503973697,0.532304768,0.495592504,0.466153184,1100
xor-slow,2,0.01,668,0.671793701,0.067178714,-0.012622612849,-0.012622612849,0.000000000000768,0.503973697,0.532304768,0.495592504,0.466153184,1100
xor-slow,2,0.01,669,0.671748560,0.067213250,-0.012622612849,-0.012622612849,0.000000000000768,0.503973697,0.532304768,0.495592504,0.466153184,1100
xor-slow,2,0.01,670,0.671703372,0.067247876,-0.012622612849,-0.012622612849,0.000000000000768,0.503973697,0.532304768,0.495592504,0.466153184,1100
xor-slow,2,0.01,671,0.671658137,0.067282589,-0.012622612849,-0.012622612849,0.000000000000768,0.503973697,0.532304768,0.495592504,0.466153184,1100
xor-slow,2,0.01,672,0.671612856,0.067317391,-0.012622612849,-0.012622612849,0.000000000000768,0.503973697,0.532304768,0.495592504,0.466153184,1100
xor-slow,2,0.01,673,0.671567528,0.067352280,-0.012622612849,-0.012622612849,0.000000000000768,0.503973697,0.532304768,0.495592504,0.466153184,1100
xor-slow,2,0.01,674,0.671522153,0.067387257,-0.012622612849,-0.012622612849,0.000000000000768,0.503973697,0.532304768,0.495592504,0.466153184,1100
xor-slow,2,0.01,675,0.671476731,0.067422322,-0.012622612849,-0.012622612849,0.000000000000768,0.503973697,0.532304768,0.495592504,0.466153184,1100
xor-slow,2,0.01,676,0.671431261,0.067457474,-0.012622612849,-0.012622612849,0.000000000000768,0.503973697,0.532304768,0.495592504,0.466153184,1100
xor-slow,2,0.01,677,0.671385744,0.067492713,-0.012622612849,-0.012622612849,0.000000000000768,0.503973697,0.532304768,0.495592504,0.466153184,1100
xor-slow,2,0.01,678,0.671340180,0.067528038,-0.012622612849,-0.012622612849,0.000000000000768,0.503973697,0.532304768,0.495592504,0.466153184,1100
xor-slow,2,0.01,679,0.671294568,0.067563451,-0.012622612849,-0.012622612849,0.000000000000768,0.503973697,0.532304768,0.495592504,0.466153184,1100
xor-slow,2,0.01,680,0.671248907,0.067598950,-0.012622612849,-0.012622612849,0.000000000000768,0.503973697,0.532304768,0.495592504,0.466153184,1100
xor-slow,2,0.01,681,0.671203199,0.067634536,-0.012622612849,-0.012622612849,0.000000000000768,0.503973697,0.532304768,0.495592504,0.466153184,1100
xor-slow,2,0.01,682,0.671157443,0.067670207,-0.012622612849,-0.012622612849,0.000000000000768,0.503973697,0.532304768,0.495592504,0.466153184,1100
xor-slow,2,0.01,683,0.671111638,0.067705965,-0.012622612849,-0.012622612849,0.000000000000768,0.503973697,0.532304768,0.495592504,0.466153184,1100
xor-slow,2,0.01,684,0.671065785,0.067741808,-0.012622612849,-0.012622612849,0.000000000000768,0.503973697,0.532304768,0.495592504,0.466153184,1100
xor-slow,2,0.01,685,0.671019883,0.067777737,-0.012622612849,-0.012622612849,0.000000000000768,0.503973697,0.532304768,0.495592504,0.466153184,1100
xor-slow,2,0.01,686,0.670973933,0.067813751,-0.012622612849,-0.012622612849,0.000000000000768,0.503973697,0.532304768,0.495592504,0.466153184,1100
xor-slow,2,0.01,687,0.670927934,0.067849851,-0.012622612849,-0.012622612849,0.000000000000768,0.503973697,0.532304768,0.495592504,0.466153184,1100
xor-slow,2,0.01,688,0.670881885,0.067886036,-0.012622612849,-0.012622612849,0.000000000000768,0.503973697,0.532304768,0.495592504,0.466153184,1100
xor-slow,2,0.01,689,0.670835788,0.067922305,-0.012622612849,-0.012622612849,0.000000000000768,0.503973697,0.532304768,0.495592504,0.466153184,1100
xor-slow,2,0.01,690,0.670789641,0.067958659,-0.012622612849,-0.012622612849,0.000000000000768,0.503973697,0.532304768,0.495592504,0.466153184,1100
xor-slow,2,0.01,691,0.670743445,0.067995098,-0.012622612849,-0.012622612849,0.000000000000768,0.503973697,0.532304768,0.495592504,0.466153184,1100
xor-slow,2,0.01,692,0.670697199,0.068031621,-0.012622612849,-0.012622612849,0.000000000000768,0.503973697,0.532304768,0.495592504,0.466153184,1100
xor-slow,2,0.01,693,0.670650904,0.068068228,-0.012622612849,-0.012622612849,0.000000000000768,0.503973697,0.532304768,0.495592504,0.466153184,1100
xor-slow,2,0.01,694,0.670604558,0.068104919,-0.012622612849,-0.012622612849,0.000000000000768,0.503973697,0.532304768,0.495592504,0.466153184,1100
xor-slow,2,0.01,695,0.670558163,0.068141694,-0.012622612849,-0.012622612849,0.000000000000768,0.503973697,0.532304768,0.495592504,0.466153184,1100
xor-slow,2,0.01,696,0.670511718,0.068178552,-0.012622612849,-0.012622612849,0.000000000000768,0.503973697,0.532304768,0.495592504,0.466153184,1100
xor-slow,2,0.01,697,0.670465222,0.068215494,-0.012622612849,-0.012622612849,0.000000000000768,0.503973697,0.532304768,0.495592504,0.466153184,1100
xor-slow,2,0.01,698,0.670418676,0.068252519,-0.012622612849,-0.012622612849,0.000000000000768,0.503973697,0.532304768,0.495592504,0.466153184,1100
xor-slow,2,0.01,699,0.670372079,0.068289627,-0.012622612849,-0.012622612849,0.000000000000768,0.503973697,0.532304768,0.495592504,0.466153184,1100
xor-slow,2,0.01,700,0.670325432,0.068326817,-0.012622612849,-0.012622612849,0.000000000000768,0.503973697,0.532304768,0.495592504,0.466153184,1100
xor-slow,2,0.01,701,0.670278733,0.068364091,-0.012622612849,-0.012622612849,0.000000000000768,0.503973697,0.532304768,0.495592504,0.466153184,1100
xor-slow,2,0.01,702,0.670231984,0.068401447,-0.012622612849,-0.012622612849,0.000000000000768,0.503973697,0.532304768,0.495592504,0.466153184,1100
xor-slow,2,0.01,703,0.670185184,0.068438885,-0.012622612849,-0.012622612849,0.000000000000768,0.503973697,0.532304768,0.495592504,0.466153184,1100
xor-slow,2,0.01,704,0.670138332,0.068476405,-0.012622612849,-0.012622612849,0.000000000000768,0.503973697,0.532304768,0.495592504,0.466153184,1100
xor-slow,2,0.01,705,0.670091429,0.068514007,-0.012622612849,-0.012622612849,0.000000000000768,0.503973697,0.532304768,0.495592504,0.466153184,1100
xor-slow,2,0.01,706,0.670044474,0.068551691,-0.012622612849,-0.012622612849,0.000000000000768,0.503973697,0.532304768,0.495592504,0.466153184,1100
xor-slow,2,0.01,707,0.669997468,0.068589457,-0.012622612849,-0.012622612849,0.000000000000768,0.503973697,0.532304768,0.495592504,0.466153184,1100
xor-slow,2,0.01,708,0.669950410,0.068627303,-0.012622612849,-0.012622612849,0.000000000000768,0.503973697,0.532304768,0.495592504,0.466153184,1100
xor-slow,2,0.01,709,0.669903300,0.068665231,-0.012622612849,-0.012622612849,0.000000000000768,0.503973697,0.532304768,0.495592504,0.466153184,1100
xor-slow,2,0.01,710,0.669856138,0.068703240,-0.012622612849,-0.012622612849,0.000000000000768,0.503973697,0.532304768,0.495592504,0.466153184,1100
xor-slow,2,0.01,711,0.669808923,0.068741330,-0.012622612849,-0.012622612849,0.000000000000768,0.503973697,0.532304768,0.495592504,0.466153184,1100
xor-slow,2,0.01,712,0.669761657,0.068779501,-0.012622612849,-0.012622612849,0.000000000000768,0.503973697,0.532304768,0.495592504,0.466153184,1100
xor-slow,2,0.01,713,0.669714337,0.068817752,-0.012622612849,-0.012622612849,0.000000000000768,0.503973697,0.532304768,0.495592504,0.466153184,1100
xor-slow,2,0.01,714,0.669666965,0.068856083,-0.012622612849,-0.012622612849,0.000000000000768,0.503973697,0.532304768,0.495592504,0.466153184,1100
xor-slow,2,0.01,715,0.669619540,0.068894495,-0.012622612849,-0.012622612849,0.000000000000768,0.503973697,0.532304768,0.495592504,0.466153184,1100
xor-slow,2,0.01,716,0.669572063,0.068932986,-0.012622612849,-0.012622612849,0.000000000000768,0.503973697,0.532304768,0.495592504,0.466153184,1100
xor-slow,2,0.01,717,0.669524532,0.068971558,-0.012622612849,-0.012622612849,0.000000000000768,0.503973697,0.532304768,0.495592504,0.466153184,1100
xor-slow,2,0.01,718,0.669476948,0.069010208,-0.012622612849,-0.012622612849,0.000000000000768,0.503973697,0.532304768,0.495592504,0.466153184,1100
xor-slow,2,0.01,719,0.669429310,0.069048939,-0.012622612849,-0.012622612849,0.000000000000768,0.503973697,0.532304768,0.495592504,0.466153184,1100
xor-slow,2,0.01,720,0.669381619,0.069087748,-0.012622612849,-0.012622612849,0.000000000000768,0.503973697,0.532304768,0.495592504,0.466153184,1100
xor-slow,2,0.01,721,0.669333875,0.069126637,-0.012622612849,-0.012622612849,0.000000000000768,0.503973697,0.532304768,0.495592504,0.466153184,1100
xor-slow,2,0.01,722,0.669286076,0.069165604,-0.012622612849,-0.012622612849,0.000000000000768,0.503973697,0.532304768,0.495592504,0.466153184,1100
xor-slow,2,0.01,723,0.669238224,0.069204650,-0.012622612849,-0.012622612849,0.000000000000768,0.503973697,0.532304768,0.495592504,0.466153184,1100
xor-slow,2,0.01,724,0.669190318,0.069243775,-0.012622612849,-0.012622612849,0.000000000000768,0.503973697,0.532304768,0.495592504,0.466153184,1100
xor-slow,2,0.01,725,0.669142357,0.069282978,-0.012622612849,-0.012622612849,0.000000000000768,0.503973697,0.532304768,0.495592504,0.466153184,1100
xor-slow,2,0.01,726,0.669094342,0.069322259,-0.012622612849,-0.012622612849,0.000000000000768,0.503973697,0.532304768,0.495592504,0.466153184,1100
xor-slow,2,0.01,727,0.669046273,0.069361618,-0.012622612849,-0.012622612849,0.000000000000768,0.503973697,0.532304768,0.495592504,0.466153184,1100
xor-slow,2,0.01,728,0.668998149,0.069401055,-0.012622612849,-0.012622612849,0.000000000000768,0.503973697,0.532304768,0.495592504,0.466153184,1100
xor-slow,2,0.01,729,0.668949970,0.069440570,-0.012622612849,-0.012622612849,0.000000000000768,0.503973697,0.532304768,0.495592504,0.466153184,1100
xor-slow,2,0.01,730,0.668901736,0.069480162,-0.012622612849,-0.012622612849,0.000000000000768,0.503973697,0.532304768,0.495592504,0.466153184,1100
xor-slow,2,0.01,731,0.668853448,0.069519831,-0.012622612849,-0.012622612849,0.000000000000768,0.503973697,0.532304768,0.495592504,0.466153184,1100
xor-slow,2,0.01,732,0.668805104,0.069559578,-0.012622612849,-0.012622612849,0.000000000000768,0.503973697,0.532304768,0.495592504,0.466153184,1100
xor-slow,2,0.01,733,0.668756705,0.069599402,-0.012622612849,-0.012622612849,0.000000000000768,0.503973697,0.532304768,0.495592504,0.466153184,1100
xor-slow,2,0.01,734,0.668708250,0.069639302,-0.012622612849,-0.012622612849,0.000000000000768,0.503973697,0.532304768,0.495592504,0.466153184,1100
xor-slow,2,0.01,735,0.668659740,0.069679279,-0.012622612849,-0.012622612849,0.000000000000768,0.503973697,0.532304768,0.495592504,0.466153184,1100
xor-slow,2,0.01,736,0.668611174,0.069719332,-0.012622612849,-0.012622612849,0.000000000000768,0.503973697,0.532304768,0.495592504,0.466153184,1100
xor-slow,2,0.01,737,0.668562552,0.069759462,-0.012622612849,-0.012622612849,0.000000000000768,0.503973697,0.532304768,0.495592504,0.466153184,1100
xor-slow,2,0.01,738,0.668513874,0.069799668,-0.012622612849,-0.012622612849,0.000000000000768,0.503973697,0.532304768,0.495592504,0.466153184,1100
xor-slow,2,0.01,739,0.668465140,0.069839949,-0.012622612849,-0.012622612849,0.000000000000768,0.503973697,0.532304768,0.495592504,0.466153184,1100
xor-slow,2,0.01,740,0.668416350,0.069880307,-0.012622612849,-0.012622612849,0.000000000000768,0.503973697,0.532304768,0.495592504,0.466153184,1100
xor-slow,2,0.01,741,0.668367503,0.069920740,-0.012622612849,-0.012622612849,0.000000000000768,0.503973697,0.532304768,0.495592504,0.466153184,1100
xor-slow,2,0.01,742,0.668318600,0.069961248,-0.012622612849,-0.012622612849,0.000000000000768,0.503973697,0.532304768,0.495592504,0.466153184,1100
xor-slow,2,0.01,743,0.668269640,0.070001832,-0.012622612849,-0.012622612849,0.000000000000768,0.503973697,0.532304768,0.495592504,0.466153184,1100
xor-slow,2,0.01,744,0.668220623,0.070042491,-0.012622612849,-0.012622612849,0.000000000000768,0.503973697,0.532304768,0.495592504,0.466153184,1100
xor-slow,2,0.01,745,0.668171549,0.070083224,-0.012622612849,-0.012622612849,0.000000000000768,0.503973697,0.532304768,0.495592504,0.466153184,1100
xor-slow,2,0.01,746,0.668122418,0.070124033,-0.012622612849,-0.012622612849,0.000000000000768,0.503973697,0.532304768,0.495592504,0.466153184,1100
xor-slow,2,0.01,747,0.668073230,0.070164916,-0.012622612849,-0.012622612849,0.000000000000768,0.503973697,0.532304768,0.495592504,0.466153184,1100
xor-slow,2,0.01,748,0.668023985,0.070205873,-0.012622612849,-0.012622612849,0.000000000000768,0.503973697,0.532304768,0.495592504,0.466153184,1100
xor-slow,2,0.01,749,0.667974682,0.070246904,-0.012622612849,-0.012622612849,0.000000000000768,0.503973697,0.532304768,0.495592504,0.466153184,1100
xor-slow,2,0.01,750,0.667925321,0.070288010,-0.012622612849,-0.012622612849,0.000000000000768,0.503973697,0.532304768,0.495592504,0.466153184,1100
xor-slow,2,0.01,751,0.667875902,0.070329189,-0.012622612849,-0.012622612849,0.000000000000768,0.503973697,0.532304768,0.495592504,0.466153184,1100
xor-slow,2,0.01,752,0.667826426,0.070370443,-0.012622612849,-0.012622612849,0.000000000000768,0.503973697,0.532304768,0.495592504,0.466153184,1100
xor-slow,2,0.01,753,0.667776891,0.070411769,-0.012622612849,-0.012622612849,0.000000000000768,0.503973697,0.532304768,0.495592504,0.466153184,1100
xor-slow,2,0.01,754,0.667727299,0.070453169,-0.012622612849,-0.012622612849,0.000000000000768,0.503973697,0.532304768,0.495592504,0.466153184,1100
xor-slow,2,0.01,755,0.667677648,0.070494643,-0.012622612849,-0.012622612849,0.000000000000768,0.503973697,0.532304768,0.495592504,0.466153184,1100
xor-slow,2,0.01,756,0.667627938,0.070536189,-0.012622612849,-0.012622612849,0.000000000000768,0.503973697,0.532304768,0.495592504,0.466153184,1100
xor-slow,2,0.01,757,0.667578170,0.070577808,-0.012622612849,-0.012622612849,0.000000000000768,0.503973697,0.532304768,0.495592504,0.466153184,1100
xor-slow,2,0.01,758,0.667528343,0.070619500,-0.012622612849,-0.012622612849,0.000000000000768,0.503973697,0.532304768,0.495592504,0.466153184,1100
xor-slow,2,0.01,759,0.667478457,0.070661264,-0.012622612849,-0.012622612849,0.000000000000768,0.503973697,0.532304768,0.495592504,0.466153184,1100
xor-slow,2,0.01,760,0.667428512,0.070703101,-0.012622612849,-0.012622612849,0.000000000000768,0.503973697,0.532304768,0.495592504,0.466153184,1100
xor-slow,2,0.01,761,0.667378508,0.070745010,-0.012622612849,-0.012622612849,0.000000000000768,0.503973697,0.532304768,0.495592504,0.466153184,1100
xor-slow,2,0.01,762,0.667328445,0.070786991,-0.012622612849,-0.012622612849,0.000000000000768,0.503973697,0.532304768,0.495592504,0.466153184,1100
xor-slow,2,0.01,763,0.667278322,0.070829044,-0.012622612849,-0.012622612849,0.000000000000768,0.503973697,0.532304768,0.495592504,0.466153184,1100
xor-slow,2,0.01,764,0.667228139,0.070871169,-0.012622612849,-0.012622612849,0.000000000000768,0.503973697,0.532304768,0.495592504,0.466153184,1100
xor-slow,2,0.01,765,0.667177897,0.070913365,-0.012622612849,-0.012622612849,0.000000000000768,0.503973697,0.532304768,0.495592504,0.466153184,1100
xor-slow,2,0.01,766,0.667127595,0.070955632,-0.012622612849,-0.012622612849,0.000000000000768,0.503973697,0.532304768,0.495592504,0.466153184,1100
xor-slow,2,0.01,767,0.667077233,0.070997971,-0.012622612849,-0.012622612849,0.000000000000768,0.503973697,0.532304768,0.495592504,0.466153184,1100
xor-slow,2,0.01,768,0.667026811,0.071040381,-0.012622612849,-0.012622612849,0.000000000000768,0.503973697,0.532304768,0.495592504,0.466153184,1100
xor-slow,2,0.01,769,0.666976328,0.071082861,-0.012622612849,-0.012622612849,0.000000000000768,0.503973697,0.532304768,0.495592504,0.466153184,1100
xor-slow,2,0.01,770,0.666925786,0.071125412,-0.012622612849,-0.012622612849,0.000000000000768,0.503973697,0.532304768,0.495592504,0.466153184,1100
xor-slow,2,0.01,771,0.666875182,0.071168034,-0.012622612849,-0.012622612849,0.000000000000768,0.503973697,0.532304768,0.495592504,0.466153184,1100
xor-slow,2,0.01,772,0.666824518,0.071210727,-0.012622612849,-0.012622612849,0.000000000000768,0.503973697,0.532304768,0.495592504,0.466153184,1100
xor-slow,2,0.01,773,0.666773793,0.071253489,-0.012622612849,-0.012622612849,0.000000000000768,0.503973697,0.532304768,0.495592504,0.466153184,1100
xor-slow,2,0.01,774,0.666723007,0.071296321,-0.012622612849,-0.012622612849,0.000000000000768,0.503973697,0.532304768,0.495592504,0.466153184,1100
xor-slow,2,0.01,775,0.666672160,0.071339224,-0.012622612849,-0.012622612849,0.000000000000768,0.503973697,0.532304768,0.495592504,0.466153184,1100
xor-slow,2,0.01,776,0.666621252,0.071382196,-0.012622612849,-0.012622612849,0.000000000000768,0.503973697,0.532304768,0.495592504,0.466153184,1100
xor-slow,2,0.01,777,0.666570283,0.071425238,-0.012622612849,-0.012622612849,0.000000000000768,0.503973697,0.532304768,0.495592504,0.466153184,1100
xor-slow,2,0.01,778,0.666519252,0.071468349,-0.012622612849,-0.012622612849,0.000000000000768,0.503973697,0.532304768,0.495592504,0.466153184,1100
xor-slow,2,0.01,779,0.666468159,0.071511529,-0.012622612849,-0.012622612849,0.000000000000768,0.503973697,0.532304768,0.495592504,0.466153184,1100
xor-slow,2,0.01,780,0.666417005,0.071554779,-0.012622612849,-0.012622612849,0.000000000000768,0.503973697,0.532304768,0.495592504,0.466153184,1100
xor-slow,2,0.01,781,0.666365788,0.071598097,-0.012622612849,-0.012622612849,0.000000000000768,0.503973697,0.532304768,0.495592504,0.466153184,1100
xor-slow,2,0.01,782,0.666314510,0.071641484,-0.012622612849,-0.012622612849,0.000000000000768,0.503973697,0.532304768,0.495592504,0.466153184,1100
xor-slow,2,0.01,783,0.666263169,0.071684940,-0.012622612849,-0.012622612849,0.000000000000768,0.503973697,0.532304768,0.495592504,0.466153184,1100
xor-slow,2,0.01,784,0.666211766,0.071728464,-0.012622612849,-0.012622612849,0.000000000000768,0.503973697,0.532304768,0.495592504,0.466153184,1100
xor-slow,2,0.01,785,0.666160301,0.071772056,-0.012622612849,-0.012622612849,0.000000000000768,0.503973697,0.532304768,0.495592504,0.466153184,1100
xor-slow,2,0.01,786,0.666108773,0.071815717,-0.012622612849,-0.012622612849,0.000000000000768,0.503973697,0.532304768,0.495592504,0.466153184,1100
xor-slow,2,0.01,787,0.666057182,0.071859445,-0.012622612849,-0.012622612849,0.000000000000768,0.503973697,0.532304768,0.495592504,0.466153184,1100
xor-slow,2,0.01,788,0.666005529,0.071903241,-0.012622612849,-0.012622612849,0.000000000000768,0.503973697,0.532304768,0.495592504,0.466153184,1100
xor-slow,2,0.01,789,0.665953812,0.071947105,-0.012622612849,-0.012622612849,0.000000000000768,0.503973697,0.532304768,0.495592504,0.466153184,1100
xor-slow,2,0.01,790,0.665902033,0.071991037,-0.012622612849,-0.012622612849,0.000000000000768,0.503973697,0.532304768,0.495592504,0.466153184,1100
xor-slow,2,0.01,791,0.665850190,0.072035035,-0.012622612849,-0.012622612849,0.000000000000768,0.503973697,0.532304768,0.495592504,0.466153184,1100
xor-slow,2,0.01,792,0.665798283,0.072079101,-0.012622612849,-0.012622612849,0.000000000000768,0.503973697,0.532304768,0.495592504,0.466153184,1100
xor-slow,2,0.01,793,0.665746313,0.072123234,-0.012622612849,-0.012622612849,0.000000000000768,0.503973697,0.532304768,0.495592504,0.466153184,1100
xor-slow,2,0.01,794,0.665694280,0.072167433,-0.012622612849,-0.012622612849,0.000000000000768,0.503973697,0.532304768,0.495592504,0.466153184,1100
xor-slow,2,0.01,795,0.665642183,0.072211700,-0.012622612849,-0.012622612849,0.000000000000768,0.503973697,0.532304768,0.495592504,0.466153184,1100
xor-slow,2,0.01,796,0.665590021,0.072256033,-0.012622612849,-0.012622612849,0.000000000000768,0.503973697,0.532304768,0.495592504,0.466153184,1100
xor-slow,2,0.01,797,0.665537796,0.072300432,-0.012622612849,-0.012622612849,0.000000000000768,0.503973697,0.532304768,0.495592504,0.466153184,1100
xor-slow,2,0.01,798,0.665485506,0.072344897,-0.012622612849,-0.012622612849,0.000000000000768,0.503973697,0.532304768,0.495592504,0.466153184,1100
xor-slow,2,0.01,799,0.665433152,0.072389428,-0.012622612849,-0.012622612849,0.000000000000768,0.503973697,0.532304768,0.495592504,0.466153184,1100
xor-slow,2,0.01,800,0.665380734,0.072434026,-0.012622612849,-0.012622612849,0.000000000000768,0.503973697,0.532304768,0.495592504,0.466153184,1100
xor-moderate,2,0.10,1,0.700143529,0.075846749,-0.012622612849,-0.012622612849,0.000000000000768,0.019117691,0.941292681,0.940866313,0.075168907,0110
xor-moderate,2,0.10,2,0.699571431,0.075015428,-0.012622612849,-0.012622612849,0.000000000000768,0.019117691,0.941292681,0.940866313,0.075168907,0110
xor-moderate,2,0.10,3,0.699011720,0.074215720,-0.012622612849,-0.012622612849,0.000000000000768,0.019117691,0.941292681,0.940866313,0.075168907,0110
xor-moderate,2,0.10,4,0.698463796,0.073446783,-0.012622612849,-0.012622612849,0.000000000000768,0.019117691,0.941292681,0.940866313,0.075168907,0110
xor-moderate,2,0.10,5,0.697927087,0.072707828,-0.012622612849,-0.012622612849,0.000000000000768,0.019117691,0.941292681,0.940866313,0.075168907,0110
xor-moderate,2,0.10,6,0.697401044,0.071998106,-0.012622612849,-0.012622612849,0.000000000000768,0.019117691,0.941292681,0.940866313,0.075168907,0110
xor-moderate,2,0.10,7,0.696885143,0.071316911,-0.012622612849,-0.012622612849,0.000000000000768,0.019117691,0.941292681,0.940866313,0.075168907,0110
xor-moderate,2,0.10,8,0.696378881,0.070663575,-0.012622612849,-0.012622612849,0.000000000000768,0.019117691,0.941292681,0.940866313,0.075168907,0110
xor-moderate,2,0.10,9,0.695881778,0.070037465,-0.012622612849,-0.012622612849,0.000000000000768,0.019117691,0.941292681,0.940866313,0.075168907,0110
xor-moderate,2,0.10,10,0.695393371,0.069437979,-0.012622612849,-0.012622612849,0.000000000000768,0.019117691,0.941292681,0.940866313,0.075168907,0110
xor-moderate,2,0.10,11,0.694913216,0.068864545,-0.012622612849,-0.012622612849,0.000000000000768,0.019117691,0.941292681,0.940866313,0.075168907,0110
xor-moderate,2,0.10,12,0.694440888,0.068316620,-0.012622612849,-0.012622612849,0.000000000000768,0.019117691,0.941292681,0.940866313,0.075168907,0110
xor-moderate,2,0.10,13,0.693975976,0.067793683,-0.012622612849,-0.012622612849,0.000000000000768,0.019117691,0.941292681,0.940866313,0.075168907,0110
xor-moderate,2,0.10,14,0.693518084,0.067295239,-0.012622612849,-0.012622612849,0.000000000000768,0.019117691,0.941292681,0.940866313,0.075168907,0110
xor-moderate,2,0.10,15,0.693066833,0.066820812,-0.012622612849,-0.012622612849,0.000000000000768,0.019117691,0.941292681,0.940866313,0.075168907,0110
xor-moderate,2,0.10,16,0.692621854,0.066369945,-0.012622612849,-0.012622612849,0.000000000000768,0.019117691,0.941292681,0.940866313,0.075168907,0110
xor-moderate,2,0.10,17,0.692182793,0.065942200,-0.012622612849,-0.012622612849,0.000000000000768,0.019117691,0.941292681,0.940866313,0.075168907,0110
xor-moderate,2,0.10,18,0.691749307,0.065537155,-0.012622612849,-0.012622612849,0.000000000000768,0.019117691,0.941292681,0.940866313,0.075168907,0110
xor-moderate,2,0.10,19,0.691321065,0.065154401,-0.012622612849,-0.012622612849,0.000000000000768,0.019117691,0.941292681,0.940866313,0.075168907,0110
xor-moderate,2,0.10,20,0.690897747,0.064793545,-0.012622612849,-0.012622612849,0.000000000000768,0.019117691,0.941292681,0.940866313,0.075168907,0110
xor-moderate,2,0.10,21,0.690479042,0.064454202,-0.012622612849,-0.012622612849,0.000000000000768,0.019117691,0.941292681,0.940866313,0.075168907,0110
xor-moderate,2,0.10,22,0.690064648,0.064136003,-0.012622612849,-0.012622612849,0.000000000000768,0.019117691,0.941292681,0.940866313,0.075168907,0110
xor-moderate,2,0.10,23,0.689654274,0.063838585,-0.012622612849,-0.012622612849,0.000000000000768,0.019117691,0.941292681,0.940866313,0.075168907,0110
xor-moderate,2,0.10,24,0.689247637,0.063561596,-0.012622612849,-0.012622612849,0.000000000000768,0.019117691,0.941292681,0.940866313,0.075168907,0110
xor-moderate,2,0.10,25,0.688844461,0.063304693,-0.012622612849,-0.012622612849,0.000000000000768,0.019117691,0.941292681,0.940866313,0.075168907,0110
xor-moderate,2,0.10,26,0.688444477,0.063067540,-0.012622612849,-0.012622612849,0.000000000000768,0.019117691,0.941292681,0.940866313,0.075168907,0110
xor-moderate,2,0.10,27,0.688047427,0.062849806,-0.012622612849,-0.012622612849,0.000000000000768,0.019117691,0.941292681,0.940866313,0.075168907,0110
xor-moderate,2,0.10,28,0.687653055,0.062651168,-0.012622612849,-0.012622612849,0.000000000000768,0.019117691,0.941292681,0.940866313,0.075168907,0110
xor-moderate,2,0.10,29,0.687261116,0.062471310,-0.012622612849,-0.012622612849,0.000000000000768,0.019117691,0.941292681,0.940866313,0.075168907,0110
xor-moderate,2,0.10,30,0.686871367,0.062309918,-0.012622612849,-0.012622612849,0.000000000000768,0.019117691,0.941292681,0.940866313,0.075168907,0110
xor-moderate,2,0.10,31,0.686483575,0.062166685,-0.012622612849,-0.012622612849,0.000000000000768,0.019117691,0.941292681,0.940866313,0.075168907,0110
xor-moderate,2,0.10,32,0.686097508,0.062041308,-0.012622612849,-0.012622612849,0.000000000000768,0.019117691,0.941292681,0.940866313,0.075168907,0110
xor-moderate,2,0.10,33,0.685712943,0.061933488,-0.012622612849,-0.012622612849,0.000000000000768,0.019117691,0.941292681,0.940866313,0.075168907,0110
xor-moderate,2,0.10,34,0.685329661,0.061842929,-0.012622612849,-0.012622612849,0.000000000000768,0.019117691,0.941292681,0.940866313,0.075168907,0110
xor-moderate,2,0.10,35,0.684947446,0.061769340,-0.012622612849,-0.012622612849,0.000000000000768,0.019117691,0.941292681,0.940866313,0.075168907,0110
xor-moderate,2,0.10,36,0.684566090,0.061712432,-0.012622612849,-0.012622612849,0.000000000000768,0.019117691,0.941292681,0.940866313,0.075168907,0110
xor-moderate,2,0.10,37,0.684185385,0.061671920,-0.012622612849,-0.012622612849,0.000000000000768,0.019117691,0.941292681,0.940866313,0.075168907,0110
xor-moderate,2,0.10,38,0.683805129,0.061647521,-0.012622612849,-0.012622612849,0.000000000000768,0.019117691,0.941292681,0.940866313,0.075168907,0110
xor-moderate,2,0.10,39,0.683425126,0.061638957,-0.012622612849,-0.012622612849,0.000000000000768,0.019117691,0.941292681,0.940866313,0.075168907,0110
xor-moderate,2,0.10,40,0.683045180,0.061645950,-0.012622612849,-0.012622612849,0.000000000000768,0.019117691,0.941292681,0.940866313,0.075168907,0110
xor-moderate,2,0.10,41,0.682665101,0.061668227,-0.012622612849,-0.012622612849,0.000000000000768,0.019117691,0.941292681,0.940866313,0.075168907,0110
xor-moderate,2,0.10,42,0.682284700,0.061705516,-0.012622612849,-0.012622612849,0.000000000000768,0.019117691,0.941292681,0.940866313,0.075168907,0110
xor-moderate,2,0.10,43,0.681903793,0.061757549,-0.012622612849,-0.012622612849,0.000000000000768,0.019117691,0.941292681,0.940866313,0.075168907,0110
xor-moderate,2,0.10,44,0.681522199,0.061824060,-0.012622612849,-0.012622612849,0.000000000000768,0.019117691,0.941292681,0.940866313,0.075168907,0110
xor-moderate,2,0.10,45,0.681139739,0.061904786,-0.012622612849,-0.012622612849,0.000000000000768,0.019117691,0.941292681,0.940866313,0.075168907,0110
xor-moderate,2,0.10,46,0.680756236,0.061999467,-0.012622612849,-0.012622612849,0.000000000000768,0.019117691,0.941292681,0.940866313,0.075168907,0110
xor-moderate,2,0.10,47,0.680371517,0.062107845,-0.012622612849,-0.012622612849,0.000000000000768,0.019117691,0.941292681,0.940866313,0.075168907,0110
xor-moderate,2,0.10,48,0.679985410,0.062229665,-0.012622612849,-0.012622612849,0.000000000000768,0.019117691,0.941292681,0.940866313,0.075168907,0110
xor-moderate,2,0.10,49,0.679597747,0.062364674,-0.012622612849,-0.012622612849,0.000000000000768,0.019117691,0.941292681,0.940866313,0.075168907,0110
xor-moderate,2,0.10,50,0.679208360,0.062512623,-0.012622612849,-0.012622612849,0.000000000000768,0.019117691,0.941292681,0.940866313,0.075168907,0110
xor-moderate,2,0.10,51,0.678817084,0.062673266,-0.012622612849,-0.012622612849,0.000000000000768,0.019117691,0.941292681,0.940866313,0.075168907,0110
xor-moderate,2,0.10,52,0.678423757,0.062846359,-0.012622612849,-0.012622612849,0.000000000000768,0.019117691,0.941292681,0.940866313,0.075168907,0110
xor-moderate,2,0.10,53,0.678028218,0.063031661,-0.012622612849,-0.012622612849,0.000000000000768,0.019117691,0.941292681,0.940866313,0.075168907,0110
xor-moderate,2,0.10,54,0.677630306,0.063228935,-0.012622612849,-0.012622612849,0.000000000000768,0.019117691,0.941292681,0.940866313,0.075168907,0110
xor-moderate,2,0.10,55,0.677229864,0.063437944,-0.012622612849,-0.012622612849,0.000000000000768,0.019117691,0.941292681,0.940866313,0.075168907,0110
xor-moderate,2,0.10,56,0.676826735,0.063658459,-0.012622612849,-0.012622612849,0.000000000000768,0.019117691,0.941292681,0.940866313,0.075168907,0110
xor-moderate,2,0.10,57,0.676420766,0.063890249,-0.012622612849,-0.012622612849,0.000000000000768,0.019117691,0.941292681,0.940866313,0.075168907,0110
xor-moderate,2,0.10,58,0.676011802,0.064133090,-0.012622612849,-0.012622612849,0.000000000000768,0.019117691,0.941292681,0.940866313,0.075168907,0110
xor-moderate,2,0.10,59,0.675599691,0.064386758,-0.012622612849,-0.012622612849,0.000000000000768,0.019117691,0.941292681,0.940866313,0.075168907,0110
xor-moderate,2,0.10,60,0.675184282,0.064651034,-0.012622612849,-0.012622612849,0.000000000000768,0.019117691,0.941292681,0.940866313,0.075168907,0110
xor-moderate,2,0.10,61,0.674765426,0.064925702,-0.012622612849,-0.012622612849,0.000000000000768,0.019117691,0.941292681,0.940866313,0.075168907,0110
xor-moderate,2,0.10,62,0.674342974,0.065210549,-0.012622612849,-0.012622612849,0.000000000000768,0.019117691,0.941292681,0.940866313,0.075168907,0110
xor-moderate,2,0.10,63,0.673916778,0.065505364,-0.012622612849,-0.012622612849,0.000000000000768,0.019117691,0.941292681,0.940866313,0.075168907,0110
xor-moderate,2,0.10,64,0.673486692,0.065809940,-0.012622612849,-0.012622612849,0.000000000000768,0.019117691,0.941292681,0.940866313,0.075168907,0110
xor-moderate,2,0.10,65,0.673052570,0.066124074,-0.012622612849,-0.012622612849,0.000000000000768,0.019117691,0.941292681,0.940866313,0.075168907,0110
xor-moderate,2,0.10,66,0.672614267,0.066447565,-0.012622612849,-0.012622612849,0.000000000000768,0.019117691,0.941292681,0.940866313,0.075168907,0110
xor-moderate,2,0.10,67,0.672171640,0.066780215,-0.012622612849,-0.012622612849,0.000000000000768,0.019117691,0.941292681,0.940866313,0.075168907,0110
xor-moderate,2,0.10,68,0.671724546,0.067121829,-0.012622612849,-0.012622612849,0.000000000000768,0.019117691,0.941292681,0.940866313,0.075168907,0110
xor-moderate,2,0.10,69,0.671272842,0.067472216,-0.012622612849,-0.012622612849,0.000000000000768,0.019117691,0.941292681,0.940866313,0.075168907,0110
xor-moderate,2,0.10,70,0.670816387,0.067831186,-0.012622612849,-0.012622612849,0.000000000000768,0.019117691,0.941292681,0.940866313,0.075168907,0110
xor-moderate,2,0.10,71,0.670355039,0.068198554,-0.012622612849,-0.012622612849,0.000000000000768,0.019117691,0.941292681,0.940866313,0.075168907,0110
xor-moderate,2,0.10,72,0.669888659,0.068574137,-0.012622612849,-0.012622612849,0.000000000000768,0.019117691,0.941292681,0.940866313,0.075168907,0110
xor-moderate,2,0.10,73,0.669417108,0.068957755,-0.012622612849,-0.012622612849,0.000000000000768,0.019117691,0.941292681,0.940866313,0.075168907,0110
xor-moderate,2,0.10,74,0.668940246,0.069349230,-0.012622612849,-0.012622612849,0.000000000000768,0.019117691,0.941292681,0.940866313,0.075168907,0110
xor-moderate,2,0.10,75,0.668457935,0.069748388,-0.012622612849,-0.012622612849,0.000000000000768,0.019117691,0.941292681,0.940866313,0.075168907,0110
xor-moderate,2,0.10,76,0.667970038,0.070155056,-0.012622612849,-0.012622612849,0.000000000000768,0.019117691,0.941292681,0.940866313,0.075168907,0110
xor-moderate,2,0.10,77,0.667476417,0.070569065,-0.012622612849,-0.012622612849,0.000000000000768,0.019117691,0.941292681,0.940866313,0.075168907,0110
xor-moderate,2,0.10,78,0.666976936,0.070990249,-0.012622612849,-0.012622612849,0.000000000000768,0.019117691,0.941292681,0.940866313,0.075168907,0110
xor-moderate,2,0.10,79,0.666471458,0.071418443,-0.012622612849,-0.012622612849,0.000000000000768,0.019117691,0.941292681,0.940866313,0.075168907,0110
xor-moderate,2,0.10,80,0.665959849,0.071853484,-0.012622612849,-0.012622612849,0.000000000000768,0.019117691,0.941292681,0.940866313,0.075168907,0110
xor-moderate,2,0.10,81,0.665441974,0.072295214,-0.012622612849,-0.012622612849,0.000000000000768,0.019117691,0.941292681,0.940866313,0.075168907,0110
xor-moderate,2,0.10,82,0.664917697,0.072743475,-0.012622612849,-0.012622612849,0.000000000000768,0.019117691,0.941292681,0.940866313,0.075168907,0110
xor-moderate,2,0.10,83,0.664386886,0.073198111,-0.012622612849,-0.012622612849,0.000000000000768,0.019117691,0.941292681,0.940866313,0.075168907,0110
xor-moderate,2,0.10,84,0.663849406,0.073658970,-0.012622612849,-0.012622612849,0.000000000000768,0.019117691,0.941292681,0.940866313,0.075168907,0110
xor-moderate,2,0.10,85,0.663305125,0.074125901,-0.012622612849,-0.012622612849,0.000000000000768,0.019117691,0.941292681,0.940866313,0.075168907,0110
xor-moderate,2,0.10,86,0.662753911,0.074598754,-0.012622612849,-0.012622612849,0.000000000000768,0.019117691,0.941292681,0.940866313,0.075168907,0110
xor-moderate,2,0.10,87,0.662195631,0.075077383,-0.012622612849,-0.012622612849,0.000000000000768,0.019117691,0.941292681,0.940866313,0.075168907,0110
xor-moderate,2,0.10,88,0.661630154,0.075561643,-0.012622612849,-0.012622612849,0.000000000000768,0.019117691,0.941292681,0.940866313,0.075168907,0110
xor-moderate,2,0.10,89,0.661057351,0.076051389,-0.012622612849,-0.012622612849,0.000000000000768,0.019117691,0.941292681,0.940866313,0.075168907,0110
xor-moderate,2,0.10,90,0.660477089,0.076546481,-0.012622612849,-0.012622612849,0.000000000000768,0.019117691,0.941292681,0.940866313,0.075168907,0110
xor-moderate,2,0.10,91,0.659889240,0.077046779,-0.012622612849,-0.012622612849,0.000000000000768,0.019117691,0.941292681,0.940866313,0.075168907,0110
xor-moderate,2,0.10,92,0.659293675,0.077552144,-0.012622612849,-0.012622612849,0.000000000000768,0.019117691,0.941292681,0.940866313,0.075168907,0110
xor-moderate,2,0.10,93,0.658690265,0.078062439,-0.012622612849,-0.012622612849,0.000000000000768,0.019117691,0.941292681,0.940866313,0.075168907,0110
xor-moderate,2,0.10,94,0.658078882,0.078577529,-0.012622612849,-0.012622612849,0.000000000000768,0.019117691,0.941292681,0.940866313,0.075168907,0110
xor-moderate,2,0.10,95,0.657459398,0.079097280,-0.012622612849,-0.012622612849,0.000000000000768,0.019117691,0.941292681,0.940866313,0.075168907,0110
xor-moderate,2,0.10,96,0.656831689,0.079621559,-0.012622612849,-0.012622612849,0.000000000000768,0.019117691,0.941292681,0.940866313,0.075168907,0110
xor-moderate,2,0.10,97,0.656195626,0.080150235,-0.012622612849,-0.012622612849,0.000000000000768,0.019117691,0.941292681,0.940866313,0.075168907,0110
xor-moderate,2,0.10,98,0.655551086,0.080683178,-0.012622612849,-0.012622612849,0.000000000000768,0.019117691,0.941292681,0.940866313,0.075168907,0110
xor-moderate,2,0.10,99,0.654897943,0.081220259,-0.012622612849,-0.012622612849,0.000000000000768,0.019117691,0.941292681,0.940866313,0.075168907,0110
xor-moderate,2,0.10,100,0.654236073,0.081761351,-0.012622612849,-0.012622612849,0.000000000000768,0.019117691,0.941292681,0.940866313,0.075168907,0110
xor-moderate,2,0.10,101,0.653565355,0.082306325,-0.012622612849,-0.012622612849,0.000000000000768,0.019117691,0.941292681,0.940866313,0.075168907,0110
xor-moderate,2,0.10,102,0.652885664,0.082855058,-0.012622612849,-0.012622612849,0.000000000000768,0.019117691,0.941292681,0.940866313,0.075168907,0110
xor-moderate,2,0.10,103,0.652196881,0.083407423,-0.012622612849,-0.012622612849,0.000000000000768,0.019117691,0.941292681,0.940866313,0.075168907,0110
xor-moderate,2,0.10,104,0.651498883,0.083963297,-0.012622612849,-0.012622612849,0.000000000000768,0.019117691,0.941292681,0.940866313,0.075168907,0110
xor-moderate,2,0.10,105,0.650791552,0.084522558,-0.012622612849,-0.012622612849,0.000000000000768,0.019117691,0.941292681,0.940866313,0.075168907,0110
xor-moderate,2,0.10,106,0.650074769,0.085085082,-0.012622612849,-0.012622612849,0.000000000000768,0.019117691,0.941292681,0.940866313,0.075168907,0110
xor-moderate,2,0.10,107,0.649348416,0.085650748,-0.012622612849,-0.012622612849,0.000000000000768,0.019117691,0.941292681,0.940866313,0.075168907,0110
xor-moderate,2,0.10,108,0.648612375,0.086219436,-0.012622612849,-0.012622612849,0.000000000000768,0.019117691,0.941292681,0.940866313,0.075168907,0110
xor-moderate,2,0.10,109,0.647866532,0.086791025,-0.012622612849,-0.012622612849,0.000000000000768,0.019117691,0.941292681,0.940866313,0.075168907,0110
xor-moderate,2,0.10,110,0.647110771,0.087365395,-0.012622612849,-0.012622612849,0.000000000000768,0.019117691,0.941292681,0.940866313,0.075168907,0110
xor-moderate,2,0.10,111,0.646344979,0.087942429,-0.012622612849,-0.012622612849,0.000000000000768,0.019117691,0.941292681,0.940866313,0.075168907,0110
xor-moderate,2,0.10,112,0.645569044,0.088522007,-0.012622612849,-0.012622612849,0.000000000000768,0.019117691,0.941292681,0.940866313,0.075168907,0110
xor-moderate,2,0.10,113,0.644782853,0.089104011,-0.012622612849,-0.012622612849,0.000000000000768,0.019117691,0.941292681,0.940866313,0.075168907,0110
xor-moderate,2,0.10,114,0.643986296,0.089688324,-0.012622612849,-0.012622612849,0.000000000000768,0.019117691,0.941292681,0.940866313,0.075168907,0110
xor-moderate,2,0.10,115,0.643179266,0.090274829,-0.012622612849,-0.012622612849,0.000000000000768,0.019117691,0.941292681,0.940866313,0.075168907,0110
xor-moderate,2,0.10,116,0.642361654,0.090863408,-0.012622612849,-0.012622612849,0.000000000000768,0.019117691,0.941292681,0.940866313,0.075168907,0110
xor-moderate,2,0.10,117,0.641533354,0.091453946,-0.012622612849,-0.012622612849,0.000000000000768,0.019117691,0.941292681,0.940866313,0.075168907,0110
xor-moderate,2,0.10,118,0.640694262,0.092046327,-0.012622612849,-0.012622612849,0.000000000000768,0.019117691,0.941292681,0.940866313,0.075168907,0110
xor-moderate,2,0.10,119,0.639844274,0.092640433,-0.012622612849,-0.012622612849,0.000000000000768,0.019117691,0.941292681,0.940866313,0.075168907,0110
xor-moderate,2,0.10,120,0.638983289,0.093236150,-0.012622612849,-0.012622612849,0.000000000000768,0.019117691,0.941292681,0.940866313,0.075168907,0110
xor-moderate,2,0.10,121,0.638111206,0.093833361,-0.012622612849,-0.012622612849,0.000000000000768,0.019117691,0.941292681,0.940866313,0.075168907,0110
xor-moderate,2,0.10,122,0.637227926,0.094431951,-0.012622612849,-0.012622612849,0.000000000000768,0.019117691,0.941292681,0.940866313,0.075168907,0110
xor-moderate,2,0.10,123,0.636333353,0.095031806,-0.012622612849,-0.012622612849,0.000000000000768,0.019117691,0.941292681,0.940866313,0.075168907,0110
xor-moderate,2,0.10,124,0.635427391,0.095632808,-0.012622612849,-0.012622612849,0.000000000000768,0.019117691,0.941292681,0.940866313,0.075168907,0110
xor-moderate,2,0.10,125,0.634509947,0.096234843,-0.012622612849,-0.012622612849,0.000000000000768,0.019117691,0.941292681,0.940866313,0.075168907,0110
xor-moderate,2,0.10,126,0.633580930,0.096837796,-0.012622612849,-0.012622612849,0.000000000000768,0.019117691,0.941292681,0.940866313,0.075168907,0110
xor-moderate,2,0.10,127,0.632640249,0.097441550,-0.012622612849,-0.012622612849,0.000000000000768,0.019117691,0.941292681,0.940866313,0.075168907,0110
xor-moderate,2,0.10,128,0.631687816,0.098045991,-0.012622612849,-0.012622612849,0.000000000000768,0.019117691,0.941292681,0.940866313,0.075168907,0110
xor-moderate,2,0.10,129,0.630723547,0.098651002,-0.012622612849,-0.012622612849,0.000000000000768,0.019117691,0.941292681,0.940866313,0.075168907,0110
xor-moderate,2,0.10,130,0.629747356,0.099256468,-0.012622612849,-0.012622612849,0.000000000000768,0.019117691,0.941292681,0.940866313,0.075168907,0110
xor-moderate,2,0.10,131,0.628759163,0.099862273,-0.012622612849,-0.012622612849,0.000000000000768,0.019117691,0.941292681,0.940866313,0.075168907,0110
xor-moderate,2,0.10,132,0.627758887,0.100468300,-0.012622612849,-0.012622612849,0.000000000000768,0.019117691,0.941292681,0.940866313,0.075168907,0110
xor-moderate,2,0.10,133,0.626746452,0.101074432,-0.012622612849,-0.012622612849,0.000000000000768,0.019117691,0.941292681,0.940866313,0.075168907,0110
xor-moderate,2,0.10,134,0.625721782,0.101680554,-0.012622612849,-0.012622612849,0.000000000000768,0.019117691,0.941292681,0.940866313,0.075168907,0110
xor-moderate,2,0.10,135,0.624684805,0.102286548,-0.012622612849,-0.012622612849,0.000000000000768,0.019117691,0.941292681,0.940866313,0.075168907,0110
xor-moderate,2,0.10,136,0.623635451,0.102892297,-0.012622612849,-0.012622612849,0.000000000000768,0.019117691,0.941292681,0.940866313,0.075168907,0110
xor-moderate,2,0.10,137,0.622573651,0.103497683,-0.012622612849,-0.012622612849,0.000000000000768,0.019117691,0.941292681,0.940866313,0.075168907,0110
xor-moderate,2,0.10,138,0.621499341,0.104102588,-0.012622612849,-0.012622612849,0.000000000000768,0.019117691,0.941292681,0.940866313,0.075168907,0110
xor-moderate,2,0.10,139,0.620412457,0.104706893,-0.012622612849,-0.012622612849,0.000000000000768,0.019117691,0.941292681,0.940866313,0.075168907,0110
xor-moderate,2,0.10,140,0.619312941,0.105310481,-0.012622612849,-0.012622612849,0.000000000000768,0.019117691,0.941292681,0.940866313,0.075168907,0110
xor-moderate,2,0.10,141,0.618200734,0.105913231,-0.012622612849,-0.012622612849,0.000000000000768,0.019117691,0.941292681,0.940866313,0.075168907,0110
xor-moderate,2,0.10,142,0.617075783,0.106515025,-0.012622612849,-0.012622612849,0.000000000000768,0.019117691,0.941292681,0.940866313,0.075168907,0110
xor-moderate,2,0.10,143,0.615938035,0.107115742,-0.012622612849,-0.012622612849,0.000000000000768,0.019117691,0.941292681,0.940866313,0.075168907,0110
xor-moderate,2,0.10,144,0.614787442,0.107715263,-0.012622612849,-0.012622612849,0.000000000000768,0.019117691,0.941292681,0.940866313,0.075168907,0110
xor-moderate,2,0.10,145,0.613623959,0.108313466,-0.012622612849,-0.012622612849,0.000000000000768,0.019117691,0.941292681,0.940866313,0.075168907,0110
xor-moderate,2,0.10,146,0.612447543,0.108910230,-0.012622612849,-0.012622612849,0.000000000000768,0.019117691,0.941292681,0.940866313,0.075168907,0110
xor-moderate,2,0.10,147,0.611258154,0.109505434,-0.012622612849,-0.012622612849,0.000000000000768,0.019117691,0.941292681,0.940866313,0.075168907,0110
xor-moderate,2,0.10,148,0.610055756,0.110098956,-0.012622612849,-0.012622612849,0.000000000000768,0.019117691,0.941292681,0.940866313,0.075168907,0110
xor-moderate,2,0.10,149,0.608840317,0.110690674,-0.012622612849,-0.012622612849,0.000000000000768,0.019117691,0.941292681,0.940866313,0.075168907,0110
xor-moderate,2,0.10,150,0.607611806,0.111280465,-0.012622612849,-0.012622612849,0.000000000000768,0.019117691,0.941292681,0.940866313,0.075168907,0110
xor-moderate,2,0.10,151,0.606370198,0.111868206,-0.012622612849,-0.012622612849,0.000000000000768,0.019117691,0.941292681,0.940866313,0.075168907,0110
xor-moderate,2,0.10,152,0.605115468,0.112453774,-0.012622612849,-0.012622612849,0.000000000000768,0.019117691,0.941292681,0.940866313,0.075168907,0110
xor-moderate,2,0.10,153,0.603847599,0.113037045,-0.012622612849,-0.012622612849,0.000000000000768,0.019117691,0.941292681,0.940866313,0.075168907,0110
xor-moderate,2,0.10,154,0.602566575,0.113617895,-0.012622612849,-0.012622612849,0.000000000000768,0.019117691,0.941292681,0.940866313,0.075168907,0110
xor-moderate,2,0.10,155,0.601272382,0.114196201,-0.012622612849,-0.012622612849,0.000000000000768,0.019117691,0.941292681,0.940866313,0.075168907,0110
xor-moderate,2,0.10,156,0.599965013,0.114771837,-0.012622612849,-0.012622612849,0.000000000000768,0.019117691,0.941292681,0.940866313,0.075168907,0110
xor-moderate,2,0.10,157,0.598644464,0.115344678,-0.012622612849,-0.012622612849,0.000000000000768,0.019117691,0.941292681,0.940866313,0.075168907,0110
xor-moderate,2,0.10,158,0.597310733,0.115914601,-0.012622612849,-0.012622612849,0.000000000000768,0.019117691,0.941292681,0.940866313,0.075168907,0110
xor-moderate,2,0.10,159,0.595963823,0.116481481,-0.012622612849,-0.012622612849,0.000000000000768,0.019117691,0.941292681,0.940866313,0.075168907,0110
xor-moderate,2,0.10,160,0.594603741,0.117045191,-0.012622612849,-0.012622612849,0.000000000000768,0.019117691,0.941292681,0.940866313,0.075168907,0110
xor-moderate,2,0.10,161,0.593230499,0.117605609,-0.012622612849,-0.012622612849,0.000000000000768,0.019117691,0.941292681,0.940866313,0.075168907,0110
xor-moderate,2,0.10,162,0.591844110,0.118162607,-0.012622612849,-0.012622612849,0.000000000000768,0.019117691,0.941292681,0.940866313,0.075168907,0110
xor-moderate,2,0.10,163,0.590444595,0.118716063,-0.012622612849,-0.012622612849,0.000000000000768,0.019117691,0.941292681,0.940866313,0.075168907,0110
xor-moderate,2,0.10,164,0.589031975,0.119265850,-0.012622612849,-0.012622612849,0.000000000000768,0.019117691,0.941292681,0.940866313,0.075168907,0110
xor-moderate,2,0.10,165,0.587606280,0.119811844,-0.012622612849,-0.012622612849,0.000000000000768,0.019117691,0.941292681,0.940866313,0.075168907,0110
xor-moderate,2,0.10,166,0.586167539,0.120353922,-0.012622612849,-0.012622612849,0.000000000000768,0.019117691,0.941292681,0.940866313,0.075168907,0110
xor-moderate,2,0.10,167,0.584715789,0.120891958,-0.012622612849,-0.012622612849,0.000000000000768,0.019117691,0.941292681,0.940866313,0.075168907,0110
xor-moderate,2,0.10,168,0.583251069,0.121425830,-0.012622612849,-0.012622612849,0.000000000000768,0.019117691,0.941292681,0.940866313,0.075168907,0110
xor-moderate,2,0.10,169,0.581773425,0.121955415,-0.012622612849,-0.012622612849,0.000000000000768,0.019117691,0.941292681,0.940866313,0.075168907,0110
xor-moderate,2,0.10,170,0.580282904,0.122480589,-0.012622612849,-0.012622612849,0.000000000000768,0.019117691,0.941292681,0.940866313,0.075168907,0110
xor-moderate,2,0.10,171,0.578779560,0.123001232,-0.012622612849,-0.012622612849,0.000000000000768,0.019117691,0.941292681,0.940866313,0.075168907,0110
xor-moderate,2,0.10,172,0.577263450,0.123517221,-0.012622612849,-0.012622612849,0.000000000000768,0.019117691,0.941292681,0.940866313,0.075168907,0110
xor-moderate,2,0.10,173,0.575734636,0.124028436,-0.012622612849,-0.012622612849,0.000000000000768,0.019117691,0.941292681,0.940866313,0.075168907,0110
xor-moderate,2,0.10,174,0.574193184,0.124534757,-0.012622612849,-0.012622612849,0.000000000000768,0.019117691,0.941292681,0.940866313,0.075168907,0110
xor-moderate,2,0.10,175,0.572639166,0.125036067,-0.012622612849,-0.012622612849,0.000000000000768,0.019117691,0.941292681,0.940866313,0.075168907,0110
xor-moderate,2,0.10,176,0.571072655,0.125532246,-0.012622612849,-0.012622612849,0.000000000000768,0.019117691,0.941292681,0.940866313,0.075168907,0110
xor-moderate,2,0.10,177,0.569493733,0.126023178,-0.012622612849,-0.012622612849,0.000000000000768,0.019117691,0.941292681,0.940866313,0.075168907,0110
xor-moderate,2,0.10,178,0.567902482,0.126508748,-0.012622612849,-0.012622612849,0.000000000000768,0.019117691,0.941292681,0.940866313,0.075168907,0110
xor-moderate,2,0.10,179,0.566298992,0.126988841,-0.012622612849,-0.012622612849,0.000000000000768,0.019117691,0.941292681,0.940866313,0.075168907,0110
xor-moderate,2,0.10,180,0.564683356,0.127463345,-0.012622612849,-0.012622612849,0.000000000000768,0.019117691,0.941292681,0.940866313,0.075168907,0110
xor-moderate,2,0.10,181,0.563055670,0.127932149,-0.012622612849,-0.012622612849,0.000000000000768,0.019117691,0.941292681,0.940866313,0.075168907,0110
xor-moderate,2,0.10,182,0.561416038,0.128395141,-0.012622612849,-0.012622612849,0.000000000000768,0.019117691,0.941292681,0.940866313,0.075168907,0110
xor-moderate,2,0.10,183,0.559764565,0.128852214,-0.012622612849,-0.012622612849,0.000000000000768,0.019117691,0.941292681,0.940866313,0.075168907,0110
xor-moderate,2,0.10,184,0.558101363,0.129303262,-0.012622612849,-0.012622612849,0.000000000000768,0.019117691,0.941292681,0.940866313,0.075168907,0110
xor-moderate,2,0.10,185,0.556426546,0.129748179,-0.012622612849,-0.012622612849,0.000000000000768,0.019117691,0.941292681,0.940866313,0.075168907,0110
xor-moderate,2,0.10,186,0.554740233,0.130186862,-0.012622612849,-0.012622612849,0.000000000000768,0.019117691,0.941292681,0.940866313,0.075168907,0110
xor-moderate,2,0.10,187,0.553042549,0.130619210,-0.012622612849,-0.012622612849,0.000000000000768,0.019117691,0.941292681,0.940866313,0.075168907,0110
xor-moderate,2,0.10,188,0.551333622,0.131045125,-0.012622612849,-0.012622612849,0.000000000000768,0.019117691,0.941292681,0.940866313,0.075168907,0110
xor-moderate,2,0.10,189,0.549613584,0.131464509,-0.012622612849,-0.012622612849,0.000000000000768,0.019117691,0.941292681,0.940866313,0.075168907,0110
xor-moderate,2,0.10,190,0.547882572,0.131877267,-0.012622612849,-0.012622612849,0.000000000000768,0.019117691,0.941292681,0.940866313,0.075168907,0110
xor-moderate,2,0.10,191,0.546140725,0.132283308,-0.012622612849,-0.012622612849,0.000000000000768,0.019117691,0.941292681,0.940866313,0.075168907,0110
xor-moderate,2,0.10,192,0.544388189,0.132682541,-0.012622612849,-0.012622612849,0.000000000000768,0.019117691,0.941292681,0.940866313,0.075168907,0110
xor-moderate,2,0.10,193,0.542625113,0.133074877,-0.012622612849,-0.012622612849,0.000000000000768,0.019117691,0.941292681,0.940866313,0.075168907,0110
xor-moderate,2,0.10,194,0.540851648,0.133460233,-0.012622612849,-0.012622612849,0.000000000000768,0.019117691,0.941292681,0.940866313,0.075168907,0110
xor-moderate,2,0.10,195,0.539067952,0.133838526,-0.012622612849,-0.012622612849,0.000000000000768,0.019117691,0.941292681,0.940866313,0.075168907,0110
xor-moderate,2,0.10,196,0.537274185,0.134209675,-0.012622612849,-0.012622612849,0.000000000000768,0.019117691,0.941292681,0.940866313,0.075168907,0110
xor-moderate,2,0.10,197,0.535470511,0.134573603,-0.012622612849,-0.012622612849,0.000000000000768,0.019117691,0.941292681,0.940866313,0.075168907,0110
xor-moderate,2,0.10,198,0.533657098,0.134930235,-0.012622612849,-0.012622612849,0.000000000000768,0.019117691,0.941292681,0.940866313,0.075168907,0110
xor-moderate,2,0.10,199,0.531834116,0.135279501,-0.012622612849,-0.012622612849,0.000000000000768,0.019117691,0.941292681,0.940866313,0.075168907,0110
xor-moderate,2,0.10,200,0.530001741,0.135621330,-0.012622612849,-0.012622612849,0.000000000000768,0.019117691,0.941292681,0.940866313,0.075168907,0110
xor-moderate,2,0.10,201,0.528160151,0.135955658,-0.012622612849,-0.012622612849,0.000000000000768,0.019117691,0.941292681,0.940866313,0.075168907,0110
xor-moderate,2,0.10,202,0.526309527,0.136282420,-0.012622612849,-0.012622612849,0.000000000000768,0.019117691,0.941292681,0.940866313,0.075168907,0110
xor-moderate,2,0.10,203,0.524450055,0.136601558,-0.012622612849,-0.012622612849,0.000000000000768,0.019117691,0.941292681,0.940866313,0.075168907,0110
xor-moderate,2,0.10,204,0.522581920,0.136913014,-0.012622612849,-0.012622612849,0.000000000000768,0.019117691,0.941292681,0.940866313,0.075168907,0110
xor-moderate,2,0.10,205,0.520705315,0.137216734,-0.012622612849,-0.012622612849,0.000000000000768,0.019117691,0.941292681,0.940866313,0.075168907,0110
xor-moderate,2,0.10,206,0.518820433,0.137512668,-0.012622612849,-0.012622612849,0.000000000000768,0.019117691,0.941292681,0.940866313,0.075168907,0110
xor-moderate,2,0.10,207,0.516927470,0.137800768,-0.012622612849,-0.012622612849,0.000000000000768,0.019117691,0.941292681,0.940866313,0.075168907,0110
xor-moderate,2,0.10,208,0.515026625,0.138080991,-0.012622612849,-0.012622612849,0.000000000000768,0.019117691,0.941292681,0.940866313,0.075168907,0110
xor-moderate,2,0.10,209,0.513118101,0.138353294,-0.012622612849,-0.012622612849,0.000000000000768,0.019117691,0.941292681,0.940866313,0.075168907,0110
xor-moderate,2,0.10,210,0.511202100,0.138617640,-0.012622612849,-0.012622612849,0.000000000000768,0.019117691,0.941292681,0.940866313,0.075168907,0110
xor-moderate,2,0.10,211,0.509278829,0.138873995,-0.012622612849,-0.012622612849,0.000000000000768,0.019117691,0.941292681,0.940866313,0.075168907,0110
xor-moderate,2,0.10,212,0.507348497,0.139122327,-0.012622612849,-0.012622612849,0.000000000000768,0.019117691,0.941292681,0.940866313,0.075168907,0110
xor-moderate,2,0.10,213,0.505411315,0.139362608,-0.012622612849,-0.012622612849,0.000000000000768,0.019117691,0.941292681,0.940866313,0.075168907,0110
xor-moderate,2,0.10,214,0.503467495,0.139594813,-0.012622612849,-0.012622612849,0.000000000000768,0.019117691,0.941292681,0.940866313,0.075168907,0110
xor-moderate,2,0.10,215,0.501517250,0.139818921,-0.012622612849,-0.012622612849,0.000000000000768,0.019117691,0.941292681,0.940866313,0.075168907,0110
xor-moderate,2,0.10,216,0.499560799,0.140034913,-0.012622612849,-0.012622612849,0.000000000000768,0.019117691,0.941292681,0.940866313,0.075168907,0110
xor-moderate,2,0.10,217,0.497598357,0.140242774,-0.012622612849,-0.012622612849,0.000000000000768,0.019117691,0.941292681,0.940866313,0.075168907,0110
xor-moderate,2,0.10,218,0.495630144,0.140442492,-0.012622612849,-0.012622612849,0.000000000000768,0.019117691,0.941292681,0.940866313,0.075168907,0110
xor-moderate,2,0.10,219,0.493656381,0.140634060,-0.012622612849,-0.012622612849,0.000000000000768,0.019117691,0.941292681,0.940866313,0.075168907,0110
xor-moderate,2,0.10,220,0.491677288,0.140817471,-0.012622612849,-0.012622612849,0.000000000000768,0.019117691,0.941292681,0.940866313,0.075168907,0110
xor-moderate,2,0.10,221,0.489693090,0.140992723,-0.012622612849,-0.012622612849,0.000000000000768,0.019117691,0.941292681,0.940866313,0.075168907,0110
xor-moderate,2,0.10,222,0.487704008,0.141159818,-0.012622612849,-0.012622612849,0.000000000000768,0.019117691,0.941292681,0.940866313,0.075168907,0110
xor-moderate,2,0.10,223,0.485710268,0.141318759,-0.012622612849,-0.012622612849,0.000000000000768,0.019117691,0.941292681,0.940866313,0.075168907,0110
xor-moderate,2,0.10,224,0.483712095,0.141469554,-0.012622612849,-0.012622612849,0.000000000000768,0.019117691,0.941292681,0.940866313,0.075168907,0110
xor-moderate,2,0.10,225,0.481709714,0.141612212,-0.012622612849,-0.012622612849,0.000000000000768,0.019117691,0.941292681,0.940866313,0.075168907,0110
xor-moderate,2,0.10,226,0.479703350,0.141746748,-0.012622612849,-0.012622612849,0.000000000000768,0.019117691,0.941292681,0.940866313,0.075168907,0110
xor-moderate,2,0.10,227,0.477693232,0.141873176,-0.012622612849,-0.012622612849,0.000000000000768,0.019117691,0.941292681,0.940866313,0.075168907,0110
xor-moderate,2,0.10,228,0.475679584,0.141991518,-0.012622612849,-0.012622612849,0.000000000000768,0.019117691,0.941292681,0.940866313,0.075168907,0110
xor-moderate,2,0.10,229,0.473662633,0.142101794,-0.012622612849,-0.012622612849,0.000000000000768,0.019117691,0.941292681,0.940866313,0.075168907,0110
xor-moderate,2,0.10,230,0.471642606,0.142204029,-0.012622612849,-0.012622612849,0.000000000000768,0.019117691,0.941292681,0.940866313,0.075168907,0110
xor-moderate,2,0.10,231,0.469619729,0.142298252,-0.012622612849,-0.012622612849,0.000000000000768,0.019117691,0.941292681,0.940866313,0.075168907,0110
xor-moderate,2,0.10,232,0.467594228,0.142384492,-0.012622612849,-0.012622612849,0.000000000000768,0.019117691,0.941292681,0.940866313,0.075168907,0110
xor-moderate,2,0.10,233,0.465566328,0.142462783,-0.012622612849,-0.012622612849,0.000000000000768,0.019117691,0.941292681,0.940866313,0.075168907,0110
xor-moderate,2,0.10,234,0.463536254,0.142533161,-0.012622612849,-0.012622612849,0.000000000000768,0.019117691,0.941292681,0.940866313,0.075168907,0110
xor-moderate,2,0.10,235,0.461504230,0.142595663,-0.012622612849,-0.012622612849,0.000000000000768,0.019117691,0.941292681,0.940866313,0.075168907,0110
xor-moderate,2,0.10,236,0.459470480,0.142650330,-0.012622612849,-0.012622612849,0.000000000000768,0.019117691,0.941292681,0.940866313,0.075168907,0110
xor-moderate,2,0.10,237,0.457435226,0.142697206,-0.012622612849,-0.012622612849,0.000000000000768,0.019117691,0.941292681,0.940866313,0.075168907,0110
xor-moderate,2,0.10,238,0.455398689,0.142736336,-0.012622612849,-0.012622612849,0.000000000000768,0.019117691,0.941292681,0.940866313,0.075168907,0110
xor-moderate,2,0.10,239,0.453361091,0.142767768,-0.012622612849,-0.012622612849,0.000000000000768,0.019117691,0.941292681,0.940866313,0.075168907,0110
xor-moderate,2,0.10,240,0.451322649,0.142791552,-0.012622612849,-0.012622612849,0.000000000000768,0.019117691,0.941292681,0.940866313,0.075168907,0110
xor-moderate,2,0.10,241,0.449283583,0.142807740,-0.012622612849,-0.012622612849,0.000000000000768,0.019117691,0.941292681,0.940866313,0.075168907,0110
xor-moderate,2,0.10,242,0.447244108,0.142816387,-0.012622612849,-0.012622612849,0.000000000000768,0.019117691,0.941292681,0.940866313,0.075168907,0110
xor-moderate,2,0.10,243,0.445204440,0.142817549,-0.012622612849,-0.012622612849,0.000000000000768,0.019117691,0.941292681,0.940866313,0.075168907,0110
xor-moderate,2,0.10,244,0.443164792,0.142811285,-0.012622612849,-0.012622612849,0.000000000000768,0.019117691,0.941292681,0.940866313,0.075168907,0110
xor-moderate,2,0.10,245,0.441125375,0.142797654,-0.012622612849,-0.012622612849,0.000000000000768,0.019117691,0.941292681,0.940866313,0.075168907,0110
xor-moderate,2,0.10,246,0.439086400,0.142776718,-0.012622612849,-0.012622612849,0.000000000000768,0.019117691,0.941292681,0.940866313,0.075168907,0110
xor-moderate,2,0.10,247,0.437048075,0.142748542,-0.012622612849,-0.012622612849,0.000000000000768,0.019117691,0.941292681,0.940866313,0.075168907,0110
xor-moderate,2,0.10,248,0.435010605,0.142713191,-0.012622612849,-0.012622612849,0.000000000000768,0.019117691,0.941292681,0.940866313,0.075168907,0110
xor-moderate,2,0.10,249,0.432974195,0.142670732,-0.012622612849,-0.012622612849,0.000000000000768,0.019117691,0.941292681,0.940866313,0.075168907,0110
xor-moderate,2,0.10,250,0.430939047,0.142621233,-0.012622612849,-0.012622612849,0.000000000000768,0.019117691,0.941292681,0.940866313,0.075168907,0110
xor-moderate,2,0.10,251,0.428905361,0.142564766,-0.012622612849,-0.012622612849,0.000000000000768,0.019117691,0.941292681,0.940866313,0.075168907,0110
xor-moderate,2,0.10,252,0.426873334,0.142501400,-0.012622612849,-0.012622612849,0.000000000000768,0.019117691,0.941292681,0.940866313,0.075168907,0110
xor-moderate,2,0.10,253,0.424843162,0.142431209,-0.012622612849,-0.012622612849,0.000000000000768,0.019117691,0.941292681,0.940866313,0.075168907,0110
xor-moderate,2,0.10,254,0.422815038,0.142354267,-0.012622612849,-0.012622612849,0.000000000000768,0.019117691,0.941292681,0.940866313,0.075168907,0110
xor-moderate,2,0.10,255,0.420789153,0.142270650,-0.012622612849,-0.012622612849,0.000000000000768,0.019117691,0.941292681,0.940866313,0.075168907,0110
xor-moderate,2,0.10,256,0.418765694,0.142180433,-0.012622612849,-0.012622612849,0.000000000000768,0.019117691,0.941292681,0.940866313,0.075168907,0110
xor-moderate,2,0.10,257,0.416744847,0.142083695,-0.012622612849,-0.012622612849,0.000000000000768,0.019117691,0.941292681,0.940866313,0.075168907,0110
xor-moderate,2,0.10,258,0.414726796,0.141980513,-0.012622612849,-0.012622612849,0.000000000000768,0.019117691,0.941292681,0.940866313,0.075168907,0110
xor-moderate,2,0.10,259,0.412711720,0.141870967,-0.012622612849,-0.012622612849,0.000000000000768,0.019117691,0.941292681,0.940866313,0.075168907,0110
xor-moderate,2,0.10,260,0.410699798,0.141755137,-0.012622612849,-0.012622612849,0.000000000000768,0.019117691,0.941292681,0.940866313,0.075168907,0110
xor-moderate,2,0.10,261,0.408691205,0.141633105,-0.012622612849,-0.012622612849,0.000000000000768,0.019117691,0.941292681,0.940866313,0.075168907,0110
xor-moderate,2,0.10,262,0.406686112,0.141504952,-0.012622612849,-0.012622612849,0.000000000000768,0.019117691,0.941292681,0.940866313,0.075168907,0110
xor-moderate,2,0.10,263,0.404684690,0.141370760,-0.012622612849,-0.012622612849,0.000000000000768,0.019117691,0.941292681,0.940866313,0.075168907,0110
xor-moderate,2,0.10,264,0.402687106,0.141230613,-0.012622612849,-0.012622612849,0.000000000000768,0.019117691,0.941292681,0.940866313,0.075168907,0110
xor-moderate,2,0.10,265,0.400693522,0.141084594,-0.012622612849,-0.012622612849,0.000000000000768,0.019117691,0.941292681,0.940866313,0.075168907,0110
xor-moderate,2,0.10,266,0.398704101,0.140932788,-0.012622612849,-0.012622612849,0.000000000000768,0.019117691,0.941292681,0.940866313,0.075168907,0110
xor-moderate,2,0.10,267,0.396719000,0.140775279,-0.012622612849,-0.012622612849,0.000000000000768,0.019117691,0.941292681,0.940866313,0.075168907,0110
xor-moderate,2,0.10,268,0.394738374,0.140612152,-0.012622612849,-0.012622612849,0.000000000000768,0.019117691,0.941292681,0.940866313,0.075168907,0110
xor-moderate,2,0.10,269,0.392762376,0.140443493,-0.012622612849,-0.012622612849,0.000000000000768,0.019117691,0.941292681,0.940866313,0.075168907,0110
xor-moderate,2,0.10,270,0.390791156,0.140269387,-0.012622612849,-0.012622612849,0.000000000000768,0.019117691,0.941292681,0.940866313,0.075168907,0110
xor-moderate,2,0.10,271,0.388824859,0.140089921,-0.012622612849,-0.012622612849,0.000000000000768,0.019117691,0.941292681,0.940866313,0.075168907,0110
xor-moderate,2,0.10,272,0.386863628,0.139905179,-0.012622612849,-0.012622612849,0.000000000000768,0.019117691,0.941292681,0.940866313,0.075168907,0110
xor-moderate,2,0.10,273,0.384907606,0.139715250,-0.012622612849,-0.012622612849,0.000000000000768,0.019117691,0.941292681,0.940866313,0.075168907,0110
xor-moderate,2,0.10,274,0.382956928,0.139520218,-0.012622612849,-0.012622612849,0.000000000000768,0.019117691,0.941292681,0.940866313,0.075168907,0110
xor-moderate,2,0.10,275,0.381011729,0.139320171,-0.012622612849,-0.012622612849,0.000000000000768,0.019117691,0.941292681,0.940866313,0.075168907,0110
xor-moderate,2,0.10,276,0.379072141,0.139115194,-0.012622612849,-0.012622612849,0.000000000000768,0.019117691,0.941292681,0.940866313,0.075168907,0110
xor-moderate,2,0.10,277,0.377138291,0.138905375,-0.012622612849,-0.012622612849,0.000000000000768,0.019117691,0.941292681,0.940866313,0.075168907,0110
xor-moderate,2,0.10,278,0.375210306,0.138690799,-0.012622612849,-0.012622612849,0.000000000000768,0.019117691,0.941292681,0.940866313,0.075168907,0110
xor-moderate,2,0.10,279,0.373288308,0.138471554,-0.012622612849,-0.012622612849,0.000000000000768,0.019117691,0.941292681,0.940866313,0.075168907,0110
xor-moderate,2,0.10,280,0.371372415,0.138247724,-0.012622612849,-0.012622612849,0.000000000000768,0.019117691,0.941292681,0.940866313,0.075168907,0110
xor-moderate,2,0.10,281,0.369462746,0.138019397,-0.012622612849,-0.012622612849,0.000000000000768,0.019117691,0.941292681,0.940866313,0.075168907,0110
xor-moderate,2,0.10,282,0.367559412,0.137786657,-0.012622612849,-0.012622612849,0.000000000000768,0.019117691,0.941292681,0.940866313,0.075168907,0110
xor-moderate,2,0.10,283,0.365662524,0.137549590,-0.012622612849,-0.012622612849,0.000000000000768,0.019117691,0.941292681,0.940866313,0.075168907,0110
xor-moderate,2,0.10,284,0.363772190,0.137308282,-0.012622612849,-0.012622612849,0.000000000000768,0.019117691,0.941292681,0.940866313,0.075168907,0110
xor-moderate,2,0.10,285,0.361888514,0.137062817,-0.012622612849,-0.012622612849,0.000000000000768,0.019117691,0.941292681,0.940866313,0.075168907,0110
xor-moderate,2,0.10,286,0.360011598,0.136813280,-0.012622612849,-0.012622612849,0.000000000000768,0.019117691,0.941292681,0.940866313,0.075168907,0110
xor-moderate,2,0.10,287,0.358141541,0.136559754,-0.012622612849,-0.012622612849,0.000000000000768,0.019117691,0.941292681,0.940866313,0.075168907,0110
xor-moderate,2,0.10,288,0.356278438,0.136302325,-0.012622612849,-0.012622612849,0.000000000000768,0.019117691,0.941292681,0.940866313,0.075168907,0110
xor-moderate,2,0.10,289,0.354422382,0.136041074,-0.012622612849,-0.012622612849,0.000000000000768,0.019117691,0.941292681,0.940866313,0.075168907,0110
xor-moderate,2,0.10,290,0.352573463,0.135776085,-0.012622612849,-0.012622612849,0.000000000000768,0.019117691,0.941292681,0.940866313,0.075168907,0110
xor-moderate,2,0.10,291,0.350731768,0.135507441,-0.012622612849,-0.012622612849,0.000000000000768,0.019117691,0.941292681,0.940866313,0.075168907,0110
xor-moderate,2,0.10,292,0.348897382,0.135235223,-0.012622612849,-0.012622612849,0.000000000000768,0.019117691,0.941292681,0.940866313,0.075168907,0110
xor-moderate,2,0.10,293,0.347070385,0.134959512,-0.012622612849,-0.012622612849,0.000000000000768,0.019117691,0.941292681,0.940866313,0.075168907,0110
xor-moderate,2,0.10,294,0.345250858,0.134680390,-0.012622612849,-0.012622612849,0.000000000000768,0.019117691,0.941292681,0.940866313,0.075168907,0110
xor-moderate,2,0.10,295,0.343438876,0.134397936,-0.012622612849,-0.012622612849,0.000000000000768,0.019117691,0.941292681,0.940866313,0.075168907,0110
xor-moderate,2,0.10,296,0.341634511,0.134112231,-0.012622612849,-0.012622612849,0.000000000000768,0.019117691,0.941292681,0.940866313,0.075168907,0110
xor-moderate,2,0.10,297,0.339837836,0.133823353,-0.012622612849,-0.012622612849,0.000000000000768,0.019117691,0.941292681,0.940866313,0.075168907,0110
xor-moderate,2,0.10,298,0.338048917,0.133531381,-0.012622612849,-0.012622612849,0.000000000000768,0.019117691,0.941292681,0.940866313,0.075168907,0110
xor-moderate,2,0.10,299,0.336267820,0.133236392,-0.012622612849,-0.012622612849,0.000000000000768,0.019117691,0.941292681,0.940866313,0.075168907,0110
xor-moderate,2,0.10,300,0.334494608,0.132938464,-0.012622612849,-0.012622612849,0.000000000000768,0.019117691,0.941292681,0.940866313,0.075168907,0110
xor-moderate,2,0.10,301,0.332729340,0.132637674,-0.012622612849,-0.012622612849,0.000000000000768,0.019117691,0.941292681,0.940866313,0.075168907,0110
xor-moderate,2,0.10,302,0.330972075,0.132334096,-0.012622612849,-0.012622612849,0.000000000000768,0.019117691,0.941292681,0.940866313,0.075168907,0110
xor-moderate,2,0.10,303,0.329222867,0.132027807,-0.012622612849,-0.012622612849,0.000000000000768,0.019117691,0.941292681,0.940866313,0.075168907,0110
xor-moderate,2,0.10,304,0.327481769,0.131718880,-0.012622612849,-0.012622612849,0.000000000000768,0.019117691,0.941292681,0.940866313,0.075168907,0110
xor-moderate,2,0.10,305,0.325748831,0.131407389,-0.012622612849,-0.012622612849,0.000000000000768,0.019117691,0.941292681,0.940866313,0.075168907,0110
xor-moderate,2,0.10,306,0.324024101,0.131093407,-0.012622612849,-0.012622612849,0.000000000000768,0.019117691,0.941292681,0.940866313,0.075168907,0110
xor-moderate,2,0.10,307,0.322307624,0.130777007,-0.012622612849,-0.012622612849,0.000000000000768,0.019117691,0.941292681,0.940866313,0.075168907,0110
xor-moderate,2,0.10,308,0.320599443,0.130458259,-0.012622612849,-0.012622612849,0.000000000000768,0.019117691,0.941292681,0.940866313,0.075168907,0110
xor-moderate,2,0.10,309,0.318899598,0.130137234,-0.012622612849,-0.012622612849,0.000000000000768,0.019117691,0.941292681,0.940866313,0.075168907,0110
xor-moderate,2,0.10,310,0.317208129,0.129814003,-0.012622612849,-0.012622612849,0.000000000000768,0.019117691,0.941292681,0.940866313,0.075168907,0110
xor-moderate,2,0.10,311,0.315525070,0.129488634,-0.012622612849,-0.012622612849,0.000000000000768,0.019117691,0.941292681,0.940866313,0.075168907,0110
xor-moderate,2,0.10,312,0.313850457,0.129161196,-0.012622612849,-0.012622612849,0.000000000000768,0.019117691,0.941292681,0.940866313,0.075168907,0110
xor-moderate,2,0.10,313,0.312184321,0.128831756,-0.012622612849,-0.012622612849,0.000000000000768,0.019117691,0.941292681,0.940866313,0.075168907,0110
xor-moderate,2,0.10,314,0.310526691,0.128500381,-0.012622612849,-0.012622612849,0.000000000000768,0.019117691,0.941292681,0.940866313,0.075168907,0110
xor-moderate,2,0.10,315,0.308877594,0.128167137,-0.012622612849,-0.012622612849,0.000000000000768,0.019117691,0.941292681,0.940866313,0.075168907,0110
xor-moderate,2,0.10,316,0.307237058,0.127832089,-0.012622612849,-0.012622612849,0.000000000000768,0.019117691,0.941292681,0.940866313,0.075168907,0110
xor-moderate,2,0.10,317,0.305605104,0.127495302,-0.012622612849,-0.012622612849,0.000000000000768,0.019117691,0.941292681,0.940866313,0.075168907,0110
xor-moderate,2,0.10,318,0.303981754,0.127156838,-0.012622612849,-0.012622612849,0.000000000000768,0.019117691,0.941292681,0.940866313,0.075168907,0110
xor-moderate,2,0.10,319,0.302367027,0.126816761,-0.012622612849,-0.012622612849,0.000000000000768,0.019117691,0.941292681,0.940866313,0.075168907,0110
xor-moderate,2,0.10,320,0.300760942,0.126475132,-0.012622612849,-0.012622612849,0.000000000000768,0.019117691,0.941292681,0.940866313,0.075168907,0110
xor-moderate,2,0.10,321,0.299163514,0.126132013,-0.012622612849,-0.012622612849,0.000000000000768,0.019117691,0.941292681,0.940866313,0.075168907,0110
xor-moderate,2,0.10,322,0.297574757,0.125787463,-0.012622612849,-0.012622612849,0.000000000000768,0.019117691,0.941292681,0.940866313,0.075168907,0110
xor-moderate,2,0.10,323,0.295994682,0.125441542,-0.012622612849,-0.012622612849,0.000000000000768,0.019117691,0.941292681,0.940866313,0.075168907,0110
xor-moderate,2,0.10,324,0.294423299,0.125094309,-0.012622612849,-0.012622612849,0.000000000000768,0.019117691,0.941292681,0.940866313,0.075168907,0110
xor-moderate,2,0.10,325,0.292860619,0.124745822,-0.012622612849,-0.012622612849,0.000000000000768,0.019117691,0.941292681,0.940866313,0.075168907,0110
xor-moderate,2,0.10,326,0.291306646,0.124396136,-0.012622612849,-0.012622612849,0.000000000000768,0.019117691,0.941292681,0.940866313,0.075168907,0110
xor-moderate,2,0.10,327,0.289761386,0.124045309,-0.012622612849,-0.012622612849,0.000000000000768,0.019117691,0.941292681,0.940866313,0.075168907,0110
xor-moderate,2,0.10,328,0.288224843,0.123693395,-0.012622612849,-0.012622612849,0.000000000000768,0.019117691,0.941292681,0.940866313,0.075168907,0110
xor-moderate,2,0.10,329,0.286697019,0.123340450,-0.012622612849,-0.012622612849,0.000000000000768,0.019117691,0.941292681,0.940866313,0.075168907,0110
xor-moderate,2,0.10,330,0.285177913,0.122986526,-0.012622612849,-0.012622612849,0.000000000000768,0.019117691,0.941292681,0.940866313,0.075168907,0110
xor-moderate,2,0.10,331,0.283667525,0.122631676,-0.012622612849,-0.012622612849,0.000000000000768,0.019117691,0.941292681,0.940866313,0.075168907,0110
xor-moderate,2,0.10,332,0.282165852,0.122275952,-0.012622612849,-0.012622612849,0.000000000000768,0.019117691,0.941292681,0.940866313,0.075168907,0110
xor-moderate,2,0.10,333,0.280672889,0.121919406,-0.012622612849,-0.012622612849,0.000000000000768,0.019117691,0.941292681,0.940866313,0.075168907,0110
xor-moderate,2,0.10,334,0.279188631,0.121562088,-0.012622612849,-0.012622612849,0.000000000000768,0.019117691,0.941292681,0.940866313,0.075168907,0110
xor-moderate,2,0.10,335,0.277713072,0.121204047,-0.012622612849,-0.012622612849,0.000000000000768,0.019117691,0.941292681,0.940866313,0.075168907,0110
xor-moderate,2,0.10,336,0.276246202,0.120845332,-0.012622612849,-0.012622612849,0.000000000000768,0.019117691,0.941292681,0.940866313,0.075168907,0110
xor-moderate,2,0.10,337,0.274788013,0.120485990,-0.012622612849,-0.012622612849,0.000000000000768,0.019117691,0.941292681,0.940866313,0.075168907,0110
xor-moderate,2,0.10,338,0.273338492,0.120126070,-0.012622612849,-0.012622612849,0.000000000000768,0.019117691,0.941292681,0.940866313,0.075168907,0110
xor-moderate,2,0.10,339,0.271897629,0.119765616,-0.012622612849,-0.012622612849,0.000000000000768,0.019117691,0.941292681,0.940866313,0.075168907,0110
xor-moderate,2,0.10,340,0.270465409,0.119404675,-0.012622612849,-0.012622612849,0.000000000000768,0.019117691,0.941292681,0.940866313,0.075168907,0110
xor-moderate,2,0.10,341,0.269041817,0.119043292,-0.012622612849,-0.012622612849,0.000000000000768,0.019117691,0.941292681,0.940866313,0.075168907,0110
xor-moderate,2,0.10,342,0.267626839,0.118681510,-0.012622612849,-0.012622612849,0.000000000000768,0.019117691,0.941292681,0.940866313,0.075168907,0110
xor-moderate,2,0.10,343,0.266220457,0.118319372,-0.012622612849,-0.012622612849,0.000000000000768,0.019117691,0.941292681,0.940866313,0.075168907,0110
xor-moderate,2,0.10,344,0.264822652,0.117956921,-0.012622612849,-0.012622612849,0.000000000000768,0.019117691,0.941292681,0.940866313,0.075168907,0110
xor-moderate,2,0.10,345,0.263433407,0.117594198,-0.012622612849,-0.012622612849,0.000000000000768,0.019117691,0.941292681,0.940866313,0.075168907,0110
xor-moderate,2,0.10,346,0.262052700,0.117231245,-0.012622612849,-0.012622612849,0.000000000000768,0.019117691,0.941292681,0.940866313,0.075168907,0110
xor-moderate,2,0.10,347,0.260680511,0.116868100,-0.012622612849,-0.012622612849,0.000000000000768,0.019117691,0.941292681,0.940866313,0.075168907,0110
xor-moderate,2,0.10,348,0.259316818,0.116504804,-0.012622612849,-0.012622612849,0.000000000000768,0.019117691,0.941292681,0.940866313,0.075168907,0110
xor-moderate,2,0.10,349,0.257961597,0.116141395,-0.012622612849,-0.012622612849,0.000000000000768,0.019117691,0.941292681,0.940866313,0.075168907,0110
xor-moderate,2,0.10,350,0.256614825,0.115777911,-0.012622612849,-0.012622612849,0.000000000000768,0.019117691,0.941292681,0.940866313,0.075168907,0110
xor-moderate,2,0.10,351,0.255276476,0.115414388,-0.012622612849,-0.012622612849,0.000000000000768,0.019117691,0.941292681,0.940866313,0.075168907,0110
xor-moderate,2,0.10,352,0.253946524,0.115050864,-0.012622612849,-0.012622612849,0.000000000000768,0.019117691,0.941292681,0.940866313,0.075168907,0110
xor-moderate,2,0.10,353,0.252624944,0.114687374,-0.012622612849,-0.012622612849,0.000000000000768,0.019117691,0.941292681,0.940866313,0.075168907,0110
xor-moderate,2,0.10,354,0.251311708,0.114323953,-0.012622612849,-0.012622612849,0.000000000000768,0.019117691,0.941292681,0.940866313,0.075168907,0110
xor-moderate,2,0.10,355,0.250006787,0.113960634,-0.012622612849,-0.012622612849,0.000000000000768,0.019117691,0.941292681,0.940866313,0.075168907,0110
xor-moderate,2,0.10,356,0.248710154,0.113597452,-0.012622612849,-0.012622612849,0.000000000000768,0.019117691,0.941292681,0.940866313,0.075168907,0110
xor-moderate,2,0.10,357,0.247421777,0.113234440,-0.012622612849,-0.012622612849,0.000000000000768,0.019117691,0.941292681,0.940866313,0.075168907,0110
xor-moderate,2,0.10,358,0.246141626,0.112871628,-0.012622612849,-0.012622612849,0.000000000000768,0.019117691,0.941292681,0.940866313,0.075168907,0110
xor-moderate,2,0.10,359,0.244869671,0.112509050,-0.012622612849,-0.012622612849,0.000000000000768,0.019117691,0.941292681,0.940866313,0.075168907,0110
xor-moderate,2,0.10,360,0.243605880,0.112146735,-0.012622612849,-0.012622612849,0.000000000000768,0.019117691,0.941292681,0.940866313,0.075168907,0110
xor-moderate,2,0.10,361,0.242350220,0.111784714,-0.012622612849,-0.012622612849,0.000000000000768,0.019117691,0.941292681,0.940866313,0.075168907,0110
xor-moderate,2,0.10,362,0.241102659,0.111423016,-0.012622612849,-0.012622612849,0.000000000000768,0.019117691,0.941292681,0.940866313,0.075168907,0110
xor-moderate,2,0.10,363,0.239863163,0.111061669,-0.012622612849,-0.012622612849,0.000000000000768,0.019117691,0.941292681,0.940866313,0.075168907,0110
xor-moderate,2,0.10,364,0.238631697,0.110700703,-0.012622612849,-0.012622612849,0.000000000000768,0.019117691,0.941292681,0.940866313,0.075168907,0110
xor-moderate,2,0.10,365,0.237408228,0.110340144,-0.012622612849,-0.012622612849,0.000000000000768,0.019117691,0.941292681,0.940866313,0.075168907,0110
xor-moderate,2,0.10,366,0.236192720,0.109980019,-0.012622612849,-0.012622612849,0.000000000000768,0.019117691,0.941292681,0.940866313,0.075168907,0110
xor-moderate,2,0.10,367,0.234985136,0.109620356,-0.012622612849,-0.012622612849,0.000000000000768,0.019117691,0.941292681,0.940866313,0.075168907,0110
xor-moderate,2,0.10,368,0.233785442,0.109261178,-0.012622612849,-0.012622612849,0.000000000000768,0.019117691,0.941292681,0.940866313,0.075168907,0110
xor-moderate,2,0.10,369,0.232593601,0.108902511,-0.012622612849,-0.012622612849,0.000000000000768,0.019117691,0.941292681,0.940866313,0.075168907,0110
xor-moderate,2,0.10,370,0.231409575,0.108544381,-0.012622612849,-0.012622612849,0.000000000000768,0.019117691,0.941292681,0.940866313,0.075168907,0110
xor-moderate,2,0.10,371,0.230233327,0.108186809,-0.012622612849,-0.012622612849,0.000000000000768,0.019117691,0.941292681,0.940866313,0.075168907,0110
xor-moderate,2,0.10,372,0.229064819,0.107829821,-0.012622612849,-0.012622612849,0.000000000000768,0.019117691,0.941292681,0.940866313,0.075168907,0110
xor-moderate,2,0.10,373,0.227904013,0.107473438,-0.012622612849,-0.012622612849,0.000000000000768,0.019117691,0.941292681,0.940866313,0.075168907,0110
xor-moderate,2,0.10,374,0.226750870,0.107117682,-0.012622612849,-0.012622612849,0.000000000000768,0.019117691,0.941292681,0.940866313,0.075168907,0110
xor-moderate,2,0.10,375,0.225605352,0.106762576,-0.012622612849,-0.012622612849,0.000000000000768,0.019117691,0.941292681,0.940866313,0.075168907,0110
xor-moderate,2,0.10,376,0.224467419,0.106408140,-0.012622612849,-0.012622612849,0.000000000000768,0.019117691,0.941292681,0.940866313,0.075168907,0110
xor-moderate,2,0.10,377,0.223337031,0.106054394,-0.012622612849,-0.012622612849,0.000000000000768,0.019117691,0.941292681,0.940866313,0.075168907,0110
xor-moderate,2,0.10,378,0.222214150,0.105701359,-0.012622612849,-0.012622612849,0.000000000000768,0.019117691,0.941292681,0.940866313,0.075168907,0110
xor-moderate,2,0.10,379,0.221098734,0.105349053,-0.012622612849,-0.012622612849,0.000000000000768,0.019117691,0.941292681,0.940866313,0.075168907,0110
xor-moderate,2,0.10,380,0.219990743,0.104997496,-0.012622612849,-0.012622612849,0.000000000000768,0.019117691,0.941292681,0.940866313,0.075168907,0110
xor-moderate,2,0.10,381,0.218890137,0.104646707,-0.012622612849,-0.012622612849,0.000000000000768,0.019117691,0.941292681,0.940866313,0.075168907,0110
xor-moderate,2,0.10,382,0.217796875,0.104296702,-0.012622612849,-0.012622612849,0.000000000000768,0.019117691,0.941292681,0.940866313,0.075168907,0110
xor-moderate,2,0.10,383,0.216710915,0.103947500,-0.012622612849,-0.012622612849,0.000000000000768,0.019117691,0.941292681,0.940866313,0.075168907,0110
xor-moderate,2,0.10,384,0.215632218,0.103599116,-0.012622612849,-0.012622612849,0.000000000000768,0.019117691,0.941292681,0.940866313,0.075168907,0110
xor-moderate,2,0.10,385,0.214560740,0.103251569,-0.012622612849,-0.012622612849,0.000000000000768,0.019117691,0.941292681,0.940866313,0.075168907,0110
xor-moderate,2,0.10,386,0.213496441,0.102904872,-0.012622612849,-0.012622612849,0.000000000000768,0.019117691,0.941292681,0.940866313,0.075168907,0110
xor-moderate,2,0.10,387,0.212439279,0.102559043,-0.012622612849,-0.012622612849,0.000000000000768,0.019117691,0.941292681,0.940866313,0.075168907,0110
xor-moderate,2,0.10,388,0.211389212,0.102214095,-0.012622612849,-0.012622612849,0.000000000000768,0.019117691,0.941292681,0.940866313,0.075168907,0110
xor-moderate,2,0.10,389,0.210346198,0.101870044,-0.012622612849,-0.012622612849,0.000000000000768,0.019117691,0.941292681,0.940866313,0.075168907,0110
xor-moderate,2,0.10,390,0.209310195,0.101526903,-0.012622612849,-0.012622612849,0.000000000000768,0.019117691,0.941292681,0.940866313,0.075168907,0110
xor-moderate,2,0.10,391,0.208281161,0.101184687,-0.012622612849,-0.012622612849,0.000000000000768,0.019117691,0.941292681,0.940866313,0.075168907,0110
xor-moderate,2,0.10,392,0.207259053,0.100843407,-0.012622612849,-0.012622612849,0.000000000000768,0.019117691,0.941292681,0.940866313,0.075168907,0110
xor-moderate,2,0.10,393,0.206243830,0.100503078,-0.012622612849,-0.012622612849,0.000000000000768,0.019117691,0.941292681,0.940866313,0.075168907,0110
xor-moderate,2,0.10,394,0.205235449,0.100163711,-0.012622612849,-0.012622612849,0.000000000000768,0.019117691,0.941292681,0.940866313,0.075168907,0110
xor-moderate,2,0.10,395,0.204233866,0.099825319,-0.012622612849,-0.012622612849,0.000000000000768,0.019117691,0.941292681,0.940866313,0.075168907,0110
xor-moderate,2,0.10,396,0.203239041,0.099487913,-0.012622612849,-0.012622612849,0.000000000000768,0.019117691,0.941292681,0.940866313,0.075168907,0110
xor-moderate,2,0.10,397,0.202250930,0.099151504,-0.012622612849,-0.012622612849,0.000000000000768,0.019117691,0.941292681,0.940866313,0.075168907,0110
xor-moderate,2,0.10,398,0.201269490,0.098816103,-0.012622612849,-0.012622612849,0.000000000000768,0.019117691,0.941292681,0.940866313,0.075168907,0110
xor-moderate,2,0.10,399,0.200294680,0.098481721,-0.012622612849,-0.012622612849,0.000000000000768,0.019117691,0.941292681,0.940866313,0.075168907,0110
xor-moderate,2,0.10,400,0.199326457,0.098148366,-0.012622612849,-0.012622612849,0.000000000000768,0.019117691,0.941292681,0.940866313,0.075168907,0110
xor-moderate,2,0.10,401,0.198364778,0.097816051,-0.012622612849,-0.012622612849,0.000000000000768,0.019117691,0.941292681,0.940866313,0.075168907,0110
xor-moderate,2,0.10,402,0.197409600,0.097484782,-0.012622612849,-0.012622612849,0.000000000000768,0.019117691,0.941292681,0.940866313,0.075168907,0110
xor-moderate,2,0.10,403,0.196460881,0.097154570,-0.012622612849,-0.012622612849,0.000000000000768,0.019117691,0.941292681,0.940866313,0.075168907,0110
xor-moderate,2,0.10,404,0.195518579,0.096825423,-0.012622612849,-0.012622612849,0.000000000000768,0.019117691,0.941292681,0.940866313,0.075168907,0110
xor-moderate,2,0.10,405,0.194582651,0.096497349,-0.012622612849,-0.012622612849,0.000000000000768,0.019117691,0.941292681,0.940866313,0.075168907,0110
xor-moderate,2,0.10,406,0.193653055,0.096170357,-0.012622612849,-0.012622612849,0.000000000000768,0.019117691,0.941292681,0.940866313,0.075168907,0110
xor-moderate,2,0.10,407,0.192729748,0.095844453,-0.012622612849,-0.012622612849,0.000000000000768,0.019117691,0.941292681,0.940866313,0.075168907,0110
xor-moderate,2,0.10,408,0.191812689,0.095519646,-0.012622612849,-0.012622612849,0.000000000000768,0.019117691,0.941292681,0.940866313,0.075168907,0110
xor-moderate,2,0.10,409,0.190901835,0.095195941,-0.012622612849,-0.012622612849,0.000000000000768,0.019117691,0.941292681,0.940866313,0.075168907,0110
xor-moderate,2,0.10,410,0.189997144,0.094873347,-0.012622612849,-0.012622612849,0.000000000000768,0.019117691,0.941292681,0.940866313,0.075168907,0110
xor-moderate,2,0.10,411,0.189098574,0.094551868,-0.012622612849,-0.012622612849,0.000000000000768,0.019117691,0.941292681,0.940866313,0.075168907,0110
xor-moderate,2,0.10,412,0.188206083,0.094231512,-0.012622612849,-0.012622612849,0.000000000000768,0.019117691,0.941292681,0.940866313,0.075168907,0110
xor-moderate,2,0.10,413,0.187319629,0.093912284,-0.012622612849,-0.012622612849,0.000000000000768,0.019117691,0.941292681,0.940866313,0.075168907,0110
xor-moderate,2,0.10,414,0.186439171,0.093594190,-0.012622612849,-0.012622612849,0.000000000000768,0.019117691,0.941292681,0.940866313,0.075168907,0110
xor-moderate,2,0.10,415,0.185564667,0.093277234,-0.012622612849,-0.012622612849,0.000000000000768,0.019117691,0.941292681,0.940866313,0.075168907,0110
xor-moderate,2,0.10,416,0.184696076,0.092961422,-0.012622612849,-0.012622612849,0.000000000000768,0.019117691,0.941292681,0.940866313,0.075168907,0110
xor-moderate,2,0.10,417,0.183833356,0.092646759,-0.012622612849,-0.012622612849,0.000000000000768,0.019117691,0.941292681,0.940866313,0.075168907,0110
xor-moderate,2,0.10,418,0.182976466,0.092333248,-0.012622612849,-0.012622612849,0.000000000000768,0.019117691,0.941292681,0.940866313,0.075168907,0110
xor-moderate,2,0.10,419,0.182125365,0.092020895,-0.012622612849,-0.012622612849,0.000000000000768,0.019117691,0.941292681,0.940866313,0.075168907,0110
xor-moderate,2,0.10,420,0.181280013,0.091709702,-0.012622612849,-0.012622612849,0.000000000000768,0.019117691,0.941292681,0.940866313,0.075168907,0110
xor-moderate,2,0.10,421,0.180440368,0.091399674,-0.012622612849,-0.012622612849,0.000000000000768,0.019117691,0.941292681,0.940866313,0.075168907,0110
xor-moderate,2,0.10,422,0.179606389,0.091090815,-0.012622612849,-0.012622612849,0.000000000000768,0.019117691,0.941292681,0.940866313,0.075168907,0110
xor-moderate,2,0.10,423,0.178778037,0.090783126,-0.012622612849,-0.012622612849,0.000000000000768,0.019117691,0.941292681,0.940866313,0.075168907,0110
xor-moderate,2,0.10,424,0.177955271,0.090476612,-0.012622612849,-0.012622612849,0.000000000000768,0.019117691,0.941292681,0.940866313,0.075168907,0110
xor-moderate,2,0.10,425,0.177138051,0.090171275,-0.012622612849,-0.012622612849,0.000000000000768,0.019117691,0.941292681,0.940866313,0.075168907,0110
xor-moderate,2,0.10,426,0.176326336,0.089867117,-0.012622612849,-0.012622612849,0.000000000000768,0.019117691,0.941292681,0.940866313,0.075168907,0110
xor-moderate,2,0.10,427,0.175520088,0.089564142,-0.012622612849,-0.012622612849,0.000000000000768,0.019117691,0.941292681,0.940866313,0.075168907,0110
xor-moderate,2,0.10,428,0.174719266,0.089262350,-0.012622612849,-0.012622612849,0.000000000000768,0.019117691,0.941292681,0.940866313,0.075168907,0110
xor-moderate,2,0.10,429,0.173923831,0.088961744,-0.012622612849,-0.012622612849,0.000000000000768,0.019117691,0.941292681,0.940866313,0.075168907,0110
xor-moderate,2,0.10,430,0.173133744,0.088662327,-0.012622612849,-0.012622612849,0.000000000000768,0.019117691,0.941292681,0.940866313,0.075168907,0110
xor-moderate,2,0.10,431,0.172348965,0.088364098,-0.012622612849,-0.012622612849,0.000000000000768,0.019117691,0.941292681,0.940866313,0.075168907,0110
xor-moderate,2,0.10,432,0.171569457,0.088067059,-0.012622612849,-0.012622612849,0.000000000000768,0.019117691,0.941292681,0.940866313,0.075168907,0110
xor-moderate,2,0.10,433,0.170795179,0.087771213,-0.012622612849,-0.012622612849,0.000000000000768,0.019117691,0.941292681,0.940866313,0.075168907,0110
xor-moderate,2,0.10,434,0.170026094,0.087476559,-0.012622612849,-0.012622612849,0.000000000000768,0.019117691,0.941292681,0.940866313,0.075168907,0110
xor-moderate,2,0.10,435,0.169262162,0.087183098,-0.012622612849,-0.012622612849,0.000000000000768,0.019117691,0.941292681,0.940866313,0.075168907,0110
xor-moderate,2,0.10,436,0.168503347,0.086890832,-0.012622612849,-0.012622612849,0.000000000000768,0.019117691,0.941292681,0.940866313,0.075168907,0110
xor-moderate,2,0.10,437,0.167749611,0.086599760,-0.012622612849,-0.012622612849,0.000000000000768,0.019117691,0.941292681,0.940866313,0.075168907,0110
xor-moderate,2,0.10,438,0.167000914,0.086309882,-0.012622612849,-0.012622612849,0.000000000000768,0.019117691,0.941292681,0.940866313,0.075168907,0110
xor-moderate,2,0.10,439,0.166257221,0.086021200,-0.012622612849,-0.012622612849,0.000000000000768,0.019117691,0.941292681,0.940866313,0.075168907,0110
xor-moderate,2,0.10,440,0.165518493,0.085733712,-0.012622612849,-0.012622612849,0.000000000000768,0.019117691,0.941292681,0.940866313,0.075168907,0110
xor-moderate,2,0.10,441,0.164784693,0.085447419,-0.012622612849,-0.012622612849,0.000000000000768,0.019117691,0.941292681,0.940866313,0.075168907,0110
xor-moderate,2,0.10,442,0.164055785,0.085162321,-0.012622612849,-0.012622612849,0.000000000000768,0.019117691,0.941292681,0.940866313,0.075168907,0110
xor-moderate,2,0.10,443,0.163331732,0.084878416,-0.012622612849,-0.012622612849,0.000000000000768,0.019117691,0.941292681,0.940866313,0.075168907,0110
xor-moderate,2,0.10,444,0.162612498,0.084595705,-0.012622612849,-0.012622612849,0.000000000000768,0.019117691,0.941292681,0.940866313,0.075168907,0110
xor-moderate,2,0.10,445,0.161898045,0.084314186,-0.012622612849,-0.012622612849,0.000000000000768,0.019117691,0.941292681,0.940866313,0.075168907,0110
xor-moderate,2,0.10,446,0.161188339,0.084033858,-0.012622612849,-0.012622612849,0.000000000000768,0.019117691,0.941292681,0.940866313,0.075168907,0110
xor-moderate,2,0.10,447,0.160483343,0.083754721,-0.012622612849,-0.012622612849,0.000000000000768,0.019117691,0.941292681,0.940866313,0.075168907,0110
xor-moderate,2,0.10,448,0.159783022,0.083476774,-0.012622612849,-0.012622612849,0.000000000000768,0.019117691,0.941292681,0.940866313,0.075168907,0110
xor-moderate,2,0.10,449,0.159087340,0.083200015,-0.012622612849,-0.012622612849,0.000000000000768,0.019117691,0.941292681,0.940866313,0.075168907,0110
xor-moderate,2,0.10,450,0.158396263,0.082924442,-0.012622612849,-0.012622612849,0.000000000000768,0.019117691,0.941292681,0.940866313,0.075168907,0110
xor-moderate,2,0.10,451,0.157709754,0.082650055,-0.012622612849,-0.012622612849,0.000000000000768,0.019117691,0.941292681,0.940866313,0.075168907,0110
xor-moderate,2,0.10,452,0.157027780,0.082376852,-0.012622612849,-0.012622612849,0.000000000000768,0.019117691,0.941292681,0.940866313,0.075168907,0110
xor-moderate,2,0.10,453,0.156350306,0.082104830,-0.012622612849,-0.012622612849,0.000000000000768,0.019117691,0.941292681,0.940866313,0.075168907,0110
xor-moderate,2,0.10,454,0.155677298,0.081833989,-0.012622612849,-0.012622612849,0.000000000000768,0.019117691,0.941292681,0.940866313,0.075168907,0110
xor-moderate,2,0.10,455,0.155008722,0.081564325,-0.012622612849,-0.012622612849,0.000000000000768,0.019117691,0.941292681,0.940866313,0.075168907,0110
xor-moderate,2,0.10,456,0.154344543,0.081295838,-0.012622612849,-0.012622612849,0.000000000000768,0.019117691,0.941292681,0.940866313,0.075168907,0110
xor-moderate,2,0.10,457,0.153684728,0.081028525,-0.012622612849,-0.012622612849,0.000000000000768,0.019117691,0.941292681,0.940866313,0.075168907,0110
xor-moderate,2,0.10,458,0.153029245,0.080762383,-0.012622612849,-0.012622612849,0.000000000000768,0.019117691,0.941292681,0.940866313,0.075168907,0110
xor-moderate,2,0.10,459,0.152378059,0.080497411,-0.012622612849,-0.012622612849,0.000000000000768,0.019117691,0.941292681,0.940866313,0.075168907,0110
xor-moderate,2,0.10,460,0.151731137,0.080233606,-0.012622612849,-0.012622612849,0.000000000000768,0.019117691,0.941292681,0.940866313,0.075168907,0110
xor-moderate,2,0.10,461,0.151088448,0.079970966,-0.012622612849,-0.012622612849,0.000000000000768,0.019117691,0.941292681,0.940866313,0.075168907,0110
xor-moderate,2,0.10,462,0.150449958,0.079709487,-0.012622612849,-0.012622612849,0.000000000000768,0.019117691,0.941292681,0.940866313,0.075168907,0110
xor-moderate,2,0.10,463,0.149815636,0.079449168,-0.012622612849,-0.012622612849,0.000000000000768,0.019117691,0.941292681,0.940866313,0.075168907,0110
xor-moderate,2,0.10,464,0.149185448,0.079190005,-0.012622612849,-0.012622612849,0.000000000000768,0.019117691,0.941292681,0.940866313,0.075168907,0110
xor-moderate,2,0.10,465,0.148559364,0.078931996,-0.012622612849,-0.012622612849,0.000000000000768,0.019117691,0.941292681,0.940866313,0.075168907,0110
xor-moderate,2,0.10,466,0.147937352,0.078675138,-0.012622612849,-0.012622612849,0.000000000000768,0.019117691,0.941292681,0.940866313,0.075168907,0110
xor-moderate,2,0.10,467,0.147319381,0.078419427,-0.012622612849,-0.012622612849,0.000000000000768,0.019117691,0.941292681,0.940866313,0.075168907,0110
xor-moderate,2,0.10,468,0.146705419,0.078164862,-0.012622612849,-0.012622612849,0.000000000000768,0.019117691,0.941292681,0.940866313,0.075168907,0110
xor-moderate,2,0.10,469,0.146095435,0.077911438,-0.012622612849,-0.012622612849,0.000000000000768,0.019117691,0.941292681,0.940866313,0.075168907,0110
xor-moderate,2,0.10,470,0.145489398,0.077659152,-0.012622612849,-0.012622612849,0.000000000000768,0.019117691,0.941292681,0.940866313,0.075168907,0110
xor-moderate,2,0.10,471,0.144887279,0.077408002,-0.012622612849,-0.012622612849,0.000000000000768,0.019117691,0.941292681,0.940866313,0.075168907,0110
xor-moderate,2,0.10,472,0.144289048,0.077157983,-0.012622612849,-0.012622612849,0.000000000000768,0.019117691,0.941292681,0.940866313,0.075168907,0110
xor-moderate,2,0.10,473,0.143694673,0.076909094,-0.012622612849,-0.012622612849,0.000000000000768,0.019117691,0.941292681,0.940866313,0.075168907,0110
xor-moderate,2,0.10,474,0.143104125,0.076661329,-0.012622612849,-0.012622612849,0.000000000000768,0.019117691,0.941292681,0.940866313,0.075168907,0110
xor-moderate,2,0.10,475,0.142517374,0.076414686,-0.012622612849,-0.012622612849,0.000000000000768,0.019117691,0.941292681,0.940866313,0.075168907,0110
xor-moderate,2,0.10,476,0.141934392,0.076169162,-0.012622612849,-0.012622612849,0.000000000000768,0.019117691,0.941292681,0.940866313,0.075168907,0110
xor-moderate,2,0.10,477,0.141355149,0.075924752,-0.012622612849,-0.012622612849,0.000000000000768,0.019117691,0.941292681,0.940866313,0.075168907,0110
xor-moderate,2,0.10,478,0.140779616,0.075681453,-0.012622612849,-0.012622612849,0.000000000000768,0.019117691,0.941292681,0.940866313,0.075168907,0110
xor-moderate,2,0.10,479,0.140207765,0.075439261,-0.012622612849,-0.012622612849,0.000000000000768,0.019117691,0.941292681,0.940866313,0.075168907,0110
xor-moderate,2,0.10,480,0.139639566,0.075198174,-0.012622612849,-0.012622612849,0.000000000000768,0.019117691,0.941292681,0.940866313,0.075168907,0110
xor-moderate,2,0.10,481,0.139074992,0.074958186,-0.012622612849,-0.012622612849,0.000000000000768,0.019117691,0.941292681,0.940866313,0.075168907,0110
xor-moderate,2,0.10,482,0.138514015,0.074719294,-0.012622612849,-0.012622612849,0.000000000000768,0.019117691,0.941292681,0.940866313,0.075168907,0110
xor-moderate,2,0.10,483,0.137956606,0.074481494,-0.012622612849,-0.012622612849,0.000000000000768,0.019117691,0.941292681,0.940866313,0.075168907,0110
xor-moderate,2,0.10,484,0.137402738,0.074244783,-0.012622612849,-0.012622612849,0.000000000000768,0.019117691,0.941292681,0.940866313,0.075168907,0110
xor-moderate,2,0.10,485,0.136852385,0.074009156,-0.012622612849,-0.012622612849,0.000000000000768,0.019117691,0.941292681,0.940866313,0.075168907,0110
xor-moderate,2,0.10,486,0.136305517,0.073774610,-0.012622612849,-0.012622612849,0.000000000000768,0.019117691,0.941292681,0.940866313,0.075168907,0110
xor-moderate,2,0.10,487,0.135762109,0.073541140,-0.012622612849,-0.012622612849,0.000000000000768,0.019117691,0.941292681,0.940866313,0.075168907,0110
xor-moderate,2,0.10,488,0.135222134,0.073308743,-0.012622612849,-0.012622612849,0.000000000000768,0.019117691,0.941292681,0.940866313,0.075168907,0110
xor-moderate,2,0.10,489,0.134685565,0.073077414,-0.012622612849,-0.012622612849,0.000000000000768,0.019117691,0.941292681,0.940866313,0.075168907,0110
xor-moderate,2,0.10,490,0.134152376,0.072847150,-0.012622612849,-0.012622612849,0.000000000000768,0.019117691,0.941292681,0.940866313,0.075168907,0110
xor-moderate,2,0.10,491,0.133622540,0.072617946,-0.012622612849,-0.012622612849,0.000000000000768,0.019117691,0.941292681,0.940866313,0.075168907,0110
xor-moderate,2,0.10,492,0.133096032,0.072389798,-0.012622612849,-0.012622612849,0.000000000000768,0.019117691,0.941292681,0.940866313,0.075168907,0110
xor-moderate,2,0.10,493,0.132572826,0.072162703,-0.012622612849,-0.012622612849,0.000000000000768,0.019117691,0.941292681,0.940866313,0.075168907,0110
xor-moderate,2,0.10,494,0.132052896,0.071936655,-0.012622612849,-0.012622612849,0.000000000000768,0.019117691,0.941292681,0.940866313,0.075168907,0110
xor-moderate,2,0.10,495,0.131536218,0.071711650,-0.012622612849,-0.012622612849,0.000000000000768,0.019117691,0.941292681,0.940866313,0.075168907,0110
xor-moderate,2,0.10,496,0.131022765,0.071487686,-0.012622612849,-0.012622612849,0.000000000000768,0.019117691,0.941292681,0.940866313,0.075168907,0110
xor-moderate,2,0.10,497,0.130512513,0.071264756,-0.012622612849,-0.012622612849,0.000000000000768,0.019117691,0.941292681,0.940866313,0.075168907,0110
xor-moderate,2,0.10,498,0.130005437,0.071042857,-0.012622612849,-0.012622612849,0.000000000000768,0.019117691,0.941292681,0.940866313,0.075168907,0110
xor-moderate,2,0.10,499,0.129501513,0.070821985,-0.012622612849,-0.012622612849,0.000000000000768,0.019117691,0.941292681,0.940866313,0.075168907,0110
xor-moderate,2,0.10,500,0.129000717,0.070602135,-0.012622612849,-0.012622612849,0.000000000000768,0.019117691,0.941292681,0.940866313,0.075168907,0110
xor-moderate,2,0.10,501,0.128503023,0.070383304,-0.012622612849,-0.012622612849,0.000000000000768,0.019117691,0.941292681,0.940866313,0.075168907,0110
xor-moderate,2,0.10,502,0.128008409,0.070165486,-0.012622612849,-0.012622612849,0.000000000000768,0.019117691,0.941292681,0.940866313,0.075168907,0110
xor-moderate,2,0.10,503,0.127516850,0.069948677,-0.012622612849,-0.012622612849,0.000000000000768,0.019117691,0.941292681,0.940866313,0.075168907,0110
xor-moderate,2,0.10,504,0.127028324,0.069732874,-0.012622612849,-0.012622612849,0.000000000000768,0.019117691,0.941292681,0.940866313,0.075168907,0110
xor-moderate,2,0.10,505,0.126542805,0.069518071,-0.012622612849,-0.012622612849,0.000000000000768,0.019117691,0.941292681,0.940866313,0.075168907,0110
xor-moderate,2,0.10,506,0.126060273,0.069304264,-0.012622612849,-0.012622612849,0.000000000000768,0.019117691,0.941292681,0.940866313,0.075168907,0110
xor-moderate,2,0.10,507,0.125580702,0.069091449,-0.012622612849,-0.012622612849,0.000000000000768,0.019117691,0.941292681,0.940866313,0.075168907,0110
xor-moderate,2,0.10,508,0.125104071,0.068879622,-0.012622612849,-0.012622612849,0.000000000000768,0.019117691,0.941292681,0.940866313,0.075168907,0110
xor-moderate,2,0.10,509,0.124630357,0.068668778,-0.012622612849,-0.012622612849,0.000000000000768,0.019117691,0.941292681,0.940866313,0.075168907,0110
xor-moderate,2,0.10,510,0.124159538,0.068458912,-0.012622612849,-0.012622612849,0.000000000000768,0.019117691,0.941292681,0.940866313,0.075168907,0110
xor-moderate,2,0.10,511,0.123691591,0.068250021,-0.012622612849,-0.012622612849,0.000000000000768,0.019117691,0.941292681,0.940866313,0.075168907,0110
xor-moderate,2,0.10,512,0.123226494,0.068042099,-0.012622612849,-0.012622612849,0.000000000000768,0.019117691,0.941292681,0.940866313,0.075168907,0110
xor-moderate,2,0.10,513,0.122764226,0.067835143,-0.012622612849,-0.012622612849,0.000000000000768,0.019117691,0.941292681,0.940866313,0.075168907,0110
xor-moderate,2,0.10,514,0.122304764,0.067629148,-0.012622612849,-0.012622612849,0.000000000000768,0.019117691,0.941292681,0.940866313,0.075168907,0110
xor-moderate,2,0.10,515,0.121848087,0.067424110,-0.012622612849,-0.012622612849,0.000000000000768,0.019117691,0.941292681,0.940866313,0.075168907,0110
xor-moderate,2,0.10,516,0.121394175,0.067220024,-0.012622612849,-0.012622612849,0.000000000000768,0.019117691,0.941292681,0.940866313,0.075168907,0110
xor-moderate,2,0.10,517,0.120943004,0.067016885,-0.012622612849,-0.012622612849,0.000000000000768,0.019117691,0.941292681,0.940866313,0.075168907,0110
xor-moderate,2,0.10,518,0.120494556,0.066814689,-0.012622612849,-0.012622612849,0.000000000000768,0.019117691,0.941292681,0.940866313,0.075168907,0110
xor-moderate,2,0.10,519,0.120048808,0.066613433,-0.012622612849,-0.012622612849,0.000000000000768,0.019117691,0.941292681,0.940866313,0.075168907,0110
xor-moderate,2,0.10,520,0.119605740,0.066413110,-0.012622612849,-0.012622612849,0.000000000000768,0.019117691,0.941292681,0.940866313,0.075168907,0110
xor-moderate,2,0.10,521,0.119165333,0.066213718,-0.012622612849,-0.012622612849,0.000000000000768,0.019117691,0.941292681,0.940866313,0.075168907,0110
xor-moderate,2,0.10,522,0.118727564,0.066015251,-0.012622612849,-0.012622612849,0.000000000000768,0.019117691,0.941292681,0.940866313,0.075168907,0110
xor-moderate,2,0.10,523,0.118292415,0.065817705,-0.012622612849,-0.012622612849,0.000000000000768,0.019117691,0.941292681,0.940866313,0.075168907,0110
xor-moderate,2,0.10,524,0.117859865,0.065621076,-0.012622612849,-0.012622612849,0.000000000000768,0.019117691,0.941292681,0.940866313,0.075168907,0110
xor-moderate,2,0.10,525,0.117429895,0.065425359,-0.012622612849,-0.012622612849,0.000000000000768,0.019117691,0.941292681,0.940866313,0.075168907,0110
xor-moderate,2,0.10,526,0.117002485,0.065230550,-0.012622612849,-0.012622612849,0.000000000000768,0.019117691,0.941292681,0.940866313,0.075168907,0110
xor-moderate,2,0.10,527,0.116577615,0.065036644,-0.012622612849,-0.012622612849,0.000000000000768,0.019117691,0.941292681,0.940866313,0.075168907,0110
xor-moderate,2,0.10,528,0.116155266,0.064843637,-0.012622612849,-0.012622612849,0.000000000000768,0.019117691,0.941292681,0.940866313,0.075168907,0110
xor-moderate,2,0.10,529,0.115735420,0.064651525,-0.012622612849,-0.012622612849,0.000000000000768,0.019117691,0.941292681,0.940866313,0.075168907,0110
xor-moderate,2,0.10,530,0.115318056,0.064460302,-0.012622612849,-0.012622612849,0.000000000000768,0.019117691,0.941292681,0.940866313,0.075168907,0110
xor-moderate,2,0.10,531,0.114903157,0.064269966,-0.012622612849,-0.012622612849,0.000000000000768,0.019117691,0.941292681,0.940866313,0.075168907,0110
xor-moderate,2,0.10,532,0.114490703,0.064080510,-0.012622612849,-0.012622612849,0.000000000000768,0.019117691,0.941292681,0.940866313,0.075168907,0110
xor-moderate,2,0.10,533,0.114080676,0.063891932,-0.012622612849,-0.012622612849,0.000000000000768,0.019117691,0.941292681,0.940866313,0.075168907,0110
xor-moderate,2,0.10,534,0.113673058,0.063704226,-0.012622612849,-0.012622612849,0.000000000000768,0.019117691,0.941292681,0.940866313,0.075168907,0110
xor-moderate,2,0.10,535,0.113267830,0.063517389,-0.012622612849,-0.012622612849,0.000000000000768,0.019117691,0.941292681,0.940866313,0.075168907,0110
xor-moderate,2,0.10,536,0.112864975,0.063331415,-0.012622612849,-0.012622612849,0.000000000000768,0.019117691,0.941292681,0.940866313,0.075168907,0110
xor-moderate,2,0.10,537,0.112464475,0.063146301,-0.012622612849,-0.012622612849,0.000000000000768,0.019117691,0.941292681,0.940866313,0.075168907,0110
xor-moderate,2,0.10,538,0.112066311,0.062962042,-0.012622612849,-0.012622612849,0.000000000000768,0.019117691,0.941292681,0.940866313,0.075168907,0110
xor-moderate,2,0.10,539,0.111670467,0.062778634,-0.012622612849,-0.012622612849,0.000000000000768,0.019117691,0.941292681,0.940866313,0.075168907,0110
xor-moderate,2,0.10,540,0.111276924,0.062596073,-0.012622612849,-0.012622612849,0.000000000000768,0.019117691,0.941292681,0.940866313,0.075168907,0110
xor-moderate,2,0.10,541,0.110885667,0.062414353,-0.012622612849,-0.012622612849,0.000000000000768,0.019117691,0.941292681,0.940866313,0.075168907,0110
xor-moderate,2,0.10,542,0.110496676,0.062233472,-0.012622612849,-0.012622612849,0.000000000000768,0.019117691,0.941292681,0.940866313,0.075168907,0110
xor-moderate,2,0.10,543,0.110109936,0.062053424,-0.012622612849,-0.012622612849,0.000000000000768,0.019117691,0.941292681,0.940866313,0.075168907,0110
xor-moderate,2,0.10,544,0.109725429,0.061874206,-0.012622612849,-0.012622612849,0.000000000000768,0.019117691,0.941292681,0.940866313,0.075168907,0110
xor-moderate,2,0.10,545,0.109343140,0.061695813,-0.012622612849,-0.012622612849,0.000000000000768,0.019117691,0.941292681,0.940866313,0.075168907,0110
xor-moderate,2,0.10,546,0.108963050,0.061518240,-0.012622612849,-0.012622612849,0.000000000000768,0.019117691,0.941292681,0.940866313,0.075168907,0110
xor-moderate,2,0.10,547,0.108585145,0.061341484,-0.012622612849,-0.012622612849,0.000000000000768,0.019117691,0.941292681,0.940866313,0.075168907,0110
xor-moderate,2,0.10,548,0.108209407,0.061165541,-0.012622612849,-0.012622612849,0.000000000000768,0.019117691,0.941292681,0.940866313,0.075168907,0110
xor-moderate,2,0.10,549,0.107835820,0.060990406,-0.012622612849,-0.012622612849,0.000000000000768,0.019117691,0.941292681,0.940866313,0.075168907,0110
xor-moderate,2,0.10,550,0.107464369,0.060816075,-0.012622612849,-0.012622612849,0.000000000000768,0.019117691,0.941292681,0.940866313,0.075168907,0110
xor-moderate,2,0.10,551,0.107095037,0.060642543,-0.012622612849,-0.012622612849,0.000000000000768,0.019117691,0.941292681,0.940866313,0.075168907,0110
xor-moderate,2,0.10,552,0.106727810,0.060469807,-0.012622612849,-0.012622612849,0.000000000000768,0.019117691,0.941292681,0.940866313,0.075168907,0110
xor-moderate,2,0.10,553,0.106362670,0.060297863,-0.012622612849,-0.012622612849,0.000000000000768,0.019117691,0.941292681,0.940866313,0.075168907,0110
xor-moderate,2,0.10,554,0.105999603,0.060126706,-0.012622612849,-0.012622612849,0.000000000000768,0.019117691,0.941292681,0.940866313,0.075168907,0110
xor-moderate,2,0.10,555,0.105638593,0.059956332,-0.012622612849,-0.012622612849,0.000000000000768,0.019117691,0.941292681,0.940866313,0.075168907,0110
xor-moderate,2,0.10,556,0.105279625,0.059786737,-0.012622612849,-0.012622612849,0.000000000000768,0.019117691,0.941292681,0.940866313,0.075168907,0110
xor-moderate,2,0.10,557,0.104922685,0.059617917,-0.012622612849,-0.012622612849,0.000000000000768,0.019117691,0.941292681,0.940866313,0.075168907,0110
xor-moderate,2,0.10,558,0.104567756,0.059449868,-0.012622612849,-0.012622612849,0.000000000000768,0.019117691,0.941292681,0.940866313,0.075168907,0110
xor-moderate,2,0.10,559,0.104214825,0.059282586,-0.012622612849,-0.012622612849,0.000000000000768,0.019117691,0.941292681,0.940866313,0.075168907,0110
xor-moderate,2,0.10,560,0.103863876,0.059116067,-0.012622612849,-0.012622612849,0.000000000000768,0.019117691,0.941292681,0.940866313,0.075168907,0110
xor-moderate,2,0.10,561,0.103514895,0.058950306,-0.012622612849,-0.012622612849,0.000000000000768,0.019117691,0.941292681,0.940866313,0.075168907,0110
xor-moderate,2,0.10,562,0.103167868,0.058785300,-0.012622612849,-0.012622612849,0.000000000000768,0.019117691,0.941292681,0.940866313,0.075168907,0110
xor-moderate,2,0.10,563,0.102822780,0.058621045,-0.012622612849,-0.012622612849,0.000000000000768,0.019117691,0.941292681,0.940866313,0.075168907,0110
xor-moderate,2,0.10,564,0.102479617,0.058457537,-0.012622612849,-0.012622612849,0.000000000000768,0.019117691,0.941292681,0.940866313,0.075168907,0110
xor-moderate,2,0.10,565,0.102138364,0.058294771,-0.012622612849,-0.012622612849,0.000000000000768,0.019117691,0.941292681,0.940866313,0.075168907,0110
xor-moderate,2,0.10,566,0.101799009,0.058132744,-0.012622612849,-0.012622612849,0.000000000000768,0.019117691,0.941292681,0.940866313,0.075168907,0110
xor-moderate,2,0.10,567,0.101461536,0.057971451,-0.012622612849,-0.012622612849,0.000000000000768,0.019117691,0.941292681,0.940866313,0.075168907,0110
xor-moderate,2,0.10,568,0.101125933,0.057810890,-0.012622612849,-0.012622612849,0.000000000000768,0.019117691,0.941292681,0.940866313,0.075168907,0110
xor-moderate,2,0.10,569,0.100792185,0.057651056,-0.012622612849,-0.012622612849,0.000000000000768,0.019117691,0.941292681,0.940866313,0.075168907,0110
xor-moderate,2,0.10,570,0.100460279,0.057491944,-0.012622612849,-0.012622612849,0.000000000000768,0.019117691,0.941292681,0.940866313,0.075168907,0110
xor-moderate,2,0.10,571,0.100130202,0.057333552,-0.012622612849,-0.012622612849,0.000000000000768,0.019117691,0.941292681,0.940866313,0.075168907,0110
xor-moderate,2,0.10,572,0.099801941,0.057175876,-0.012622612849,-0.012622612849,0.000000000000768,0.019117691,0.941292681,0.940866313,0.075168907,0110
xor-moderate,2,0.10,573,0.099475482,0.057018910,-0.012622612849,-0.012622612849,0.000000000000768,0.019117691,0.941292681,0.940866313,0.075168907,0110
xor-moderate,2,0.10,574,0.099150812,0.056862653,-0.012622612849,-0.012622612849,0.000000000000768,0.019117691,0.941292681,0.940866313,0.075168907,0110
xor-moderate,2,0.10,575,0.098827918,0.056707099,-0.012622612849,-0.012622612849,0.000000000000768,0.019117691,0.941292681,0.940866313,0.075168907,0110
xor-moderate,2,0.10,576,0.098506788,0.056552245,-0.012622612849,-0.012622612849,0.000000000000768,0.019117691,0.941292681,0.940866313,0.075168907,0110
xor-moderate,2,0.10,577,0.098187408,0.056398088,-0.012622612849,-0.012622612849,0.000000000000768,0.019117691,0.941292681,0.940866313,0.075168907,0110
xor-moderate,2,0.10,578,0.097869766,0.056244623,-0.012622612849,-0.012622612849,0.000000000000768,0.019117691,0.941292681,0.940866313,0.075168907,0110
xor-moderate,2,0.10,579,0.097553850,0.056091847,-0.012622612849,-0.012622612849,0.000000000000768,0.019117691,0.941292681,0.940866313,0.075168907,0110
xor-moderate,2,0.10,580,0.097239648,0.055939756,-0.012622612849,-0.012622612849,0.000000000000768,0.019117691,0.941292681,0.940866313,0.075168907,0110
xor-moderate,2,0.10,581,0.096927145,0.055788347,-0.012622612849,-0.012622612849,0.000000000000768,0.019117691,0.941292681,0.940866313,0.075168907,0110
xor-moderate,2,0.10,582,0.096616332,0.055637615,-0.012622612849,-0.012622612849,0.000000000000768,0.019117691,0.941292681,0.940866313,0.075168907,0110
xor-moderate,2,0.10,583,0.096307195,0.055487557,-0.012622612849,-0.012622612849,0.000000000000768,0.019117691,0.941292681,0.940866313,0.075168907,0110
xor-moderate,2,0.10,584,0.095999723,0.055338169,-0.012622612849,-0.012622612849,0.000000000000768,0.019117691,0.941292681,0.940866313,0.075168907,0110
xor-moderate,2,0.10,585,0.095693903,0.055189449,-0.012622612849,-0.012622612849,0.000000000000768,0.019117691,0.941292681,0.940866313,0.075168907,0110
xor-moderate,2,0.10,586,0.095389724,0.055041391,-0.012622612849,-0.012622612849,0.000000000000768,0.019117691,0.941292681,0.940866313,0.075168907,0110
xor-moderate,2,0.10,587,0.095087175,0.054893993,-0.012622612849,-0.012622612849,0.000000000000768,0.019117691,0.941292681,0.940866313,0.075168907,0110
xor-moderate,2,0.10,588,0.094786243,0.054747250,-0.012622612849,-0.012622612849,0.000000000000768,0.019117691,0.941292681,0.940866313,0.075168907,0110
xor-moderate,2,0.10,589,0.094486916,0.054601160,-0.012622612849,-0.012622612849,0.000000000000768,0.019117691,0.941292681,0.940866313,0.075168907,0110
xor-moderate,2,0.10,590,0.094189185,0.054455719,-0.012622612849,-0.012622612849,0.000000000000768,0.019117691,0.941292681,0.940866313,0.075168907,0110
xor-moderate,2,0.10,591,0.093893037,0.054310923,-0.012622612849,-0.012622612849,0.000000000000768,0.019117691,0.941292681,0.940866313,0.075168907,0110
xor-moderate,2,0.10,592,0.093598461,0.054166769,-0.012622612849,-0.012622612849,0.000000000000768,0.019117691,0.941292681,0.940866313,0.075168907,0110
xor-moderate,2,0.10,593,0.093305446,0.054023253,-0.012622612849,-0.012622612849,0.000000000000768,0.019117691,0.941292681,0.940866313,0.075168907,0110
xor-moderate,2,0.10,594,0.093013981,0.053880372,-0.012622612849,-0.012622612849,0.000000000000768,0.019117691,0.941292681,0.940866313,0.075168907,0110
xor-moderate,2,0.10,595,0.092724054,0.053738122,-0.012622612849,-0.012622612849,0.000000000000768,0.019117691,0.941292681,0.940866313,0.075168907,0110
xor-moderate,2,0.10,596,0.092435657,0.053596500,-0.012622612849,-0.012622612849,0.000000000000768,0.019117691,0.941292681,0.940866313,0.075168907,0110
xor-moderate,2,0.10,597,0.092148776,0.053455502,-0.012622612849,-0.012622612849,0.000000000000768,0.019117691,0.941292681,0.940866313,0.075168907,0110
xor-moderate,2,0.10,598,0.091863402,0.053315126,-0.012622612849,-0.012622612849,0.000000000000768,0.019117691,0.941292681,0.940866313,0.075168907,0110
xor-moderate,2,0.10,599,0.091579525,0.053175367,-0.012622612849,-0.012622612849,0.000000000000768,0.019117691,0.941292681,0.940866313,0.075168907,0110
xor-moderate,2,0.10,600,0.091297133,0.053036222,-0.012622612849,-0.012622612849,0.000000000000768,0.019117691,0.941292681,0.940866313,0.075168907,0110
xor-moderate,2,0.10,601,0.091016216,0.052897689,-0.012622612849,-0.012622612849,0.000000000000768,0.019117691,0.941292681,0.940866313,0.075168907,0110
xor-moderate,2,0.10,602,0.090736765,0.052759763,-0.012622612849,-0.012622612849,0.000000000000768,0.019117691,0.941292681,0.940866313,0.075168907,0110
xor-moderate,2,0.10,603,0.090458768,0.052622441,-0.012622612849,-0.012622612849,0.000000000000768,0.019117691,0.941292681,0.940866313,0.075168907,0110
xor-moderate,2,0.10,604,0.090182215,0.052485720,-0.012622612849,-0.012622612849,0.000000000000768,0.019117691,0.941292681,0.940866313,0.075168907,0110
xor-moderate,2,0.10,605,0.089907098,0.052349597,-0.012622612849,-0.012622612849,0.000000000000768,0.019117691,0.941292681,0.940866313,0.075168907,0110
xor-moderate,2,0.10,606,0.089633404,0.052214069,-0.012622612849,-0.012622612849,0.000000000000768,0.019117691,0.941292681,0.940866313,0.075168907,0110
xor-moderate,2,0.10,607,0.089361126,0.052079131,-0.012622612849,-0.012622612849,0.000000000000768,0.019117691,0.941292681,0.940866313,0.075168907,0110
xor-moderate,2,0.10,608,0.089090252,0.051944782,-0.012622612849,-0.012622612849,0.000000000000768,0.019117691,0.941292681,0.940866313,0.075168907,0110
xor-moderate,2,0.10,609,0.088820774,0.051811017,-0.012622612849,-0.012622612849,0.000000000000768,0.019117691,0.941292681,0.940866313,0.075168907,0110
xor-moderate,2,0.10,610,0.088552681,0.051677833,-0.012622612849,-0.012622612849,0.000000000000768,0.019117691,0.941292681,0.940866313,0.075168907,0110
xor-moderate,2,0.10,611,0.088285964,0.051545229,-0.012622612849,-0.012622612849,0.000000000000768,0.019117691,0.941292681,0.940866313,0.075168907,0110
xor-moderate,2,0.10,612,0.088020613,0.051413199,-0.012622612849,-0.012622612849,0.000000000000768,0.019117691,0.941292681,0.940866313,0.075168907,0110
xor-moderate,2,0.10,613,0.087756619,0.051281741,-0.012622612849,-0.012622612849,0.000000000000768,0.019117691,0.941292681,0.940866313,0.075168907,0110
xor-moderate,2,0.10,614,0.087493973,0.051150853,-0.012622612849,-0.012622612849,0.000000000000768,0.019117691,0.941292681,0.940866313,0.075168907,0110
xor-moderate,2,0.10,615,0.087232666,0.051020530,-0.012622612849,-0.012622612849,0.000000000000768,0.019117691,0.941292681,0.940866313,0.075168907,0110
xor-moderate,2,0.10,616,0.086972687,0.050890770,-0.012622612849,-0.012622612849,0.000000000000768,0.019117691,0.941292681,0.940866313,0.075168907,0110
xor-moderate,2,0.10,617,0.086714029,0.050761569,-0.012622612849,-0.012622612849,0.000000000000768,0.019117691,0.941292681,0.940866313,0.075168907,0110
xor-moderate,2,0.10,618,0.086456682,0.050632925,-0.012622612849,-0.012622612849,0.000000000000768,0.019117691,0.941292681,0.940866313,0.075168907,0110
xor-moderate,2,0.10,619,0.086200637,0.050504835,-0.012622612849,-0.012622612849,0.000000000000768,0.019117691,0.941292681,0.940866313,0.075168907,0110
xor-moderate,2,0.10,620,0.085945886,0.050377295,-0.012622612849,-0.012622612849,0.000000000000768,0.019117691,0.941292681,0.940866313,0.075168907,0110
xor-moderate,2,0.10,621,0.085692418,0.050250303,-0.012622612849,-0.012622612849,0.000000000000768,0.019117691,0.941292681,0.940866313,0.075168907,0110
xor-moderate,2,0.10,622,0.085440227,0.050123855,-0.012622612849,-0.012622612849,0.000000000000768,0.019117691,0.941292681,0.940866313,0.075168907,0110
xor-moderate,2,0.10,623,0.085189302,0.049997949,-0.012622612849,-0.012622612849,0.000000000000768,0.019117691,0.941292681,0.940866313,0.075168907,0110
xor-moderate,2,0.10,624,0.084939636,0.049872581,-0.012622612849,-0.012622612849,0.000000000000768,0.019117691,0.941292681,0.940866313,0.075168907,0110
xor-moderate,2,0.10,625,0.084691220,0.049747750,-0.012622612849,-0.012622612849,0.000000000000768,0.019117691,0.941292681,0.940866313,0.075168907,0110
xor-moderate,2,0.10,626,0.084444046,0.049623450,-0.012622612849,-0.012622612849,0.000000000000768,0.019117691,0.941292681,0.940866313,0.075168907,0110
xor-moderate,2,0.10,627,0.084198104,0.049499681,-0.012622612849,-0.012622612849,0.000000000000768,0.019117691,0.941292681,0.940866313,0.075168907,0110
xor-moderate,2,0.10,628,0.083953388,0.049376439,-0.012622612849,-0.012622612849,0.000000000000768,0.019117691,0.941292681,0.940866313,0.075168907,0110
xor-moderate,2,0.10,629,0.083709887,0.049253721,-0.012622612849,-0.012622612849,0.000000000000768,0.019117691,0.941292681,0.940866313,0.075168907,0110
xor-moderate,2,0.10,630,0.083467596,0.049131524,-0.012622612849,-0.012622612849,0.000000000000768,0.019117691,0.941292681,0.940866313,0.075168907,0110
xor-moderate,2,0.10,631,0.083226504,0.049009845,-0.012622612849,-0.012622612849,0.000000000000768,0.019117691,0.941292681,0.940866313,0.075168907,0110
xor-moderate,2,0.10,632,0.082986604,0.048888682,-0.012622612849,-0.012622612849,0.000000000000768,0.019117691,0.941292681,0.940866313,0.075168907,0110
xor-moderate,2,0.10,633,0.082747889,0.048768032,-0.012622612849,-0.012622612849,0.000000000000768,0.019117691,0.941292681,0.940866313,0.075168907,0110
xor-moderate,2,0.10,634,0.082510350,0.048647891,-0.012622612849,-0.012622612849,0.000000000000768,0.019117691,0.941292681,0.940866313,0.075168907,0110
xor-moderate,2,0.10,635,0.082273979,0.048528258,-0.012622612849,-0.012622612849,0.000000000000768,0.019117691,0.941292681,0.940866313,0.075168907,0110
xor-moderate,2,0.10,636,0.082038769,0.048409130,-0.012622612849,-0.012622612849,0.000000000000768,0.019117691,0.941292681,0.940866313,0.075168907,0110
xor-moderate,2,0.10,637,0.081804712,0.048290503,-0.012622612849,-0.012622612849,0.000000000000768,0.019117691,0.941292681,0.940866313,0.075168907,0110
xor-moderate,2,0.10,638,0.081571800,0.048172375,-0.012622612849,-0.012622612849,0.000000000000768,0.019117691,0.941292681,0.940866313,0.075168907,0110
xor-moderate,2,0.10,639,0.081340026,0.048054743,-0.012622612849,-0.012622612849,0.000000000000768,0.019117691,0.941292681,0.940866313,0.075168907,0110
xor-moderate,2,0.10,640,0.081109382,0.047937605,-0.012622612849,-0.012622612849,0.000000000000768,0.019117691,0.941292681,0.940866313,0.075168907,0110
xor-moderate,2,0.10,641,0.080879860,0.047820957,-0.012622612849,-0.012622612849,0.000000000000768,0.019117691,0.941292681,0.940866313,0.075168907,0110
xor-moderate,2,0.10,642,0.080651453,0.047704798,-0.012622612849,-0.012622612849,0.000000000000768,0.019117691,0.941292681,0.940866313,0.075168907,0110
xor-moderate,2,0.10,643,0.080424154,0.047589125,-0.012622612849,-0.012622612849,0.000000000000768,0.019117691,0.941292681,0.940866313,0.075168907,0110
xor-moderate,2,0.10,644,0.080197956,0.047473934,-0.012622612849,-0.012622612849,0.000000000000768,0.019117691,0.941292681,0.940866313,0.075168907,0110
xor-moderate,2,0.10,645,0.079972851,0.047359224,-0.012622612849,-0.012622612849,0.000000000000768,0.019117691,0.941292681,0.940866313,0.075168907,0110
xor-moderate,2,0.10,646,0.079748832,0.047244991,-0.012622612849,-0.012622612849,0.000000000000768,0.019117691,0.941292681,0.940866313,0.075168907,0110
xor-moderate,2,0.10,647,0.079525892,0.047131234,-0.012622612849,-0.012622612849,0.000000000000768,0.019117691,0.941292681,0.940866313,0.075168907,0110
xor-moderate,2,0.10,648,0.079304024,0.047017949,-0.012622612849,-0.012622612849,0.000000000000768,0.019117691,0.941292681,0.940866313,0.075168907,0110
xor-moderate,2,0.10,649,0.079083220,0.046905134,-0.012622612849,-0.012622612849,0.000000000000768,0.019117691,0.941292681,0.940866313,0.075168907,0110
xor-moderate,2,0.10,650,0.078863475,0.046792787,-0.012622612849,-0.012622612849,0.000000000000768,0.019117691,0.941292681,0.940866313,0.075168907,0110
xor-moderate,2,0.10,651,0.078644780,0.046680904,-0.012622612849,-0.012622612849,0.000000000000768,0.019117691,0.941292681,0.940866313,0.075168907,0110
xor-moderate,2,0.10,652,0.078427129,0.046569484,-0.012622612849,-0.012622612849,0.000000000000768,0.019117691,0.941292681,0.940866313,0.075168907,0110
xor-moderate,2,0.10,653,0.078210516,0.046458524,-0.012622612849,-0.012622612849,0.000000000000768,0.019117691,0.941292681,0.940866313,0.075168907,0110
xor-moderate,2,0.10,654,0.077994934,0.046348021,-0.012622612849,-0.012622612849,0.000000000000768,0.019117691,0.941292681,0.940866313,0.075168907,0110
xor-moderate,2,0.10,655,0.077780375,0.046237974,-0.012622612849,-0.012622612849,0.000000000000768,0.019117691,0.941292681,0.940866313,0.075168907,0110
xor-moderate,2,0.10,656,0.077566833,0.046128379,-0.012622612849,-0.012622612849,0.000000000000768,0.019117691,0.941292681,0.940866313,0.075168907,0110
xor-moderate,2,0.10,657,0.077354302,0.046019234,-0.012622612849,-0.012622612849,0.000000000000768,0.019117691,0.941292681,0.940866313,0.075168907,0110
xor-moderate,2,0.10,658,0.077142775,0.045910536,-0.012622612849,-0.012622612849,0.000000000000768,0.019117691,0.941292681,0.940866313,0.075168907,0110
xor-moderate,2,0.10,659,0.076932246,0.045802284,-0.012622612849,-0.012622612849,0.000000000000768,0.019117691,0.941292681,0.940866313,0.075168907,0110
xor-moderate,2,0.10,660,0.076722708,0.045694475,-0.012622612849,-0.012622612849,0.000000000000768,0.019117691,0.941292681,0.940866313,0.075168907,0110
xor-moderate,2,0.10,661,0.076514155,0.045587106,-0.012622612849,-0.012622612849,0.000000000000768,0.019117691,0.941292681,0.940866313,0.075168907,0110
xor-moderate,2,0.10,662,0.076306581,0.045480176,-0.012622612849,-0.012622612849,0.000000000000768,0.019117691,0.941292681,0.940866313,0.075168907,0110
xor-moderate,2,0.10,663,0.076099978,0.045373681,-0.012622612849,-0.012622612849,0.000000000000768,0.019117691,0.941292681,0.940866313,0.075168907,0110
xor-moderate,2,0.10,664,0.075894342,0.045267620,-0.012622612849,-0.012622612849,0.000000000000768,0.019117691,0.941292681,0.940866313,0.075168907,0110
xor-moderate,2,0.10,665,0.075689665,0.045161989,-0.012622612849,-0.012622612849,0.000000000000768,0.019117691,0.941292681,0.940866313,0.075168907,0110
xor-moderate,2,0.10,666,0.075485942,0.045056788,-0.012622612849,-0.012622612849,0.000000000000768,0.019117691,0.941292681,0.940866313,0.075168907,0110
xor-moderate,2,0.10,667,0.075283167,0.044952013,-0.012622612849,-0.012622612849,0.000000000000768,0.019117691,0.941292681,0.940866313,0.075168907,0110
xor-moderate,2,0.10,668,0.075081333,0.044847662,-0.012622612849,-0.012622612849,0.000000000000768,0.019117691,0.941292681,0.940866313,0.075168907,0110
xor-moderate,2,0.10,669,0.074880435,0.044743734,-0.012622612849,-0.012622612849,0.000000000000768,0.019117691,0.941292681,0.940866313,0.075168907,0110
xor-moderate,2,0.10,670,0.074680467,0.044640225,-0.012622612849,-0.012622612849,0.000000000000768,0.019117691,0.941292681,0.940866313,0.075168907,0110
xor-moderate,2,0.10,671,0.074481422,0.044537133,-0.012622612849,-0.012622612849,0.000000000000768,0.019117691,0.941292681,0.940866313,0.075168907,0110
xor-moderate,2,0.10,672,0.074283295,0.044434457,-0.012622612849,-0.012622612849,0.000000000000768,0.019117691,0.941292681,0.940866313,0.075168907,0110
xor-moderate,2,0.10,673,0.074086080,0.044332194,-0.012622612849,-0.012622612849,0.000000000000768,0.019117691,0.941292681,0.940866313,0.075168907,0110
xor-moderate,2,0.10,674,0.073889771,0.044230342,-0.012622612849,-0.012622612849,0.000000000000768,0.019117691,0.941292681,0.940866313,0.075168907,0110
xor-moderate,2,0.10,675,0.073694364,0.044128898,-0.012622612849,-0.012622612849,0.000000000000768,0.019117691,0.941292681,0.940866313,0.075168907,0110
xor-moderate,2,0.10,676,0.073499851,0.044027861,-0.012622612849,-0.012622612849,0.000000000000768,0.019117691,0.941292681,0.940866313,0.075168907,0110
xor-moderate,2,0.10,677,0.073306227,0.043927228,-0.012622612849,-0.012622612849,0.000000000000768,0.019117691,0.941292681,0.940866313,0.075168907,0110
xor-moderate,2,0.10,678,0.073113487,0.043826997,-0.012622612849,-0.012622612849,0.000000000000768,0.019117691,0.941292681,0.940866313,0.075168907,0110
xor-moderate,2,0.10,679,0.072921625,0.043727166,-0.012622612849,-0.012622612849,0.000000000000768,0.019117691,0.941292681,0.940866313,0.075168907,0110
xor-moderate,2,0.10,680,0.072730636,0.043627734,-0.012622612849,-0.012622612849,0.000000000000768,0.019117691,0.941292681,0.940866313,0.075168907,0110
xor-moderate,2,0.10,681,0.072540514,0.043528697,-0.012622612849,-0.012622612849,0.000000000000768,0.019117691,0.941292681,0.940866313,0.075168907,0110
xor-moderate,2,0.10,682,0.072351254,0.043430053,-0.012622612849,-0.012622612849,0.000000000000768,0.019117691,0.941292681,0.940866313,0.075168907,0110
xor-moderate,2,0.10,683,0.072162851,0.043331802,-0.012622612849,-0.012622612849,0.000000000000768,0.019117691,0.941292681,0.940866313,0.075168907,0110
xor-moderate,2,0.10,684,0.071975299,0.043233940,-0.012622612849,-0.012622612849,0.000000000000768,0.019117691,0.941292681,0.940866313,0.075168907,0110
xor-moderate,2,0.10,685,0.071788592,0.043136465,-0.012622612849,-0.012622612849,0.000000000000768,0.019117691,0.941292681,0.940866313,0.075168907,0110
xor-moderate,2,0.10,686,0.071602726,0.043039376,-0.012622612849,-0.012622612849,0.000000000000768,0.019117691,0.941292681,0.940866313,0.075168907,0110
xor-moderate,2,0.10,687,0.071417695,0.042942670,-0.012622612849,-0.012622612849,0.000000000000768,0.019117691,0.941292681,0.940866313,0.075168907,0110
xor-moderate,2,0.10,688,0.071233495,0.042846346,-0.012622612849,-0.012622612849,0.000000000000768,0.019117691,0.941292681,0.940866313,0.075168907,0110
xor-moderate,2,0.10,689,0.071050120,0.042750401,-0.012622612849,-0.012622612849,0.000000000000768,0.019117691,0.941292681,0.940866313,0.075168907,0110
xor-moderate,2,0.10,690,0.070867564,0.042654834,-0.012622612849,-0.012622612849,0.000000000000768,0.019117691,0.941292681,0.940866313,0.075168907,0110
xor-moderate,2,0.10,691,0.070685824,0.042559642,-0.012622612849,-0.012622612849,0.000000000000768,0.019117691,0.941292681,0.940866313,0.075168907,0110
xor-moderate,2,0.10,692,0.070504893,0.042464823,-0.012622612849,-0.012622612849,0.000000000000768,0.019117691,0.941292681,0.940866313,0.075168907,0110
xor-moderate,2,0.10,693,0.070324768,0.042370376,-0.012622612849,-0.012622612849,0.000000000000768,0.019117691,0.941292681,0.940866313,0.075168907,0110
xor-moderate,2,0.10,694,0.070145442,0.042276298,-0.012622612849,-0.012622612849,0.000000000000768,0.019117691,0.941292681,0.940866313,0.075168907,0110
xor-moderate,2,0.10,695,0.069966912,0.042182588,-0.012622612849,-0.012622612849,0.000000000000768,0.019117691,0.941292681,0.940866313,0.075168907,0110
xor-moderate,2,0.10,696,0.069789172,0.042089244,-0.012622612849,-0.012622612849,0.000000000000768,0.019117691,0.941292681,0.940866313,0.075168907,0110
xor-moderate,2,0.10,697,0.069612217,0.041996264,-0.012622612849,-0.012622612849,0.000000000000768,0.019117691,0.941292681,0.940866313,0.075168907,0110
xor-moderate,2,0.10,698,0.069436043,0.041903645,-0.012622612849,-0.012622612849,0.000000000000768,0.019117691,0.941292681,0.940866313,0.075168907,0110
xor-moderate,2,0.10,699,0.069260645,0.041811386,-0.012622612849,-0.012622612849,0.000000000000768,0.019117691,0.941292681,0.940866313,0.075168907,0110
xor-moderate,2,0.10,700,0.069086018,0.041719486,-0.012622612849,-0.012622612849,0.000000000000768,0.019117691,0.941292681,0.940866313,0.075168907,0110
xor-moderate,2,0.10,701,0.068912157,0.041627941,-0.012622612849,-0.012622612849,0.000000000000768,0.019117691,0.941292681,0.940866313,0.075168907,0110
xor-moderate,2,0.10,702,0.068739059,0.041536751,-0.012622612849,-0.012622612849,0.000000000000768,0.019117691,0.941292681,0.940866313,0.075168907,0110
xor-moderate,2,0.10,703,0.068566717,0.041445914,-0.012622612849,-0.012622612849,0.000000000000768,0.019117691,0.941292681,0.940866313,0.075168907,0110
xor-moderate,2,0.10,704,0.068395128,0.041355427,-0.012622612849,-0.012622612849,0.000000000000768,0.019117691,0.941292681,0.940866313,0.075168907,0110
xor-moderate,2,0.10,705,0.068224288,0.041265289,-0.012622612849,-0.012622612849,0.000000000000768,0.019117691,0.941292681,0.940866313,0.075168907,0110
xor-moderate,2,0.10,706,0.068054190,0.041175498,-0.012622612849,-0.012622612849,0.000000000000768,0.019117691,0.941292681,0.940866313,0.075168907,0110
xor-moderate,2,0.10,707,0.067884833,0.041086052,-0.012622612849,-0.012622612849,0.000000000000768,0.019117691,0.941292681,0.940866313,0.075168907,0110
xor-moderate,2,0.10,708,0.067716209,0.040996950,-0.012622612849,-0.012622612849,0.000000000000768,0.019117691,0.941292681,0.940866313,0.075168907,0110
xor-moderate,2,0.10,709,0.067548316,0.040908190,-0.012622612849,-0.012622612849,0.000000000000768,0.019117691,0.941292681,0.940866313,0.075168907,0110
xor-moderate,2,0.10,710,0.067381149,0.040819769,-0.012622612849,-0.012622612849,0.000000000000768,0.019117691,0.941292681,0.940866313,0.075168907,0110
xor-moderate,2,0.10,711,0.067214704,0.040731687,-0.012622612849,-0.012622612849,0.000000000000768,0.019117691,0.941292681,0.940866313,0.075168907,0110
xor-moderate,2,0.10,712,0.067048975,0.040643941,-0.012622612849,-0.012622612849,0.000000000000768,0.019117691,0.941292681,0.940866313,0.075168907,0110
xor-moderate,2,0.10,713,0.066883960,0.040556530,-0.012622612849,-0.012622612849,0.000000000000768,0.019117691,0.941292681,0.940866313,0.075168907,0110
xor-moderate,2,0.10,714,0.066719653,0.040469452,-0.012622612849,-0.012622612849,0.000000000000768,0.019117691,0.941292681,0.940866313,0.075168907,0110
xor-moderate,2,0.10,715,0.066556051,0.040382705,-0.012622612849,-0.012622612849,0.000000000000768,0.019117691,0.941292681,0.940866313,0.075168907,0110
xor-moderate,2,0.10,716,0.066393150,0.040296287,-0.012622612849,-0.012622612849,0.000000000000768,0.019117691,0.941292681,0.940866313,0.075168907,0110
xor-moderate,2,0.10,717,0.066230944,0.040210197,-0.012622612849,-0.012622612849,0.000000000000768,0.019117691,0.941292681,0.940866313,0.075168907,0110
xor-moderate,2,0.10,718,0.066069431,0.040124434,-0.012622612849,-0.012622612849,0.000000000000768,0.019117691,0.941292681,0.940866313,0.075168907,0110
xor-moderate,2,0.10,719,0.065908605,0.040038995,-0.012622612849,-0.012622612849,0.000000000000768,0.019117691,0.941292681,0.940866313,0.075168907,0110
xor-moderate,2,0.10,720,0.065748463,0.039953879,-0.012622612849,-0.012622612849,0.000000000000768,0.019117691,0.941292681,0.940866313,0.075168907,0110
xor-moderate,2,0.10,721,0.065589002,0.039869084,-0.012622612849,-0.012622612849,0.000000000000768,0.019117691,0.941292681,0.940866313,0.075168907,0110
xor-moderate,2,0.10,722,0.065430216,0.039784609,-0.012622612849,-0.012622612849,0.000000000000768,0.019117691,0.941292681,0.940866313,0.075168907,0110
xor-moderate,2,0.10,723,0.065272102,0.039700451,-0.012622612849,-0.012622612849,0.000000000000768,0.019117691,0.941292681,0.940866313,0.075168907,0110
xor-moderate,2,0.10,724,0.065114655,0.039616610,-0.012622612849,-0.012622612849,0.000000000000768,0.019117691,0.941292681,0.940866313,0.075168907,0110
xor-moderate,2,0.10,725,0.064957873,0.039533084,-0.012622612849,-0.012622612849,0.000000000000768,0.019117691,0.941292681,0.940866313,0.075168907,0110
xor-moderate,2,0.10,726,0.064801751,0.039449870,-0.012622612849,-0.012622612849,0.000000000000768,0.019117691,0.941292681,0.940866313,0.075168907,0110
xor-moderate,2,0.10,727,0.064646286,0.039366968,-0.012622612849,-0.012622612849,0.000000000000768,0.019117691,0.941292681,0.940866313,0.075168907,0110
xor-moderate,2,0.10,728,0.064491473,0.039284376,-0.012622612849,-0.012622612849,0.000000000000768,0.019117691,0.941292681,0.940866313,0.075168907,0110
xor-moderate,2,0.10,729,0.064337308,0.039202092,-0.012622612849,-0.012622612849,0.000000000000768,0.019117691,0.941292681,0.940866313,0.075168907,0110
xor-moderate,2,0.10,730,0.064183788,0.039120115,-0.012622612849,-0.012622612849,0.000000000000768,0.019117691,0.941292681,0.940866313,0.075168907,0110
xor-moderate,2,0.10,731,0.064030910,0.039038443,-0.012622612849,-0.012622612849,0.000000000000768,0.019117691,0.941292681,0.940866313,0.075168907,0110
xor-moderate,2,0.10,732,0.063878669,0.038957075,-0.012622612849,-0.012622612849,0.000000000000768,0.019117691,0.941292681,0.940866313,0.075168907,0110
xor-moderate,2,0.10,733,0.063727061,0.038876009,-0.012622612849,-0.012622612849,0.000000000000768,0.019117691,0.941292681,0.940866313,0.075168907,0110
xor-moderate,2,0.10,734,0.063576084,0.038795244,-0.012622612849,-0.012622612849,0.000000000000768,0.019117691,0.941292681,0.940866313,0.075168907,0110
xor-moderate,2,0.10,735,0.063425733,0.038714777,-0.012622612849,-0.012622612849,0.000000000000768,0.019117691,0.941292681,0.940866313,0.075168907,0110
xor-moderate,2,0.10,736,0.063276005,0.038634608,-0.012622612849,-0.012622612849,0.000000000000768,0.019117691,0.941292681,0.940866313,0.075168907,0110
xor-moderate,2,0.10,737,0.063126896,0.038554735,-0.012622612849,-0.012622612849,0.000000000000768,0.019117691,0.941292681,0.940866313,0.075168907,0110
xor-moderate,2,0.10,738,0.062978402,0.038475157,-0.012622612849,-0.012622612849,0.000000000000768,0.019117691,0.941292681,0.940866313,0.075168907,0110
xor-moderate,2,0.10,739,0.062830521,0.038395872,-0.012622612849,-0.012622612849,0.000000000000768,0.019117691,0.941292681,0.940866313,0.075168907,0110
xor-moderate,2,0.10,740,0.062683249,0.038316878,-0.012622612849,-0.012622612849,0.000000000000768,0.019117691,0.941292681,0.940866313,0.075168907,0110
xor-moderate,2,0.10,741,0.062536581,0.038238175,-0.012622612849,-0.012622612849,0.000000000000768,0.019117691,0.941292681,0.940866313,0.075168907,0110
xor-moderate,2,0.10,742,0.062390515,0.038159760,-0.012622612849,-0.012622612849,0.000000000000768,0.019117691,0.941292681,0.940866313,0.075168907,0110
xor-moderate,2,0.10,743,0.062245048,0.038081633,-0.012622612849,-0.012622612849,0.000000000000768,0.019117691,0.941292681,0.940866313,0.075168907,0110
xor-moderate,2,0.10,744,0.062100175,0.038003791,-0.012622612849,-0.012622612849,0.000000000000768,0.019117691,0.941292681,0.940866313,0.075168907,0110
xor-moderate,2,0.10,745,0.061955893,0.037926234,-0.012622612849,-0.012622612849,0.000000000000768,0.019117691,0.941292681,0.940866313,0.075168907,0110
xor-moderate,2,0.10,746,0.061812200,0.037848959,-0.012622612849,-0.012622612849,0.000000000000768,0.019117691,0.941292681,0.940866313,0.075168907,0110
xor-moderate,2,0.10,747,0.061669091,0.037771967,-0.012622612849,-0.012622612849,0.000000000000768,0.019117691,0.941292681,0.940866313,0.075168907,0110
xor-moderate,2,0.10,748,0.061526564,0.037695254,-0.012622612849,-0.012622612849,0.000000000000768,0.019117691,0.941292681,0.940866313,0.075168907,0110
xor-moderate,2,0.10,749,0.061384615,0.037618820,-0.012622612849,-0.012622612849,0.000000000000768,0.019117691,0.941292681,0.940866313,0.075168907,0110
xor-moderate,2,0.10,750,0.061243241,0.037542663,-0.012622612849,-0.012622612849,0.000000000000768,0.019117691,0.941292681,0.940866313,0.075168907,0110
xor-moderate,2,0.10,751,0.061102438,0.037466783,-0.012622612849,-0.012622612849,0.000000000000768,0.019117691,0.941292681,0.940866313,0.075168907,0110
xor-moderate,2,0.10,752,0.060962204,0.037391177,-0.012622612849,-0.012622612849,0.000000000000768,0.019117691,0.941292681,0.940866313,0.075168907,0110
xor-moderate,2,0.10,753,0.060822535,0.037315844,-0.012622612849,-0.012622612849,0.000000000000768,0.019117691,0.941292681,0.940866313,0.075168907,0110
xor-moderate,2,0.10,754,0.060683428,0.037240783,-0.012622612849,-0.012622612849,0.000000000000768,0.019117691,0.941292681,0.940866313,0.075168907,0110
xor-moderate,2,0.10,755,0.060544879,0.037165993,-0.012622612849,-0.012622612849,0.000000000000768,0.019117691,0.941292681,0.940866313,0.075168907,0110
xor-moderate,2,0.10,756,0.060406887,0.037091472,-0.012622612849,-0.012622612849,0.000000000000768,0.019117691,0.941292681,0.940866313,0.075168907,0110
xor-moderate,2,0.10,757,0.060269447,0.037017219,-0.012622612849,-0.012622612849,0.000000000000768,0.019117691,0.941292681,0.940866313,0.075168907,0110
xor-moderate,2,0.10,758,0.060132556,0.036943232,-0.012622612849,-0.012622612849,0.000000000000768,0.019117691,0.941292681,0.940866313,0.075168907,0110
xor-moderate,2,0.10,759,0.059996212,0.036869510,-0.012622612849,-0.012622612849,0.000000000000768,0.019117691,0.941292681,0.940866313,0.075168907,0110
xor-moderate,2,0.10,760,0.059860412,0.036796053,-0.012622612849,-0.012622612849,0.000000000000768,0.019117691,0.941292681,0.940866313,0.075168907,0110
xor-moderate,2,0.10,761,0.059725151,0.036722858,-0.012622612849,-0.012622612849,0.000000000000768,0.019117691,0.941292681,0.940866313,0.075168907,0110
xor-moderate,2,0.10,762,0.059590428,0.036649925,-0.012622612849,-0.012622612849,0.000000000000768,0.019117691,0.941292681,0.940866313,0.075168907,0110
xor-moderate,2,0.10,763,0.059456240,0.036577251,-0.012622612849,-0.012622612849,0.000000000000768,0.019117691,0.941292681,0.940866313,0.075168907,0110
xor-moderate,2,0.10,764,0.059322583,0.036504836,-0.012622612849,-0.012622612849,0.000000000000768,0.019117691,0.941292681,0.940866313,0.075168907,0110
xor-moderate,2,0.10,765,0.059189454,0.036432679,-0.012622612849,-0.012622612849,0.000000000000768,0.019117691,0.941292681,0.940866313,0.075168907,0110
xor-moderate,2,0.10,766,0.059056851,0.036360778,-0.012622612849,-0.012622612849,0.000000000000768,0.019117691,0.941292681,0.940866313,0.075168907,0110
xor-moderate,2,0.10,767,0.058924771,0.036289132,-0.012622612849,-0.012622612849,0.000000000000768,0.019117691,0.941292681,0.940866313,0.075168907,0110
xor-moderate,2,0.10,768,0.058793211,0.036217740,-0.012622612849,-0.012622612849,0.000000000000768,0.019117691,0.941292681,0.940866313,0.075168907,0110
xor-moderate,2,0.10,769,0.058662167,0.036146601,-0.012622612849,-0.012622612849,0.000000000000768,0.019117691,0.941292681,0.940866313,0.075168907,0110
xor-moderate,2,0.10,770,0.058531637,0.036075712,-0.012622612849,-0.012622612849,0.000000000000768,0.019117691,0.941292681,0.940866313,0.075168907,0110
xor-moderate,2,0.10,771,0.058401619,0.036005074,-0.012622612849,-0.012622612849,0.000000000000768,0.019117691,0.941292681,0.940866313,0.075168907,0110
xor-moderate,2,0.10,772,0.058272109,0.035934685,-0.012622612849,-0.012622612849,0.000000000000768,0.019117691,0.941292681,0.940866313,0.075168907,0110
xor-moderate,2,0.10,773,0.058143105,0.035864543,-0.012622612849,-0.012622612849,0.000000000000768,0.019117691,0.941292681,0.940866313,0.075168907,0110
xor-moderate,2,0.10,774,0.058014604,0.035794647,-0.012622612849,-0.012622612849,0.000000000000768,0.019117691,0.941292681,0.940866313,0.075168907,0110
xor-moderate,2,0.10,775,0.057886603,0.035724997,-0.012622612849,-0.012622612849,0.000000000000768,0.019117691,0.941292681,0.940866313,0.075168907,0110
xor-moderate,2,0.10,776,0.057759100,0.035655591,-0.012622612849,-0.012622612849,0.000000000000768,0.019117691,0.941292681,0.940866313,0.075168907,0110
xor-moderate,2,0.10,777,0.057632091,0.035586428,-0.012622612849,-0.012622612849,0.000000000000768,0.019117691,0.941292681,0.940866313,0.075168907,0110
xor-moderate,2,0.10,778,0.057505574,0.035517507,-0.012622612849,-0.012622612849,0.000000000000768,0.019117691,0.941292681,0.940866313,0.075168907,0110
xor-moderate,2,0.10,779,0.057379547,0.035448826,-0.012622612849,-0.012622612849,0.000000000000768,0.019117691,0.941292681,0.940866313,0.075168907,0110
xor-moderate,2,0.10,780,0.057254006,0.035380384,-0.012622612849,-0.012622612849,0.000000000000768,0.019117691,0.941292681,0.940866313,0.075168907,0110
xor-moderate,2,0.10,781,0.057128950,0.035312181,-0.012622612849,-0.012622612849,0.000000000000768,0.019117691,0.941292681,0.940866313,0.075168907,0110
xor-moderate,2,0.10,782,0.057004375,0.035244214,-0.012622612849,-0.012622612849,0.000000000000768,0.019117691,0.941292681,0.940866313,0.075168907,0110
xor-moderate,2,0.10,783,0.056880279,0.035176484,-0.012622612849,-0.012622612849,0.000000000000768,0.019117691,0.941292681,0.940866313,0.075168907,0110
xor-moderate,2,0.10,784,0.056756659,0.035108988,-0.012622612849,-0.012622612849,0.000000000000768,0.019117691,0.941292681,0.940866313,0.075168907,0110
xor-moderate,2,0.10,785,0.056633513,0.035041727,-0.012622612849,-0.012622612849,0.000000000000768,0.019117691,0.941292681,0.940866313,0.075168907,0110
xor-moderate,2,0.10,786,0.056510838,0.034974697,-0.012622612849,-0.012622612849,0.000000000000768,0.019117691,0.941292681,0.940866313,0.075168907,0110
xor-moderate,2,0.10,787,0.056388632,0.034907899,-0.012622612849,-0.012622612849,0.000000000000768,0.019117691,0.941292681,0.940866313,0.075168907,0110
xor-moderate,2,0.10,788,0.056266892,0.034841332,-0.012622612849,-0.012622612849,0.000000000000768,0.019117691,0.941292681,0.940866313,0.075168907,0110
xor-moderate,2,0.10,789,0.056145616,0.034774993,-0.012622612849,-0.012622612849,0.000000000000768,0.019117691,0.941292681,0.940866313,0.075168907,0110
xor-moderate,2,0.10,790,0.056024801,0.034708883,-0.012622612849,-0.012622612849,0.000000000000768,0.019117691,0.941292681,0.940866313,0.075168907,0110
xor-moderate,2,0.10,791,0.055904444,0.034643000,-0.012622612849,-0.012622612849,0.000000000000768,0.019117691,0.941292681,0.940866313,0.075168907,0110
xor-moderate,2,0.10,792,0.055784544,0.034577343,-0.012622612849,-0.012622612849,0.000000000000768,0.019117691,0.941292681,0.940866313,0.075168907,0110
xor-moderate,2,0.10,793,0.055665098,0.034511911,-0.012622612849,-0.012622612849,0.000000000000768,0.019117691,0.941292681,0.940866313,0.075168907,0110
xor-moderate,2,0.10,794,0.055546104,0.034446702,-0.012622612849,-0.012622612849,0.000000000000768,0.019117691,0.941292681,0.940866313,0.075168907,0110
xor-moderate,2,0.10,795,0.055427558,0.034381717,-0.012622612849,-0.012622612849,0.000000000000768,0.019117691,0.941292681,0.940866313,0.075168907,0110
xor-moderate,2,0.10,796,0.055309459,0.034316953,-0.012622612849,-0.012622612849,0.000000000000768,0.019117691,0.941292681,0.940866313,0.075168907,0110
xor-moderate,2,0.10,797,0.055191805,0.034252409,-0.012622612849,-0.012622612849,0.000000000000768,0.019117691,0.941292681,0.940866313,0.075168907,0110
xor-moderate,2,0.10,798,0.055074592,0.034188086,-0.012622612849,-0.012622612849,0.000000000000768,0.019117691,0.941292681,0.940866313,0.075168907,0110
xor-moderate,2,0.10,799,0.054957819,0.034123981,-0.012622612849,-0.012622612849,0.000000000000768,0.019117691,0.941292681,0.940866313,0.075168907,0110
xor-moderate,2,0.10,800,0.054841484,0.034060093,-0.012622612849,-0.012622612849,0.000000000000768,0.019117691,0.941292681,0.940866313,0.075168907,0110
xor-fast,2,0.50,1,0.700143529,0.075846749,-0.012622612849,-0.012622612849,0.000000000000768,0.001732308,0.993983937,0.993939633,0.007602828,0110
xor-fast,2,0.50,2,0.697346469,0.071812858,-0.012622612849,-0.012622612849,0.000000000000768,0.001732308,0.993983937,0.993939633,0.007602828,0110
xor-fast,2,0.50,3,0.694828900,0.068554452,-0.012622612849,-0.012622612849,0.000000000000768,0.001732308,0.993983937,0.993939633,0.007602828,0110
xor-fast,2,0.50,4,0.692525508,0.065973982,-0.012622612849,-0.012622612849,0.000000000000768,0.001732308,0.993983937,0.993939633,0.007602828,0110
xor-fast,2,0.50,5,0.690383873,0.063998064,-0.012622612849,-0.012622612849,0.000000000000768,0.001732308,0.993983937,0.993939633,0.007602828,0110
xor-fast,2,0.50,6,0.688360776,0.062568338,-0.012622612849,-0.012622612849,0.000000000000768,0.001732308,0.993983937,0.993939633,0.007602828,0110
xor-fast,2,0.50,7,0.686419728,0.061635679,-0.012622612849,-0.012622612849,0.000000000000768,0.001732308,0.993983937,0.993939633,0.007602828,0110
xor-fast,2,0.50,8,0.684529256,0.061156652,-0.012622612849,-0.012622612849,0.000000000000768,0.001732308,0.993983937,0.993939633,0.007602828,0110
xor-fast,2,0.50,9,0.682661670,0.061091514,-0.012622612849,-0.012622612849,0.000000000000768,0.001732308,0.993983937,0.993939633,0.007602828,0110
xor-fast,2,0.50,10,0.680792173,0.061403207,-0.012622612849,-0.012622612849,0.000000000000768,0.001732308,0.993983937,0.993939633,0.007602828,0110
xor-fast,2,0.50,11,0.678898173,0.062056963,-0.012622612849,-0.012622612849,0.000000000000768,0.001732308,0.993983937,0.993939633,0.007602828,0110
xor-fast,2,0.50,12,0.676958775,0.063020224,-0.012622612849,-0.012622612849,0.000000000000768,0.001732308,0.993983937,0.993939633,0.007602828,0110
xor-fast,2,0.50,13,0.674954376,0.064262683,-0.012622612849,-0.012622612849,0.000000000000768,0.001732308,0.993983937,0.993939633,0.007602828,0110
xor-fast,2,0.50,14,0.672866360,0.065756318,-0.012622612849,-0.012622612849,0.000000000000768,0.001732308,0.993983937,0.993939633,0.007602828,0110
xor-fast,2,0.50,15,0.670676864,0.067475366,-0.012622612849,-0.012622612849,0.000000000000768,0.001732308,0.993983937,0.993939633,0.007602828,0110
xor-fast,2,0.50,16,0.668368599,0.069396214,-0.012622612849,-0.012622612849,0.000000000000768,0.001732308,0.993983937,0.993939633,0.007602828,0110
xor-fast,2,0.50,17,0.665924728,0.071497226,-0.012622612849,-0.012622612849,0.000000000000768,0.001732308,0.993983937,0.993939633,0.007602828,0110
xor-fast,2,0.50,18,0.663328784,0.073758520,-0.012622612849,-0.012622612849,0.000000000000768,0.001732308,0.993983937,0.993939633,0.007602828,0110
xor-fast,2,0.50,19,0.660564623,0.076161724,-0.012622612849,-0.012622612849,0.000000000000768,0.001732308,0.993983937,0.993939633,0.007602828,0110
xor-fast,2,0.50,20,0.657616415,0.078689733,-0.012622612849,-0.012622612849,0.000000000000768,0.001732308,0.993983937,0.993939633,0.007602828,0110
xor-fast,2,0.50,21,0.654468659,0.081326475,-0.012622612849,-0.012622612849,0.000000000000768,0.001732308,0.993983937,0.993939633,0.007602828,0110
xor-fast,2,0.50,22,0.651106230,0.084056702,-0.012622612849,-0.012622612849,0.000000000000768,0.001732308,0.993983937,0.993939633,0.007602828,0110
xor-fast,2,0.50,23,0.647514446,0.086865798,-0.012622612849,-0.012622612849,0.000000000000768,0.001732308,0.993983937,0.993939633,0.007602828,0110
xor-fast,2,0.50,24,0.643679149,0.089739618,-0.012622612849,-0.012622612849,0.000000000000768,0.001732308,0.993983937,0.993939633,0.007602828,0110
xor-fast,2,0.50,25,0.639586817,0.092664336,-0.012622612849,-0.012622612849,0.000000000000768,0.001732308,0.993983937,0.993939633,0.007602828,0110
xor-fast,2,0.50,26,0.635224684,0.095626315,-0.012622612849,-0.012622612849,0.000000000000768,0.001732308,0.993983937,0.993939633,0.007602828,0110
xor-fast,2,0.50,27,0.630580877,0.098611988,-0.012622612849,-0.012622612849,0.000000000000768,0.001732308,0.993983937,0.993939633,0.007602828,0110
xor-fast,2,0.50,28,0.625644570,0.101607744,-0.012622612849,-0.012622612849,0.000000000000768,0.001732308,0.993983937,0.993939633,0.007602828,0110
xor-fast,2,0.50,29,0.620406152,0.104599841,-0.012622612849,-0.012622612849,0.000000000000768,0.001732308,0.993983937,0.993939633,0.007602828,0110
xor-fast,2,0.50,30,0.614857402,0.107574323,-0.012622612849,-0.012622612849,0.000000000000768,0.001732308,0.993983937,0.993939633,0.007602828,0110
xor-fast,2,0.50,31,0.608991687,0.110516969,-0.012622612849,-0.012622612849,0.000000000000768,0.001732308,0.993983937,0.993939633,0.007602828,0110
xor-fast,2,0.50,32,0.602804146,0.113413277,-0.012622612849,-0.012622612849,0.000000000000768,0.001732308,0.993983937,0.993939633,0.007602828,0110
xor-fast,2,0.50,33,0.596291897,0.116248481,-0.012622612849,-0.012622612849,0.000000000000768,0.001732308,0.993983937,0.993939633,0.007602828,0110
xor-fast,2,0.50,34,0.589454220,0.119007615,-0.012622612849,-0.012622612849,0.000000000000768,0.001732308,0.993983937,0.993939633,0.007602828,0110
xor-fast,2,0.50,35,0.582292741,0.121675627,-0.012622612849,-0.012622612849,0.000000000000768,0.001732308,0.993983937,0.993939633,0.007602828,0110
xor-fast,2,0.50,36,0.574811577,0.124237542,-0.012622612849,-0.012622612849,0.000000000000768,0.001732308,0.993983937,0.993939633,0.007602828,0110
xor-fast,2,0.50,37,0.567017462,0.126678657,-0.012622612849,-0.012622612849,0.000000000000768,0.001732308,0.993983937,0.993939633,0.007602828,0110
xor-fast,2,0.50,38,0.558919820,0.128984784,-0.012622612849,-0.012622612849,0.000000000000768,0.001732308,0.993983937,0.993939633,0.007602828,0110
xor-fast,2,0.50,39,0.550530786,0.131142502,-0.012622612849,-0.012622612849,0.000000000000768,0.001732308,0.993983937,0.993939633,0.007602828,0110
xor-fast,2,0.50,40,0.541865173,0.133139426,-0.012622612849,-0.012622612849,0.000000000000768,0.001732308,0.993983937,0.993939633,0.007602828,0110
xor-fast,2,0.50,41,0.532940369,0.134964464,-0.012622612849,-0.012622612849,0.000000000000768,0.001732308,0.993983937,0.993939633,0.007602828,0110
xor-fast,2,0.50,42,0.523776173,0.136608049,-0.012622612849,-0.012622612849,0.000000000000768,0.001732308,0.993983937,0.993939633,0.007602828,0110
xor-fast,2,0.50,43,0.514394566,0.138062338,-0.012622612849,-0.012622612849,0.000000000000768,0.001732308,0.993983937,0.993939633,0.007602828,0110
xor-fast,2,0.50,44,0.504819430,0.139321357,-0.012622612849,-0.012622612849,0.000000000000768,0.001732308,0.993983937,0.993939633,0.007602828,0110
xor-fast,2,0.50,45,0.495076218,0.140381097,-0.012622612849,-0.012622612849,0.000000000000768,0.001732308,0.993983937,0.993939633,0.007602828,0110
xor-fast,2,0.50,46,0.485191588,0.141239544,-0.012622612849,-0.012622612849,0.000000000000768,0.001732308,0.993983937,0.993939633,0.007602828,0110
xor-fast,2,0.50,47,0.475193017,0.141896649,-0.012622612849,-0.012622612849,0.000000000000768,0.001732308,0.993983937,0.993939633,0.007602828,0110
xor-fast,2,0.50,48,0.465108411,0.142354250,-0.012622612849,-0.012622612849,0.000000000000768,0.001732308,0.993983937,0.993939633,0.007602828,0110
xor-fast,2,0.50,49,0.454965717,0.142615939,-0.012622612849,-0.012622612849,0.000000000000768,0.001732308,0.993983937,0.993939633,0.007602828,0110
xor-fast,2,0.50,50,0.444792555,0.142686895,-0.012622612849,-0.012622612849,0.000000000000768,0.001732308,0.993983937,0.993939633,0.007602828,0110
xor-fast,2,0.50,51,0.434615879,0.142573691,-0.012622612849,-0.012622612849,0.000000000000768,0.001732308,0.993983937,0.993939633,0.007602828,0110
xor-fast,2,0.50,52,0.424461678,0.142284080,-0.012622612849,-0.012622612849,0.000000000000768,0.001732308,0.993983937,0.993939633,0.007602828,0110
xor-fast,2,0.50,53,0.414354717,0.141826785,-0.012622612849,-0.012622612849,0.000000000000768,0.001732308,0.993983937,0.993939633,0.007602828,0110
xor-fast,2,0.50,54,0.404318324,0.141211283,-0.012622612849,-0.012622612849,0.000000000000768,0.001732308,0.993983937,0.993939633,0.007602828,0110
xor-fast,2,0.50,55,0.394374223,0.140447604,-0.012622612849,-0.012622612849,0.000000000000768,0.001732308,0.993983937,0.993939633,0.007602828,0110
xor-fast,2,0.50,56,0.384542413,0.139546148,-0.012622612849,-0.012622612849,0.000000000000768,0.001732308,0.993983937,0.993939633,0.007602828,0110
xor-fast,2,0.50,57,0.374841088,0.138517514,-0.012622612849,-0.012622612849,0.000000000000768,0.001732308,0.993983937,0.993939633,0.007602828,0110
xor-fast,2,0.50,58,0.365286596,0.137372359,-0.012622612849,-0.012622612849,0.000000000000768,0.001732308,0.993983937,0.993939633,0.007602828,0110
xor-fast,2,0.50,59,0.355893431,0.136121267,-0.012622612849,-0.012622612849,0.000000000000768,0.001732308,0.993983937,0.993939633,0.007602828,0110
xor-fast,2,0.50,60,0.346674254,0.134774648,-0.012622612849,-0.012622612849,0.000000000000768,0.001732308,0.993983937,0.993939633,0.007602828,0110
xor-fast,2,0.50,61,0.337639943,0.133342646,-0.012622612849,-0.012622612849,0.000000000000768,0.001732308,0.993983937,0.993939633,0.007602828,0110
xor-fast,2,0.50,62,0.328799652,0.131835074,-0.012622612849,-0.012622612849,0.000000000000768,0.001732308,0.993983937,0.993939633,0.007602828,0110
xor-fast,2,0.50,63,0.320160901,0.130261353,-0.012622612849,-0.012622612849,0.000000000000768,0.001732308,0.993983937,0.993939633,0.007602828,0110
xor-fast,2,0.50,64,0.311729664,0.128630473,-0.012622612849,-0.012622612849,0.000000000000768,0.001732308,0.993983937,0.993939633,0.007602828,0110
xor-fast,2,0.50,65,0.303510472,0.126950956,-0.012622612849,-0.012622612849,0.000000000000768,0.001732308,0.993983937,0.993939633,0.007602828,0110
xor-fast,2,0.50,66,0.295506523,0.125230842,-0.012622612849,-0.012622612849,0.000000000000768,0.001732308,0.993983937,0.993939633,0.007602828,0110
xor-fast,2,0.50,67,0.287719792,0.123477669,-0.012622612849,-0.012622612849,0.000000000000768,0.001732308,0.993983937,0.993939633,0.007602828,0110
xor-fast,2,0.50,68,0.280151138,0.121698468,-0.012622612849,-0.012622612849,0.000000000000768,0.001732308,0.993983937,0.993939633,0.007602828,0110
xor-fast,2,0.50,69,0.272800422,0.119899764,-0.012622612849,-0.012622612849,0.000000000000768,0.001732308,0.993983937,0.993939633,0.007602828,0110
xor-fast,2,0.50,70,0.265666607,0.118087581,-0.012622612849,-0.012622612849,0.000000000000768,0.001732308,0.993983937,0.993939633,0.007602828,0110
xor-fast,2,0.50,71,0.258747866,0.116267450,-0.012622612849,-0.012622612849,0.000000000000768,0.001732308,0.993983937,0.993939633,0.007602828,0110
xor-fast,2,0.50,72,0.252041680,0.114444422,-0.012622612849,-0.012622612849,0.000000000000768,0.001732308,0.993983937,0.993939633,0.007602828,0110
xor-fast,2,0.50,73,0.245544930,0.112623087,-0.012622612849,-0.012622612849,0.000000000000768,0.001732308,0.993983937,0.993939633,0.007602828,0110
xor-fast,2,0.50,74,0.239253986,0.110807590,-0.012622612849,-0.012622612849,0.000000000000768,0.001732308,0.993983937,0.993939633,0.007602828,0110
xor-fast,2,0.50,75,0.233164787,0.109001654,-0.012622612849,-0.012622612849,0.000000000000768,0.001732308,0.993983937,0.993939633,0.007602828,0110
xor-fast,2,0.50,76,0.227272916,0.107208601,-0.012622612849,-0.012622612849,0.000000000000768,0.001732308,0.993983937,0.993939633,0.007602828,0110
xor-fast,2,0.50,77,0.221573667,0.105431376,-0.012622612849,-0.012622612849,0.000000000000768,0.001732308,0.993983937,0.993939633,0.007602828,0110
xor-fast,2,0.50,78,0.216062108,0.103672569,-0.012622612849,-0.012622612849,0.000000000000768,0.001732308,0.993983937,0.993939633,0.007602828,0110
xor-fast,2,0.50,79,0.210733135,0.101934443,-0.012622612849,-0.012622612849,0.000000000000768,0.001732308,0.993983937,0.993939633,0.007602828,0110
xor-fast,2,0.50,80,0.205581524,0.100218954,-0.012622612849,-0.012622612849,0.000000000000768,0.001732308,0.993983937,0.993939633,0.007602828,0110
xor-fast,2,0.50,81,0.200601971,0.098527775,-0.012622612849,-0.012622612849,0.000000000000768,0.001732308,0.993983937,0.993939633,0.007602828,0110
xor-fast,2,0.50,82,0.195789134,0.096862323,-0.012622612849,-0.012622612849,0.000000000000768,0.001732308,0.993983937,0.993939633,0.007602828,0110
xor-fast,2,0.50,83,0.191137664,0.095223775,-0.012622612849,-0.012622612849,0.000000000000768,0.001732308,0.993983937,0.993939633,0.007602828,0110
xor-fast,2,0.50,84,0.186642235,0.093613093,-0.012622612849,-0.012622612849,0.000000000000768,0.001732308,0.993983937,0.993939633,0.007602828,0110
xor-fast,2,0.50,85,0.182297569,0.092031046,-0.012622612849,-0.012622612849,0.000000000000768,0.001732308,0.993983937,0.993939633,0.007602828,0110
xor-fast,2,0.50,86,0.178098457,0.090478222,-0.012622612849,-0.012622612849,0.000000000000768,0.001732308,0.993983937,0.993939633,0.007602828,0110
xor-fast,2,0.50,87,0.174039776,0.088955054,-0.012622612849,-0.012622612849,0.000000000000768,0.001732308,0.993983937,0.993939633,0.007602828,0110
xor-fast,2,0.50,88,0.170116506,0.087461831,-0.012622612849,-0.012622612849,0.000000000000768,0.001732308,0.993983937,0.993939633,0.007602828,0110
xor-fast,2,0.50,89,0.166323736,0.085998716,-0.012622612849,-0.012622612849,0.000000000000768,0.001732308,0.993983937,0.993939633,0.007602828,0110
xor-fast,2,0.50,90,0.162656681,0.084565761,-0.012622612849,-0.012622612849,0.000000000000768,0.001732308,0.993983937,0.993939633,0.007602828,0110
xor-fast,2,0.50,91,0.159110682,0.083162916,-0.012622612849,-0.012622612849,0.000000000000768,0.001732308,0.993983937,0.993939633,0.007602828,0110
xor-fast,2,0.50,92,0.155681218,0.081790046,-0.012622612849,-0.012622612849,0.000000000000768,0.001732308,0.993983937,0.993939633,0.007602828,0110
xor-fast,2,0.50,93,0.152363903,0.080446940,-0.012622612849,-0.012622612849,0.000000000000768,0.001732308,0.993983937,0.993939633,0.007602828,0110
xor-fast,2,0.50,94,0.149154496,0.079133322,-0.012622612849,-0.012622612849,0.000000000000768,0.001732308,0.993983937,0.993939633,0.007602828,0110
xor-fast,2,0.50,95,0.146048895,0.077848857,-0.012622612849,-0.012622612849,0.000000000000768,0.001732308,0.993983937,0.993939633,0.007602828,0110
xor-fast,2,0.50,96,0.143043140,0.076593163,-0.012622612849,-0.012622612849,0.000000000000768,0.001732308,0.993983937,0.993939633,0.007602828,0110
xor-fast,2,0.50,97,0.140133414,0.075365817,-0.012622612849,-0.012622612849,0.000000000000768,0.001732308,0.993983937,0.993939633,0.007602828,0110
xor-fast,2,0.50,98,0.137316039,0.074166361,-0.012622612849,-0.012622612849,0.000000000000768,0.001732308,0.993983937,0.993939633,0.007602828,0110
xor-fast,2,0.50,99,0.134587475,0.072994309,-0.012622612849,-0.012622612849,0.000000000000768,0.001732308,0.993983937,0.993939633,0.007602828,0110
xor-fast,2,0.50,100,0.131944315,0.071849153,-0.012622612849,-0.012622612849,0.000000000000768,0.001732308,0.993983937,0.993939633,0.007602828,0110
xor-fast,2,0.50,101,0.129383288,0.070730364,-0.012622612849,-0.012622612849,0.000000000000768,0.001732308,0.993983937,0.993939633,0.007602828,0110
xor-fast,2,0.50,102,0.126901249,0.069637402,-0.012622612849,-0.012622612849,0.000000000000768,0.001732308,0.993983937,0.993939633,0.007602828,0110
xor-fast,2,0.50,103,0.124495179,0.068569715,-0.012622612849,-0.012622612849,0.000000000000768,0.001732308,0.993983937,0.993939633,0.007602828,0110
xor-fast,2,0.50,104,0.122162181,0.067526743,-0.012622612849,-0.012622612849,0.000000000000768,0.001732308,0.993983937,0.993939633,0.007602828,0110
xor-fast,2,0.50,105,0.119899475,0.066507925,-0.012622612849,-0.012622612849,0.000000000000768,0.001732308,0.993983937,0.993939633,0.007602828,0110
xor-fast,2,0.50,106,0.117704395,0.065512696,-0.012622612849,-0.012622612849,0.000000000000768,0.001732308,0.993983937,0.993939633,0.007602828,0110
xor-fast,2,0.50,107,0.115574385,0.064540491,-0.012622612849,-0.012622612849,0.000000000000768,0.001732308,0.993983937,0.993939633,0.007602828,0110
xor-fast,2,0.50,108,0.113506994,0.063590750,-0.012622612849,-0.012622612849,0.000000000000768,0.001732308,0.993983937,0.993939633,0.007602828,0110
xor-fast,2,0.50,109,0.111499875,0.062662915,-0.012622612849,-0.012622612849,0.000000000000768,0.001732308,0.993983937,0.993939633,0.007602828,0110
xor-fast,2,0.50,110,0.109550777,0.061756434,-0.012622612849,-0.012622612849,0.000000000000768,0.001732308,0.993983937,0.993939633,0.007602828,0110
xor-fast,2,0.50,111,0.107657543,0.060870763,-0.012622612849,-0.012622612849,0.000000000000768,0.001732308,0.993983937,0.993939633,0.007602828,0110
xor-fast,2,0.50,112,0.105818108,0.060005365,-0.012622612849,-0.012622612849,0.000000000000768,0.001732308,0.993983937,0.993939633,0.007602828,0110
xor-fast,2,0.50,113,0.104030491,0.059159711,-0.012622612849,-0.012622612849,0.000000000000768,0.001732308,0.993983937,0.993939633,0.007602828,0110
xor-fast,2,0.50,114,0.102292797,0.058333282,-0.012622612849,-0.012622612849,0.000000000000768,0.001732308,0.993983937,0.993939633,0.007602828,0110
xor-fast,2,0.50,115,0.100603209,0.057525569,-0.012622612849,-0.012622612849,0.000000000000768,0.001732308,0.993983937,0.993939633,0.007602828,0110
xor-fast,2,0.50,116,0.098959985,0.056736072,-0.012622612849,-0.012622612849,0.000000000000768,0.001732308,0.993983937,0.993939633,0.007602828,0110
xor-fast,2,0.50,117,0.097361458,0.055964305,-0.012622612849,-0.012622612849,0.000000000000768,0.001732308,0.993983937,0.993939633,0.007602828,0110
xor-fast,2,0.50,118,0.095806029,0.055209790,-0.012622612849,-0.012622612849,0.000000000000768,0.001732308,0.993983937,0.993939633,0.007602828,0110
xor-fast,2,0.50,119,0.094292167,0.054472060,-0.012622612849,-0.012622612849,0.000000000000768,0.001732308,0.993983937,0.993939633,0.007602828,0110
xor-fast,2,0.50,120,0.092818403,0.053750661,-0.012622612849,-0.012622612849,0.000000000000768,0.001732308,0.993983937,0.993939633,0.007602828,0110
xor-fast,2,0.50,121,0.091383332,0.053045151,-0.012622612849,-0.012622612849,0.000000000000768,0.001732308,0.993983937,0.993939633,0.007602828,0110
xor-fast,2,0.50,122,0.089985603,0.052355096,-0.012622612849,-0.012622612849,0.000000000000768,0.001732308,0.993983937,0.993939633,0.007602828,0110
xor-fast,2,0.50,123,0.088623924,0.051680077,-0.012622612849,-0.012622612849,0.000000000000768,0.001732308,0.993983937,0.993939633,0.007602828,0110
xor-fast,2,0.50,124,0.087297054,0.051019684,-0.012622612849,-0.012622612849,0.000000000000768,0.001732308,0.993983937,0.993939633,0.007602828,0110
xor-fast,2,0.50,125,0.086003805,0.050373518,-0.012622612849,-0.012622612849,0.000000000000768,0.001732308,0.993983937,0.993939633,0.007602828,0110
xor-fast,2,0.50,126,0.084743034,0.049741194,-0.012622612849,-0.012622612849,0.000000000000768,0.001732308,0.993983937,0.993939633,0.007602828,0110
xor-fast,2,0.50,127,0.083513649,0.049122333,-0.012622612849,-0.012622612849,0.000000000000768,0.001732308,0.993983937,0.993939633,0.007602828,0110
xor-fast,2,0.50,128,0.082314597,0.048516571,-0.012622612849,-0.012622612849,0.000000000000768,0.001732308,0.993983937,0.993939633,0.007602828,0110
xor-fast,2,0.50,129,0.081144872,0.047923553,-0.012622612849,-0.012622612849,0.000000000000768,0.001732308,0.993983937,0.993939633,0.007602828,0110
xor-fast,2,0.50,130,0.080003506,0.047342933,-0.012622612849,-0.012622612849,0.000000000000768,0.001732308,0.993983937,0.993939633,0.007602828,0110
xor-fast,2,0.50,131,0.078889569,0.046774376,-0.012622612849,-0.012622612849,0.000000000000768,0.001732308,0.993983937,0.993939633,0.007602828,0110
xor-fast,2,0.50,132,0.077802169,0.046217559,-0.012622612849,-0.012622612849,0.000000000000768,0.001732308,0.993983937,0.993939633,0.007602828,0110
xor-fast,2,0.50,133,0.076740449,0.045672164,-0.012622612849,-0.012622612849,0.000000000000768,0.001732308,0.993983937,0.993939633,0.007602828,0110
xor-fast,2,0.50,134,0.075703585,0.045137887,-0.012622612849,-0.012622612849,0.000000000000768,0.001732308,0.993983937,0.993939633,0.007602828,0110
xor-fast,2,0.50,135,0.074690786,0.044614430,-0.012622612849,-0.012622612849,0.000000000000768,0.001732308,0.993983937,0.993939633,0.007602828,0110
xor-fast,2,0.50,136,0.073701292,0.044101505,-0.012622612849,-0.012622612849,0.000000000000768,0.001732308,0.993983937,0.993939633,0.007602828,0110
xor-fast,2,0.50,137,0.072734371,0.043598832,-0.012622612849,-0.012622612849,0.000000000000768,0.001732308,0.993983937,0.993939633,0.007602828,0110
xor-fast,2,0.50,138,0.071789320,0.043106142,-0.012622612849,-0.012622612849,0.000000000000768,0.001732308,0.993983937,0.993939633,0.007602828,0110
xor-fast,2,0.50,139,0.070865463,0.042623170,-0.012622612849,-0.012622612849,0.000000000000768,0.001732308,0.993983937,0.993939633,0.007602828,0110
xor-fast,2,0.50,140,0.069962149,0.042149662,-0.012622612849,-0.012622612849,0.000000000000768,0.001732308,0.993983937,0.993939633,0.007602828,0110
xor-fast,2,0.50,141,0.069078751,0.041685371,-0.012622612849,-0.012622612849,0.000000000000768,0.001732308,0.993983937,0.993939633,0.007602828,0110
xor-fast,2,0.50,142,0.068214668,0.041230058,-0.012622612849,-0.012622612849,0.000000000000768,0.001732308,0.993983937,0.993939633,0.007602828,0110
xor-fast,2,0.50,143,0.067369319,0.040783488,-0.012622612849,-0.012622612849,0.000000000000768,0.001732308,0.993983937,0.993939633,0.007602828,0110
xor-fast,2,0.50,144,0.066542145,0.040345438,-0.012622612849,-0.012622612849,0.000000000000768,0.001732308,0.993983937,0.993939633,0.007602828,0110
xor-fast,2,0.50,145,0.065732609,0.039915688,-0.012622612849,-0.012622612849,0.000000000000768,0.001732308,0.993983937,0.993939633,0.007602828,0110
xor-fast,2,0.50,146,0.064940191,0.039494026,-0.012622612849,-0.012622612849,0.000000000000768,0.001732308,0.993983937,0.993939633,0.007602828,0110
xor-fast,2,0.50,147,0.064164394,0.039080247,-0.012622612849,-0.012622612849,0.000000000000768,0.001732308,0.993983937,0.993939633,0.007602828,0110
xor-fast,2,0.50,148,0.063404734,0.038674152,-0.012622612849,-0.012622612849,0.000000000000768,0.001732308,0.993983937,0.993939633,0.007602828,0110
xor-fast,2,0.50,149,0.062660748,0.038275546,-0.012622612849,-0.012622612849,0.000000000000768,0.001732308,0.993983937,0.993939633,0.007602828,0110
xor-fast,2,0.50,150,0.061931989,0.037884242,-0.012622612849,-0.012622612849,0.000000000000768,0.001732308,0.993983937,0.993939633,0.007602828,0110
xor-fast,2,0.50,151,0.061218025,0.037500058,-0.012622612849,-0.012622612849,0.000000000000768,0.001732308,0.993983937,0.993939633,0.007602828,0110
xor-fast,2,0.50,152,0.060518439,0.037122818,-0.012622612849,-0.012622612849,0.000000000000768,0.001732308,0.993983937,0.993939633,0.007602828,0110
xor-fast,2,0.50,153,0.059832830,0.036752349,-0.012622612849,-0.012622612849,0.000000000000768,0.001732308,0.993983937,0.993939633,0.007602828,0110
xor-fast,2,0.50,154,0.059160811,0.036388486,-0.012622612849,-0.012622612849,0.000000000000768,0.001732308,0.993983937,0.993939633,0.007602828,0110
xor-fast,2,0.50,155,0.058502006,0.036031068,-0.012622612849,-0.012622612849,0.000000000000768,0.001732308,0.993983937,0.993939633,0.007602828,0110
xor-fast,2,0.50,156,0.057856054,0.035679937,-0.012622612849,-0.012622612849,0.000000000000768,0.001732308,0.993983937,0.993939633,0.007602828,0110
xor-fast,2,0.50,157,0.057222606,0.035334942,-0.012622612849,-0.012622612849,0.000000000000768,0.001732308,0.993983937,0.993939633,0.007602828,0110
xor-fast,2,0.50,158,0.056601326,0.034995935,-0.012622612849,-0.012622612849,0.000000000000768,0.001732308,0.993983937,0.993939633,0.007602828,0110
xor-fast,2,0.50,159,0.055991887,0.034662774,-0.012622612849,-0.012622612849,0.000000000000768,0.001732308,0.993983937,0.993939633,0.007602828,0110
xor-fast,2,0.50,160,0.055393974,0.034335318,-0.012622612849,-0.012622612849,0.000000000000768,0.001732308,0.993983937,0.993939633,0.007602828,0110
xor-fast,2,0.50,161,0.054807284,0.034013433,-0.012622612849,-0.012622612849,0.000000000000768,0.001732308,0.993983937,0.993939633,0.007602828,0110
xor-fast,2,0.50,162,0.054231522,0.033696989,-0.012622612849,-0.012622612849,0.000000000000768,0.001732308,0.993983937,0.993939633,0.007602828,0110
xor-fast,2,0.50,163,0.053666402,0.033385857,-0.012622612849,-0.012622612849,0.000000000000768,0.001732308,0.993983937,0.993939633,0.007602828,0110
xor-fast,2,0.50,164,0.053111652,0.033079914,-0.012622612849,-0.012622612849,0.000000000000768,0.001732308,0.993983937,0.993939633,0.007602828,0110
xor-fast,2,0.50,165,0.052567003,0.032779040,-0.012622612849,-0.012622612849,0.000000000000768,0.001732308,0.993983937,0.993939633,0.007602828,0110
xor-fast,2,0.50,166,0.052032198,0.032483118,-0.012622612849,-0.012622612849,0.000000000000768,0.001732308,0.993983937,0.993939633,0.007602828,0110
xor-fast,2,0.50,167,0.051506988,0.032192034,-0.012622612849,-0.012622612849,0.000000000000768,0.001732308,0.993983937,0.993939633,0.007602828,0110
xor-fast,2,0.50,168,0.050991132,0.031905680,-0.012622612849,-0.012622612849,0.000000000000768,0.001732308,0.993983937,0.993939633,0.007602828,0110
xor-fast,2,0.50,169,0.050484396,0.031623947,-0.012622612849,-0.012622612849,0.000000000000768,0.001732308,0.993983937,0.993939633,0.007602828,0110
xor-fast,2,0.50,170,0.049986554,0.031346732,-0.012622612849,-0.012622612849,0.000000000000768,0.001732308,0.993983937,0.993939633,0.007602828,0110
xor-fast,2,0.50,171,0.049497385,0.031073932,-0.012622612849,-0.012622612849,0.000000000000768,0.001732308,0.993983937,0.993939633,0.007602828,0110
xor-fast,2,0.50,172,0.049016679,0.030805451,-0.012622612849,-0.012622612849,0.000000000000768,0.001732308,0.993983937,0.993939633,0.007602828,0110
xor-fast,2,0.50,173,0.048544229,0.030541193,-0.012622612849,-0.012622612849,0.000000000000768,0.001732308,0.993983937,0.993939633,0.007602828,0110
xor-fast,2,0.50,174,0.048079835,0.030281063,-0.012622612849,-0.012622612849,0.000000000000768,0.001732308,0.993983937,0.993939633,0.007602828,0110
xor-fast,2,0.50,175,0.047623305,0.030024973,-0.012622612849,-0.012622612849,0.000000000000768,0.001732308,0.993983937,0.993939633,0.007602828,0110
xor-fast,2,0.50,176,0.047174450,0.029772833,-0.012622612849,-0.012622612849,0.000000000000768,0.001732308,0.993983937,0.993939633,0.007602828,0110
xor-fast,2,0.50,177,0.046733090,0.029524559,-0.012622612849,-0.012622612849,0.000000000000768,0.001732308,0.993983937,0.993939633,0.007602828,0110
xor-fast,2,0.50,178,0.046299047,0.029280067,-0.012622612849,-0.012622612849,0.000000000000768,0.001732308,0.993983937,0.993939633,0.007602828,0110
xor-fast,2,0.50,179,0.045872150,0.029039276,-0.012622612849,-0.012622612849,0.000000000000768,0.001732308,0.993983937,0.993939633,0.007602828,0110
xor-fast,2,0.50,180,0.045452234,0.028802107,-0.012622612849,-0.012622612849,0.000000000000768,0.001732308,0.993983937,0.993939633,0.007602828,0110
xor-fast,2,0.50,181,0.045039138,0.028568484,-0.012622612849,-0.012622612849,0.000000000000768,0.001732308,0.993983937,0.993939633,0.007602828,0110
xor-fast,2,0.50,182,0.044632704,0.028338331,-0.012622612849,-0.012622612849,0.000000000000768,0.001732308,0.993983937,0.993939633,0.007602828,0110
xor-fast,2,0.50,183,0.044232782,0.028111577,-0.012622612849,-0.012622612849,0.000000000000768,0.001732308,0.993983937,0.993939633,0.007602828,0110
xor-fast,2,0.50,184,0.043839224,0.027888150,-0.012622612849,-0.012622612849,0.000000000000768,0.001732308,0.993983937,0.993939633,0.007602828,0110
xor-fast,2,0.50,185,0.043451886,0.027667981,-0.012622612849,-0.012622612849,0.000000000000768,0.001732308,0.993983937,0.993939633,0.007602828,0110
xor-fast,2,0.50,186,0.043070630,0.027451003,-0.012622612849,-0.012622612849,0.000000000000768,0.001732308,0.993983937,0.993939633,0.007602828,0110
xor-fast,2,0.50,187,0.042695320,0.027237151,-0.012622612849,-0.012622612849,0.000000000000768,0.001732308,0.993983937,0.993939633,0.007602828,0110
xor-fast,2,0.50,188,0.042325826,0.027026361,-0.012622612849,-0.012622612849,0.000000000000768,0.001732308,0.993983937,0.993939633,0.007602828,0110
xor-fast,2,0.50,189,0.041962020,0.026818571,-0.012622612849,-0.012622612849,0.000000000000768,0.001732308,0.993983937,0.993939633,0.007602828,0110
xor-fast,2,0.50,190,0.041603777,0.026613720,-0.012622612849,-0.012622612849,0.000000000000768,0.001732308,0.993983937,0.993939633,0.007602828,0110
xor-fast,2,0.50,191,0.041250977,0.026411749,-0.012622612849,-0.012622612849,0.000000000000768,0.001732308,0.993983937,0.993939633,0.007602828,0110
xor-fast,2,0.50,192,0.040903503,0.026212602,-0.012622612849,-0.012622612849,0.000000000000768,0.001732308,0.993983937,0.993939633,0.007602828,0110
xor-fast,2,0.50,193,0.040561241,0.026016221,-0.012622612849,-0.012622612849,0.000000000000768,0.001732308,0.993983937,0.993939633,0.007602828,0110
xor-fast,2,0.50,194,0.040224080,0.025822553,-0.012622612849,-0.012622612849,0.000000000000768,0.001732308,0.993983937,0.993939633,0.007602828,0110
xor-fast,2,0.50,195,0.039891913,0.025631544,-0.012622612849,-0.012622612849,0.000000000000768,0.001732308,0.993983937,0.993939633,0.007602828,0110
xor-fast,2,0.50,196,0.039564633,0.025443143,-0.012622612849,-0.012622612849,0.000000000000768,0.001732308,0.993983937,0.993939633,0.007602828,0110
xor-fast,2,0.50,197,0.039242140,0.025257297,-0.012622612849,-0.012622612849,0.000000000000768,0.001732308,0.993983937,0.993939633,0.007602828,0110
xor-fast,2,0.50,198,0.038924333,0.025073959,-0.012622612849,-0.012622612849,0.000000000000768,0.001732308,0.993983937,0.993939633,0.007602828,0110
xor-fast,2,0.50,199,0.038611117,0.024893080,-0.012622612849,-0.012622612849,0.000000000000768,0.001732308,0.993983937,0.993939633,0.007602828,0110
xor-fast,2,0.50,200,0.038302396,0.024714613,-0.012622612849,-0.012622612849,0.000000000000768,0.001732308,0.993983937,0.993939633,0.007602828,0110
xor-fast,2,0.50,201,0.037998079,0.024538512,-0.012622612849,-0.012622612849,0.000000000000768,0.001732308,0.993983937,0.993939633,0.007602828,0110
xor-fast,2,0.50,202,0.037698077,0.024364733,-0.012622612849,-0.012622612849,0.000000000000768,0.001732308,0.993983937,0.993939633,0.007602828,0110
xor-fast,2,0.50,203,0.037402302,0.024193231,-0.012622612849,-0.012622612849,0.000000000000768,0.001732308,0.993983937,0.993939633,0.007602828,0110
xor-fast,2,0.50,204,0.037110671,0.024023965,-0.012622612849,-0.012622612849,0.000000000000768,0.001732308,0.993983937,0.993939633,0.007602828,0110
xor-fast,2,0.50,205,0.036823100,0.023856892,-0.012622612849,-0.012622612849,0.000000000000768,0.001732308,0.993983937,0.993939633,0.007602828,0110
xor-fast,2,0.50,206,0.036539509,0.023691972,-0.012622612849,-0.012622612849,0.000000000000768,0.001732308,0.993983937,0.993939633,0.007602828,0110
xor-fast,2,0.50,207,0.036259820,0.023529165,-0.012622612849,-0.012622612849,0.000000000000768,0.001732308,0.993983937,0.993939633,0.007602828,0110
xor-fast,2,0.50,208,0.035983955,0.023368433,-0.012622612849,-0.012622612849,0.000000000000768,0.001732308,0.993983937,0.993939633,0.007602828,0110
xor-fast,2,0.50,209,0.035711841,0.023209737,-0.012622612849,-0.012622612849,0.000000000000768,0.001732308,0.993983937,0.993939633,0.007602828,0110
xor-fast,2,0.50,210,0.035443406,0.023053041,-0.012622612849,-0.012622612849,0.000000000000768,0.001732308,0.993983937,0.993939633,0.007602828,0110
xor-fast,2,0.50,211,0.035178577,0.022898309,-0.012622612849,-0.012622612849,0.000000000000768,0.001732308,0.993983937,0.993939633,0.007602828,0110
xor-fast,2,0.50,212,0.034917286,0.022745505,-0.012622612849,-0.012622612849,0.000000000000768,0.001732308,0.993983937,0.993939633,0.007602828,0110
xor-fast,2,0.50,213,0.034659466,0.022594595,-0.012622612849,-0.012622612849,0.000000000000768,0.001732308,0.993983937,0.993939633,0.007602828,0110
xor-fast,2,0.50,214,0.034405051,0.022445546,-0.012622612849,-0.012622612849,0.000000000000768,0.001732308,0.993983937,0.993939633,0.007602828,0110
xor-fast,2,0.50,215,0.034153977,0.022298324,-0.012622612849,-0.012622612849,0.000000000000768,0.001732308,0.993983937,0.993939633,0.007602828,0110
xor-fast,2,0.50,216,0.033906181,0.022152897,-0.012622612849,-0.012622612849,0.000000000000768,0.001732308,0.993983937,0.993939633,0.007602828,0110
xor-fast,2,0.50,217,0.033661602,0.022009234,-0.012622612849,-0.012622612849,0.000000000000768,0.001732308,0.993983937,0.993939633,0.007602828,0110
xor-fast,2,0.50,218,0.033420180,0.021867305,-0.012622612849,-0.012622612849,0.000000000000768,0.001732308,0.993983937,0.993939633,0.007602828,0110
xor-fast,2,0.50,219,0.033181858,0.021727078,-0.012622612849,-0.012622612849,0.000000000000768,0.001732308,0.993983937,0.993939633,0.007602828,0110
xor-fast,2,0.50,220,0.032946578,0.021588525,-0.012622612849,-0.012622612849,0.000000000000768,0.001732308,0.993983937,0.993939633,0.007602828,0110
xor-fast,2,0.50,221,0.032714286,0.021451617,-0.012622612849,-0.012622612849,0.000000000000768,0.001732308,0.993983937,0.993939633,0.007602828,0110
xor-fast,2,0.50,222,0.032484926,0.021316327,-0.012622612849,-0.012622612849,0.000000000000768,0.001732308,0.993983937,0.993939633,0.007602828,0110
xor-fast,2,0.50,223,0.032258446,0.021182625,-0.012622612849,-0.012622612849,0.000000000000768,0.001732308,0.993983937,0.993939633,0.007602828,0110
xor-fast,2,0.50,224,0.032034795,0.021050486,-0.012622612849,-0.012622612849,0.000000000000768,0.001732308,0.993983937,0.993939633,0.007602828,0110
xor-fast,2,0.50,225,0.031813921,0.020919884,-0.012622612849,-0.012622612849,0.000000000000768,0.001732308,0.993983937,0.993939633,0.007602828,0110
xor-fast,2,0.50,226,0.031595776,0.020790792,-0.012622612849,-0.012622612849,0.000000000000768,0.001732308,0.993983937,0.993939633,0.007602828,0110
xor-fast,2,0.50,227,0.031380312,0.020663186,-0.012622612849,-0.012622612849,0.000000000000768,0.001732308,0.993983937,0.993939633,0.007602828,0110
xor-fast,2,0.50,228,0.031167480,0.020537040,-0.012622612849,-0.012622612849,0.000000000000768,0.001732308,0.993983937,0.993939633,0.007602828,0110
xor-fast,2,0.50,229,0.030957236,0.020412332,-0.012622612849,-0.012622612849,0.000000000000768,0.001732308,0.993983937,0.993939633,0.007602828,0110
xor-fast,2,0.50,230,0.030749534,0.020289036,-0.012622612849,-0.012622612849,0.000000000000768,0.001732308,0.993983937,0.993939633,0.007602828,0110
xor-fast,2,0.50,231,0.030544331,0.020167130,-0.012622612849,-0.012622612849,0.000000000000768,0.001732308,0.993983937,0.993939633,0.007602828,0110
xor-fast,2,0.50,232,0.030341582,0.020046592,-0.012622612849,-0.012622612849,0.000000000000768,0.001732308,0.993983937,0.993939633,0.007602828,0110
xor-fast,2,0.50,233,0.030141247,0.019927400,-0.012622612849,-0.012622612849,0.000000000000768,0.001732308,0.993983937,0.993939633,0.007602828,0110
xor-fast,2,0.50,234,0.029943284,0.019809530,-0.012622612849,-0.012622612849,0.000000000000768,0.001732308,0.993983937,0.993939633,0.007602828,0110
xor-fast,2,0.50,235,0.029747653,0.019692964,-0.012622612849,-0.012622612849,0.000000000000768,0.001732308,0.993983937,0.993939633,0.007602828,0110
xor-fast,2,0.50,236,0.029554315,0.019577679,-0.012622612849,-0.012622612849,0.000000000000768,0.001732308,0.993983937,0.993939633,0.007602828,0110
xor-fast,2,0.50,237,0.029363231,0.019463655,-0.012622612849,-0.012622612849,0.000000000000768,0.001732308,0.993983937,0.993939633,0.007602828,0110
xor-fast,2,0.50,238,0.029174363,0.019350873,-0.012622612849,-0.012622612849,0.000000000000768,0.001732308,0.993983937,0.993939633,0.007602828,0110
xor-fast,2,0.50,239,0.028987675,0.019239312,-0.012622612849,-0.012622612849,0.000000000000768,0.001732308,0.993983937,0.993939633,0.007602828,0110
xor-fast,2,0.50,240,0.028803131,0.019128954,-0.012622612849,-0.012622612849,0.000000000000768,0.001732308,0.993983937,0.993939633,0.007602828,0110
xor-fast,2,0.50,241,0.028620695,0.019019781,-0.012622612849,-0.012622612849,0.000000000000768,0.001732308,0.993983937,0.993939633,0.007602828,0110
xor-fast,2,0.50,242,0.028440333,0.018911772,-0.012622612849,-0.012622612849,0.000000000000768,0.001732308,0.993983937,0.993939633,0.007602828,0110
xor-fast,2,0.50,243,0.028262011,0.018804912,-0.012622612849,-0.012622612849,0.000000000000768,0.001732308,0.993983937,0.993939633,0.007602828,0110
xor-fast,2,0.50,244,0.028085696,0.018699181,-0.012622612849,-0.012622612849,0.000000000000768,0.001732308,0.993983937,0.993939633,0.007602828,0110
xor-fast,2,0.50,245,0.027911356,0.018594563,-0.012622612849,-0.012622612849,0.000000000000768,0.001732308,0.993983937,0.993939633,0.007602828,0110
xor-fast,2,0.50,246,0.027738959,0.018491041,-0.012622612849,-0.012622612849,0.000000000000768,0.001732308,0.993983937,0.993939633,0.007602828,0110
xor-fast,2,0.50,247,0.027568474,0.018388598,-0.012622612849,-0.012622612849,0.000000000000768,0.001732308,0.993983937,0.993939633,0.007602828,0110
xor-fast,2,0.50,248,0.027399870,0.018287217,-0.012622612849,-0.012622612849,0.000000000000768,0.001732308,0.993983937,0.993939633,0.007602828,0110
xor-fast,2,0.50,249,0.027233118,0.018186884,-0.012622612849,-0.012622612849,0.000000000000768,0.001732308,0.993983937,0.993939633,0.007602828,0110
xor-fast,2,0.50,250,0.027068188,0.018087582,-0.012622612849,-0.012622612849,0.000000000000768,0.001732308,0.993983937,0.993939633,0.007602828,0110
xor-fast,2,0.50,251,0.026905053,0.017989295,-0.012622612849,-0.012622612849,0.000000000000768,0.001732308,0.993983937,0.993939633,0.007602828,0110
xor-fast,2,0.50,252,0.026743683,0.017892009,-0.012622612849,-0.012622612849,0.000000000000768,0.001732308,0.993983937,0.993939633,0.007602828,0110
xor-fast,2,0.50,253,0.026584052,0.017795710,-0.012622612849,-0.012622612849,0.000000000000768,0.001732308,0.993983937,0.993939633,0.007602828,0110
xor-fast,2,0.50,254,0.026426133,0.017700381,-0.012622612849,-0.012622612849,0.000000000000768,0.001732308,0.993983937,0.993939633,0.007602828,0110
xor-fast,2,0.50,255,0.026269899,0.017606010,-0.012622612849,-0.012622612849,0.000000000000768,0.001732308,0.993983937,0.993939633,0.007602828,0110
xor-fast,2,0.50,256,0.026115325,0.017512583,-0.012622612849,-0.012622612849,0.000000000000768,0.001732308,0.993983937,0.993939633,0.007602828,0110
xor-fast,2,0.50,257,0.025962385,0.017420085,-0.012622612849,-0.012622612849,0.000000000000768,0.001732308,0.993983937,0.993939633,0.007602828,0110
xor-fast,2,0.50,258,0.025811054,0.017328503,-0.012622612849,-0.012622612849,0.000000000000768,0.001732308,0.993983937,0.993939633,0.007602828,0110
xor-fast,2,0.50,259,0.025661309,0.017237825,-0.012622612849,-0.012622612849,0.000000000000768,0.001732308,0.993983937,0.993939633,0.007602828,0110
xor-fast,2,0.50,260,0.025513125,0.017148036,-0.012622612849,-0.012622612849,0.000000000000768,0.001732308,0.993983937,0.993939633,0.007602828,0110
xor-fast,2,0.50,261,0.025366479,0.017059125,-0.012622612849,-0.012622612849,0.000000000000768,0.001732308,0.993983937,0.993939633,0.007602828,0110
xor-fast,2,0.50,262,0.025221348,0.016971079,-0.012622612849,-0.012622612849,0.000000000000768,0.001732308,0.993983937,0.993939633,0.007602828,0110
xor-fast,2,0.50,263,0.025077709,0.016883886,-0.012622612849,-0.012622612849,0.000000000000768,0.001732308,0.993983937,0.993939633,0.007602828,0110
xor-fast,2,0.50,264,0.024935541,0.016797534,-0.012622612849,-0.012622612849,0.000000000000768,0.001732308,0.993983937,0.993939633,0.007602828,0110
xor-fast,2,0.50,265,0.024794822,0.016712010,-0.012622612849,-0.012622612849,0.000000000000768,0.001732308,0.993983937,0.993939633,0.007602828,0110
xor-fast,2,0.50,266,0.024655531,0.016627304,-0.012622612849,-0.012622612849,0.000000000000768,0.001732308,0.993983937,0.993939633,0.007602828,0110
xor-fast,2,0.50,267,0.024517646,0.016543404,-0.012622612849,-0.012622612849,0.000000000000768,0.001732308,0.993983937,0.993939633,0.007602828,0110
xor-fast,2,0.50,268,0.024381148,0.016460299,-0.012622612849,-0.012622612849,0.000000000000768,0.001732308,0.993983937,0.993939633,0.007602828,0110
xor-fast,2,0.50,269,0.024246016,0.016377979,-0.012622612849,-0.012622612849,0.000000000000768,0.001732308,0.993983937,0.993939633,0.007602828,0110
xor-fast,2,0.50,270,0.024112231,0.016296431,-0.012622612849,-0.012622612849,0.000000000000768,0.001732308,0.993983937,0.993939633,0.007602828,0110
xor-fast,2,0.50,271,0.023979774,0.016215646,-0.012622612849,-0.012622612849,0.000000000000768,0.001732308,0.993983937,0.993939633,0.007602828,0110
xor-fast,2,0.50,272,0.023848625,0.016135613,-0.012622612849,-0.012622612849,0.000000000000768,0.001732308,0.993983937,0.993939633,0.007602828,0110
xor-fast,2,0.50,273,0.023718766,0.016056322,-0.012622612849,-0.012622612849,0.000000000000768,0.001732308,0.993983937,0.993939633,0.007602828,0110
xor-fast,2,0.50,274,0.023590179,0.015977764,-0.012622612849,-0.012622612849,0.000000000000768,0.001732308,0.993983937,0.993939633,0.007602828,0110
xor-fast,2,0.50,275,0.023462846,0.015899927,-0.012622612849,-0.012622612849,0.000000000000768,0.001732308,0.993983937,0.993939633,0.007602828,0110
xor-fast,2,0.50,276,0.023336748,0.015822803,-0.012622612849,-0.012622612849,0.000000000000768,0.001732308,0.993983937,0.993939633,0.007602828,0110
xor-fast,2,0.50,277,0.023211870,0.015746383,-0.012622612849,-0.012622612849,0.000000000000768,0.001732308,0.993983937,0.993939633,0.007602828,0110
xor-fast,2,0.50,278,0.023088195,0.015670656,-0.012622612849,-0.012622612849,0.000000000000768,0.001732308,0.993983937,0.993939633,0.007602828,0110
xor-fast,2,0.50,279,0.022965704,0.015595613,-0.012622612849,-0.012622612849,0.000000000000768,0.001732308,0.993983937,0.993939633,0.007602828,0110
xor-fast,2,0.50,280,0.022844383,0.015521247,-0.012622612849,-0.012622612849,0.000000000000768,0.001732308,0.993983937,0.993939633,0.007602828,0110
xor-fast,2,0.50,281,0.022724214,0.015447547,-0.012622612849,-0.012622612849,0.000000000000768,0.001732308,0.993983937,0.993939633,0.007602828,0110
xor-fast,2,0.50,282,0.022605183,0.015374504,-0.012622612849,-0.012622612849,0.000000000000768,0.001732308,0.993983937,0.993939633,0.007602828,0110
xor-fast,2,0.50,283,0.022487274,0.015302112,-0.012622612849,-0.012622612849,0.000000000000768,0.001732308,0.993983937,0.993939633,0.007602828,0110
xor-fast,2,0.50,284,0.022370471,0.015230360,-0.012622612849,-0.012622612849,0.000000000000768,0.001732308,0.993983937,0.993939633,0.007602828,0110
xor-fast,2,0.50,285,0.022254760,0.015159241,-0.012622612849,-0.012622612849,0.000000000000768,0.001732308,0.993983937,0.993939633,0.007602828,0110
xor-fast,2,0.50,286,0.022140126,0.015088747,-0.012622612849,-0.012622612849,0.000000000000768,0.001732308,0.993983937,0.993939633,0.007602828,0110
xor-fast,2,0.50,287,0.022026555,0.015018870,-0.012622612849,-0.012622612849,0.000000000000768,0.001732308,0.993983937,0.993939633,0.007602828,0110
xor-fast,2,0.50,288,0.021914032,0.014949601,-0.012622612849,-0.012622612849,0.000000000000768,0.001732308,0.993983937,0.993939633,0.007602828,0110
xor-fast,2,0.50,289,0.021802544,0.014880933,-0.012622612849,-0.012622612849,0.000000000000768,0.001732308,0.993983937,0.993939633,0.007602828,0110
xor-fast,2,0.50,290,0.021692076,0.014812859,-0.012622612849,-0.012622612849,0.000000000000768,0.001732308,0.993983937,0.993939633,0.007602828,0110
xor-fast,2,0.50,291,0.021582616,0.014745370,-0.012622612849,-0.012622612849,0.000000000000768,0.001732308,0.993983937,0.993939633,0.007602828,0110
xor-fast,2,0.50,292,0.021474149,0.014678460,-0.012622612849,-0.012622612849,0.000000000000768,0.001732308,0.993983937,0.993939633,0.007602828,0110
xor-fast,2,0.50,293,0.021366664,0.014612122,-0.012622612849,-0.012622612849,0.000000000000768,0.001732308,0.993983937,0.993939633,0.007602828,0110
xor-fast,2,0.50,294,0.021260148,0.014546348,-0.012622612849,-0.012622612849,0.000000000000768,0.001732308,0.993983937,0.993939633,0.007602828,0110
xor-fast,2,0.50,295,0.021154587,0.014481131,-0.012622612849,-0.012622612849,0.000000000000768,0.001732308,0.993983937,0.993939633,0.007602828,0110
xor-fast,2,0.50,296,0.021049970,0.014416464,-0.012622612849,-0.012622612849,0.000000000000768,0.001732308,0.993983937,0.993939633,0.007602828,0110
xor-fast,2,0.50,297,0.020946284,0.014352341,-0.012622612849,-0.012622612849,0.000000000000768,0.001732308,0.993983937,0.993939633,0.007602828,0110
xor-fast,2,0.50,298,0.020843517,0.014288755,-0.012622612849,-0.012622612849,0.000000000000768,0.001732308,0.993983937,0.993939633,0.007602828,0110
xor-fast,2,0.50,299,0.020741658,0.014225699,-0.012622612849,-0.012622612849,0.000000000000768,0.001732308,0.993983937,0.993939633,0.007602828,0110
xor-fast,2,0.50,300,0.020640696,0.014163167,-0.012622612849,-0.012622612849,0.000000000000768,0.001732308,0.993983937,0.993939633,0.007602828,0110
xor-fast,2,0.50,301,0.020540618,0.014101152,-0.012622612849,-0.012622612849,0.000000000000768,0.001732308,0.993983937,0.993939633,0.007602828,0110
xor-fast,2,0.50,302,0.020441413,0.014039649,-0.012622612849,-0.012622612849,0.000000000000768,0.001732308,0.993983937,0.993939633,0.007602828,0110
xor-fast,2,0.50,303,0.020343072,0.013978651,-0.012622612849,-0.012622612849,0.000000000000768,0.001732308,0.993983937,0.993939633,0.007602828,0110
xor-fast,2,0.50,304,0.020245582,0.013918152,-0.012622612849,-0.012622612849,0.000000000000768,0.001732308,0.993983937,0.993939633,0.007602828,0110
xor-fast,2,0.50,305,0.020148934,0.013858146,-0.012622612849,-0.012622612849,0.000000000000768,0.001732308,0.993983937,0.993939633,0.007602828,0110
xor-fast,2,0.50,306,0.020053116,0.013798628,-0.012622612849,-0.012622612849,0.000000000000768,0.001732308,0.993983937,0.993939633,0.007602828,0110
xor-fast,2,0.50,307,0.019958118,0.013739590,-0.012622612849,-0.012622612849,0.000000000000768,0.001732308,0.993983937,0.993939633,0.007602828,0110
xor-fast,2,0.50,308,0.019863932,0.013681029,-0.012622612849,-0.012622612849,0.000000000000768,0.001732308,0.993983937,0.993939633,0.007602828,0110
xor-fast,2,0.50,309,0.019770545,0.013622937,-0.012622612849,-0.012622612849,0.000000000000768,0.001732308,0.993983937,0.993939633,0.007602828,0110
xor-fast,2,0.50,310,0.019677949,0.013565311,-0.012622612849,-0.012622612849,0.000000000000768,0.001732308,0.993983937,0.993939633,0.007602828,0110
xor-fast,2,0.50,311,0.019586134,0.013508143,-0.012622612849,-0.012622612849,0.000000000000768,0.001732308,0.993983937,0.993939633,0.007602828,0110
xor-fast,2,0.50,312,0.019495091,0.013451429,-0.012622612849,-0.012622612849,0.000000000000768,0.001732308,0.993983937,0.993939633,0.007602828,0110
xor-fast,2,0.50,313,0.019404810,0.013395164,-0.012622612849,-0.012622612849,0.000000000000768,0.001732308,0.993983937,0.993939633,0.007602828,0110
xor-fast,2,0.50,314,0.019315282,0.013339342,-0.012622612849,-0.012622612849,0.000000000000768,0.001732308,0.993983937,0.993939633,0.007602828,0110
xor-fast,2,0.50,315,0.019226498,0.013283959,-0.012622612849,-0.012622612849,0.000000000000768,0.001732308,0.993983937,0.993939633,0.007602828,0110
xor-fast,2,0.50,316,0.019138448,0.013229009,-0.012622612849,-0.012622612849,0.000000000000768,0.001732308,0.993983937,0.993939633,0.007602828,0110
xor-fast,2,0.50,317,0.019051126,0.013174487,-0.012622612849,-0.012622612849,0.000000000000768,0.001732308,0.993983937,0.993939633,0.007602828,0110
xor-fast,2,0.50,318,0.018964520,0.013120388,-0.012622612849,-0.012622612849,0.000000000000768,0.001732308,0.993983937,0.993939633,0.007602828,0110
xor-fast,2,0.50,319,0.018878624,0.013066709,-0.012622612849,-0.012622612849,0.000000000000768,0.001732308,0.993983937,0.993939633,0.007602828,0110
xor-fast,2,0.50,320,0.018793429,0.013013443,-0.012622612849,-0.012622612849,0.000000000000768,0.001732308,0.993983937,0.993939633,0.007602828,0110
xor-fast,2,0.50,321,0.018708926,0.012960586,-0.012622612849,-0.012622612849,0.000000000000768,0.001732308,0.993983937,0.993939633,0.007602828,0110
xor-fast,2,0.50,322,0.018625108,0.012908134,-0.012622612849,-0.012622612849,0.000000000000768,0.001732308,0.993983937,0.993939633,0.007602828,0110
xor-fast,2,0.50,323,0.018541966,0.012856082,-0.012622612849,-0.012622612849,0.000000000000768,0.001732308,0.993983937,0.993939633,0.007602828,0110
xor-fast,2,0.50,324,0.018459493,0.012804425,-0.012622612849,-0.012622612849,0.000000000000768,0.001732308,0.993983937,0.993939633,0.007602828,0110
xor-fast,2,0.50,325,0.018377680,0.012753160,-0.012622612849,-0.012622612849,0.000000000000768,0.001732308,0.993983937,0.993939633,0.007602828,0110
xor-fast,2,0.50,326,0.018296521,0.012702281,-0.012622612849,-0.012622612849,0.000000000000768,0.001732308,0.993983937,0.993939633,0.007602828,0110
xor-fast,2,0.50,327,0.018216007,0.012651785,-0.012622612849,-0.012622612849,0.000000000000768,0.001732308,0.993983937,0.993939633,0.007602828,0110
xor-fast,2,0.50,328,0.018136132,0.012601668,-0.012622612849,-0.012622612849,0.000000000000768,0.001732308,0.993983937,0.993939633,0.007602828,0110
xor-fast,2,0.50,329,0.018056888,0.012551925,-0.012622612849,-0.012622612849,0.000000000000768,0.001732308,0.993983937,0.993939633,0.007602828,0110
xor-fast,2,0.50,330,0.017978268,0.012502552,-0.012622612849,-0.012622612849,0.000000000000768,0.001732308,0.993983937,0.993939633,0.007602828,0110
xor-fast,2,0.50,331,0.017900264,0.012453545,-0.012622612849,-0.012622612849,0.000000000000768,0.001732308,0.993983937,0.993939633,0.007602828,0110
xor-fast,2,0.50,332,0.017822870,0.012404900,-0.012622612849,-0.012622612849,0.000000000000768,0.001732308,0.993983937,0.993939633,0.007602828,0110
xor-fast,2,0.50,333,0.017746079,0.012356613,-0.012622612849,-0.012622612849,0.000000000000768,0.001732308,0.993983937,0.993939633,0.007602828,0110
xor-fast,2,0.50,334,0.017669884,0.012308681,-0.012622612849,-0.012622612849,0.000000000000768,0.001732308,0.993983937,0.993939633,0.007602828,0110
xor-fast,2,0.50,335,0.017594279,0.012261099,-0.012622612849,-0.012622612849,0.000000000000768,0.001732308,0.993983937,0.993939633,0.007602828,0110
xor-fast,2,0.50,336,0.017519257,0.012213865,-0.012622612849,-0.012622612849,0.000000000000768,0.001732308,0.993983937,0.993939633,0.007602828,0110
xor-fast,2,0.50,337,0.017444811,0.012166973,-0.012622612849,-0.012622612849,0.000000000000768,0.001732308,0.993983937,0.993939633,0.007602828,0110
xor-fast,2,0.50,338,0.017370935,0.012120421,-0.012622612849,-0.012622612849,0.000000000000768,0.001732308,0.993983937,0.993939633,0.007602828,0110
xor-fast,2,0.50,339,0.017297623,0.012074204,-0.012622612849,-0.012622612849,0.000000000000768,0.001732308,0.993983937,0.993939633,0.007602828,0110
xor-fast,2,0.50,340,0.017224868,0.012028320,-0.012622612849,-0.012622612849,0.000000000000768,0.001732308,0.993983937,0.993939633,0.007602828,0110
xor-fast,2,0.50,341,0.017152665,0.011982764,-0.012622612849,-0.012622612849,0.000000000000768,0.001732308,0.993983937,0.993939633,0.007602828,0110
xor-fast,2,0.50,342,0.017081007,0.011937534,-0.012622612849,-0.012622612849,0.000000000000768,0.001732308,0.993983937,0.993939633,0.007602828,0110
xor-fast,2,0.50,343,0.017009889,0.011892626,-0.012622612849,-0.012622612849,0.000000000000768,0.001732308,0.993983937,0.993939633,0.007602828,0110
xor-fast,2,0.50,344,0.016939304,0.011848037,-0.012622612849,-0.012622612849,0.000000000000768,0.001732308,0.993983937,0.993939633,0.007602828,0110
xor-fast,2,0.50,345,0.016869247,0.011803763,-0.012622612849,-0.012622612849,0.000000000000768,0.001732308,0.993983937,0.993939633,0.007602828,0110
xor-fast,2,0.50,346,0.016799713,0.011759800,-0.012622612849,-0.012622612849,0.000000000000768,0.001732308,0.993983937,0.993939633,0.007602828,0110
xor-fast,2,0.50,347,0.016730695,0.011716147,-0.012622612849,-0.012622612849,0.000000000000768,0.001732308,0.993983937,0.993939633,0.007602828,0110
xor-fast,2,0.50,348,0.016662188,0.011672799,-0.012622612849,-0.012622612849,0.000000000000768,0.001732308,0.993983937,0.993939633,0.007602828,0110
xor-fast,2,0.50,349,0.016594186,0.011629754,-0.012622612849,-0.012622612849,0.000000000000768,0.001732308,0.993983937,0.993939633,0.007602828,0110
xor-fast,2,0.50,350,0.016526685,0.011587008,-0.012622612849,-0.012622612849,0.000000000000768,0.001732308,0.993983937,0.993939633,0.007602828,0110
xor-fast,2,0.50,351,0.016459679,0.011544558,-0.012622612849,-0.012622612849,0.000000000000768,0.001732308,0.993983937,0.993939633,0.007602828,0110
xor-fast,2,0.50,352,0.016393162,0.011502402,-0.012622612849,-0.012622612849,0.000000000000768,0.001732308,0.993983937,0.993939633,0.007602828,0110
xor-fast,2,0.50,353,0.016327130,0.011460535,-0.012622612849,-0.012622612849,0.000000000000768,0.001732308,0.993983937,0.993939633,0.007602828,0110
xor-fast,2,0.50,354,0.016261577,0.011418957,-0.012622612849,-0.012622612849,0.000000000000768,0.001732308,0.993983937,0.993939633,0.007602828,0110
xor-fast,2,0.50,355,0.016196499,0.011377663,-0.012622612849,-0.012622612849,0.000000000000768,0.001732308,0.993983937,0.993939633,0.007602828,0110
xor-fast,2,0.50,356,0.016131890,0.011336650,-0.012622612849,-0.012622612849,0.000000000000768,0.001732308,0.993983937,0.993939633,0.007602828,0110
xor-fast,2,0.50,357,0.016067746,0.011295917,-0.012622612849,-0.012622612849,0.000000000000768,0.001732308,0.993983937,0.993939633,0.007602828,0110
xor-fast,2,0.50,358,0.016004061,0.011255459,-0.012622612849,-0.012622612849,0.000000000000768,0.001732308,0.993983937,0.993939633,0.007602828,0110
xor-fast,2,0.50,359,0.015940832,0.011215275,-0.012622612849,-0.012622612849,0.000000000000768,0.001732308,0.993983937,0.993939633,0.007602828,0110
xor-fast,2,0.50,360,0.015878052,0.011175361,-0.012622612849,-0.012622612849,0.000000000000768,0.001732308,0.993983937,0.993939633,0.007602828,0110
xor-fast,2,0.50,361,0.015815719,0.011135716,-0.012622612849,-0.012622612849,0.000000000000768,0.001732308,0.993983937,0.993939633,0.007602828,0110
xor-fast,2,0.50,362,0.015753826,0.011096335,-0.012622612849,-0.012622612849,0.000000000000768,0.001732308,0.993983937,0.993939633,0.007602828,0110
xor-fast,2,0.50,363,0.015692371,0.011057218,-0.012622612849,-0.012622612849,0.000000000000768,0.001732308,0.993983937,0.993939633,0.007602828,0110
xor-fast,2,0.50,364,0.015631347,0.011018360,-0.012622612849,-0.012622612849,0.000000000000768,0.001732308,0.993983937,0.993939633,0.007602828,0110
xor-fast,2,0.50,365,0.015570751,0.010979760,-0.012622612849,-0.012622612849,0.000000000000768,0.001732308,0.993983937,0.993939633,0.007602828,0110
xor-fast,2,0.50,366,0.015510579,0.010941416,-0.012622612849,-0.012622612849,0.000000000000768,0.001732308,0.993983937,0.993939633,0.007602828,0110
xor-fast,2,0.50,367,0.015450826,0.010903323,-0.012622612849,-0.012622612849,0.000000000000768,0.001732308,0.993983937,0.993939633,0.007602828,0110
xor-fast,2,0.50,368,0.015391488,0.010865481,-0.012622612849,-0.012622612849,0.000000000000768,0.001732308,0.993983937,0.993939633,0.007602828,0110
xor-fast,2,0.50,369,0.015332561,0.010827887,-0.012622612849,-0.012622612849,0.000000000000768,0.001732308,0.993983937,0.993939633,0.007602828,0110
xor-fast,2,0.50,370,0.015274040,0.010790538,-0.012622612849,-0.012622612849,0.000000000000768,0.001732308,0.993983937,0.993939633,0.007602828,0110
xor-fast,2,0.50,371,0.015215923,0.010753432,-0.012622612849,-0.012622612849,0.000000000000768,0.001732308,0.993983937,0.993939633,0.007602828,0110
xor-fast,2,0.50,372,0.015158204,0.010716567,-0.012622612849,-0.012622612849,0.000000000000768,0.001732308,0.993983937,0.993939633,0.007602828,0110
xor-fast,2,0.50,373,0.015100879,0.010679941,-0.012622612849,-0.012622612849,0.000000000000768,0.001732308,0.993983937,0.993939633,0.007602828,0110
xor-fast,2,0.50,374,0.015043946,0.010643550,-0.012622612849,-0.012622612849,0.000000000000768,0.001732308,0.993983937,0.993939633,0.007602828,0110
xor-fast,2,0.50,375,0.014987400,0.010607393,-0.012622612849,-0.012622612849,0.000000000000768,0.001732308,0.993983937,0.993939633,0.007602828,0110
xor-fast,2,0.50,376,0.014931237,0.010571469,-0.012622612849,-0.012622612849,0.000000000000768,0.001732308,0.993983937,0.993939633,0.007602828,0110
xor-fast,2,0.50,377,0.014875453,0.010535773,-0.012622612849,-0.012622612849,0.000000000000768,0.001732308,0.993983937,0.993939633,0.007602828,0110
xor-fast,2,0.50,378,0.014820045,0.010500305,-0.012622612849,-0.012622612849,0.000000000000768,0.001732308,0.993983937,0.993939633,0.007602828,0110
xor-fast,2,0.50,379,0.014765010,0.010465063,-0.012622612849,-0.012622612849,0.000000000000768,0.001732308,0.993983937,0.993939633,0.007602828,0110
xor-fast,2,0.50,380,0.014710343,0.010430043,-0.012622612849,-0.012622612849,0.000000000000768,0.001732308,0.993983937,0.993939633,0.007602828,0110
xor-fast,2,0.50,381,0.014656040,0.010395245,-0.012622612849,-0.012622612849,0.000000000000768,0.001732308,0.993983937,0.993939633,0.007602828,0110
xor-fast,2,0.50,382,0.014602100,0.010360665,-0.012622612849,-0.012622612849,0.000000000000768,0.001732308,0.993983937,0.993939633,0.007602828,0110
xor-fast,2,0.50,383,0.014548517,0.010326303,-0.012622612849,-0.012622612849,0.000000000000768,0.001732308,0.993983937,0.993939633,0.007602828,0110
xor-fast,2,0.50,384,0.014495289,0.010292155,-0.012622612849,-0.012622612849,0.000000000000768,0.001732308,0.993983937,0.993939633,0.007602828,0110
xor-fast,2,0.50,385,0.014442412,0.010258221,-0.012622612849,-0.012622612849,0.000000000000768,0.001732308,0.993983937,0.993939633,0.007602828,0110
xor-fast,2,0.50,386,0.014389883,0.010224498,-0.012622612849,-0.012622612849,0.000000000000768,0.001732308,0.993983937,0.993939633,0.007602828,0110
xor-fast,2,0.50,387,0.014337699,0.010190984,-0.012622612849,-0.012622612849,0.000000000000768,0.001732308,0.993983937,0.993939633,0.007602828,0110
xor-fast,2,0.50,388,0.014285856,0.010157677,-0.012622612849,-0.012622612849,0.000000000000768,0.001732308,0.993983937,0.993939633,0.007602828,0110
xor-fast,2,0.50,389,0.014234351,0.010124575,-0.012622612849,-0.012622612849,0.000000000000768,0.001732308,0.993983937,0.993939633,0.007602828,0110
xor-fast,2,0.50,390,0.014183180,0.010091677,-0.012622612849,-0.012622612849,0.000000000000768,0.001732308,0.993983937,0.993939633,0.007602828,0110
xor-fast,2,0.50,391,0.014132342,0.010058981,-0.012622612849,-0.012622612849,0.000000000000768,0.001732308,0.993983937,0.993939633,0.007602828,0110
xor-fast,2,0.50,392,0.014081832,0.010026485,-0.012622612849,-0.012622612849,0.000000000000768,0.001732308,0.993983937,0.993939633,0.007602828,0110
xor-fast,2,0.50,393,0.014031648,0.009994187,-0.012622612849,-0.012622612849,0.000000000000768,0.001732308,0.993983937,0.993939633,0.007602828,0110
xor-fast,2,0.50,394,0.013981786,0.009962085,-0.012622612849,-0.012622612849,0.000000000000768,0.001732308,0.993983937,0.993939633,0.007602828,0110
xor-fast,2,0.50,395,0.013932244,0.009930177,-0.012622612849,-0.012622612849,0.000000000000768,0.001732308,0.993983937,0.993939633,0.007602828,0110
xor-fast,2,0.50,396,0.013883019,0.009898462,-0.012622612849,-0.012622612849,0.000000000000768,0.001732308,0.993983937,0.993939633,0.007602828,0110
xor-fast,2,0.50,397,0.013834107,0.009866939,-0.012622612849,-0.012622612849,0.000000000000768,0.001732308,0.993983937,0.993939633,0.007602828,0110
xor-fast,2,0.50,398,0.013785506,0.009835605,-0.012622612849,-0.012622612849,0.000000000000768,0.001732308,0.993983937,0.993939633,0.007602828,0110
xor-fast,2,0.50,399,0.013737213,0.009804458,-0.012622612849,-0.012622612849,0.000000000000768,0.001732308,0.993983937,0.993939633,0.007602828,0110
xor-fast,2,0.50,400,0.013689225,0.009773498,-0.012622612849,-0.012622612849,0.000000000000768,0.001732308,0.993983937,0.993939633,0.007602828,0110
xor-fast,2,0.50,401,0.013641540,0.009742722,-0.012622612849,-0.012622612849,0.000000000000768,0.001732308,0.993983937,0.993939633,0.007602828,0110
xor-fast,2,0.50,402,0.013594154,0.009712129,-0.012622612849,-0.012622612849,0.000000000000768,0.001732308,0.993983937,0.993939633,0.007602828,0110
xor-fast,2,0.50,403,0.013547065,0.009681718,-0.012622612849,-0.012622612849,0.000000000000768,0.001732308,0.993983937,0.993939633,0.007602828,0110
xor-fast,2,0.50,404,0.013500271,0.009651485,-0.012622612849,-0.012622612849,0.000000000000768,0.001732308,0.993983937,0.993939633,0.007602828,0110
xor-fast,2,0.50,405,0.013453768,0.009621432,-0.012622612849,-0.012622612849,0.000000000000768,0.001732308,0.993983937,0.993939633,0.007602828,0110
xor-fast,2,0.50,406,0.013407554,0.009591554,-0.012622612849,-0.012622612849,0.000000000000768,0.001732308,0.993983937,0.993939633,0.007602828,0110
xor-fast,2,0.50,407,0.013361626,0.009561852,-0.012622612849,-0.012622612849,0.000000000000768,0.001732308,0.993983937,0.993939633,0.007602828,0110
xor-fast,2,0.50,408,0.013315982,0.009532323,-0.012622612849,-0.012622612849,0.000000000000768,0.001732308,0.993983937,0.993939633,0.007602828,0110
xor-fast,2,0.50,409,0.013270619,0.009502966,-0.012622612849,-0.012622612849,0.000000000000768,0.001732308,0.993983937,0.993939633,0.007602828,0110
xor-fast,2,0.50,410,0.013225536,0.009473780,-0.012622612849,-0.012622612849,0.000000000000768,0.001732308,0.993983937,0.993939633,0.007602828,0110
xor-fast,2,0.50,411,0.013180728,0.009444763,-0.012622612849,-0.012622612849,0.000000000000768,0.001732308,0.993983937,0.993939633,0.007602828,0110
xor-fast,2,0.50,412,0.013136195,0.009415914,-0.012622612849,-0.012622612849,0.000000000000768,0.001732308,0.993983937,0.993939633,0.007602828,0110
xor-fast,2,0.50,413,0.013091932,0.009387231,-0.012622612849,-0.012622612849,0.000000000000768,0.001732308,0.993983937,0.993939633,0.007602828,0110
xor-fast,2,0.50,414,0.013047939,0.009358712,-0.012622612849,-0.012622612849,0.000000000000768,0.001732308,0.993983937,0.993939633,0.007602828,0110
xor-fast,2,0.50,415,0.013004213,0.009330358,-0.012622612849,-0.012622612849,0.000000000000768,0.001732308,0.993983937,0.993939633,0.007602828,0110
xor-fast,2,0.50,416,0.012960751,0.009302165,-0.012622612849,-0.012622612849,0.000000000000768,0.001732308,0.993983937,0.993939633,0.007602828,0110
xor-fast,2,0.50,417,0.012917551,0.009274133,-0.012622612849,-0.012622612849,0.000000000000768,0.001732308,0.993983937,0.993939633,0.007602828,0110
xor-fast,2,0.50,418,0.012874611,0.009246260,-0.012622612849,-0.012622612849,0.000000000000768,0.001732308,0.993983937,0.993939633,0.007602828,0110
xor-fast,2,0.50,419,0.012831928,0.009218546,-0.012622612849,-0.012622612849,0.000000000000768,0.001732308,0.993983937,0.993939633,0.007602828,0110
xor-fast,2,0.50,420,0.012789501,0.009190988,-0.012622612849,-0.012622612849,0.000000000000768,0.001732308,0.993983937,0.993939633,0.007602828,0110
xor-fast,2,0.50,421,0.012747327,0.009163586,-0.012622612849,-0.012622612849,0.000000000000768,0.001732308,0.993983937,0.993939633,0.007602828,0110
xor-fast,2,0.50,422,0.012705404,0.009136337,-0.012622612849,-0.012622612849,0.000000000000768,0.001732308,0.993983937,0.993939633,0.007602828,0110
xor-fast,2,0.50,423,0.012663729,0.009109242,-0.012622612849,-0.012622612849,0.000000000000768,0.001732308,0.993983937,0.993939633,0.007602828,0110
xor-fast,2,0.50,424,0.012622302,0.009082298,-0.012622612849,-0.012622612849,0.000000000000768,0.001732308,0.993983937,0.993939633,0.007602828,0110
xor-fast,2,0.50,425,0.012581118,0.009055505,-0.012622612849,-0.012622612849,0.000000000000768,0.001732308,0.993983937,0.993939633,0.007602828,0110
xor-fast,2,0.50,426,0.012540178,0.009028860,-0.012622612849,-0.012622612849,0.000000000000768,0.001732308,0.993983937,0.993939633,0.007602828,0110
xor-fast,2,0.50,427,0.012499477,0.009002364,-0.012622612849,-0.012622612849,0.000000000000768,0.001732308,0.993983937,0.993939633,0.007602828,0110
xor-fast,2,0.50,428,0.012459015,0.008976014,-0.012622612849,-0.012622612849,0.000000000000768,0.001732308,0.993983937,0.993939633,0.007602828,0110
xor-fast,2,0.50,429,0.012418790,0.008949810,-0.012622612849,-0.012622612849,0.000000000000768,0.001732308,0.993983937,0.993939633,0.007602828,0110
xor-fast,2,0.50,430,0.012378798,0.008923750,-0.012622612849,-0.012622612849,0.000000000000768,0.001732308,0.993983937,0.993939633,0.007602828,0110
xor-fast,2,0.50,431,0.012339040,0.008897834,-0.012622612849,-0.012622612849,0.000000000000768,0.001732308,0.993983937,0.993939633,0.007602828,0110
xor-fast,2,0.50,432,0.012299511,0.008872059,-0.012622612849,-0.012622612849,0.000000000000768,0.001732308,0.993983937,0.993939633,0.007602828,0110
xor-fast,2,0.50,433,0.012260211,0.008846425,-0.012622612849,-0.012622612849,0.000000000000768,0.001732308,0.993983937,0.993939633,0.007602828,0110
xor-fast,2,0.50,434,0.012221138,0.008820931,-0.012622612849,-0.012622612849,0.000000000000768,0.001732308,0.993983937,0.993939633,0.007602828,0110
xor-fast,2,0.50,435,0.012182290,0.008795575,-0.012622612849,-0.012622612849,0.000000000000768,0.001732308,0.993983937,0.993939633,0.007602828,0110
xor-fast,2,0.50,436,0.012143664,0.008770357,-0.012622612849,-0.012622612849,0.000000000000768,0.001732308,0.993983937,0.993939633,0.007602828,0110
xor-fast,2,0.50,437,0.012105260,0.008745276,-0.012622612849,-0.012622612849,0.000000000000768,0.001732308,0.993983937,0.993939633,0.007602828,0110
xor-fast,2,0.50,438,0.012067074,0.008720330,-0.012622612849,-0.012622612849,0.000000000000768,0.001732308,0.993983937,0.993939633,0.007602828,0110
xor-fast,2,0.50,439,0.012029106,0.008695518,-0.012622612849,-0.012622612849,0.000000000000768,0.001732308,0.993983937,0.993939633,0.007602828,0110
xor-fast,2,0.50,440,0.011991354,0.008670839,-0.012622612849,-0.012622612849,0.000000000000768,0.001732308,0.993983937,0.993939633,0.007602828,0110
xor-fast,2,0.50,441,0.011953815,0.008646292,-0.012622612849,-0.012622612849,0.000000000000768,0.001732308,0.993983937,0.993939633,0.007602828,0110
xor-fast,2,0.50,442,0.011916489,0.008621876,-0.012622612849,-0.012622612849,0.000000000000768,0.001732308,0.993983937,0.993939633,0.007602828,0110
xor-fast,2,0.50,443,0.011879373,0.008597591,-0.012622612849,-0.012622612849,0.000000000000768,0.001732308,0.993983937,0.993939633,0.007602828,0110
xor-fast,2,0.50,444,0.011842466,0.008573434,-0.012622612849,-0.012622612849,0.000000000000768,0.001732308,0.993983937,0.993939633,0.007602828,0110
xor-fast,2,0.50,445,0.011805765,0.008549406,-0.012622612849,-0.012622612849,0.000000000000768,0.001732308,0.993983937,0.993939633,0.007602828,0110
xor-fast,2,0.50,446,0.011769270,0.008525505,-0.012622612849,-0.012622612849,0.000000000000768,0.001732308,0.993983937,0.993939633,0.007602828,0110
xor-fast,2,0.50,447,0.011732979,0.008501729,-0.012622612849,-0.012622612849,0.000000000000768,0.001732308,0.993983937,0.993939633,0.007602828,0110
xor-fast,2,0.50,448,0.011696889,0.008478079,-0.012622612849,-0.012622612849,0.000000000000768,0.001732308,0.993983937,0.993939633,0.007602828,0110
xor-fast,2,0.50,449,0.011661000,0.008454553,-0.012622612849,-0.012622612849,0.000000000000768,0.001732308,0.993983937,0.993939633,0.007602828,0110
xor-fast,2,0.50,450,0.011625310,0.008431150,-0.012622612849,-0.012622612849,0.000000000000768,0.001732308,0.993983937,0.993939633,0.007602828,0110
xor-fast,2,0.50,451,0.011589817,0.008407869,-0.012622612849,-0.012622612849,0.000000000000768,0.001732308,0.993983937,0.993939633,0.007602828,0110
xor-fast,2,0.50,452,0.011554520,0.008384709,-0.012622612849,-0.012622612849,0.000000000000768,0.001732308,0.993983937,0.993939633,0.007602828,0110
xor-fast,2,0.50,453,0.011519416,0.008361670,-0.012622612849,-0.012622612849,0.000000000000768,0.001732308,0.993983937,0.993939633,0.007602828,0110
xor-fast,2,0.50,454,0.011484506,0.008338750,-0.012622612849,-0.012622612849,0.000000000000768,0.001732308,0.993983937,0.993939633,0.007602828,0110
xor-fast,2,0.50,455,0.011449786,0.008315949,-0.012622612849,-0.012622612849,0.000000000000768,0.001732308,0.993983937,0.993939633,0.007602828,0110
xor-fast,2,0.50,456,0.011415255,0.008293265,-0.012622612849,-0.012622612849,0.000000000000768,0.001732308,0.993983937,0.993939633,0.007602828,0110
xor-fast,2,0.50,457,0.011380913,0.008270698,-0.012622612849,-0.012622612849,0.000000000000768,0.001732308,0.993983937,0.993939633,0.007602828,0110
xor-fast,2,0.50,458,0.011346757,0.008248247,-0.012622612849,-0.012622612849,0.000000000000768,0.001732308,0.993983937,0.993939633,0.007602828,0110
xor-fast,2,0.50,459,0.011312787,0.008225911,-0.012622612849,-0.012622612849,0.000000000000768,0.001732308,0.993983937,0.993939633,0.007602828,0110
xor-fast,2,0.50,460,0.011278999,0.008203689,-0.012622612849,-0.012622612849,0.000000000000768,0.001732308,0.993983937,0.993939633,0.007602828,0110
xor-fast,2,0.50,461,0.011245395,0.008181580,-0.012622612849,-0.012622612849,0.000000000000768,0.001732308,0.993983937,0.993939633,0.007602828,0110
xor-fast,2,0.50,462,0.011211970,0.008159584,-0.012622612849,-0.012622612849,0.000000000000768,0.001732308,0.993983937,0.993939633,0.007602828,0110
xor-fast,2,0.50,463,0.011178726,0.008137699,-0.012622612849,-0.012622612849,0.000000000000768,0.001732308,0.993983937,0.993939633,0.007602828,0110
xor-fast,2,0.50,464,0.011145659,0.008115925,-0.012622612849,-0.012622612849,0.000000000000768,0.001732308,0.993983937,0.993939633,0.007602828,0110
xor-fast,2,0.50,465,0.011112769,0.008094261,-0.012622612849,-0.012622612849,0.000000000000768,0.001732308,0.993983937,0.993939633,0.007602828,0110
xor-fast,2,0.50,466,0.011080054,0.008072706,-0.012622612849,-0.012622612849,0.000000000000768,0.001732308,0.993983937,0.993939633,0.007602828,0110
xor-fast,2,0.50,467,0.011047513,0.008051259,-0.012622612849,-0.012622612849,0.000000000000768,0.001732308,0.993983937,0.993939633,0.007602828,0110
xor-fast,2,0.50,468,0.011015145,0.008029919,-0.012622612849,-0.012622612849,0.000000000000768,0.001732308,0.993983937,0.993939633,0.007602828,0110
xor-fast,2,0.50,469,0.010982947,0.008008686,-0.012622612849,-0.012622612849,0.000000000000768,0.001732308,0.993983937,0.993939633,0.007602828,0110
xor-fast,2,0.50,470,0.010950920,0.007987560,-0.012622612849,-0.012622612849,0.000000000000768,0.001732308,0.993983937,0.993939633,0.007602828,0110
xor-fast,2,0.50,471,0.010919062,0.007966538,-0.012622612849,-0.012622612849,0.000000000000768,0.001732308,0.993983937,0.993939633,0.007602828,0110
xor-fast,2,0.50,472,0.010887370,0.007945621,-0.012622612849,-0.012622612849,0.000000000000768,0.001732308,0.993983937,0.993939633,0.007602828,0110
xor-fast,2,0.50,473,0.010855845,0.007924807,-0.012622612849,-0.012622612849,0.000000000000768,0.001732308,0.993983937,0.993939633,0.007602828,0110
xor-fast,2,0.50,474,0.010824485,0.007904096,-0.012622612849,-0.012622612849,0.000000000000768,0.001732308,0.993983937,0.993939633,0.007602828,0110
xor-fast,2,0.50,475,0.010793288,0.007883487,-0.012622612849,-0.012622612849,0.000000000000768,0.001732308,0.993983937,0.993939633,0.007602828,0110
xor-fast,2,0.50,476,0.010762254,0.007862979,-0.012622612849,-0.012622612849,0.000000000000768,0.001732308,0.993983937,0.993939633,0.007602828,0110
xor-fast,2,0.50,477,0.010731381,0.007842573,-0.012622612849,-0.012622612849,0.000000000000768,0.001732308,0.993983937,0.993939633,0.007602828,0110
xor-fast,2,0.50,478,0.010700668,0.007822266,-0.012622612849,-0.012622612849,0.000000000000768,0.001732308,0.993983937,0.993939633,0.007602828,0110
xor-fast,2,0.50,479,0.010670114,0.007802058,-0.012622612849,-0.012622612849,0.000000000000768,0.001732308,0.993983937,0.993939633,0.007602828,0110
xor-fast,2,0.50,480,0.010639717,0.007781948,-0.012622612849,-0.012622612849,0.000000000000768,0.001732308,0.993983937,0.993939633,0.007602828,0110
xor-fast,2,0.50,481,0.010609476,0.007761937,-0.012622612849,-0.012622612849,0.000000000000768,0.001732308,0.993983937,0.993939633,0.007602828,0110
xor-fast,2,0.50,482,0.010579391,0.007742022,-0.012622612849,-0.012622612849,0.000000000000768,0.001732308,0.993983937,0.993939633,0.007602828,0110
xor-fast,2,0.50,483,0.010549460,0.007722204,-0.012622612849,-0.012622612849,0.000000000000768,0.001732308,0.993983937,0.993939633,0.007602828,0110
xor-fast,2,0.50,484,0.010519682,0.007702482,-0.012622612849,-0.012622612849,0.000000000000768,0.001732308,0.993983937,0.993939633,0.007602828,0110
xor-fast,2,0.50,485,0.010490056,0.007682854,-0.012622612849,-0.012622612849,0.000000000000768,0.001732308,0.993983937,0.993939633,0.007602828,0110
xor-fast,2,0.50,486,0.010460580,0.007663321,-0.012622612849,-0.012622612849,0.000000000000768,0.001732308,0.993983937,0.993939633,0.007602828,0110
xor-fast,2,0.50,487,0.010431254,0.007643881,-0.012622612849,-0.012622612849,0.000000000000768,0.001732308,0.993983937,0.993939633,0.007602828,0110
xor-fast,2,0.50,488,0.010402077,0.007624535,-0.012622612849,-0.012622612849,0.000000000000768,0.001732308,0.993983937,0.993939633,0.007602828,0110
xor-fast,2,0.50,489,0.010373047,0.007605281,-0.012622612849,-0.012622612849,0.000000000000768,0.001732308,0.993983937,0.993939633,0.007602828,0110
xor-fast,2,0.50,490,0.010344163,0.007586118,-0.012622612849,-0.012622612849,0.000000000000768,0.001732308,0.993983937,0.993939633,0.007602828,0110
xor-fast,2,0.50,491,0.010315424,0.007567047,-0.012622612849,-0.012622612849,0.000000000000768,0.001732308,0.993983937,0.993939633,0.007602828,0110
xor-fast,2,0.50,492,0.010286830,0.007548066,-0.012622612849,-0.012622612849,0.000000000000768,0.001732308,0.993983937,0.993939633,0.007602828,0110
xor-fast,2,0.50,493,0.010258379,0.007529175,-0.012622612849,-0.012622612849,0.000000000000768,0.001732308,0.993983937,0.993939633,0.007602828,0110
xor-fast,2,0.50,494,0.010230070,0.007510373,-0.012622612849,-0.012622612849,0.000000000000768,0.001732308,0.993983937,0.993939633,0.007602828,0110
xor-fast,2,0.50,495,0.010201903,0.007491659,-0.012622612849,-0.012622612849,0.000000000000768,0.001732308,0.993983937,0.993939633,0.007602828,0110
xor-fast,2,0.50,496,0.010173875,0.007473034,-0.012622612849,-0.012622612849,0.000000000000768,0.001732308,0.993983937,0.993939633,0.007602828,0110
xor-fast,2,0.50,497,0.010145987,0.007454495,-0.012622612849,-0.012622612849,0.000000000000768,0.001732308,0.993983937,0.993939633,0.007602828,0110
xor-fast,2,0.50,498,0.010118236,0.007436044,-0.012622612849,-0.012622612849,0.000000000000768,0.001732308,0.993983937,0.993939633,0.007602828,0110
xor-fast,2,0.50,499,0.010090623,0.007417679,-0.012622612849,-0.012622612849,0.000000000000768,0.001732308,0.993983937,0.993939633,0.007602828,0110
xor-fast,2,0.50,500,0.010063146,0.007399399,-0.012622612849,-0.012622612849,0.000000000000768,0.001732308,0.993983937,0.993939633,0.007602828,0110
xor-fast,2,0.50,501,0.010035804,0.007381204,-0.012622612849,-0.012622612849,0.000000000000768,0.001732308,0.993983937,0.993939633,0.007602828,0110
xor-fast,2,0.50,502,0.010008597,0.007363093,-0.012622612849,-0.012622612849,0.000000000000768,0.001732308,0.993983937,0.993939633,0.007602828,0110
xor-fast,2,0.50,503,0.009981522,0.007345067,-0.012622612849,-0.012622612849,0.000000000000768,0.001732308,0.993983937,0.993939633,0.007602828,0110
xor-fast,2,0.50,504,0.009954580,0.007327123,-0.012622612849,-0.012622612849,0.000000000000768,0.001732308,0.993983937,0.993939633,0.007602828,0110
xor-fast,2,0.50,505,0.009927770,0.007309262,-0.012622612849,-0.012622612849,0.000000000000768,0.001732308,0.993983937,0.993939633,0.007602828,0110
xor-fast,2,0.50,506,0.009901089,0.007291484,-0.012622612849,-0.012622612849,0.000000000000768,0.001732308,0.993983937,0.993939633,0.007602828,0110
xor-fast,2,0.50,507,0.009874539,0.007273786,-0.012622612849,-0.012622612849,0.000000000000768,0.001732308,0.993983937,0.993939633,0.007602828,0110
xor-fast,2,0.50,508,0.009848117,0.007256170,-0.012622612849,-0.012622612849,0.000000000000768,0.001732308,0.993983937,0.993939633,0.007602828,0110
xor-fast,2,0.50,509,0.009821823,0.007238634,-0.012622612849,-0.012622612849,0.000000000000768,0.001732308,0.993983937,0.993939633,0.007602828,0110
xor-fast,2,0.50,510,0.009795655,0.007221179,-0.012622612849,-0.012622612849,0.000000000000768,0.001732308,0.993983937,0.993939633,0.007602828,0110
xor-fast,2,0.50,511,0.009769614,0.007203802,-0.012622612849,-0.012622612849,0.000000000000768,0.001732308,0.993983937,0.993939633,0.007602828,0110
xor-fast,2,0.50,512,0.009743698,0.007186505,-0.012622612849,-0.012622612849,0.000000000000768,0.001732308,0.993983937,0.993939633,0.007602828,0110
xor-fast,2,0.50,513,0.009717906,0.007169285,-0.012622612849,-0.012622612849,0.000000000000768,0.001732308,0.993983937,0.993939633,0.007602828,0110
xor-fast,2,0.50,514,0.009692237,0.007152144,-0.012622612849,-0.012622612849,0.000000000000768,0.001732308,0.993983937,0.993939633,0.007602828,0110
xor-fast,2,0.50,515,0.009666691,0.007135080,-0.012622612849,-0.012622612849,0.000000000000768,0.001732308,0.993983937,0.993939633,0.007602828,0110
xor-fast,2,0.50,516,0.009641267,0.007118092,-0.012622612849,-0.012622612849,0.000000000000768,0.001732308,0.993983937,0.993939633,0.007602828,0110
xor-fast,2,0.50,517,0.009615963,0.007101181,-0.012622612849,-0.012622612849,0.000000000000768,0.001732308,0.993983937,0.993939633,0.007602828,0110
xor-fast,2,0.50,518,0.009590780,0.007084345,-0.012622612849,-0.012622612849,0.000000000000768,0.001732308,0.993983937,0.993939633,0.007602828,0110
xor-fast,2,0.50,519,0.009565716,0.007067585,-0.012622612849,-0.012622612849,0.000000000000768,0.001732308,0.993983937,0.993939633,0.007602828,0110
xor-fast,2,0.50,520,0.009540770,0.007050900,-0.012622612849,-0.012622612849,0.000000000000768,0.001732308,0.993983937,0.993939633,0.007602828,0110
xor-fast,2,0.50,521,0.009515941,0.007034289,-0.012622612849,-0.012622612849,0.000000000000768,0.001732308,0.993983937,0.993939633,0.007602828,0110
xor-fast,2,0.50,522,0.009491230,0.007017751,-0.012622612849,-0.012622612849,0.000000000000768,0.001732308,0.993983937,0.993939633,0.007602828,0110
xor-fast,2,0.50,523,0.009466634,0.007001287,-0.012622612849,-0.012622612849,0.000000000000768,0.001732308,0.993983937,0.993939633,0.007602828,0110
xor-fast,2,0.50,524,0.009442154,0.006984896,-0.012622612849,-0.012622612849,0.000000000000768,0.001732308,0.993983937,0.993939633,0.007602828,0110
xor-fast,2,0.50,525,0.009417788,0.006968577,-0.012622612849,-0.012622612849,0.000000000000768,0.001732308,0.993983937,0.993939633,0.007602828,0110
xor-fast,2,0.50,526,0.009393536,0.006952330,-0.012622612849,-0.012622612849,0.000000000000768,0.001732308,0.993983937,0.993939633,0.007602828,0110
xor-fast,2,0.50,527,0.009369397,0.006936155,-0.012622612849,-0.012622612849,0.000000000000768,0.001732308,0.993983937,0.993939633,0.007602828,0110
xor-fast,2,0.50,528,0.009345369,0.006920050,-0.012622612849,-0.012622612849,0.000000000000768,0.001732308,0.993983937,0.993939633,0.007602828,0110
xor-fast,2,0.50,529,0.009321454,0.006904016,-0.012622612849,-0.012622612849,0.000000000000768,0.001732308,0.993983937,0.993939633,0.007602828,0110
xor-fast,2,0.50,530,0.009297648,0.006888052,-0.012622612849,-0.012622612849,0.000000000000768,0.001732308,0.993983937,0.993939633,0.007602828,0110
xor-fast,2,0.50,531,0.009273953,0.006872158,-0.012622612849,-0.012622612849,0.000000000000768,0.001732308,0.993983937,0.993939633,0.007602828,0110
xor-fast,2,0.50,532,0.009250367,0.006856332,-0.012622612849,-0.012622612849,0.000000000000768,0.001732308,0.993983937,0.993939633,0.007602828,0110
xor-fast,2,0.50,533,0.009226889,0.006840576,-0.012622612849,-0.012622612849,0.000000000000768,0.001732308,0.993983937,0.993939633,0.007602828,0110
xor-fast,2,0.50,534,0.009203520,0.006824887,-0.012622612849,-0.012622612849,0.000000000000768,0.001732308,0.993983937,0.993939633,0.007602828,0110
xor-fast,2,0.50,535,0.009180257,0.006809267,-0.012622612849,-0.012622612849,0.000000000000768,0.001732308,0.993983937,0.993939633,0.007602828,0110
xor-fast,2,0.50,536,0.009157100,0.006793714,-0.012622612849,-0.012622612849,0.000000000000768,0.001732308,0.993983937,0.993939633,0.007602828,0110
xor-fast,2,0.50,537,0.009134049,0.006778228,-0.012622612849,-0.012622612849,0.000000000000768,0.001732308,0.993983937,0.993939633,0.007602828,0110
xor-fast,2,0.50,538,0.009111103,0.006762808,-0.012622612849,-0.012622612849,0.000000000000768,0.001732308,0.993983937,0.993939633,0.007602828,0110
xor-fast,2,0.50,539,0.009088261,0.006747455,-0.012622612849,-0.012622612849,0.000000000000768,0.001732308,0.993983937,0.993939633,0.007602828,0110
xor-fast,2,0.50,540,0.009065523,0.006732167,-0.012622612849,-0.012622612849,0.000000000000768,0.001732308,0.993983937,0.993939633,0.007602828,0110
xor-fast,2,0.50,541,0.009042888,0.006716944,-0.012622612849,-0.012622612849,0.000000000000768,0.001732308,0.993983937,0.993939633,0.007602828,0110
xor-fast,2,0.50,542,0.009020354,0.006701787,-0.012622612849,-0.012622612849,0.000000000000768,0.001732308,0.993983937,0.993939633,0.007602828,0110
xor-fast,2,0.50,543,0.008997923,0.006686694,-0.012622612849,-0.012622612849,0.000000000000768,0.001732308,0.993983937,0.993939633,0.007602828,0110
xor-fast,2,0.50,544,0.008975592,0.006671665,-0.012622612849,-0.012622612849,0.000000000000768,0.001732308,0.993983937,0.993939633,0.007602828,0110
xor-fast,2,0.50,545,0.008953361,0.006656700,-0.012622612849,-0.012622612849,0.000000000000768,0.001732308,0.993983937,0.993939633,0.007602828,0110
xor-fast,2,0.50,546,0.008931230,0.006641798,-0.012622612849,-0.012622612849,0.000000000000768,0.001732308,0.993983937,0.993939633,0.007602828,0110
xor-fast,2,0.50,547,0.008909198,0.006626959,-0.012622612849,-0.012622612849,0.000000000000768,0.001732308,0.993983937,0.993939633,0.007602828,0110
xor-fast,2,0.50,548,0.008887264,0.006612182,-0.012622612849,-0.012622612849,0.000000000000768,0.001732308,0.993983937,0.993939633,0.007602828,0110
xor-fast,2,0.50,549,0.008865428,0.006597467,-0.012622612849,-0.012622612849,0.000000000000768,0.001732308,0.993983937,0.993939633,0.007602828,0110
xor-fast,2,0.50,550,0.008843689,0.006582815,-0.012622612849,-0.012622612849,0.000000000000768,0.001732308,0.993983937,0.993939633,0.007602828,0110
xor-fast,2,0.50,551,0.008822046,0.006568223,-0.012622612849,-0.012622612849,0.000000000000768,0.001732308,0.993983937,0.993939633,0.007602828,0110
xor-fast,2,0.50,552,0.008800500,0.006553693,-0.012622612849,-0.012622612849,0.000000000000768,0.001732308,0.993983937,0.993939633,0.007602828,0110
xor-fast,2,0.50,553,0.008779048,0.006539223,-0.012622612849,-0.012622612849,0.000000000000768,0.001732308,0.993983937,0.993939633,0.007602828,0110
xor-fast,2,0.50,554,0.008757691,0.006524813,-0.012622612849,-0.012622612849,0.000000000000768,0.001732308,0.993983937,0.993939633,0.007602828,0110
xor-fast,2,0.50,555,0.008736427,0.006510463,-0.012622612849,-0.012622612849,0.000000000000768,0.001732308,0.993983937,0.993939633,0.007602828,0110
xor-fast,2,0.50,556,0.008715258,0.006496173,-0.012622612849,-0.012622612849,0.000000000000768,0.001732308,0.993983937,0.993939633,0.007602828,0110
xor-fast,2,0.50,557,0.008694181,0.006481942,-0.012622612849,-0.012622612849,0.000000000000768,0.001732308,0.993983937,0.993939633,0.007602828,0110
xor-fast,2,0.50,558,0.008673196,0.006467770,-0.012622612849,-0.012622612849,0.000000000000768,0.001732308,0.993983937,0.993939633,0.007602828,0110
xor-fast,2,0.50,559,0.008652303,0.006453656,-0.012622612849,-0.012622612849,0.000000000000768,0.001732308,0.993983937,0.993939633,0.007602828,0110
xor-fast,2,0.50,560,0.008631500,0.006439600,-0.012622612849,-0.012622612849,0.000000000000768,0.001732308,0.993983937,0.993939633,0.007602828,0110
xor-fast,2,0.50,561,0.008610789,0.006425601,-0.012622612849,-0.012622612849,0.000000000000768,0.001732308,0.993983937,0.993939633,0.007602828,0110
xor-fast,2,0.50,562,0.008590167,0.006411661,-0.012622612849,-0.012622612849,0.000000000000768,0.001732308,0.993983937,0.993939633,0.007602828,0110
xor-fast,2,0.50,563,0.008569635,0.006397777,-0.012622612849,-0.012622612849,0.000000000000768,0.001732308,0.993983937,0.993939633,0.007602828,0110
xor-fast,2,0.50,564,0.008549191,0.006383950,-0.012622612849,-0.012622612849,0.000000000000768,0.001732308,0.993983937,0.993939633,0.007602828,0110
xor-fast,2,0.50,565,0.008528836,0.006370179,-0.012622612849,-0.012622612849,0.000000000000768,0.001732308,0.993983937,0.993939633,0.007602828,0110
xor-fast,2,0.50,566,0.008508568,0.006356464,-0.012622612849,-0.012622612849,0.000000000000768,0.001732308,0.993983937,0.993939633,0.007602828,0110
xor-fast,2,0.50,567,0.008488387,0.006342805,-0.012622612849,-0.012622612849,0.000000000000768,0.001732308,0.993983937,0.993939633,0.007602828,0110
xor-fast,2,0.50,568,0.008468293,0.006329201,-0.012622612849,-0.012622612849,0.000000000000768,0.001732308,0.993983937,0.993939633,0.007602828,0110
xor-fast,2,0.50,569,0.008448285,0.006315652,-0.012622612849,-0.012622612849,0.000000000000768,0.001732308,0.993983937,0.993939633,0.007602828,0110
xor-fast,2,0.50,570,0.008428363,0.006302158,-0.012622612849,-0.012622612849,0.000000000000768,0.001732308,0.993983937,0.993939633,0.007602828,0110
xor-fast,2,0.50,571,0.008408525,0.006288718,-0.012622612849,-0.012622612849,0.000000000000768,0.001732308,0.993983937,0.993939633,0.007602828,0110
xor-fast,2,0.50,572,0.008388772,0.006275332,-0.012622612849,-0.012622612849,0.000000000000768,0.001732308,0.993983937,0.993939633,0.007602828,0110
xor-fast,2,0.50,573,0.008369103,0.006262000,-0.012622612849,-0.012622612849,0.000000000000768,0.001732308,0.993983937,0.993939633,0.007602828,0110
xor-fast,2,0.50,574,0.008349518,0.006248721,-0.012622612849,-0.012622612849,0.000000000000768,0.001732308,0.993983937,0.993939633,0.007602828,0110
xor-fast,2,0.50,575,0.008330015,0.006235496,-0.012622612849,-0.012622612849,0.000000000000768,0.001732308,0.993983937,0.993939633,0.007602828,0110
xor-fast,2,0.50,576,0.008310595,0.006222323,-0.012622612849,-0.012622612849,0.000000000000768,0.001732308,0.993983937,0.993939633,0.007602828,0110
xor-fast,2,0.50,577,0.008291257,0.006209202,-0.012622612849,-0.012622612849,0.000000000000768,0.001732308,0.993983937,0.993939633,0.007602828,0110
xor-fast,2,0.50,578,0.008272000,0.006196134,-0.012622612849,-0.012622612849,0.000000000000768,0.001732308,0.993983937,0.993939633,0.007602828,0110
xor-fast,2,0.50,579,0.008252824,0.006183117,-0.012622612849,-0.012622612849,0.000000000000768,0.001732308,0.993983937,0.993939633,0.007602828,0110
xor-fast,2,0.50,580,0.008233729,0.006170152,-0.012622612849,-0.012622612849,0.000000000000768,0.001732308,0.993983937,0.993939633,0.007602828,0110
xor-fast,2,0.50,581,0.008214713,0.006157239,-0.012622612849,-0.012622612849,0.000000000000768,0.001732308,0.993983937,0.993939633,0.007602828,0110
xor-fast,2,0.50,582,0.008195777,0.006144376,-0.012622612849,-0.012622612849,0.000000000000768,0.001732308,0.993983937,0.993939633,0.007602828,0110
xor-fast,2,0.50,583,0.008176920,0.006131564,-0.012622612849,-0.012622612849,0.000000000000768,0.001732308,0.993983937,0.993939633,0.007602828,0110
xor-fast,2,0.50,584,0.008158142,0.006118802,-0.012622612849,-0.012622612849,0.000000000000768,0.001732308,0.993983937,0.993939633,0.007602828,0110
xor-fast,2,0.50,585,0.008139442,0.006106090,-0.012622612849,-0.012622612849,0.000000000000768,0.001732308,0.993983937,0.993939633,0.007602828,0110
xor-fast,2,0.50,586,0.008120819,0.006093429,-0.012622612849,-0.012622612849,0.000000000000768,0.001732308,0.993983937,0.993939633,0.007602828,0110
xor-fast,2,0.50,587,0.008102273,0.006080816,-0.012622612849,-0.012622612849,0.000000000000768,0.001732308,0.993983937,0.993939633,0.007602828,0110
xor-fast,2,0.50,588,0.008083804,0.006068253,-0.012622612849,-0.012622612849,0.000000000000768,0.001732308,0.993983937,0.993939633,0.007602828,0110
xor-fast,2,0.50,589,0.008065411,0.006055739,-0.012622612849,-0.012622612849,0.000000000000768,0.001732308,0.993983937,0.993939633,0.007602828,0110
xor-fast,2,0.50,590,0.008047094,0.006043273,-0.012622612849,-0.012622612849,0.000000000000768,0.001732308,0.993983937,0.993939633,0.007602828,0110
xor-fast,2,0.50,591,0.008028852,0.006030856,-0.012622612849,-0.012622612849,0.000000000000768,0.001732308,0.993983937,0.993939633,0.007602828,0110
xor-fast,2,0.50,592,0.008010685,0.006018486,-0.012622612849,-0.012622612849,0.000000000000768,0.001732308,0.993983937,0.993939633,0.007602828,0110
xor-fast,2,0.50,593,0.007992593,0.006006165,-0.012622612849,-0.012622612849,0.000000000000768,0.001732308,0.993983937,0.993939633,0.007602828,0110
xor-fast,2,0.50,594,0.007974574,0.005993891,-0.012622612849,-0.012622612849,0.000000000000768,0.001732308,0.993983937,0.993939633,0.007602828,0110
xor-fast,2,0.50,595,0.007956629,0.005981664,-0.012622612849,-0.012622612849,0.000000000000768,0.001732308,0.993983937,0.993939633,0.007602828,0110
xor-fast,2,0.50,596,0.007938757,0.005969485,-0.012622612849,-0.012622612849,0.000000000000768,0.001732308,0.993983937,0.993939633,0.007602828,0110
xor-fast,2,0.50,597,0.007920958,0.005957352,-0.012622612849,-0.012622612849,0.000000000000768,0.001732308,0.993983937,0.993939633,0.007602828,0110
xor-fast,2,0.50,598,0.007903231,0.005945266,-0.012622612849,-0.012622612849,0.000000000000768,0.001732308,0.993983937,0.993939633,0.007602828,0110
xor-fast,2,0.50,599,0.007885576,0.005933225,-0.012622612849,-0.012622612849,0.000000000000768,0.001732308,0.993983937,0.993939633,0.007602828,0110
xor-fast,2,0.50,600,0.007867992,0.005921231,-0.012622612849,-0.012622612849,0.000000000000768,0.001732308,0.993983937,0.993939633,0.007602828,0110
xor-fast,2,0.50,601,0.007850479,0.005909283,-0.012622612849,-0.012622612849,0.000000000000768,0.001732308,0.993983937,0.993939633,0.007602828,0110
xor-fast,2,0.50,602,0.007833037,0.005897380,-0.012622612849,-0.012622612849,0.000000000000768,0.001732308,0.993983937,0.993939633,0.007602828,0110
xor-fast,2,0.50,603,0.007815665,0.005885522,-0.012622612849,-0.012622612849,0.000000000000768,0.001732308,0.993983937,0.993939633,0.007602828,0110
xor-fast,2,0.50,604,0.007798363,0.005873709,-0.012622612849,-0.012622612849,0.000000000000768,0.001732308,0.993983937,0.993939633,0.007602828,0110
xor-fast,2,0.50,605,0.007781130,0.005861940,-0.012622612849,-0.012622612849,0.000000000000768,0.001732308,0.993983937,0.993939633,0.007602828,0110
xor-fast,2,0.50,606,0.007763966,0.005850217,-0.012622612849,-0.012622612849,0.000000000000768,0.001732308,0.993983937,0.993939633,0.007602828,0110
xor-fast,2,0.50,607,0.007746870,0.005838537,-0.012622612849,-0.012622612849,0.000000000000768,0.001732308,0.993983937,0.993939633,0.007602828,0110
xor-fast,2,0.50,608,0.007729843,0.005826901,-0.012622612849,-0.012622612849,0.000000000000768,0.001732308,0.993983937,0.993939633,0.007602828,0110
xor-fast,2,0.50,609,0.007712883,0.005815309,-0.012622612849,-0.012622612849,0.000000000000768,0.001732308,0.993983937,0.993939633,0.007602828,0110
xor-fast,2,0.50,610,0.007695991,0.005803761,-0.012622612849,-0.012622612849,0.000000000000768,0.001732308,0.993983937,0.993939633,0.007602828,0110
xor-fast,2,0.50,611,0.007679166,0.005792255,-0.012622612849,-0.012622612849,0.000000000000768,0.001732308,0.993983937,0.993939633,0.007602828,0110
xor-fast,2,0.50,612,0.007662408,0.005780793,-0.012622612849,-0.012622612849,0.000000000000768,0.001732308,0.993983937,0.993939633,0.007602828,0110
xor-fast,2,0.50,613,0.007645715,0.005769373,-0.012622612849,-0.012622612849,0.000000000000768,0.001732308,0.993983937,0.993939633,0.007602828,0110
xor-fast,2,0.50,614,0.007629089,0.005757996,-0.012622612849,-0.012622612849,0.000000000000768,0.001732308,0.993983937,0.993939633,0.007602828,0110
xor-fast,2,0.50,615,0.007612528,0.005746661,-0.012622612849,-0.012622612849,0.000000000000768,0.001732308,0.993983937,0.993939633,0.007602828,0110
xor-fast,2,0.50,616,0.007596032,0.005735369,-0.012622612849,-0.012622612849,0.000000000000768,0.001732308,0.993983937,0.993939633,0.007602828,0110
xor-fast,2,0.50,617,0.007579601,0.005724118,-0.012622612849,-0.012622612849,0.000000000000768,0.001732308,0.993983937,0.993939633,0.007602828,0110
xor-fast,2,0.50,618,0.007563234,0.005712908,-0.012622612849,-0.012622612849,0.000000000000768,0.001732308,0.993983937,0.993939633,0.007602828,0110
xor-fast,2,0.50,619,0.007546932,0.005701740,-0.012622612849,-0.012622612849,0.000000000000768,0.001732308,0.993983937,0.993939633,0.007602828,0110
xor-fast,2,0.50,620,0.007530693,0.005690613,-0.012622612849,-0.012622612849,0.000000000000768,0.001732308,0.993983937,0.993939633,0.007602828,0110
xor-fast,2,0.50,621,0.007514517,0.005679527,-0.012622612849,-0.012622612849,0.000000000000768,0.001732308,0.993983937,0.993939633,0.007602828,0110
xor-fast,2,0.50,622,0.007498404,0.005668482,-0.012622612849,-0.012622612849,0.000000000000768,0.001732308,0.993983937,0.993939633,0.007602828,0110
xor-fast,2,0.50,623,0.007482354,0.005657477,-0.012622612849,-0.012622612849,0.000000000000768,0.001732308,0.993983937,0.993939633,0.007602828,0110
xor-fast,2,0.50,624,0.007466366,0.005646513,-0.012622612849,-0.012622612849,0.000000000000768,0.001732308,0.993983937,0.993939633,0.007602828,0110
xor-fast,2,0.50,625,0.007450440,0.005635588,-0.012622612849,-0.012622612849,0.000000000000768,0.001732308,0.993983937,0.993939633,0.007602828,0110
xor-fast,2,0.50,626,0.007434575,0.005624704,-0.012622612849,-0.012622612849,0.000000000000768,0.001732308,0.993983937,0.993939633,0.007602828,0110
xor-fast,2,0.50,627,0.007418772,0.005613859,-0.012622612849,-0.012622612849,0.000000000000768,0.001732308,0.993983937,0.993939633,0.007602828,0110
xor-fast,2,0.50,628,0.007403029,0.005603053,-0.012622612849,-0.012622612849,0.000000000000768,0.001732308,0.993983937,0.993939633,0.007602828,0110
xor-fast,2,0.50,629,0.007387347,0.005592287,-0.012622612849,-0.012622612849,0.000000000000768,0.001732308,0.993983937,0.993939633,0.007602828,0110
xor-fast,2,0.50,630,0.007371725,0.005581559,-0.012622612849,-0.012622612849,0.000000000000768,0.001732308,0.993983937,0.993939633,0.007602828,0110
xor-fast,2,0.50,631,0.007356163,0.005570871,-0.012622612849,-0.012622612849,0.000000000000768,0.001732308,0.993983937,0.993939633,0.007602828,0110
xor-fast,2,0.50,632,0.007340661,0.005560220,-0.012622612849,-0.012622612849,0.000000000000768,0.001732308,0.993983937,0.993939633,0.007602828,0110
xor-fast,2,0.50,633,0.007325218,0.005549609,-0.012622612849,-0.012622612849,0.000000000000768,0.001732308,0.993983937,0.993939633,0.007602828,0110
xor-fast,2,0.50,634,0.007309833,0.005539035,-0.012622612849,-0.012622612849,0.000000000000768,0.001732308,0.993983937,0.993939633,0.007602828,0110
xor-fast,2,0.50,635,0.007294507,0.005528500,-0.012622612849,-0.012622612849,0.000000000000768,0.001732308,0.993983937,0.993939633,0.007602828,0110
xor-fast,2,0.50,636,0.007279240,0.005518002,-0.012622612849,-0.012622612849,0.000000000000768,0.001732308,0.993983937,0.993939633,0.007602828,0110
xor-fast,2,0.50,637,0.007264030,0.005507541,-0.012622612849,-0.012622612849,0.000000000000768,0.001732308,0.993983937,0.993939633,0.007602828,0110
xor-fast,2,0.50,638,0.007248878,0.005497118,-0.012622612849,-0.012622612849,0.000000000000768,0.001732308,0.993983937,0.993939633,0.007602828,0110
xor-fast,2,0.50,639,0.007233783,0.005486733,-0.012622612849,-0.012622612849,0.000000000000768,0.001732308,0.993983937,0.993939633,0.007602828,0110
xor-fast,2,0.50,640,0.007218745,0.005476384,-0.012622612849,-0.012622612849,0.000000000000768,0.001732308,0.993983937,0.993939633,0.007602828,0110
xor-fast,2,0.50,641,0.007203764,0.005466072,-0.012622612849,-0.012622612849,0.000000000000768,0.001732308,0.993983937,0.993939633,0.007602828,0110
xor-fast,2,0.50,642,0.007188839,0.005455797,-0.012622612849,-0.012622612849,0.000000000000768,0.001732308,0.993983937,0.993939633,0.007602828,0110
xor-fast,2,0.50,643,0.007173970,0.005445558,-0.012622612849,-0.012622612849,0.000000000000768,0.001732308,0.993983937,0.993939633,0.007602828,0110
xor-fast,2,0.50,644,0.007159157,0.005435355,-0.012622612849,-0.012622612849,0.000000000000768,0.001732308,0.993983937,0.993939633,0.007602828,0110
xor-fast,2,0.50,645,0.007144399,0.005425188,-0.012622612849,-0.012622612849,0.000000000000768,0.001732308,0.993983937,0.993939633,0.007602828,0110
xor-fast,2,0.50,646,0.007129696,0.005415057,-0.012622612849,-0.012622612849,0.000000000000768,0.001732308,0.993983937,0.993939633,0.007602828,0110
xor-fast,2,0.50,647,0.007115049,0.005404962,-0.012622612849,-0.012622612849,0.000000000000768,0.001732308,0.993983937,0.993939633,0.007602828,0110
xor-fast,2,0.50,648,0.007100455,0.005394902,-0.012622612849,-0.012622612849,0.000000000000768,0.001732308,0.993983937,0.993939633,0.007602828,0110
xor-fast,2,0.50,649,0.007085917,0.005384877,-0.012622612849,-0.012622612849,0.000000000000768,0.001732308,0.993983937,0.993939633,0.007602828,0110
xor-fast,2,0.50,650,0.007071432,0.005374888,-0.012622612849,-0.012622612849,0.000000000000768,0.001732308,0.993983937,0.993939633,0.007602828,0110
xor-fast,2,0.50,651,0.007057000,0.005364933,-0.012622612849,-0.012622612849,0.000000000000768,0.001732308,0.993983937,0.993939633,0.007602828,0110
xor-fast,2,0.50,652,0.007042622,0.005355013,-0.012622612849,-0.012622612849,0.000000000000768,0.001732308,0.993983937,0.993939633,0.007602828,0110
xor-fast,2,0.50,653,0.007028297,0.005345128,-0.012622612849,-0.012622612849,0.000000000000768,0.001732308,0.993983937,0.993939633,0.007602828,0110
xor-fast,2,0.50,654,0.007014025,0.005335277,-0.012622612849,-0.012622612849,0.000000000000768,0.001732308,0.993983937,0.993939633,0.007602828,0110
xor-fast,2,0.50,655,0.006999806,0.005325461,-0.012622612849,-0.012622612849,0.000000000000768,0.001732308,0.993983937,0.993939633,0.007602828,0110
xor-fast,2,0.50,656,0.006985639,0.005315678,-0.012622612849,-0.012622612849,0.000000000000768,0.001732308,0.993983937,0.993939633,0.007602828,0110
xor-fast,2,0.50,657,0.006971523,0.005305929,-0.012622612849,-0.012622612849,0.000000000000768,0.001732308,0.993983937,0.993939633,0.007602828,0110
xor-fast,2,0.50,658,0.006957460,0.005296214,-0.012622612849,-0.012622612849,0.000000000000768,0.001732308,0.993983937,0.993939633,0.007602828,0110
xor-fast,2,0.50,659,0.006943448,0.005286533,-0.012622612849,-0.012622612849,0.000000000000768,0.001732308,0.993983937,0.993939633,0.007602828,0110
xor-fast,2,0.50,660,0.006929487,0.005276884,-0.012622612849,-0.012622612849,0.000000000000768,0.001732308,0.993983937,0.993939633,0.007602828,0110
xor-fast,2,0.50,661,0.006915577,0.005267269,-0.012622612849,-0.012622612849,0.000000000000768,0.001732308,0.993983937,0.993939633,0.007602828,0110
xor-fast,2,0.50,662,0.006901717,0.005257687,-0.012622612849,-0.012622612849,0.000000000000768,0.001732308,0.993983937,0.993939633,0.007602828,0110
xor-fast,2,0.50,663,0.006887908,0.005248138,-0.012622612849,-0.012622612849,0.000000000000768,0.001732308,0.993983937,0.993939633,0.007602828,0110
xor-fast,2,0.50,664,0.006874149,0.005238621,-0.012622612849,-0.012622612849,0.000000000000768,0.001732308,0.993983937,0.993939633,0.007602828,0110
xor-fast,2,0.50,665,0.006860440,0.005229137,-0.012622612849,-0.012622612849,0.000000000000768,0.001732308,0.993983937,0.993939633,0.007602828,0110
xor-fast,2,0.50,666,0.006846780,0.005219686,-0.012622612849,-0.012622612849,0.000000000000768,0.001732308,0.993983937,0.993939633,0.007602828,0110
xor-fast,2,0.50,667,0.006833170,0.005210266,-0.012622612849,-0.012622612849,0.000000000000768,0.001732308,0.993983937,0.993939633,0.007602828,0110
xor-fast,2,0.50,668,0.006819609,0.005200879,-0.012622612849,-0.012622612849,0.000000000000768,0.001732308,0.993983937,0.993939633,0.007602828,0110
xor-fast,2,0.50,669,0.006806097,0.005191523,-0.012622612849,-0.012622612849,0.000000000000768,0.001732308,0.993983937,0.993939633,0.007602828,0110
xor-fast,2,0.50,670,0.006792633,0.005182200,-0.012622612849,-0.012622612849,0.000000000000768,0.001732308,0.993983937,0.993939633,0.007602828,0110
xor-fast,2,0.50,671,0.006779217,0.005172907,-0.012622612849,-0.012622612849,0.000000000000768,0.001732308,0.993983937,0.993939633,0.007602828,0110
xor-fast,2,0.50,672,0.006765850,0.005163646,-0.012622612849,-0.012622612849,0.000000000000768,0.001732308,0.993983937,0.993939633,0.007602828,0110
xor-fast,2,0.50,673,0.006752530,0.005154417,-0.012622612849,-0.012622612849,0.000000000000768,0.001732308,0.993983937,0.993939633,0.007602828,0110
xor-fast,2,0.50,674,0.006739258,0.005145218,-0.012622612849,-0.012622612849,0.000000000000768,0.001732308,0.993983937,0.993939633,0.007602828,0110
xor-fast,2,0.50,675,0.006726033,0.005136050,-0.012622612849,-0.012622612849,0.000000000000768,0.001732308,0.993983937,0.993939633,0.007602828,0110
xor-fast,2,0.50,676,0.006712855,0.005126913,-0.012622612849,-0.012622612849,0.000000000000768,0.001732308,0.993983937,0.993939633,0.007602828,0110
xor-fast,2,0.50,677,0.006699724,0.005117807,-0.012622612849,-0.012622612849,0.000000000000768,0.001732308,0.993983937,0.993939633,0.007602828,0110
xor-fast,2,0.50,678,0.006686640,0.005108731,-0.012622612849,-0.012622612849,0.000000000000768,0.001732308,0.993983937,0.993939633,0.007602828,0110
xor-fast,2,0.50,679,0.006673602,0.005099686,-0.012622612849,-0.012622612849,0.000000000000768,0.001732308,0.993983937,0.993939633,0.007602828,0110
xor-fast,2,0.50,680,0.006660610,0.005090671,-0.012622612849,-0.012622612849,0.000000000000768,0.001732308,0.993983937,0.993939633,0.007602828,0110
xor-fast,2,0.50,681,0.006647664,0.005081685,-0.012622612849,-0.012622612849,0.000000000000768,0.001732308,0.993983937,0.993939633,0.007602828,0110
xor-fast,2,0.50,682,0.006634764,0.005072730,-0.012622612849,-0.012622612849,0.000000000000768,0.001732308,0.993983937,0.993939633,0.007602828,0110
xor-fast,2,0.50,683,0.006621909,0.005063804,-0.012622612849,-0.012622612849,0.000000000000768,0.001732308,0.993983937,0.993939633,0.007602828,0110
xor-fast,2,0.50,684,0.006609099,0.005054908,-0.012622612849,-0.012622612849,0.000000000000768,0.001732308,0.993983937,0.993939633,0.007602828,0110
xor-fast,2,0.50,685,0.006596334,0.005046042,-0.012622612849,-0.012622612849,0.000000000000768,0.001732308,0.993983937,0.993939633,0.007602828,0110
xor-fast,2,0.50,686,0.006583614,0.005037204,-0.012622612849,-0.012622612849,0.000000000000768,0.001732308,0.993983937,0.993939633,0.007602828,0110
xor-fast,2,0.50,687,0.006570938,0.005028396,-0.012622612849,-0.012622612849,0.000000000000768,0.001732308,0.993983937,0.993939633,0.007602828,0110
xor-fast,2,0.50,688,0.006558307,0.005019617,-0.012622612849,-0.012622612849,0.000000000000768,0.001732308,0.993983937,0.993939633,0.007602828,0110
xor-fast,2,0.50,689,0.006545720,0.005010867,-0.012622612849,-0.012622612849,0.000000000000768,0.001732308,0.993983937,0.993939633,0.007602828,0110
xor-fast,2,0.50,690,0.006533176,0.005002145,-0.012622612849,-0.012622612849,0.000000000000768,0.001732308,0.993983937,0.993939633,0.007602828,0110
xor-fast,2,0.50,691,0.006520676,0.004993452,-0.012622612849,-0.012622612849,0.000000000000768,0.001732308,0.993983937,0.993939633,0.007602828,0110
xor-fast,2,0.50,692,0.006508220,0.004984788,-0.012622612849,-0.012622612849,0.000000000000768,0.001732308,0.993983937,0.993939633,0.007602828,0110
xor-fast,2,0.50,693,0.006495806,0.004976152,-0.012622612849,-0.012622612849,0.000000000000768,0.001732308,0.993983937,0.993939633,0.007602828,0110
xor-fast,2,0.50,694,0.006483436,0.004967544,-0.012622612849,-0.012622612849,0.000000000000768,0.001732308,0.993983937,0.993939633,0.007602828,0110
xor-fast,2,0.50,695,0.006471109,0.004958964,-0.012622612849,-0.012622612849,0.000000000000768,0.001732308,0.993983937,0.993939633,0.007602828,0110
xor-fast,2,0.50,696,0.006458824,0.004950412,-0.012622612849,-0.012622612849,0.000000000000768,0.001732308,0.993983937,0.993939633,0.007602828,0110
xor-fast,2,0.50,697,0.006446581,0.004941888,-0.012622612849,-0.012622612849,0.000000000000768,0.001732308,0.993983937,0.993939633,0.007602828,0110
xor-fast,2,0.50,698,0.006434380,0.004933391,-0.012622612849,-0.012622612849,0.000000000000768,0.001732308,0.993983937,0.993939633,0.007602828,0110
xor-fast,2,0.50,699,0.006422221,0.004924922,-0.012622612849,-0.012622612849,0.000000000000768,0.001732308,0.993983937,0.993939633,0.007602828,0110
xor-fast,2,0.50,700,0.006410104,0.004916481,-0.012622612849,-0.012622612849,0.000000000000768,0.001732308,0.993983937,0.993939633,0.007602828,0110
xor-fast,2,0.50,701,0.006398029,0.004908066,-0.012622612849,-0.012622612849,0.000000000000768,0.001732308,0.993983937,0.993939633,0.007602828,0110
xor-fast,2,0.50,702,0.006385995,0.004899679,-0.012622612849,-0.012622612849,0.000000000000768,0.001732308,0.993983937,0.993939633,0.007602828,0110
xor-fast,2,0.50,703,0.006374001,0.004891319,-0.012622612849,-0.012622612849,0.000000000000768,0.001732308,0.993983937,0.993939633,0.007602828,0110
xor-fast,2,0.50,704,0.006362049,0.004882986,-0.012622612849,-0.012622612849,0.000000000000768,0.001732308,0.993983937,0.993939633,0.007602828,0110
xor-fast,2,0.50,705,0.006350137,0.004874679,-0.012622612849,-0.012622612849,0.000000000000768,0.001732308,0.993983937,0.993939633,0.007602828,0110
xor-fast,2,0.50,706,0.006338266,0.004866399,-0.012622612849,-0.012622612849,0.000000000000768,0.001732308,0.993983937,0.993939633,0.007602828,0110
xor-fast,2,0.50,707,0.006326435,0.004858146,-0.012622612849,-0.012622612849,0.000000000000768,0.001732308,0.993983937,0.993939633,0.007602828,0110
xor-fast,2,0.50,708,0.006314645,0.004849918,-0.012622612849,-0.012622612849,0.000000000000768,0.001732308,0.993983937,0.993939633,0.007602828,0110
xor-fast,2,0.50,709,0.006302894,0.004841718,-0.012622612849,-0.012622612849,0.000000000000768,0.001732308,0.993983937,0.993939633,0.007602828,0110
xor-fast,2,0.50,710,0.006291183,0.004833543,-0.012622612849,-0.012622612849,0.000000000000768,0.001732308,0.993983937,0.993939633,0.007602828,0110
xor-fast,2,0.50,711,0.006279511,0.004825394,-0.012622612849,-0.012622612849,0.000000000000768,0.001732308,0.993983937,0.993939633,0.007602828,0110
xor-fast,2,0.50,712,0.006267878,0.004817271,-0.012622612849,-0.012622612849,0.000000000000768,0.001732308,0.993983937,0.993939633,0.007602828,0110
xor-fast,2,0.50,713,0.006256285,0.004809174,-0.012622612849,-0.012622612849,0.000000000000768,0.001732308,0.993983937,0.993939633,0.007602828,0110
xor-fast,2,0.50,714,0.006244731,0.004801103,-0.012622612849,-0.012622612849,0.000000000000768,0.001732308,0.993983937,0.993939633,0.007602828,0110
xor-fast,2,0.50,715,0.006233215,0.004793057,-0.012622612849,-0.012622612849,0.000000000000768,0.001732308,0.993983937,0.993939633,0.007602828,0110
xor-fast,2,0.50,716,0.006221738,0.004785036,-0.012622612849,-0.012622612849,0.000000000000768,0.001732308,0.993983937,0.993939633,0.007602828,0110
xor-fast,2,0.50,717,0.006210299,0.004777041,-0.012622612849,-0.012622612849,0.000000000000768,0.001732308,0.993983937,0.993939633,0.007602828,0110
xor-fast,2,0.50,718,0.006198899,0.004769071,-0.012622612849,-0.012622612849,0.000000000000768,0.001732308,0.993983937,0.993939633,0.007602828,0110
xor-fast,2,0.50,719,0.006187536,0.004761126,-0.012622612849,-0.012622612849,0.000000000000768,0.001732308,0.993983937,0.993939633,0.007602828,0110
xor-fast,2,0.50,720,0.006176211,0.004753206,-0.012622612849,-0.012622612849,0.000000000000768,0.001732308,0.993983937,0.993939633,0.007602828,0110
xor-fast,2,0.50,721,0.006164924,0.004745311,-0.012622612849,-0.012622612849,0.000000000000768,0.001732308,0.993983937,0.993939633,0.007602828,0110
xor-fast,2,0.50,722,0.006153675,0.004737440,-0.012622612849,-0.012622612849,0.000000000000768,0.001732308,0.993983937,0.993939633,0.007602828,0110
xor-fast,2,0.50,723,0.006142462,0.004729594,-0.012622612849,-0.012622612849,0.000000000000768,0.001732308,0.993983937,0.993939633,0.007602828,0110
xor-fast,2,0.50,724,0.006131287,0.004721773,-0.012622612849,-0.012622612849,0.000000000000768,0.001732308,0.993983937,0.993939633,0.007602828,0110
xor-fast,2,0.50,725,0.006120149,0.004713976,-0.012622612849,-0.012622612849,0.000000000000768,0.001732308,0.993983937,0.993939633,0.007602828,0110
xor-fast,2,0.50,726,0.006109047,0.004706203,-0.012622612849,-0.012622612849,0.000000000000768,0.001732308,0.993983937,0.993939633,0.007602828,0110
xor-fast,2,0.50,727,0.006097982,0.004698454,-0.012622612849,-0.012622612849,0.000000000000768,0.001732308,0.993983937,0.993939633,0.007602828,0110
xor-fast,2,0.50,728,0.006086953,0.004690730,-0.012622612849,-0.012622612849,0.000000000000768,0.001732308,0.993983937,0.993939633,0.007602828,0110
xor-fast,2,0.50,729,0.006075961,0.004683029,-0.012622612849,-0.012622612849,0.000000000000768,0.001732308,0.993983937,0.993939633,0.007602828,0110
xor-fast,2,0.50,730,0.006065005,0.004675352,-0.012622612849,-0.012622612849,0.000000000000768,0.001732308,0.993983937,0.993939633,0.007602828,0110
xor-fast,2,0.50,731,0.006054084,0.004667699,-0.012622612849,-0.012622612849,0.000000000000768,0.001732308,0.993983937,0.993939633,0.007602828,0110
xor-fast,2,0.50,732,0.006043199,0.004660069,-0.012622612849,-0.012622612849,0.000000000000768,0.001732308,0.993983937,0.993939633,0.007602828,0110
xor-fast,2,0.50,733,0.006032350,0.004652463,-0.012622612849,-0.012622612849,0.000000000000768,0.001732308,0.993983937,0.993939633,0.007602828,0110
xor-fast,2,0.50,734,0.006021536,0.004644880,-0.012622612849,-0.012622612849,0.000000000000768,0.001732308,0.993983937,0.993939633,0.007602828,0110
xor-fast,2,0.50,735,0.006010757,0.004637321,-0.012622612849,-0.012622612849,0.000000000000768,0.001732308,0.993983937,0.993939633,0.007602828,0110
xor-fast,2,0.50,736,0.006000014,0.004629785,-0.012622612849,-0.012622612849,0.000000000000768,0.001732308,0.993983937,0.993939633,0.007602828,0110
xor-fast,2,0.50,737,0.005989305,0.004622272,-0.012622612849,-0.012622612849,0.000000000000768,0.001732308,0.993983937,0.993939633,0.007602828,0110
xor-fast,2,0.50,738,0.005978631,0.004614781,-0.012622612849,-0.012622612849,0.000000000000768,0.001732308,0.993983937,0.993939633,0.007602828,0110
xor-fast,2,0.50,739,0.005967991,0.004607314,-0.012622612849,-0.012622612849,0.000000000000768,0.001732308,0.993983937,0.993939633,0.007602828,0110
xor-fast,2,0.50,740,0.005957386,0.004599870,-0.012622612849,-0.012622612849,0.000000000000768,0.001732308,0.993983937,0.993939633,0.007602828,0110
xor-fast,2,0.50,741,0.005946816,0.004592448,-0.012622612849,-0.012622612849,0.000000000000768,0.001732308,0.993983937,0.993939633,0.007602828,0110
xor-fast,2,0.50,742,0.005936279,0.004585048,-0.012622612849,-0.012622612849,0.000000000000768,0.001732308,0.993983937,0.993939633,0.007602828,0110
xor-fast,2,0.50,743,0.005925776,0.004577671,-0.012622612849,-0.012622612849,0.000000000000768,0.001732308,0.993983937,0.993939633,0.007602828,0110
xor-fast,2,0.50,744,0.005915307,0.004570317,-0.012622612849,-0.012622612849,0.000000000000768,0.001732308,0.993983937,0.993939633,0.007602828,0110
xor-fast,2,0.50,745,0.005904871,0.004562985,-0.012622612849,-0.012622612849,0.000000000000768,0.001732308,0.993983937,0.993939633,0.007602828,0110
xor-fast,2,0.50,746,0.005894469,0.004555675,-0.012622612849,-0.012622612849,0.000000000000768,0.001732308,0.993983937,0.993939633,0.007602828,0110
xor-fast,2,0.50,747,0.005884100,0.004548386,-0.012622612849,-0.012622612849,0.000000000000768,0.001732308,0.993983937,0.993939633,0.007602828,0110
xor-fast,2,0.50,748,0.005873765,0.004541120,-0.012622612849,-0.012622612849,0.000000000000768,0.001732308,0.993983937,0.993939633,0.007602828,0110
xor-fast,2,0.50,749,0.005863462,0.004533876,-0.012622612849,-0.012622612849,0.000000000000768,0.001732308,0.993983937,0.993939633,0.007602828,0110
xor-fast,2,0.50,750,0.005853192,0.004526654,-0.012622612849,-0.012622612849,0.000000000000768,0.001732308,0.993983937,0.993939633,0.007602828,0110
xor-fast,2,0.50,751,0.005842955,0.004519453,-0.012622612849,-0.012622612849,0.000000000000768,0.001732308,0.993983937,0.993939633,0.007602828,0110
xor-fast,2,0.50,752,0.005832750,0.004512274,-0.012622612849,-0.012622612849,0.000000000000768,0.001732308,0.993983937,0.993939633,0.007602828,0110
xor-fast,2,0.50,753,0.005822578,0.004505116,-0.012622612849,-0.012622612849,0.000000000000768,0.001732308,0.993983937,0.993939633,0.007602828,0110
xor-fast,2,0.50,754,0.005812438,0.004497980,-0.012622612849,-0.012622612849,0.000000000000768,0.001732308,0.993983937,0.993939633,0.007602828,0110
xor-fast,2,0.50,755,0.005802330,0.004490865,-0.012622612849,-0.012622612849,0.000000000000768,0.001732308,0.993983937,0.993939633,0.007602828,0110
xor-fast,2,0.50,756,0.005792254,0.004483771,-0.012622612849,-0.012622612849,0.000000000000768,0.001732308,0.993983937,0.993939633,0.007602828,0110
xor-fast,2,0.50,757,0.005782210,0.004476698,-0.012622612849,-0.012622612849,0.000000000000768,0.001732308,0.993983937,0.993939633,0.007602828,0110
xor-fast,2,0.50,758,0.005772198,0.004469647,-0.012622612849,-0.012622612849,0.000000000000768,0.001732308,0.993983937,0.993939633,0.007602828,0110
xor-fast,2,0.50,759,0.005762217,0.004462616,-0.012622612849,-0.012622612849,0.000000000000768,0.001732308,0.993983937,0.993939633,0.007602828,0110
xor-fast,2,0.50,760,0.005752267,0.004455606,-0.012622612849,-0.012622612849,0.000000000000768,0.001732308,0.993983937,0.993939633,0.007602828,0110
xor-fast,2,0.50,761,0.005742349,0.004448617,-0.012622612849,-0.012622612849,0.000000000000768,0.001732308,0.993983937,0.993939633,0.007602828,0110
xor-fast,2,0.50,762,0.005732461,0.004441649,-0.012622612849,-0.012622612849,0.000000000000768,0.001732308,0.993983937,0.993939633,0.007602828,0110
xor-fast,2,0.50,763,0.005722605,0.004434701,-0.012622612849,-0.012622612849,0.000000000000768,0.001732308,0.993983937,0.993939633,0.007602828,0110
xor-fast,2,0.50,764,0.005712779,0.004427773,-0.012622612849,-0.012622612849,0.000000000000768,0.001732308,0.993983937,0.993939633,0.007602828,0110
xor-fast,2,0.50,765,0.005702984,0.004420866,-0.012622612849,-0.012622612849,0.000000000000768,0.001732308,0.993983937,0.993939633,0.007602828,0110
xor-fast,2,0.50,766,0.005693220,0.004413979,-0.012622612849,-0.012622612849,0.000000000000768,0.001732308,0.993983937,0.993939633,0.007602828,0110
xor-fast,2,0.50,767,0.005683486,0.004407113,-0.012622612849,-0.012622612849,0.000000000000768,0.001732308,0.993983937,0.993939633,0.007602828,0110
xor-fast,2,0.50,768,0.005673782,0.004400266,-0.012622612849,-0.012622612849,0.000000000000768,0.001732308,0.993983937,0.993939633,0.007602828,0110
xor-fast,2,0.50,769,0.005664108,0.004393440,-0.012622612849,-0.012622612849,0.000000000000768,0.001732308,0.993983937,0.993939633,0.007602828,0110
xor-fast,2,0.50,770,0.005654465,0.004386634,-0.012622612849,-0.012622612849,0.000000000000768,0.001732308,0.993983937,0.993939633,0.007602828,0110
xor-fast,2,0.50,771,0.005644851,0.004379847,-0.012622612849,-0.012622612849,0.000000000000768,0.001732308,0.993983937,0.993939633,0.007602828,0110
xor-fast,2,0.50,772,0.005635267,0.004373080,-0.012622612849,-0.012622612849,0.000000000000768,0.001732308,0.993983937,0.993939633,0.007602828,0110
xor-fast,2,0.50,773,0.005625712,0.004366333,-0.012622612849,-0.012622612849,0.000000000000768,0.001732308,0.993983937,0.993939633,0.007602828,0110
xor-fast,2,0.50,774,0.005616187,0.004359606,-0.012622612849,-0.012622612849,0.000000000000768,0.001732308,0.993983937,0.993939633,0.007602828,0110
xor-fast,2,0.50,775,0.005606691,0.004352898,-0.012622612849,-0.012622612849,0.000000000000768,0.001732308,0.993983937,0.993939633,0.007602828,0110
xor-fast,2,0.50,776,0.005597225,0.004346209,-0.012622612849,-0.012622612849,0.000000000000768,0.001732308,0.993983937,0.993939633,0.007602828,0110
xor-fast,2,0.50,777,0.005587787,0.004339540,-0.012622612849,-0.012622612849,0.000000000000768,0.001732308,0.993983937,0.993939633,0.007602828,0110
xor-fast,2,0.50,778,0.005578379,0.004332890,-0.012622612849,-0.012622612849,0.000000000000768,0.001732308,0.993983937,0.993939633,0.007602828,0110
xor-fast,2,0.50,779,0.005568999,0.004326260,-0.012622612849,-0.012622612849,0.000000000000768,0.001732308,0.993983937,0.993939633,0.007602828,0110
xor-fast,2,0.50,780,0.005559648,0.004319648,-0.012622612849,-0.012622612849,0.000000000000768,0.001732308,0.993983937,0.993939633,0.007602828,0110
xor-fast,2,0.50,781,0.005550325,0.004313056,-0.012622612849,-0.012622612849,0.000000000000768,0.001732308,0.993983937,0.993939633,0.007602828,0110
xor-fast,2,0.50,782,0.005541031,0.004306482,-0.012622612849,-0.012622612849,0.000000000000768,0.001732308,0.993983937,0.993939633,0.007602828,0110
xor-fast,2,0.50,783,0.005531765,0.004299927,-0.012622612849,-0.012622612849,0.000000000000768,0.001732308,0.993983937,0.993939633,0.007602828,0110
xor-fast,2,0.50,784,0.005522528,0.004293391,-0.012622612849,-0.012622612849,0.000000000000768,0.001732308,0.993983937,0.993939633,0.007602828,0110
xor-fast,2,0.50,785,0.005513318,0.004286874,-0.012622612849,-0.012622612849,0.000000000000768,0.001732308,0.993983937,0.993939633,0.007602828,0110
xor-fast,2,0.50,786,0.005504136,0.004280376,-0.012622612849,-0.012622612849,0.000000000000768,0.001732308,0.993983937,0.993939633,0.007602828,0110
xor-fast,2,0.50,787,0.005494982,0.004273896,-0.012622612849,-0.012622612849,0.000000000000768,0.001732308,0.993983937,0.993939633,0.007602828,0110
xor-fast,2,0.50,788,0.005485856,0.004267434,-0.012622612849,-0.012622612849,0.000000000000768,0.001732308,0.993983937,0.993939633,0.007602828,0110
xor-fast,2,0.50,789,0.005476758,0.004260991,-0.012622612849,-0.012622612849,0.000000000000768,0.001732308,0.993983937,0.993939633,0.007602828,0110
xor-fast,2,0.50,790,0.005467686,0.004254567,-0.012622612849,-0.012622612849,0.000000000000768,0.001732308,0.993983937,0.993939633,0.007602828,0110
xor-fast,2,0.50,791,0.005458643,0.004248160,-0.012622612849,-0.012622612849,0.000000000000768,0.001732308,0.993983937,0.993939633,0.007602828,0110
xor-fast,2,0.50,792,0.005449626,0.004241772,-0.012622612849,-0.012622612849,0.000000000000768,0.001732308,0.993983937,0.993939633,0.007602828,0110
xor-fast,2,0.50,793,0.005440636,0.004235402,-0.012622612849,-0.012622612849,0.000000000000768,0.001732308,0.993983937,0.993939633,0.007602828,0110
xor-fast,2,0.50,794,0.005431674,0.004229049,-0.012622612849,-0.012622612849,0.000000000000768,0.001732308,0.993983937,0.993939633,0.007602828,0110
xor-fast,2,0.50,795,0.005422738,0.004222715,-0.012622612849,-0.012622612849,0.000000000000768,0.001732308,0.993983937,0.993939633,0.007602828,0110
xor-fast,2,0.50,796,0.005413829,0.004216399,-0.012622612849,-0.012622612849,0.000000000000768,0.001732308,0.993983937,0.993939633,0.007602828,0110
xor-fast,2,0.50,797,0.005404947,0.004210100,-0.012622612849,-0.012622612849,0.000000000000768,0.001732308,0.993983937,0.993939633,0.007602828,0110
xor-fast,2,0.50,798,0.005396091,0.004203820,-0.012622612849,-0.012622612849,0.000000000000768,0.001732308,0.993983937,0.993939633,0.007602828,0110
xor-fast,2,0.50,799,0.005387261,0.004197556,-0.012622612849,-0.012622612849,0.000000000000768,0.001732308,0.993983937,0.993939633,0.007602828,0110
xor-fast,2,0.50,800,0.005378458,0.004191311,-0.012622612849,-0.012622612849,0.000000000000768,0.001732308,0.993983937,0.993939633,0.007602828,0110
